ma_voucher,ma_chi_nhanh
ddd8c670-7770-4866-b142-0668ab0012d6,b01bbe8f-c041-4305-901c-ce6d71c3977a
b66e06e7-cc5f-4ba0-a0ba-1e8beafb1cd2,b01bbe8f-c041-4305-901c-ce6d71c3977a
f63d6229-414e-4e57-a955-679ad4ce6f31,b01bbe8f-c041-4305-901c-ce6d71c3977a
730dc07c-66a8-4873-bf6e-817163636780,0b3ea0b4-5fda-42df-bea4-107eb2313805
d630714b-591e-4a51-a6fe-770fba50ea0b,0b3ea0b4-5fda-42df-bea4-107eb2313805
fd22a49b-d4a9-4f91-b8c3-899adb9e1c65,0b3ea0b4-5fda-42df-bea4-107eb2313805
59cb3dea-5b60-40aa-8df5-472a664671c7,0b3ea0b4-5fda-42df-bea4-107eb2313805
fed66cbc-3cd4-4e69-b54e-7ca3eda18c93,0b3ea0b4-5fda-42df-bea4-107eb2313805
65a43069-7337-4ea8-ac20-0f7226a8a193,0b3ea0b4-5fda-42df-bea4-107eb2313805
3ff1ae81-24e5-40b7-b62c-ab0ad2ab4480,0b3ea0b4-5fda-42df-bea4-107eb2313805
e56f30d6-97e1-4253-8f70-19fa4a7929d9,0b3ea0b4-5fda-42df-bea4-107eb2313805
c2093594-5041-43cc-8e7b-96715f7e8632,0b3ea0b4-5fda-42df-bea4-107eb2313805
cdf1c46e-ad52-4be8-9bf1-f7f56c3caf1d,0b3ea0b4-5fda-42df-bea4-107eb2313805
9e8adebf-dd3a-4734-af9f-c52575fd7b93,0b3ea0b4-5fda-42df-bea4-107eb2313805
2caaf3e1-ef7d-44f1-9063-9e6f686fcc7a,0b3ea0b4-5fda-42df-bea4-107eb2313805
c8eb736d-adfa-4559-881a-b85eb1641cd1,0b3ea0b4-5fda-42df-bea4-107eb2313805
f2b2eaa7-b38c-4846-b155-a460ea827c6f,0b3ea0b4-5fda-42df-bea4-107eb2313805
d27959cb-1ef8-4767-bc56-84b751f00837,0b3ea0b4-5fda-42df-bea4-107eb2313805
7584f40a-a7eb-404d-a358-7fbd215e44c1,0b3ea0b4-5fda-42df-bea4-107eb2313805
ff840eeb-b7ad-4492-9874-0b6a4c413ba0,0b3ea0b4-5fda-42df-bea4-107eb2313805
ad44799d-889c-450d-bbbf-1271b3e321cc,0b3ea0b4-5fda-42df-bea4-107eb2313805
f6031668-04bf-4397-9727-7a843a16b7f5,0b3ea0b4-5fda-42df-bea4-107eb2313805
10ea676c-00a0-409b-9879-1efa5348d2eb,0b3ea0b4-5fda-42df-bea4-107eb2313805
3f29f216-848f-4ddc-a134-4ad3a9689d57,0b3ea0b4-5fda-42df-bea4-107eb2313805
6c44cb76-d834-405e-9511-9eca8533a6f8,0b3ea0b4-5fda-42df-bea4-107eb2313805
1e819a64-0609-4a3e-8623-8b2e8301881b,0b3ea0b4-5fda-42df-bea4-107eb2313805
8bd8f518-c4d3-4558-a853-235684533943,0b3ea0b4-5fda-42df-bea4-107eb2313805
d067eb64-a699-480a-9807-6514d7562b6d,30b71a5b-729b-4765-8375-8efda10c8c27
d067eb64-a699-480a-9807-6514d7562b6d,9b0de876-d8da-48bf-9f69-df76a40cf3a9
d067eb64-a699-480a-9807-6514d7562b6d,11d8f5e7-774e-467a-ae3b-74669cce2faf
d067eb64-a699-480a-9807-6514d7562b6d,3b43179d-dccc-424f-a971-1987b65e6030
d067eb64-a699-480a-9807-6514d7562b6d,9209f780-968e-4f6e-a6bb-265230a567d7
d067eb64-a699-480a-9807-6514d7562b6d,1005bde1-0763-4ec8-bec8-60148222f060
d067eb64-a699-480a-9807-6514d7562b6d,4dd474fc-2ce9-4410-9aff-49a3cc6d202b
d067eb64-a699-480a-9807-6514d7562b6d,20f9b298-b29e-45ab-bc22-10daeb0fff89
d067eb64-a699-480a-9807-6514d7562b6d,f0a9490b-1c53-4fa5-837e-02e6f2fb5c5a
d067eb64-a699-480a-9807-6514d7562b6d,e4cb2a40-68f1-4acd-a996-b4a3d061b6d8
d067eb64-a699-480a-9807-6514d7562b6d,d11304c5-abe0-4eae-b292-a4b93c154a13
d067eb64-a699-480a-9807-6514d7562b6d,df96d03a-a296-4881-8238-bf60b47219e6
d067eb64-a699-480a-9807-6514d7562b6d,12258ed8-0178-4ac3-b560-b5476141598c
d067eb64-a699-480a-9807-6514d7562b6d,dba2fd8b-7535-4122-9343-a5d416cb2f59
d067eb64-a699-480a-9807-6514d7562b6d,c5e0d1bc-751e-4eb7-b6fc-563ba280b389
d067eb64-a699-480a-9807-6514d7562b6d,d6bc21d3-712b-4196-87da-cb655a98a235
d067eb64-a699-480a-9807-6514d7562b6d,79eeb3ad-8780-40b8-b765-f53b0e3204f6
d067eb64-a699-480a-9807-6514d7562b6d,7dffed14-a029-4fda-a5a3-d8eb2745a563
d067eb64-a699-480a-9807-6514d7562b6d,c9d17667-6620-4b70-a43b-b186485e942d
d067eb64-a699-480a-9807-6514d7562b6d,f3df1194-0d76-4a55-91da-11e63d230c20
d067eb64-a699-480a-9807-6514d7562b6d,1e398a01-7c7d-472a-bb34-becbda7ae48a
d067eb64-a699-480a-9807-6514d7562b6d,f41344f9-25ef-45f5-900e-a045ebb1dbb8
d067eb64-a699-480a-9807-6514d7562b6d,e117a3fa-c3d5-46c8-9b6b-675129c4d1e5
d067eb64-a699-480a-9807-6514d7562b6d,b70bf296-7631-4567-890b-62fe1fd46bb3
d067eb64-a699-480a-9807-6514d7562b6d,e0087a7a-5c0e-4209-93ac-c6ccc81a60b0
d067eb64-a699-480a-9807-6514d7562b6d,b8f58d6f-2f66-4498-9aa8-2cb7f6746efb
d067eb64-a699-480a-9807-6514d7562b6d,4793b094-7e00-41ac-aad7-0ea5181202f1
d067eb64-a699-480a-9807-6514d7562b6d,9b9a04ac-18d1-4074-a28b-712f6dde57cb
d067eb64-a699-480a-9807-6514d7562b6d,0c036c71-0245-4d23-b305-402b4c257d88
d067eb64-a699-480a-9807-6514d7562b6d,8fe848a0-776f-4b22-81e1-325963745bbf
d067eb64-a699-480a-9807-6514d7562b6d,ca4438b9-05a2-4ee7-aaaa-9f19e2df495c
d067eb64-a699-480a-9807-6514d7562b6d,e309444a-d085-4566-b9ff-ccae62aa789f
d067eb64-a699-480a-9807-6514d7562b6d,078be792-4a31-4fd4-81d7-d9369046cc04
1edae5bb-e273-4405-8c29-1d337958e1b4,30b71a5b-729b-4765-8375-8efda10c8c27
1edae5bb-e273-4405-8c29-1d337958e1b4,9b0de876-d8da-48bf-9f69-df76a40cf3a9
1edae5bb-e273-4405-8c29-1d337958e1b4,11d8f5e7-774e-467a-ae3b-74669cce2faf
1edae5bb-e273-4405-8c29-1d337958e1b4,3b43179d-dccc-424f-a971-1987b65e6030
1edae5bb-e273-4405-8c29-1d337958e1b4,9209f780-968e-4f6e-a6bb-265230a567d7
1edae5bb-e273-4405-8c29-1d337958e1b4,1005bde1-0763-4ec8-bec8-60148222f060
1edae5bb-e273-4405-8c29-1d337958e1b4,4dd474fc-2ce9-4410-9aff-49a3cc6d202b
1edae5bb-e273-4405-8c29-1d337958e1b4,20f9b298-b29e-45ab-bc22-10daeb0fff89
1edae5bb-e273-4405-8c29-1d337958e1b4,f0a9490b-1c53-4fa5-837e-02e6f2fb5c5a
1edae5bb-e273-4405-8c29-1d337958e1b4,e4cb2a40-68f1-4acd-a996-b4a3d061b6d8
1edae5bb-e273-4405-8c29-1d337958e1b4,d11304c5-abe0-4eae-b292-a4b93c154a13
1edae5bb-e273-4405-8c29-1d337958e1b4,df96d03a-a296-4881-8238-bf60b47219e6
1edae5bb-e273-4405-8c29-1d337958e1b4,12258ed8-0178-4ac3-b560-b5476141598c
1edae5bb-e273-4405-8c29-1d337958e1b4,dba2fd8b-7535-4122-9343-a5d416cb2f59
1edae5bb-e273-4405-8c29-1d337958e1b4,c5e0d1bc-751e-4eb7-b6fc-563ba280b389
1edae5bb-e273-4405-8c29-1d337958e1b4,d6bc21d3-712b-4196-87da-cb655a98a235
1edae5bb-e273-4405-8c29-1d337958e1b4,79eeb3ad-8780-40b8-b765-f53b0e3204f6
1edae5bb-e273-4405-8c29-1d337958e1b4,7dffed14-a029-4fda-a5a3-d8eb2745a563
1edae5bb-e273-4405-8c29-1d337958e1b4,c9d17667-6620-4b70-a43b-b186485e942d
1edae5bb-e273-4405-8c29-1d337958e1b4,f3df1194-0d76-4a55-91da-11e63d230c20
1edae5bb-e273-4405-8c29-1d337958e1b4,1e398a01-7c7d-472a-bb34-becbda7ae48a
1edae5bb-e273-4405-8c29-1d337958e1b4,f41344f9-25ef-45f5-900e-a045ebb1dbb8
1edae5bb-e273-4405-8c29-1d337958e1b4,e117a3fa-c3d5-46c8-9b6b-675129c4d1e5
1edae5bb-e273-4405-8c29-1d337958e1b4,b70bf296-7631-4567-890b-62fe1fd46bb3
1edae5bb-e273-4405-8c29-1d337958e1b4,e0087a7a-5c0e-4209-93ac-c6ccc81a60b0
1edae5bb-e273-4405-8c29-1d337958e1b4,b8f58d6f-2f66-4498-9aa8-2cb7f6746efb
1edae5bb-e273-4405-8c29-1d337958e1b4,4793b094-7e00-41ac-aad7-0ea5181202f1
1edae5bb-e273-4405-8c29-1d337958e1b4,9b9a04ac-18d1-4074-a28b-712f6dde57cb
1edae5bb-e273-4405-8c29-1d337958e1b4,0c036c71-0245-4d23-b305-402b4c257d88
1edae5bb-e273-4405-8c29-1d337958e1b4,8fe848a0-776f-4b22-81e1-325963745bbf
1edae5bb-e273-4405-8c29-1d337958e1b4,ca4438b9-05a2-4ee7-aaaa-9f19e2df495c
1edae5bb-e273-4405-8c29-1d337958e1b4,e309444a-d085-4566-b9ff-ccae62aa789f
1edae5bb-e273-4405-8c29-1d337958e1b4,078be792-4a31-4fd4-81d7-d9369046cc04
b14af750-e859-4e12-a215-82e12be283ce,30b71a5b-729b-4765-8375-8efda10c8c27
b14af750-e859-4e12-a215-82e12be283ce,9b0de876-d8da-48bf-9f69-df76a40cf3a9
b14af750-e859-4e12-a215-82e12be283ce,11d8f5e7-774e-467a-ae3b-74669cce2faf
b14af750-e859-4e12-a215-82e12be283ce,3b43179d-dccc-424f-a971-1987b65e6030
b14af750-e859-4e12-a215-82e12be283ce,9209f780-968e-4f6e-a6bb-265230a567d7
b14af750-e859-4e12-a215-82e12be283ce,1005bde1-0763-4ec8-bec8-60148222f060
b14af750-e859-4e12-a215-82e12be283ce,4dd474fc-2ce9-4410-9aff-49a3cc6d202b
b14af750-e859-4e12-a215-82e12be283ce,20f9b298-b29e-45ab-bc22-10daeb0fff89
b14af750-e859-4e12-a215-82e12be283ce,f0a9490b-1c53-4fa5-837e-02e6f2fb5c5a
b14af750-e859-4e12-a215-82e12be283ce,e4cb2a40-68f1-4acd-a996-b4a3d061b6d8
b14af750-e859-4e12-a215-82e12be283ce,d11304c5-abe0-4eae-b292-a4b93c154a13
b14af750-e859-4e12-a215-82e12be283ce,df96d03a-a296-4881-8238-bf60b47219e6
b14af750-e859-4e12-a215-82e12be283ce,12258ed8-0178-4ac3-b560-b5476141598c
b14af750-e859-4e12-a215-82e12be283ce,dba2fd8b-7535-4122-9343-a5d416cb2f59
b14af750-e859-4e12-a215-82e12be283ce,c5e0d1bc-751e-4eb7-b6fc-563ba280b389
b14af750-e859-4e12-a215-82e12be283ce,d6bc21d3-712b-4196-87da-cb655a98a235
b14af750-e859-4e12-a215-82e12be283ce,79eeb3ad-8780-40b8-b765-f53b0e3204f6
b14af750-e859-4e12-a215-82e12be283ce,7dffed14-a029-4fda-a5a3-d8eb2745a563
b14af750-e859-4e12-a215-82e12be283ce,c9d17667-6620-4b70-a43b-b186485e942d
b14af750-e859-4e12-a215-82e12be283ce,f3df1194-0d76-4a55-91da-11e63d230c20
b14af750-e859-4e12-a215-82e12be283ce,1e398a01-7c7d-472a-bb34-becbda7ae48a
b14af750-e859-4e12-a215-82e12be283ce,f41344f9-25ef-45f5-900e-a045ebb1dbb8
b14af750-e859-4e12-a215-82e12be283ce,e117a3fa-c3d5-46c8-9b6b-675129c4d1e5
b14af750-e859-4e12-a215-82e12be283ce,b70bf296-7631-4567-890b-62fe1fd46bb3
b14af750-e859-4e12-a215-82e12be283ce,e0087a7a-5c0e-4209-93ac-c6ccc81a60b0
b14af750-e859-4e12-a215-82e12be283ce,b8f58d6f-2f66-4498-9aa8-2cb7f6746efb
b14af750-e859-4e12-a215-82e12be283ce,4793b094-7e00-41ac-aad7-0ea5181202f1
b14af750-e859-4e12-a215-82e12be283ce,9b9a04ac-18d1-4074-a28b-712f6dde57cb
b14af750-e859-4e12-a215-82e12be283ce,0c036c71-0245-4d23-b305-402b4c257d88
b14af750-e859-4e12-a215-82e12be283ce,8fe848a0-776f-4b22-81e1-325963745bbf
b14af750-e859-4e12-a215-82e12be283ce,ca4438b9-05a2-4ee7-aaaa-9f19e2df495c
b14af750-e859-4e12-a215-82e12be283ce,e309444a-d085-4566-b9ff-ccae62aa789f
b14af750-e859-4e12-a215-82e12be283ce,078be792-4a31-4fd4-81d7-d9369046cc04
c8ba50e9-4914-41cb-b621-8743e98afb81,30b71a5b-729b-4765-8375-8efda10c8c27
c8ba50e9-4914-41cb-b621-8743e98afb81,9b0de876-d8da-48bf-9f69-df76a40cf3a9
c8ba50e9-4914-41cb-b621-8743e98afb81,11d8f5e7-774e-467a-ae3b-74669cce2faf
c8ba50e9-4914-41cb-b621-8743e98afb81,3b43179d-dccc-424f-a971-1987b65e6030
c8ba50e9-4914-41cb-b621-8743e98afb81,9209f780-968e-4f6e-a6bb-265230a567d7
c8ba50e9-4914-41cb-b621-8743e98afb81,1005bde1-0763-4ec8-bec8-60148222f060
c8ba50e9-4914-41cb-b621-8743e98afb81,4dd474fc-2ce9-4410-9aff-49a3cc6d202b
c8ba50e9-4914-41cb-b621-8743e98afb81,20f9b298-b29e-45ab-bc22-10daeb0fff89
c8ba50e9-4914-41cb-b621-8743e98afb81,f0a9490b-1c53-4fa5-837e-02e6f2fb5c5a
c8ba50e9-4914-41cb-b621-8743e98afb81,e4cb2a40-68f1-4acd-a996-b4a3d061b6d8
c8ba50e9-4914-41cb-b621-8743e98afb81,d11304c5-abe0-4eae-b292-a4b93c154a13
c8ba50e9-4914-41cb-b621-8743e98afb81,df96d03a-a296-4881-8238-bf60b47219e6
c8ba50e9-4914-41cb-b621-8743e98afb81,12258ed8-0178-4ac3-b560-b5476141598c
c8ba50e9-4914-41cb-b621-8743e98afb81,dba2fd8b-7535-4122-9343-a5d416cb2f59
c8ba50e9-4914-41cb-b621-8743e98afb81,c5e0d1bc-751e-4eb7-b6fc-563ba280b389
c8ba50e9-4914-41cb-b621-8743e98afb81,d6bc21d3-712b-4196-87da-cb655a98a235
c8ba50e9-4914-41cb-b621-8743e98afb81,79eeb3ad-8780-40b8-b765-f53b0e3204f6
c8ba50e9-4914-41cb-b621-8743e98afb81,7dffed14-a029-4fda-a5a3-d8eb2745a563
c8ba50e9-4914-41cb-b621-8743e98afb81,c9d17667-6620-4b70-a43b-b186485e942d
c8ba50e9-4914-41cb-b621-8743e98afb81,f3df1194-0d76-4a55-91da-11e63d230c20
c8ba50e9-4914-41cb-b621-8743e98afb81,1e398a01-7c7d-472a-bb34-becbda7ae48a
c8ba50e9-4914-41cb-b621-8743e98afb81,f41344f9-25ef-45f5-900e-a045ebb1dbb8
c8ba50e9-4914-41cb-b621-8743e98afb81,e117a3fa-c3d5-46c8-9b6b-675129c4d1e5
c8ba50e9-4914-41cb-b621-8743e98afb81,b70bf296-7631-4567-890b-62fe1fd46bb3
c8ba50e9-4914-41cb-b621-8743e98afb81,e0087a7a-5c0e-4209-93ac-c6ccc81a60b0
c8ba50e9-4914-41cb-b621-8743e98afb81,b8f58d6f-2f66-4498-9aa8-2cb7f6746efb
c8ba50e9-4914-41cb-b621-8743e98afb81,4793b094-7e00-41ac-aad7-0ea5181202f1
c8ba50e9-4914-41cb-b621-8743e98afb81,9b9a04ac-18d1-4074-a28b-712f6dde57cb
c8ba50e9-4914-41cb-b621-8743e98afb81,0c036c71-0245-4d23-b305-402b4c257d88
c8ba50e9-4914-41cb-b621-8743e98afb81,8fe848a0-776f-4b22-81e1-325963745bbf
c8ba50e9-4914-41cb-b621-8743e98afb81,ca4438b9-05a2-4ee7-aaaa-9f19e2df495c
c8ba50e9-4914-41cb-b621-8743e98afb81,e309444a-d085-4566-b9ff-ccae62aa789f
c8ba50e9-4914-41cb-b621-8743e98afb81,078be792-4a31-4fd4-81d7-d9369046cc04
6b58274f-6800-4c32-b5a8-2b99412f82e7,1656baaa-8895-40f2-83e6-d10862e7d182
6b58274f-6800-4c32-b5a8-2b99412f82e7,ced19472-8a67-4821-8753-893322836215
6b58274f-6800-4c32-b5a8-2b99412f82e7,73c5819c-c926-4a96-bd59-22ebbec8f0d0
6b58274f-6800-4c32-b5a8-2b99412f82e7,189f4581-a121-4c67-9560-0d06f9eb95a6
6b58274f-6800-4c32-b5a8-2b99412f82e7,f5aca147-ae7e-43aa-9ddf-77f62efcf272
6b58274f-6800-4c32-b5a8-2b99412f82e7,1a1c8a29-4c73-4555-aa4c-51cc0159932c
6b58274f-6800-4c32-b5a8-2b99412f82e7,69f3e5f2-8c4a-4d54-a0d6-a18a2965d0fc
6b58274f-6800-4c32-b5a8-2b99412f82e7,a09371b6-3ebf-4f7d-902b-1e9332c3905c
6b58274f-6800-4c32-b5a8-2b99412f82e7,c5d7ce28-14dc-4824-b999-88fc401d18d2
6b58274f-6800-4c32-b5a8-2b99412f82e7,480bcadd-f322-478c-b97a-11c07bdda27b
6b58274f-6800-4c32-b5a8-2b99412f82e7,eb740dfa-2054-49d1-91d5-aa2437bc4404
6b58274f-6800-4c32-b5a8-2b99412f82e7,aadd923f-99a1-45e6-8a6c-d150bc502e8c
6b58274f-6800-4c32-b5a8-2b99412f82e7,310f6d38-4dc3-41ce-87c8-f75c195c67c3
6b58274f-6800-4c32-b5a8-2b99412f82e7,e273ec7c-43b4-43ae-97c3-39c887e23080
6b58274f-6800-4c32-b5a8-2b99412f82e7,f31d0637-69ff-46c3-ae20-73b93a8b0dd0
6b58274f-6800-4c32-b5a8-2b99412f82e7,1a1cb738-3e9e-4e2c-a2f0-f82b7df18af2
6b58274f-6800-4c32-b5a8-2b99412f82e7,24d497e9-ae12-4c35-88f7-3987e3d6ed0c
6b58274f-6800-4c32-b5a8-2b99412f82e7,fc25783f-f245-4673-9f9a-1aa2f9f25465
6b58274f-6800-4c32-b5a8-2b99412f82e7,ef1e7754-97d4-4af1-8ada-9324acf962b7
6b58274f-6800-4c32-b5a8-2b99412f82e7,2edba01e-d2c2-45c8-9197-43b7dacb733d
6b58274f-6800-4c32-b5a8-2b99412f82e7,b34ee12c-8e09-4e1f-8d20-6b055f8b87b0
6b58274f-6800-4c32-b5a8-2b99412f82e7,8b3a26db-7665-4ede-94cc-7129ba81bd44
6b58274f-6800-4c32-b5a8-2b99412f82e7,8f7ae8e8-84a9-4c7d-9ba4-a4fdf5dddcb7
6b58274f-6800-4c32-b5a8-2b99412f82e7,6b07274c-3926-464e-bb30-5e1258eeffeb
6b58274f-6800-4c32-b5a8-2b99412f82e7,6ec2f9f7-2fd1-4ff9-952e-7cd17464f202
6b58274f-6800-4c32-b5a8-2b99412f82e7,669ca9e2-3656-46a2-bfeb-7d30a3528bd1
6b58274f-6800-4c32-b5a8-2b99412f82e7,16bbfcf0-b20b-438d-87d5-04619e6dc6bf
6b58274f-6800-4c32-b5a8-2b99412f82e7,3a1a0b52-6b55-4a39-b9c8-7bad30216e9c
6b58274f-6800-4c32-b5a8-2b99412f82e7,89215170-2b4c-4ea3-ae3f-568e51c77802
6b58274f-6800-4c32-b5a8-2b99412f82e7,c0b06b38-ed73-482d-81d3-0cb93eeacf9c
6b58274f-6800-4c32-b5a8-2b99412f82e7,80d53ea6-afbe-4135-9bb5-b61f753fed4e
6b58274f-6800-4c32-b5a8-2b99412f82e7,a647ba0d-fbfc-4d68-a213-21c57d3bf6a3
6b58274f-6800-4c32-b5a8-2b99412f82e7,c01c73ce-8e58-457c-91ac-8b382be700ff
6b58274f-6800-4c32-b5a8-2b99412f82e7,6a78323b-db98-4112-ac6f-b48796731b07
6b58274f-6800-4c32-b5a8-2b99412f82e7,9e2d1b5a-0da0-422f-928d-205d8b00efa9
6b58274f-6800-4c32-b5a8-2b99412f82e7,7314fe6b-b20c-460d-a356-7fdcbcfc6df6
6b58274f-6800-4c32-b5a8-2b99412f82e7,6fcc754a-7734-49e5-8812-0cfe0ca5057b
6b58274f-6800-4c32-b5a8-2b99412f82e7,b7386830-9af1-4ecd-bc45-0d3604a4e26b
6b58274f-6800-4c32-b5a8-2b99412f82e7,d6f0635f-45cf-4564-b93b-9a37fe2f31b8
6b58274f-6800-4c32-b5a8-2b99412f82e7,62c9bc2a-4f33-4031-a64b-1d9f9648b485
6b58274f-6800-4c32-b5a8-2b99412f82e7,bbd14fc9-7db3-4162-a2ef-dd1c4563cf74
6b58274f-6800-4c32-b5a8-2b99412f82e7,28177a03-e20d-4644-98f6-13257821cb5d
6b58274f-6800-4c32-b5a8-2b99412f82e7,bd5d5fc8-5c10-4513-9d90-e75ae4b67a04
6b58274f-6800-4c32-b5a8-2b99412f82e7,fa2f7a12-ed35-41aa-935c-2a30e60fa8ef
6b58274f-6800-4c32-b5a8-2b99412f82e7,74322723-5dc8-4722-8f8a-9ca6efe0cfb8
6b58274f-6800-4c32-b5a8-2b99412f82e7,9e4e266f-037f-4be4-8211-c0523e9eb75a
6b58274f-6800-4c32-b5a8-2b99412f82e7,ff6bd764-e751-4908-96c5-3265866c3212
6b58274f-6800-4c32-b5a8-2b99412f82e7,045d13a6-9efb-4503-af11-cd114928ef64
6b58274f-6800-4c32-b5a8-2b99412f82e7,f242726a-d491-434f-813a-cc85bdab3391
6b58274f-6800-4c32-b5a8-2b99412f82e7,480d7211-c115-4f17-99a7-f7f63f50617c
6b58274f-6800-4c32-b5a8-2b99412f82e7,7c60c02f-8e6f-44cd-a828-aafc1bd20655
6b58274f-6800-4c32-b5a8-2b99412f82e7,6b808c13-741b-4a76-8bfe-951764543f12
6b58274f-6800-4c32-b5a8-2b99412f82e7,3deef1ea-093b-4964-8e1e-3c9f3aa843de
6b58274f-6800-4c32-b5a8-2b99412f82e7,667e8be0-dbe3-4cb7-ba8a-56bbfabe2a29
6b58274f-6800-4c32-b5a8-2b99412f82e7,57105f52-6fd6-447e-a3b4-4663f594d6ff
6b58274f-6800-4c32-b5a8-2b99412f82e7,54876abb-9f33-408a-ab41-5879ee7ef634
6b58274f-6800-4c32-b5a8-2b99412f82e7,6ff5d24e-2daf-4625-b2d9-7feb27ac9e54
6b58274f-6800-4c32-b5a8-2b99412f82e7,5fc9f583-8ab5-4016-9337-3ead0af102c6
6b58274f-6800-4c32-b5a8-2b99412f82e7,a3e12ea4-959e-4cbf-ac18-22644536b8e5
6b58274f-6800-4c32-b5a8-2b99412f82e7,a5e6d8cf-cc33-44e0-8c35-d94a02376f0a
6b58274f-6800-4c32-b5a8-2b99412f82e7,1b5da2c8-9e57-4c62-90b2-258d92ccc886
6b58274f-6800-4c32-b5a8-2b99412f82e7,a370814d-67c2-4040-869e-2a7b5a87cc8c
6b58274f-6800-4c32-b5a8-2b99412f82e7,8f1617bc-61d7-436a-b1f4-259c1d041ac9
6b58274f-6800-4c32-b5a8-2b99412f82e7,e8a6823d-a409-4e4e-86ee-351e88f82453
6b58274f-6800-4c32-b5a8-2b99412f82e7,a94bc496-909b-4dc1-a2e8-7473bbb8099b
6b58274f-6800-4c32-b5a8-2b99412f82e7,646e5fb6-a488-4f64-b7a3-664fd3cf9bec
6b58274f-6800-4c32-b5a8-2b99412f82e7,3b0a2d6c-b430-4ee1-9c7a-0b5c3cfb4a51
6b58274f-6800-4c32-b5a8-2b99412f82e7,fec35770-98cd-402b-ac8e-4f6fae68d090
6b58274f-6800-4c32-b5a8-2b99412f82e7,dc81ce05-7391-465a-8f45-c7c0630bd0ed
6b58274f-6800-4c32-b5a8-2b99412f82e7,75cb877b-294f-40ea-9f79-b4fe463967fb
6b58274f-6800-4c32-b5a8-2b99412f82e7,836dfc0f-79dd-45a7-99e4-2da502b89fac
6b58274f-6800-4c32-b5a8-2b99412f82e7,768cfdf4-c9cb-44d3-b76d-7ef8adc665cf
6b58274f-6800-4c32-b5a8-2b99412f82e7,bdcb8549-de27-4cfc-89b4-abd6d9195fe2
6b58274f-6800-4c32-b5a8-2b99412f82e7,55505e9e-2d69-4b9b-b8db-8ef7a44547e1
6b58274f-6800-4c32-b5a8-2b99412f82e7,b72c1446-cf63-4751-9729-30ed0b3886be
6b58274f-6800-4c32-b5a8-2b99412f82e7,657e60b2-4d89-4250-8bb9-5be829aeff5a
6b58274f-6800-4c32-b5a8-2b99412f82e7,30b28f17-b833-41de-928d-aff0e000c290
6b58274f-6800-4c32-b5a8-2b99412f82e7,ed7ab919-f44f-4046-bd88-88afb5f2825a
6b58274f-6800-4c32-b5a8-2b99412f82e7,3506b86e-f43d-4fb5-8d89-a1dfac0b4892
6b58274f-6800-4c32-b5a8-2b99412f82e7,e2feebde-c827-494b-bd20-9067942b4fa7
6b58274f-6800-4c32-b5a8-2b99412f82e7,d44bc31f-2d78-4b44-afb1-0dc6d903ae59
6b58274f-6800-4c32-b5a8-2b99412f82e7,57271d05-530f-403f-b204-56b779bd6b77
6b58274f-6800-4c32-b5a8-2b99412f82e7,c5955d49-0c9f-480c-9c6e-f757b08e1744
6b58274f-6800-4c32-b5a8-2b99412f82e7,25173859-d0b6-4d9f-b193-b8f3a490e265
6b58274f-6800-4c32-b5a8-2b99412f82e7,05a53e99-ac83-4511-9b91-cf286213d1de
6b58274f-6800-4c32-b5a8-2b99412f82e7,988355c0-4ae6-492d-a1e9-c2f0f962d5da
6b58274f-6800-4c32-b5a8-2b99412f82e7,442b310d-4dde-4c83-b15b-be7d83b1e081
6b58274f-6800-4c32-b5a8-2b99412f82e7,1ebec718-bbe9-421e-86bc-f6e436f8ed6d
6b58274f-6800-4c32-b5a8-2b99412f82e7,c76b75bb-7c20-477b-acb9-4246495b9207
6b58274f-6800-4c32-b5a8-2b99412f82e7,6d90d1d5-ea74-4891-9eb3-896701f3d78b
847bb218-f3b5-4880-b88f-c5230feeba32,73c5819c-c926-4a96-bd59-22ebbec8f0d0
847bb218-f3b5-4880-b88f-c5230feeba32,1656baaa-8895-40f2-83e6-d10862e7d182
847bb218-f3b5-4880-b88f-c5230feeba32,189f4581-a121-4c67-9560-0d06f9eb95a6
847bb218-f3b5-4880-b88f-c5230feeba32,ced19472-8a67-4821-8753-893322836215
847bb218-f3b5-4880-b88f-c5230feeba32,f5aca147-ae7e-43aa-9ddf-77f62efcf272
847bb218-f3b5-4880-b88f-c5230feeba32,1a1c8a29-4c73-4555-aa4c-51cc0159932c
847bb218-f3b5-4880-b88f-c5230feeba32,480bcadd-f322-478c-b97a-11c07bdda27b
847bb218-f3b5-4880-b88f-c5230feeba32,eb740dfa-2054-49d1-91d5-aa2437bc4404
847bb218-f3b5-4880-b88f-c5230feeba32,aadd923f-99a1-45e6-8a6c-d150bc502e8c
847bb218-f3b5-4880-b88f-c5230feeba32,310f6d38-4dc3-41ce-87c8-f75c195c67c3
847bb218-f3b5-4880-b88f-c5230feeba32,69f3e5f2-8c4a-4d54-a0d6-a18a2965d0fc
847bb218-f3b5-4880-b88f-c5230feeba32,a09371b6-3ebf-4f7d-902b-1e9332c3905c
847bb218-f3b5-4880-b88f-c5230feeba32,c5d7ce28-14dc-4824-b999-88fc401d18d2
847bb218-f3b5-4880-b88f-c5230feeba32,1a1cb738-3e9e-4e2c-a2f0-f82b7df18af2
847bb218-f3b5-4880-b88f-c5230feeba32,24d497e9-ae12-4c35-88f7-3987e3d6ed0c
847bb218-f3b5-4880-b88f-c5230feeba32,e273ec7c-43b4-43ae-97c3-39c887e23080
847bb218-f3b5-4880-b88f-c5230feeba32,8f7ae8e8-84a9-4c7d-9ba4-a4fdf5dddcb7
847bb218-f3b5-4880-b88f-c5230feeba32,2edba01e-d2c2-45c8-9197-43b7dacb733d
847bb218-f3b5-4880-b88f-c5230feeba32,b34ee12c-8e09-4e1f-8d20-6b055f8b87b0
847bb218-f3b5-4880-b88f-c5230feeba32,6b07274c-3926-464e-bb30-5e1258eeffeb
847bb218-f3b5-4880-b88f-c5230feeba32,f31d0637-69ff-46c3-ae20-73b93a8b0dd0
847bb218-f3b5-4880-b88f-c5230feeba32,8b3a26db-7665-4ede-94cc-7129ba81bd44
847bb218-f3b5-4880-b88f-c5230feeba32,6ec2f9f7-2fd1-4ff9-952e-7cd17464f202
847bb218-f3b5-4880-b88f-c5230feeba32,669ca9e2-3656-46a2-bfeb-7d30a3528bd1
847bb218-f3b5-4880-b88f-c5230feeba32,16bbfcf0-b20b-438d-87d5-04619e6dc6bf
847bb218-f3b5-4880-b88f-c5230feeba32,6fcc754a-7734-49e5-8812-0cfe0ca5057b
847bb218-f3b5-4880-b88f-c5230feeba32,c01c73ce-8e58-457c-91ac-8b382be700ff
847bb218-f3b5-4880-b88f-c5230feeba32,6a78323b-db98-4112-ac6f-b48796731b07
847bb218-f3b5-4880-b88f-c5230feeba32,9e2d1b5a-0da0-422f-928d-205d8b00efa9
847bb218-f3b5-4880-b88f-c5230feeba32,7314fe6b-b20c-460d-a356-7fdcbcfc6df6
847bb218-f3b5-4880-b88f-c5230feeba32,fc25783f-f245-4673-9f9a-1aa2f9f25465
847bb218-f3b5-4880-b88f-c5230feeba32,ef1e7754-97d4-4af1-8ada-9324acf962b7
847bb218-f3b5-4880-b88f-c5230feeba32,c0b06b38-ed73-482d-81d3-0cb93eeacf9c
847bb218-f3b5-4880-b88f-c5230feeba32,80d53ea6-afbe-4135-9bb5-b61f753fed4e
847bb218-f3b5-4880-b88f-c5230feeba32,a647ba0d-fbfc-4d68-a213-21c57d3bf6a3
847bb218-f3b5-4880-b88f-c5230feeba32,89215170-2b4c-4ea3-ae3f-568e51c77802
847bb218-f3b5-4880-b88f-c5230feeba32,3a1a0b52-6b55-4a39-b9c8-7bad30216e9c
847bb218-f3b5-4880-b88f-c5230feeba32,d6f0635f-45cf-4564-b93b-9a37fe2f31b8
847bb218-f3b5-4880-b88f-c5230feeba32,b7386830-9af1-4ecd-bc45-0d3604a4e26b
847bb218-f3b5-4880-b88f-c5230feeba32,bbd14fc9-7db3-4162-a2ef-dd1c4563cf74
847bb218-f3b5-4880-b88f-c5230feeba32,28177a03-e20d-4644-98f6-13257821cb5d
847bb218-f3b5-4880-b88f-c5230feeba32,62c9bc2a-4f33-4031-a64b-1d9f9648b485
847bb218-f3b5-4880-b88f-c5230feeba32,bd5d5fc8-5c10-4513-9d90-e75ae4b67a04
847bb218-f3b5-4880-b88f-c5230feeba32,fa2f7a12-ed35-41aa-935c-2a30e60fa8ef
847bb218-f3b5-4880-b88f-c5230feeba32,74322723-5dc8-4722-8f8a-9ca6efe0cfb8
847bb218-f3b5-4880-b88f-c5230feeba32,9e4e266f-037f-4be4-8211-c0523e9eb75a
847bb218-f3b5-4880-b88f-c5230feeba32,ff6bd764-e751-4908-96c5-3265866c3212
847bb218-f3b5-4880-b88f-c5230feeba32,045d13a6-9efb-4503-af11-cd114928ef64
847bb218-f3b5-4880-b88f-c5230feeba32,f242726a-d491-434f-813a-cc85bdab3391
847bb218-f3b5-4880-b88f-c5230feeba32,480d7211-c115-4f17-99a7-f7f63f50617c
847bb218-f3b5-4880-b88f-c5230feeba32,7c60c02f-8e6f-44cd-a828-aafc1bd20655
847bb218-f3b5-4880-b88f-c5230feeba32,6b808c13-741b-4a76-8bfe-951764543f12
847bb218-f3b5-4880-b88f-c5230feeba32,3deef1ea-093b-4964-8e1e-3c9f3aa843de
847bb218-f3b5-4880-b88f-c5230feeba32,667e8be0-dbe3-4cb7-ba8a-56bbfabe2a29
847bb218-f3b5-4880-b88f-c5230feeba32,57105f52-6fd6-447e-a3b4-4663f594d6ff
847bb218-f3b5-4880-b88f-c5230feeba32,54876abb-9f33-408a-ab41-5879ee7ef634
847bb218-f3b5-4880-b88f-c5230feeba32,a5e6d8cf-cc33-44e0-8c35-d94a02376f0a
847bb218-f3b5-4880-b88f-c5230feeba32,6ff5d24e-2daf-4625-b2d9-7feb27ac9e54
847bb218-f3b5-4880-b88f-c5230feeba32,5fc9f583-8ab5-4016-9337-3ead0af102c6
847bb218-f3b5-4880-b88f-c5230feeba32,a3e12ea4-959e-4cbf-ac18-22644536b8e5
847bb218-f3b5-4880-b88f-c5230feeba32,1b5da2c8-9e57-4c62-90b2-258d92ccc886
847bb218-f3b5-4880-b88f-c5230feeba32,a370814d-67c2-4040-869e-2a7b5a87cc8c
847bb218-f3b5-4880-b88f-c5230feeba32,8f1617bc-61d7-436a-b1f4-259c1d041ac9
847bb218-f3b5-4880-b88f-c5230feeba32,e8a6823d-a409-4e4e-86ee-351e88f82453
847bb218-f3b5-4880-b88f-c5230feeba32,646e5fb6-a488-4f64-b7a3-664fd3cf9bec
847bb218-f3b5-4880-b88f-c5230feeba32,fec35770-98cd-402b-ac8e-4f6fae68d090
847bb218-f3b5-4880-b88f-c5230feeba32,a94bc496-909b-4dc1-a2e8-7473bbb8099b
847bb218-f3b5-4880-b88f-c5230feeba32,3b0a2d6c-b430-4ee1-9c7a-0b5c3cfb4a51
847bb218-f3b5-4880-b88f-c5230feeba32,75cb877b-294f-40ea-9f79-b4fe463967fb
847bb218-f3b5-4880-b88f-c5230feeba32,dc81ce05-7391-465a-8f45-c7c0630bd0ed
847bb218-f3b5-4880-b88f-c5230feeba32,836dfc0f-79dd-45a7-99e4-2da502b89fac
847bb218-f3b5-4880-b88f-c5230feeba32,55505e9e-2d69-4b9b-b8db-8ef7a44547e1
847bb218-f3b5-4880-b88f-c5230feeba32,b72c1446-cf63-4751-9729-30ed0b3886be
847bb218-f3b5-4880-b88f-c5230feeba32,bdcb8549-de27-4cfc-89b4-abd6d9195fe2
847bb218-f3b5-4880-b88f-c5230feeba32,768cfdf4-c9cb-44d3-b76d-7ef8adc665cf
847bb218-f3b5-4880-b88f-c5230feeba32,30b28f17-b833-41de-928d-aff0e000c290
847bb218-f3b5-4880-b88f-c5230feeba32,657e60b2-4d89-4250-8bb9-5be829aeff5a
847bb218-f3b5-4880-b88f-c5230feeba32,ed7ab919-f44f-4046-bd88-88afb5f2825a
847bb218-f3b5-4880-b88f-c5230feeba32,3506b86e-f43d-4fb5-8d89-a1dfac0b4892
847bb218-f3b5-4880-b88f-c5230feeba32,e2feebde-c827-494b-bd20-9067942b4fa7
847bb218-f3b5-4880-b88f-c5230feeba32,d44bc31f-2d78-4b44-afb1-0dc6d903ae59
847bb218-f3b5-4880-b88f-c5230feeba32,25173859-d0b6-4d9f-b193-b8f3a490e265
847bb218-f3b5-4880-b88f-c5230feeba32,05a53e99-ac83-4511-9b91-cf286213d1de
847bb218-f3b5-4880-b88f-c5230feeba32,c5955d49-0c9f-480c-9c6e-f757b08e1744
847bb218-f3b5-4880-b88f-c5230feeba32,57271d05-530f-403f-b204-56b779bd6b77
847bb218-f3b5-4880-b88f-c5230feeba32,988355c0-4ae6-492d-a1e9-c2f0f962d5da
847bb218-f3b5-4880-b88f-c5230feeba32,1ebec718-bbe9-421e-86bc-f6e436f8ed6d
847bb218-f3b5-4880-b88f-c5230feeba32,442b310d-4dde-4c83-b15b-be7d83b1e081
847bb218-f3b5-4880-b88f-c5230feeba32,6d90d1d5-ea74-4891-9eb3-896701f3d78b
847bb218-f3b5-4880-b88f-c5230feeba32,c76b75bb-7c20-477b-acb9-4246495b9207
c01e7a76-e1f9-42c8-b847-8d7328bd7936,1656baaa-8895-40f2-83e6-d10862e7d182
c01e7a76-e1f9-42c8-b847-8d7328bd7936,ced19472-8a67-4821-8753-893322836215
c01e7a76-e1f9-42c8-b847-8d7328bd7936,73c5819c-c926-4a96-bd59-22ebbec8f0d0
c01e7a76-e1f9-42c8-b847-8d7328bd7936,189f4581-a121-4c67-9560-0d06f9eb95a6
c01e7a76-e1f9-42c8-b847-8d7328bd7936,f5aca147-ae7e-43aa-9ddf-77f62efcf272
c01e7a76-e1f9-42c8-b847-8d7328bd7936,1a1c8a29-4c73-4555-aa4c-51cc0159932c
c01e7a76-e1f9-42c8-b847-8d7328bd7936,69f3e5f2-8c4a-4d54-a0d6-a18a2965d0fc
c01e7a76-e1f9-42c8-b847-8d7328bd7936,a09371b6-3ebf-4f7d-902b-1e9332c3905c
c01e7a76-e1f9-42c8-b847-8d7328bd7936,c5d7ce28-14dc-4824-b999-88fc401d18d2
c01e7a76-e1f9-42c8-b847-8d7328bd7936,480bcadd-f322-478c-b97a-11c07bdda27b
c01e7a76-e1f9-42c8-b847-8d7328bd7936,eb740dfa-2054-49d1-91d5-aa2437bc4404
c01e7a76-e1f9-42c8-b847-8d7328bd7936,aadd923f-99a1-45e6-8a6c-d150bc502e8c
c01e7a76-e1f9-42c8-b847-8d7328bd7936,310f6d38-4dc3-41ce-87c8-f75c195c67c3
c01e7a76-e1f9-42c8-b847-8d7328bd7936,e273ec7c-43b4-43ae-97c3-39c887e23080
c01e7a76-e1f9-42c8-b847-8d7328bd7936,f31d0637-69ff-46c3-ae20-73b93a8b0dd0
c01e7a76-e1f9-42c8-b847-8d7328bd7936,1a1cb738-3e9e-4e2c-a2f0-f82b7df18af2
c01e7a76-e1f9-42c8-b847-8d7328bd7936,24d497e9-ae12-4c35-88f7-3987e3d6ed0c
c01e7a76-e1f9-42c8-b847-8d7328bd7936,fc25783f-f245-4673-9f9a-1aa2f9f25465
c01e7a76-e1f9-42c8-b847-8d7328bd7936,ef1e7754-97d4-4af1-8ada-9324acf962b7
c01e7a76-e1f9-42c8-b847-8d7328bd7936,2edba01e-d2c2-45c8-9197-43b7dacb733d
c01e7a76-e1f9-42c8-b847-8d7328bd7936,b34ee12c-8e09-4e1f-8d20-6b055f8b87b0
c01e7a76-e1f9-42c8-b847-8d7328bd7936,8b3a26db-7665-4ede-94cc-7129ba81bd44
c01e7a76-e1f9-42c8-b847-8d7328bd7936,8f7ae8e8-84a9-4c7d-9ba4-a4fdf5dddcb7
c01e7a76-e1f9-42c8-b847-8d7328bd7936,6b07274c-3926-464e-bb30-5e1258eeffeb
c01e7a76-e1f9-42c8-b847-8d7328bd7936,6ec2f9f7-2fd1-4ff9-952e-7cd17464f202
c01e7a76-e1f9-42c8-b847-8d7328bd7936,669ca9e2-3656-46a2-bfeb-7d30a3528bd1
c01e7a76-e1f9-42c8-b847-8d7328bd7936,16bbfcf0-b20b-438d-87d5-04619e6dc6bf
c01e7a76-e1f9-42c8-b847-8d7328bd7936,3a1a0b52-6b55-4a39-b9c8-7bad30216e9c
c01e7a76-e1f9-42c8-b847-8d7328bd7936,89215170-2b4c-4ea3-ae3f-568e51c77802
c01e7a76-e1f9-42c8-b847-8d7328bd7936,c0b06b38-ed73-482d-81d3-0cb93eeacf9c
c01e7a76-e1f9-42c8-b847-8d7328bd7936,80d53ea6-afbe-4135-9bb5-b61f753fed4e
c01e7a76-e1f9-42c8-b847-8d7328bd7936,a647ba0d-fbfc-4d68-a213-21c57d3bf6a3
c01e7a76-e1f9-42c8-b847-8d7328bd7936,c01c73ce-8e58-457c-91ac-8b382be700ff
c01e7a76-e1f9-42c8-b847-8d7328bd7936,6a78323b-db98-4112-ac6f-b48796731b07
c01e7a76-e1f9-42c8-b847-8d7328bd7936,9e2d1b5a-0da0-422f-928d-205d8b00efa9
c01e7a76-e1f9-42c8-b847-8d7328bd7936,7314fe6b-b20c-460d-a356-7fdcbcfc6df6
c01e7a76-e1f9-42c8-b847-8d7328bd7936,6fcc754a-7734-49e5-8812-0cfe0ca5057b
c01e7a76-e1f9-42c8-b847-8d7328bd7936,b7386830-9af1-4ecd-bc45-0d3604a4e26b
c01e7a76-e1f9-42c8-b847-8d7328bd7936,d6f0635f-45cf-4564-b93b-9a37fe2f31b8
c01e7a76-e1f9-42c8-b847-8d7328bd7936,62c9bc2a-4f33-4031-a64b-1d9f9648b485
c01e7a76-e1f9-42c8-b847-8d7328bd7936,bbd14fc9-7db3-4162-a2ef-dd1c4563cf74
c01e7a76-e1f9-42c8-b847-8d7328bd7936,28177a03-e20d-4644-98f6-13257821cb5d
c01e7a76-e1f9-42c8-b847-8d7328bd7936,bd5d5fc8-5c10-4513-9d90-e75ae4b67a04
c01e7a76-e1f9-42c8-b847-8d7328bd7936,fa2f7a12-ed35-41aa-935c-2a30e60fa8ef
c01e7a76-e1f9-42c8-b847-8d7328bd7936,74322723-5dc8-4722-8f8a-9ca6efe0cfb8
c01e7a76-e1f9-42c8-b847-8d7328bd7936,9e4e266f-037f-4be4-8211-c0523e9eb75a
c01e7a76-e1f9-42c8-b847-8d7328bd7936,ff6bd764-e751-4908-96c5-3265866c3212
c01e7a76-e1f9-42c8-b847-8d7328bd7936,045d13a6-9efb-4503-af11-cd114928ef64
c01e7a76-e1f9-42c8-b847-8d7328bd7936,f242726a-d491-434f-813a-cc85bdab3391
c01e7a76-e1f9-42c8-b847-8d7328bd7936,480d7211-c115-4f17-99a7-f7f63f50617c
c01e7a76-e1f9-42c8-b847-8d7328bd7936,7c60c02f-8e6f-44cd-a828-aafc1bd20655
c01e7a76-e1f9-42c8-b847-8d7328bd7936,6b808c13-741b-4a76-8bfe-951764543f12
c01e7a76-e1f9-42c8-b847-8d7328bd7936,3deef1ea-093b-4964-8e1e-3c9f3aa843de
c01e7a76-e1f9-42c8-b847-8d7328bd7936,667e8be0-dbe3-4cb7-ba8a-56bbfabe2a29
c01e7a76-e1f9-42c8-b847-8d7328bd7936,57105f52-6fd6-447e-a3b4-4663f594d6ff
c01e7a76-e1f9-42c8-b847-8d7328bd7936,54876abb-9f33-408a-ab41-5879ee7ef634
c01e7a76-e1f9-42c8-b847-8d7328bd7936,6ff5d24e-2daf-4625-b2d9-7feb27ac9e54
c01e7a76-e1f9-42c8-b847-8d7328bd7936,5fc9f583-8ab5-4016-9337-3ead0af102c6
c01e7a76-e1f9-42c8-b847-8d7328bd7936,a3e12ea4-959e-4cbf-ac18-22644536b8e5
c01e7a76-e1f9-42c8-b847-8d7328bd7936,a5e6d8cf-cc33-44e0-8c35-d94a02376f0a
c01e7a76-e1f9-42c8-b847-8d7328bd7936,1b5da2c8-9e57-4c62-90b2-258d92ccc886
c01e7a76-e1f9-42c8-b847-8d7328bd7936,a370814d-67c2-4040-869e-2a7b5a87cc8c
c01e7a76-e1f9-42c8-b847-8d7328bd7936,8f1617bc-61d7-436a-b1f4-259c1d041ac9
c01e7a76-e1f9-42c8-b847-8d7328bd7936,e8a6823d-a409-4e4e-86ee-351e88f82453
c01e7a76-e1f9-42c8-b847-8d7328bd7936,a94bc496-909b-4dc1-a2e8-7473bbb8099b
c01e7a76-e1f9-42c8-b847-8d7328bd7936,646e5fb6-a488-4f64-b7a3-664fd3cf9bec
c01e7a76-e1f9-42c8-b847-8d7328bd7936,3b0a2d6c-b430-4ee1-9c7a-0b5c3cfb4a51
c01e7a76-e1f9-42c8-b847-8d7328bd7936,fec35770-98cd-402b-ac8e-4f6fae68d090
c01e7a76-e1f9-42c8-b847-8d7328bd7936,dc81ce05-7391-465a-8f45-c7c0630bd0ed
c01e7a76-e1f9-42c8-b847-8d7328bd7936,75cb877b-294f-40ea-9f79-b4fe463967fb
c01e7a76-e1f9-42c8-b847-8d7328bd7936,836dfc0f-79dd-45a7-99e4-2da502b89fac
c01e7a76-e1f9-42c8-b847-8d7328bd7936,768cfdf4-c9cb-44d3-b76d-7ef8adc665cf
c01e7a76-e1f9-42c8-b847-8d7328bd7936,bdcb8549-de27-4cfc-89b4-abd6d9195fe2
c01e7a76-e1f9-42c8-b847-8d7328bd7936,55505e9e-2d69-4b9b-b8db-8ef7a44547e1
c01e7a76-e1f9-42c8-b847-8d7328bd7936,b72c1446-cf63-4751-9729-30ed0b3886be
c01e7a76-e1f9-42c8-b847-8d7328bd7936,657e60b2-4d89-4250-8bb9-5be829aeff5a
c01e7a76-e1f9-42c8-b847-8d7328bd7936,30b28f17-b833-41de-928d-aff0e000c290
c01e7a76-e1f9-42c8-b847-8d7328bd7936,ed7ab919-f44f-4046-bd88-88afb5f2825a
c01e7a76-e1f9-42c8-b847-8d7328bd7936,3506b86e-f43d-4fb5-8d89-a1dfac0b4892
c01e7a76-e1f9-42c8-b847-8d7328bd7936,e2feebde-c827-494b-bd20-9067942b4fa7
c01e7a76-e1f9-42c8-b847-8d7328bd7936,d44bc31f-2d78-4b44-afb1-0dc6d903ae59
c01e7a76-e1f9-42c8-b847-8d7328bd7936,57271d05-530f-403f-b204-56b779bd6b77
c01e7a76-e1f9-42c8-b847-8d7328bd7936,c5955d49-0c9f-480c-9c6e-f757b08e1744
c01e7a76-e1f9-42c8-b847-8d7328bd7936,25173859-d0b6-4d9f-b193-b8f3a490e265
c01e7a76-e1f9-42c8-b847-8d7328bd7936,05a53e99-ac83-4511-9b91-cf286213d1de
c01e7a76-e1f9-42c8-b847-8d7328bd7936,988355c0-4ae6-492d-a1e9-c2f0f962d5da
c01e7a76-e1f9-42c8-b847-8d7328bd7936,442b310d-4dde-4c83-b15b-be7d83b1e081
c01e7a76-e1f9-42c8-b847-8d7328bd7936,1ebec718-bbe9-421e-86bc-f6e436f8ed6d
c01e7a76-e1f9-42c8-b847-8d7328bd7936,c76b75bb-7c20-477b-acb9-4246495b9207
c01e7a76-e1f9-42c8-b847-8d7328bd7936,6d90d1d5-ea74-4891-9eb3-896701f3d78b
3317108f-3c4b-4ea8-bdc9-7eeac358109c,1656baaa-8895-40f2-83e6-d10862e7d182
3317108f-3c4b-4ea8-bdc9-7eeac358109c,ced19472-8a67-4821-8753-893322836215
3317108f-3c4b-4ea8-bdc9-7eeac358109c,73c5819c-c926-4a96-bd59-22ebbec8f0d0
3317108f-3c4b-4ea8-bdc9-7eeac358109c,189f4581-a121-4c67-9560-0d06f9eb95a6
3317108f-3c4b-4ea8-bdc9-7eeac358109c,f5aca147-ae7e-43aa-9ddf-77f62efcf272
3317108f-3c4b-4ea8-bdc9-7eeac358109c,1a1c8a29-4c73-4555-aa4c-51cc0159932c
3317108f-3c4b-4ea8-bdc9-7eeac358109c,69f3e5f2-8c4a-4d54-a0d6-a18a2965d0fc
3317108f-3c4b-4ea8-bdc9-7eeac358109c,a09371b6-3ebf-4f7d-902b-1e9332c3905c
3317108f-3c4b-4ea8-bdc9-7eeac358109c,c5d7ce28-14dc-4824-b999-88fc401d18d2
3317108f-3c4b-4ea8-bdc9-7eeac358109c,480bcadd-f322-478c-b97a-11c07bdda27b
3317108f-3c4b-4ea8-bdc9-7eeac358109c,eb740dfa-2054-49d1-91d5-aa2437bc4404
3317108f-3c4b-4ea8-bdc9-7eeac358109c,aadd923f-99a1-45e6-8a6c-d150bc502e8c
3317108f-3c4b-4ea8-bdc9-7eeac358109c,310f6d38-4dc3-41ce-87c8-f75c195c67c3
3317108f-3c4b-4ea8-bdc9-7eeac358109c,e273ec7c-43b4-43ae-97c3-39c887e23080
3317108f-3c4b-4ea8-bdc9-7eeac358109c,f31d0637-69ff-46c3-ae20-73b93a8b0dd0
3317108f-3c4b-4ea8-bdc9-7eeac358109c,1a1cb738-3e9e-4e2c-a2f0-f82b7df18af2
3317108f-3c4b-4ea8-bdc9-7eeac358109c,24d497e9-ae12-4c35-88f7-3987e3d6ed0c
3317108f-3c4b-4ea8-bdc9-7eeac358109c,fc25783f-f245-4673-9f9a-1aa2f9f25465
3317108f-3c4b-4ea8-bdc9-7eeac358109c,ef1e7754-97d4-4af1-8ada-9324acf962b7
3317108f-3c4b-4ea8-bdc9-7eeac358109c,2edba01e-d2c2-45c8-9197-43b7dacb733d
3317108f-3c4b-4ea8-bdc9-7eeac358109c,b34ee12c-8e09-4e1f-8d20-6b055f8b87b0
3317108f-3c4b-4ea8-bdc9-7eeac358109c,8b3a26db-7665-4ede-94cc-7129ba81bd44
3317108f-3c4b-4ea8-bdc9-7eeac358109c,8f7ae8e8-84a9-4c7d-9ba4-a4fdf5dddcb7
3317108f-3c4b-4ea8-bdc9-7eeac358109c,6b07274c-3926-464e-bb30-5e1258eeffeb
3317108f-3c4b-4ea8-bdc9-7eeac358109c,6ec2f9f7-2fd1-4ff9-952e-7cd17464f202
3317108f-3c4b-4ea8-bdc9-7eeac358109c,669ca9e2-3656-46a2-bfeb-7d30a3528bd1
3317108f-3c4b-4ea8-bdc9-7eeac358109c,16bbfcf0-b20b-438d-87d5-04619e6dc6bf
3317108f-3c4b-4ea8-bdc9-7eeac358109c,3a1a0b52-6b55-4a39-b9c8-7bad30216e9c
3317108f-3c4b-4ea8-bdc9-7eeac358109c,89215170-2b4c-4ea3-ae3f-568e51c77802
3317108f-3c4b-4ea8-bdc9-7eeac358109c,c0b06b38-ed73-482d-81d3-0cb93eeacf9c
3317108f-3c4b-4ea8-bdc9-7eeac358109c,80d53ea6-afbe-4135-9bb5-b61f753fed4e
3317108f-3c4b-4ea8-bdc9-7eeac358109c,a647ba0d-fbfc-4d68-a213-21c57d3bf6a3
3317108f-3c4b-4ea8-bdc9-7eeac358109c,c01c73ce-8e58-457c-91ac-8b382be700ff
3317108f-3c4b-4ea8-bdc9-7eeac358109c,6a78323b-db98-4112-ac6f-b48796731b07
3317108f-3c4b-4ea8-bdc9-7eeac358109c,9e2d1b5a-0da0-422f-928d-205d8b00efa9
3317108f-3c4b-4ea8-bdc9-7eeac358109c,7314fe6b-b20c-460d-a356-7fdcbcfc6df6
3317108f-3c4b-4ea8-bdc9-7eeac358109c,6fcc754a-7734-49e5-8812-0cfe0ca5057b
3317108f-3c4b-4ea8-bdc9-7eeac358109c,b7386830-9af1-4ecd-bc45-0d3604a4e26b
3317108f-3c4b-4ea8-bdc9-7eeac358109c,d6f0635f-45cf-4564-b93b-9a37fe2f31b8
3317108f-3c4b-4ea8-bdc9-7eeac358109c,62c9bc2a-4f33-4031-a64b-1d9f9648b485
3317108f-3c4b-4ea8-bdc9-7eeac358109c,bbd14fc9-7db3-4162-a2ef-dd1c4563cf74
3317108f-3c4b-4ea8-bdc9-7eeac358109c,28177a03-e20d-4644-98f6-13257821cb5d
3317108f-3c4b-4ea8-bdc9-7eeac358109c,bd5d5fc8-5c10-4513-9d90-e75ae4b67a04
3317108f-3c4b-4ea8-bdc9-7eeac358109c,fa2f7a12-ed35-41aa-935c-2a30e60fa8ef
3317108f-3c4b-4ea8-bdc9-7eeac358109c,74322723-5dc8-4722-8f8a-9ca6efe0cfb8
3317108f-3c4b-4ea8-bdc9-7eeac358109c,9e4e266f-037f-4be4-8211-c0523e9eb75a
3317108f-3c4b-4ea8-bdc9-7eeac358109c,ff6bd764-e751-4908-96c5-3265866c3212
3317108f-3c4b-4ea8-bdc9-7eeac358109c,045d13a6-9efb-4503-af11-cd114928ef64
3317108f-3c4b-4ea8-bdc9-7eeac358109c,f242726a-d491-434f-813a-cc85bdab3391
3317108f-3c4b-4ea8-bdc9-7eeac358109c,480d7211-c115-4f17-99a7-f7f63f50617c
3317108f-3c4b-4ea8-bdc9-7eeac358109c,7c60c02f-8e6f-44cd-a828-aafc1bd20655
3317108f-3c4b-4ea8-bdc9-7eeac358109c,6b808c13-741b-4a76-8bfe-951764543f12
3317108f-3c4b-4ea8-bdc9-7eeac358109c,3deef1ea-093b-4964-8e1e-3c9f3aa843de
3317108f-3c4b-4ea8-bdc9-7eeac358109c,667e8be0-dbe3-4cb7-ba8a-56bbfabe2a29
3317108f-3c4b-4ea8-bdc9-7eeac358109c,57105f52-6fd6-447e-a3b4-4663f594d6ff
3317108f-3c4b-4ea8-bdc9-7eeac358109c,54876abb-9f33-408a-ab41-5879ee7ef634
3317108f-3c4b-4ea8-bdc9-7eeac358109c,6ff5d24e-2daf-4625-b2d9-7feb27ac9e54
3317108f-3c4b-4ea8-bdc9-7eeac358109c,5fc9f583-8ab5-4016-9337-3ead0af102c6
3317108f-3c4b-4ea8-bdc9-7eeac358109c,a3e12ea4-959e-4cbf-ac18-22644536b8e5
3317108f-3c4b-4ea8-bdc9-7eeac358109c,a5e6d8cf-cc33-44e0-8c35-d94a02376f0a
3317108f-3c4b-4ea8-bdc9-7eeac358109c,1b5da2c8-9e57-4c62-90b2-258d92ccc886
3317108f-3c4b-4ea8-bdc9-7eeac358109c,a370814d-67c2-4040-869e-2a7b5a87cc8c
3317108f-3c4b-4ea8-bdc9-7eeac358109c,8f1617bc-61d7-436a-b1f4-259c1d041ac9
3317108f-3c4b-4ea8-bdc9-7eeac358109c,e8a6823d-a409-4e4e-86ee-351e88f82453
3317108f-3c4b-4ea8-bdc9-7eeac358109c,a94bc496-909b-4dc1-a2e8-7473bbb8099b
3317108f-3c4b-4ea8-bdc9-7eeac358109c,646e5fb6-a488-4f64-b7a3-664fd3cf9bec
3317108f-3c4b-4ea8-bdc9-7eeac358109c,3b0a2d6c-b430-4ee1-9c7a-0b5c3cfb4a51
3317108f-3c4b-4ea8-bdc9-7eeac358109c,fec35770-98cd-402b-ac8e-4f6fae68d090
3317108f-3c4b-4ea8-bdc9-7eeac358109c,dc81ce05-7391-465a-8f45-c7c0630bd0ed
3317108f-3c4b-4ea8-bdc9-7eeac358109c,75cb877b-294f-40ea-9f79-b4fe463967fb
3317108f-3c4b-4ea8-bdc9-7eeac358109c,836dfc0f-79dd-45a7-99e4-2da502b89fac
3317108f-3c4b-4ea8-bdc9-7eeac358109c,768cfdf4-c9cb-44d3-b76d-7ef8adc665cf
3317108f-3c4b-4ea8-bdc9-7eeac358109c,bdcb8549-de27-4cfc-89b4-abd6d9195fe2
3317108f-3c4b-4ea8-bdc9-7eeac358109c,55505e9e-2d69-4b9b-b8db-8ef7a44547e1
3317108f-3c4b-4ea8-bdc9-7eeac358109c,b72c1446-cf63-4751-9729-30ed0b3886be
3317108f-3c4b-4ea8-bdc9-7eeac358109c,657e60b2-4d89-4250-8bb9-5be829aeff5a
3317108f-3c4b-4ea8-bdc9-7eeac358109c,30b28f17-b833-41de-928d-aff0e000c290
3317108f-3c4b-4ea8-bdc9-7eeac358109c,ed7ab919-f44f-4046-bd88-88afb5f2825a
3317108f-3c4b-4ea8-bdc9-7eeac358109c,3506b86e-f43d-4fb5-8d89-a1dfac0b4892
3317108f-3c4b-4ea8-bdc9-7eeac358109c,e2feebde-c827-494b-bd20-9067942b4fa7
3317108f-3c4b-4ea8-bdc9-7eeac358109c,d44bc31f-2d78-4b44-afb1-0dc6d903ae59
3317108f-3c4b-4ea8-bdc9-7eeac358109c,57271d05-530f-403f-b204-56b779bd6b77
3317108f-3c4b-4ea8-bdc9-7eeac358109c,c5955d49-0c9f-480c-9c6e-f757b08e1744
3317108f-3c4b-4ea8-bdc9-7eeac358109c,25173859-d0b6-4d9f-b193-b8f3a490e265
3317108f-3c4b-4ea8-bdc9-7eeac358109c,05a53e99-ac83-4511-9b91-cf286213d1de
3317108f-3c4b-4ea8-bdc9-7eeac358109c,988355c0-4ae6-492d-a1e9-c2f0f962d5da
3317108f-3c4b-4ea8-bdc9-7eeac358109c,442b310d-4dde-4c83-b15b-be7d83b1e081
3317108f-3c4b-4ea8-bdc9-7eeac358109c,1ebec718-bbe9-421e-86bc-f6e436f8ed6d
3317108f-3c4b-4ea8-bdc9-7eeac358109c,c76b75bb-7c20-477b-acb9-4246495b9207
3317108f-3c4b-4ea8-bdc9-7eeac358109c,6d90d1d5-ea74-4891-9eb3-896701f3d78b
6f759652-776e-475d-979c-c2e4e64b3332,1656baaa-8895-40f2-83e6-d10862e7d182
6f759652-776e-475d-979c-c2e4e64b3332,ced19472-8a67-4821-8753-893322836215
6f759652-776e-475d-979c-c2e4e64b3332,73c5819c-c926-4a96-bd59-22ebbec8f0d0
6f759652-776e-475d-979c-c2e4e64b3332,189f4581-a121-4c67-9560-0d06f9eb95a6
6f759652-776e-475d-979c-c2e4e64b3332,f5aca147-ae7e-43aa-9ddf-77f62efcf272
6f759652-776e-475d-979c-c2e4e64b3332,1a1c8a29-4c73-4555-aa4c-51cc0159932c
6f759652-776e-475d-979c-c2e4e64b3332,69f3e5f2-8c4a-4d54-a0d6-a18a2965d0fc
6f759652-776e-475d-979c-c2e4e64b3332,a09371b6-3ebf-4f7d-902b-1e9332c3905c
6f759652-776e-475d-979c-c2e4e64b3332,c5d7ce28-14dc-4824-b999-88fc401d18d2
6f759652-776e-475d-979c-c2e4e64b3332,480bcadd-f322-478c-b97a-11c07bdda27b
6f759652-776e-475d-979c-c2e4e64b3332,eb740dfa-2054-49d1-91d5-aa2437bc4404
6f759652-776e-475d-979c-c2e4e64b3332,aadd923f-99a1-45e6-8a6c-d150bc502e8c
6f759652-776e-475d-979c-c2e4e64b3332,310f6d38-4dc3-41ce-87c8-f75c195c67c3
6f759652-776e-475d-979c-c2e4e64b3332,e273ec7c-43b4-43ae-97c3-39c887e23080
6f759652-776e-475d-979c-c2e4e64b3332,f31d0637-69ff-46c3-ae20-73b93a8b0dd0
6f759652-776e-475d-979c-c2e4e64b3332,1a1cb738-3e9e-4e2c-a2f0-f82b7df18af2
6f759652-776e-475d-979c-c2e4e64b3332,24d497e9-ae12-4c35-88f7-3987e3d6ed0c
6f759652-776e-475d-979c-c2e4e64b3332,fc25783f-f245-4673-9f9a-1aa2f9f25465
6f759652-776e-475d-979c-c2e4e64b3332,ef1e7754-97d4-4af1-8ada-9324acf962b7
6f759652-776e-475d-979c-c2e4e64b3332,2edba01e-d2c2-45c8-9197-43b7dacb733d
6f759652-776e-475d-979c-c2e4e64b3332,b34ee12c-8e09-4e1f-8d20-6b055f8b87b0
6f759652-776e-475d-979c-c2e4e64b3332,8b3a26db-7665-4ede-94cc-7129ba81bd44
6f759652-776e-475d-979c-c2e4e64b3332,8f7ae8e8-84a9-4c7d-9ba4-a4fdf5dddcb7
6f759652-776e-475d-979c-c2e4e64b3332,6b07274c-3926-464e-bb30-5e1258eeffeb
6f759652-776e-475d-979c-c2e4e64b3332,6ec2f9f7-2fd1-4ff9-952e-7cd17464f202
6f759652-776e-475d-979c-c2e4e64b3332,669ca9e2-3656-46a2-bfeb-7d30a3528bd1
6f759652-776e-475d-979c-c2e4e64b3332,16bbfcf0-b20b-438d-87d5-04619e6dc6bf
6f759652-776e-475d-979c-c2e4e64b3332,3a1a0b52-6b55-4a39-b9c8-7bad30216e9c
6f759652-776e-475d-979c-c2e4e64b3332,89215170-2b4c-4ea3-ae3f-568e51c77802
6f759652-776e-475d-979c-c2e4e64b3332,c0b06b38-ed73-482d-81d3-0cb93eeacf9c
6f759652-776e-475d-979c-c2e4e64b3332,80d53ea6-afbe-4135-9bb5-b61f753fed4e
6f759652-776e-475d-979c-c2e4e64b3332,a647ba0d-fbfc-4d68-a213-21c57d3bf6a3
6f759652-776e-475d-979c-c2e4e64b3332,c01c73ce-8e58-457c-91ac-8b382be700ff
6f759652-776e-475d-979c-c2e4e64b3332,6a78323b-db98-4112-ac6f-b48796731b07
6f759652-776e-475d-979c-c2e4e64b3332,9e2d1b5a-0da0-422f-928d-205d8b00efa9
6f759652-776e-475d-979c-c2e4e64b3332,7314fe6b-b20c-460d-a356-7fdcbcfc6df6
6f759652-776e-475d-979c-c2e4e64b3332,6fcc754a-7734-49e5-8812-0cfe0ca5057b
6f759652-776e-475d-979c-c2e4e64b3332,b7386830-9af1-4ecd-bc45-0d3604a4e26b
6f759652-776e-475d-979c-c2e4e64b3332,d6f0635f-45cf-4564-b93b-9a37fe2f31b8
6f759652-776e-475d-979c-c2e4e64b3332,62c9bc2a-4f33-4031-a64b-1d9f9648b485
6f759652-776e-475d-979c-c2e4e64b3332,bbd14fc9-7db3-4162-a2ef-dd1c4563cf74
6f759652-776e-475d-979c-c2e4e64b3332,28177a03-e20d-4644-98f6-13257821cb5d
6f759652-776e-475d-979c-c2e4e64b3332,bd5d5fc8-5c10-4513-9d90-e75ae4b67a04
6f759652-776e-475d-979c-c2e4e64b3332,fa2f7a12-ed35-41aa-935c-2a30e60fa8ef
6f759652-776e-475d-979c-c2e4e64b3332,74322723-5dc8-4722-8f8a-9ca6efe0cfb8
6f759652-776e-475d-979c-c2e4e64b3332,9e4e266f-037f-4be4-8211-c0523e9eb75a
6f759652-776e-475d-979c-c2e4e64b3332,ff6bd764-e751-4908-96c5-3265866c3212
6f759652-776e-475d-979c-c2e4e64b3332,045d13a6-9efb-4503-af11-cd114928ef64
6f759652-776e-475d-979c-c2e4e64b3332,f242726a-d491-434f-813a-cc85bdab3391
6f759652-776e-475d-979c-c2e4e64b3332,480d7211-c115-4f17-99a7-f7f63f50617c
6f759652-776e-475d-979c-c2e4e64b3332,7c60c02f-8e6f-44cd-a828-aafc1bd20655
6f759652-776e-475d-979c-c2e4e64b3332,6b808c13-741b-4a76-8bfe-951764543f12
6f759652-776e-475d-979c-c2e4e64b3332,3deef1ea-093b-4964-8e1e-3c9f3aa843de
6f759652-776e-475d-979c-c2e4e64b3332,667e8be0-dbe3-4cb7-ba8a-56bbfabe2a29
6f759652-776e-475d-979c-c2e4e64b3332,57105f52-6fd6-447e-a3b4-4663f594d6ff
6f759652-776e-475d-979c-c2e4e64b3332,54876abb-9f33-408a-ab41-5879ee7ef634
6f759652-776e-475d-979c-c2e4e64b3332,6ff5d24e-2daf-4625-b2d9-7feb27ac9e54
6f759652-776e-475d-979c-c2e4e64b3332,5fc9f583-8ab5-4016-9337-3ead0af102c6
6f759652-776e-475d-979c-c2e4e64b3332,a3e12ea4-959e-4cbf-ac18-22644536b8e5
6f759652-776e-475d-979c-c2e4e64b3332,a5e6d8cf-cc33-44e0-8c35-d94a02376f0a
6f759652-776e-475d-979c-c2e4e64b3332,1b5da2c8-9e57-4c62-90b2-258d92ccc886
6f759652-776e-475d-979c-c2e4e64b3332,a370814d-67c2-4040-869e-2a7b5a87cc8c
6f759652-776e-475d-979c-c2e4e64b3332,8f1617bc-61d7-436a-b1f4-259c1d041ac9
6f759652-776e-475d-979c-c2e4e64b3332,e8a6823d-a409-4e4e-86ee-351e88f82453
6f759652-776e-475d-979c-c2e4e64b3332,a94bc496-909b-4dc1-a2e8-7473bbb8099b
6f759652-776e-475d-979c-c2e4e64b3332,646e5fb6-a488-4f64-b7a3-664fd3cf9bec
6f759652-776e-475d-979c-c2e4e64b3332,3b0a2d6c-b430-4ee1-9c7a-0b5c3cfb4a51
6f759652-776e-475d-979c-c2e4e64b3332,fec35770-98cd-402b-ac8e-4f6fae68d090
6f759652-776e-475d-979c-c2e4e64b3332,dc81ce05-7391-465a-8f45-c7c0630bd0ed
6f759652-776e-475d-979c-c2e4e64b3332,75cb877b-294f-40ea-9f79-b4fe463967fb
6f759652-776e-475d-979c-c2e4e64b3332,836dfc0f-79dd-45a7-99e4-2da502b89fac
6f759652-776e-475d-979c-c2e4e64b3332,768cfdf4-c9cb-44d3-b76d-7ef8adc665cf
6f759652-776e-475d-979c-c2e4e64b3332,bdcb8549-de27-4cfc-89b4-abd6d9195fe2
6f759652-776e-475d-979c-c2e4e64b3332,55505e9e-2d69-4b9b-b8db-8ef7a44547e1
6f759652-776e-475d-979c-c2e4e64b3332,b72c1446-cf63-4751-9729-30ed0b3886be
6f759652-776e-475d-979c-c2e4e64b3332,657e60b2-4d89-4250-8bb9-5be829aeff5a
6f759652-776e-475d-979c-c2e4e64b3332,30b28f17-b833-41de-928d-aff0e000c290
6f759652-776e-475d-979c-c2e4e64b3332,ed7ab919-f44f-4046-bd88-88afb5f2825a
6f759652-776e-475d-979c-c2e4e64b3332,3506b86e-f43d-4fb5-8d89-a1dfac0b4892
6f759652-776e-475d-979c-c2e4e64b3332,e2feebde-c827-494b-bd20-9067942b4fa7
6f759652-776e-475d-979c-c2e4e64b3332,d44bc31f-2d78-4b44-afb1-0dc6d903ae59
6f759652-776e-475d-979c-c2e4e64b3332,57271d05-530f-403f-b204-56b779bd6b77
6f759652-776e-475d-979c-c2e4e64b3332,c5955d49-0c9f-480c-9c6e-f757b08e1744
6f759652-776e-475d-979c-c2e4e64b3332,25173859-d0b6-4d9f-b193-b8f3a490e265
6f759652-776e-475d-979c-c2e4e64b3332,05a53e99-ac83-4511-9b91-cf286213d1de
6f759652-776e-475d-979c-c2e4e64b3332,988355c0-4ae6-492d-a1e9-c2f0f962d5da
6f759652-776e-475d-979c-c2e4e64b3332,442b310d-4dde-4c83-b15b-be7d83b1e081
6f759652-776e-475d-979c-c2e4e64b3332,1ebec718-bbe9-421e-86bc-f6e436f8ed6d
6f759652-776e-475d-979c-c2e4e64b3332,c76b75bb-7c20-477b-acb9-4246495b9207
6f759652-776e-475d-979c-c2e4e64b3332,6d90d1d5-ea74-4891-9eb3-896701f3d78b
6c483e64-0e04-44d7-aa7e-75f06beb0c1b,1656baaa-8895-40f2-83e6-d10862e7d182
6c483e64-0e04-44d7-aa7e-75f06beb0c1b,ced19472-8a67-4821-8753-893322836215
6c483e64-0e04-44d7-aa7e-75f06beb0c1b,73c5819c-c926-4a96-bd59-22ebbec8f0d0
6c483e64-0e04-44d7-aa7e-75f06beb0c1b,189f4581-a121-4c67-9560-0d06f9eb95a6
6c483e64-0e04-44d7-aa7e-75f06beb0c1b,f5aca147-ae7e-43aa-9ddf-77f62efcf272
6c483e64-0e04-44d7-aa7e-75f06beb0c1b,1a1c8a29-4c73-4555-aa4c-51cc0159932c
6c483e64-0e04-44d7-aa7e-75f06beb0c1b,69f3e5f2-8c4a-4d54-a0d6-a18a2965d0fc
6c483e64-0e04-44d7-aa7e-75f06beb0c1b,a09371b6-3ebf-4f7d-902b-1e9332c3905c
6c483e64-0e04-44d7-aa7e-75f06beb0c1b,c5d7ce28-14dc-4824-b999-88fc401d18d2
6c483e64-0e04-44d7-aa7e-75f06beb0c1b,480bcadd-f322-478c-b97a-11c07bdda27b
6c483e64-0e04-44d7-aa7e-75f06beb0c1b,eb740dfa-2054-49d1-91d5-aa2437bc4404
6c483e64-0e04-44d7-aa7e-75f06beb0c1b,aadd923f-99a1-45e6-8a6c-d150bc502e8c
6c483e64-0e04-44d7-aa7e-75f06beb0c1b,310f6d38-4dc3-41ce-87c8-f75c195c67c3
6c483e64-0e04-44d7-aa7e-75f06beb0c1b,e273ec7c-43b4-43ae-97c3-39c887e23080
6c483e64-0e04-44d7-aa7e-75f06beb0c1b,f31d0637-69ff-46c3-ae20-73b93a8b0dd0
6c483e64-0e04-44d7-aa7e-75f06beb0c1b,1a1cb738-3e9e-4e2c-a2f0-f82b7df18af2
6c483e64-0e04-44d7-aa7e-75f06beb0c1b,24d497e9-ae12-4c35-88f7-3987e3d6ed0c
6c483e64-0e04-44d7-aa7e-75f06beb0c1b,fc25783f-f245-4673-9f9a-1aa2f9f25465
6c483e64-0e04-44d7-aa7e-75f06beb0c1b,ef1e7754-97d4-4af1-8ada-9324acf962b7
6c483e64-0e04-44d7-aa7e-75f06beb0c1b,2edba01e-d2c2-45c8-9197-43b7dacb733d
6c483e64-0e04-44d7-aa7e-75f06beb0c1b,b34ee12c-8e09-4e1f-8d20-6b055f8b87b0
6c483e64-0e04-44d7-aa7e-75f06beb0c1b,8b3a26db-7665-4ede-94cc-7129ba81bd44
6c483e64-0e04-44d7-aa7e-75f06beb0c1b,8f7ae8e8-84a9-4c7d-9ba4-a4fdf5dddcb7
6c483e64-0e04-44d7-aa7e-75f06beb0c1b,6b07274c-3926-464e-bb30-5e1258eeffeb
6c483e64-0e04-44d7-aa7e-75f06beb0c1b,6ec2f9f7-2fd1-4ff9-952e-7cd17464f202
6c483e64-0e04-44d7-aa7e-75f06beb0c1b,669ca9e2-3656-46a2-bfeb-7d30a3528bd1
6c483e64-0e04-44d7-aa7e-75f06beb0c1b,16bbfcf0-b20b-438d-87d5-04619e6dc6bf
6c483e64-0e04-44d7-aa7e-75f06beb0c1b,3a1a0b52-6b55-4a39-b9c8-7bad30216e9c
6c483e64-0e04-44d7-aa7e-75f06beb0c1b,89215170-2b4c-4ea3-ae3f-568e51c77802
6c483e64-0e04-44d7-aa7e-75f06beb0c1b,c0b06b38-ed73-482d-81d3-0cb93eeacf9c
6c483e64-0e04-44d7-aa7e-75f06beb0c1b,80d53ea6-afbe-4135-9bb5-b61f753fed4e
6c483e64-0e04-44d7-aa7e-75f06beb0c1b,a647ba0d-fbfc-4d68-a213-21c57d3bf6a3
6c483e64-0e04-44d7-aa7e-75f06beb0c1b,c01c73ce-8e58-457c-91ac-8b382be700ff
6c483e64-0e04-44d7-aa7e-75f06beb0c1b,6a78323b-db98-4112-ac6f-b48796731b07
6c483e64-0e04-44d7-aa7e-75f06beb0c1b,9e2d1b5a-0da0-422f-928d-205d8b00efa9
6c483e64-0e04-44d7-aa7e-75f06beb0c1b,7314fe6b-b20c-460d-a356-7fdcbcfc6df6
6c483e64-0e04-44d7-aa7e-75f06beb0c1b,6fcc754a-7734-49e5-8812-0cfe0ca5057b
6c483e64-0e04-44d7-aa7e-75f06beb0c1b,b7386830-9af1-4ecd-bc45-0d3604a4e26b
6c483e64-0e04-44d7-aa7e-75f06beb0c1b,d6f0635f-45cf-4564-b93b-9a37fe2f31b8
6c483e64-0e04-44d7-aa7e-75f06beb0c1b,62c9bc2a-4f33-4031-a64b-1d9f9648b485
6c483e64-0e04-44d7-aa7e-75f06beb0c1b,bbd14fc9-7db3-4162-a2ef-dd1c4563cf74
6c483e64-0e04-44d7-aa7e-75f06beb0c1b,28177a03-e20d-4644-98f6-13257821cb5d
6c483e64-0e04-44d7-aa7e-75f06beb0c1b,bd5d5fc8-5c10-4513-9d90-e75ae4b67a04
6c483e64-0e04-44d7-aa7e-75f06beb0c1b,fa2f7a12-ed35-41aa-935c-2a30e60fa8ef
6c483e64-0e04-44d7-aa7e-75f06beb0c1b,74322723-5dc8-4722-8f8a-9ca6efe0cfb8
6c483e64-0e04-44d7-aa7e-75f06beb0c1b,9e4e266f-037f-4be4-8211-c0523e9eb75a
6c483e64-0e04-44d7-aa7e-75f06beb0c1b,ff6bd764-e751-4908-96c5-3265866c3212
6c483e64-0e04-44d7-aa7e-75f06beb0c1b,045d13a6-9efb-4503-af11-cd114928ef64
6c483e64-0e04-44d7-aa7e-75f06beb0c1b,f242726a-d491-434f-813a-cc85bdab3391
6c483e64-0e04-44d7-aa7e-75f06beb0c1b,480d7211-c115-4f17-99a7-f7f63f50617c
6c483e64-0e04-44d7-aa7e-75f06beb0c1b,7c60c02f-8e6f-44cd-a828-aafc1bd20655
6c483e64-0e04-44d7-aa7e-75f06beb0c1b,6b808c13-741b-4a76-8bfe-951764543f12
6c483e64-0e04-44d7-aa7e-75f06beb0c1b,3deef1ea-093b-4964-8e1e-3c9f3aa843de
6c483e64-0e04-44d7-aa7e-75f06beb0c1b,667e8be0-dbe3-4cb7-ba8a-56bbfabe2a29
6c483e64-0e04-44d7-aa7e-75f06beb0c1b,57105f52-6fd6-447e-a3b4-4663f594d6ff
6c483e64-0e04-44d7-aa7e-75f06beb0c1b,54876abb-9f33-408a-ab41-5879ee7ef634
6c483e64-0e04-44d7-aa7e-75f06beb0c1b,6ff5d24e-2daf-4625-b2d9-7feb27ac9e54
6c483e64-0e04-44d7-aa7e-75f06beb0c1b,5fc9f583-8ab5-4016-9337-3ead0af102c6
6c483e64-0e04-44d7-aa7e-75f06beb0c1b,a3e12ea4-959e-4cbf-ac18-22644536b8e5
6c483e64-0e04-44d7-aa7e-75f06beb0c1b,a5e6d8cf-cc33-44e0-8c35-d94a02376f0a
6c483e64-0e04-44d7-aa7e-75f06beb0c1b,1b5da2c8-9e57-4c62-90b2-258d92ccc886
6c483e64-0e04-44d7-aa7e-75f06beb0c1b,a370814d-67c2-4040-869e-2a7b5a87cc8c
6c483e64-0e04-44d7-aa7e-75f06beb0c1b,8f1617bc-61d7-436a-b1f4-259c1d041ac9
6c483e64-0e04-44d7-aa7e-75f06beb0c1b,e8a6823d-a409-4e4e-86ee-351e88f82453
6c483e64-0e04-44d7-aa7e-75f06beb0c1b,a94bc496-909b-4dc1-a2e8-7473bbb8099b
6c483e64-0e04-44d7-aa7e-75f06beb0c1b,646e5fb6-a488-4f64-b7a3-664fd3cf9bec
6c483e64-0e04-44d7-aa7e-75f06beb0c1b,3b0a2d6c-b430-4ee1-9c7a-0b5c3cfb4a51
6c483e64-0e04-44d7-aa7e-75f06beb0c1b,fec35770-98cd-402b-ac8e-4f6fae68d090
6c483e64-0e04-44d7-aa7e-75f06beb0c1b,dc81ce05-7391-465a-8f45-c7c0630bd0ed
6c483e64-0e04-44d7-aa7e-75f06beb0c1b,75cb877b-294f-40ea-9f79-b4fe463967fb
6c483e64-0e04-44d7-aa7e-75f06beb0c1b,836dfc0f-79dd-45a7-99e4-2da502b89fac
6c483e64-0e04-44d7-aa7e-75f06beb0c1b,768cfdf4-c9cb-44d3-b76d-7ef8adc665cf
6c483e64-0e04-44d7-aa7e-75f06beb0c1b,bdcb8549-de27-4cfc-89b4-abd6d9195fe2
6c483e64-0e04-44d7-aa7e-75f06beb0c1b,55505e9e-2d69-4b9b-b8db-8ef7a44547e1
6c483e64-0e04-44d7-aa7e-75f06beb0c1b,b72c1446-cf63-4751-9729-30ed0b3886be
6c483e64-0e04-44d7-aa7e-75f06beb0c1b,657e60b2-4d89-4250-8bb9-5be829aeff5a
6c483e64-0e04-44d7-aa7e-75f06beb0c1b,30b28f17-b833-41de-928d-aff0e000c290
6c483e64-0e04-44d7-aa7e-75f06beb0c1b,ed7ab919-f44f-4046-bd88-88afb5f2825a
6c483e64-0e04-44d7-aa7e-75f06beb0c1b,3506b86e-f43d-4fb5-8d89-a1dfac0b4892
6c483e64-0e04-44d7-aa7e-75f06beb0c1b,e2feebde-c827-494b-bd20-9067942b4fa7
6c483e64-0e04-44d7-aa7e-75f06beb0c1b,d44bc31f-2d78-4b44-afb1-0dc6d903ae59
6c483e64-0e04-44d7-aa7e-75f06beb0c1b,57271d05-530f-403f-b204-56b779bd6b77
6c483e64-0e04-44d7-aa7e-75f06beb0c1b,c5955d49-0c9f-480c-9c6e-f757b08e1744
6c483e64-0e04-44d7-aa7e-75f06beb0c1b,25173859-d0b6-4d9f-b193-b8f3a490e265
6c483e64-0e04-44d7-aa7e-75f06beb0c1b,05a53e99-ac83-4511-9b91-cf286213d1de
6c483e64-0e04-44d7-aa7e-75f06beb0c1b,988355c0-4ae6-492d-a1e9-c2f0f962d5da
6c483e64-0e04-44d7-aa7e-75f06beb0c1b,442b310d-4dde-4c83-b15b-be7d83b1e081
6c483e64-0e04-44d7-aa7e-75f06beb0c1b,1ebec718-bbe9-421e-86bc-f6e436f8ed6d
6c483e64-0e04-44d7-aa7e-75f06beb0c1b,c76b75bb-7c20-477b-acb9-4246495b9207
6c483e64-0e04-44d7-aa7e-75f06beb0c1b,6d90d1d5-ea74-4891-9eb3-896701f3d78b
387754d3-7d82-4eef-904a-ef5433b8330f,1656baaa-8895-40f2-83e6-d10862e7d182
387754d3-7d82-4eef-904a-ef5433b8330f,ced19472-8a67-4821-8753-893322836215
387754d3-7d82-4eef-904a-ef5433b8330f,73c5819c-c926-4a96-bd59-22ebbec8f0d0
387754d3-7d82-4eef-904a-ef5433b8330f,189f4581-a121-4c67-9560-0d06f9eb95a6
387754d3-7d82-4eef-904a-ef5433b8330f,f5aca147-ae7e-43aa-9ddf-77f62efcf272
387754d3-7d82-4eef-904a-ef5433b8330f,1a1c8a29-4c73-4555-aa4c-51cc0159932c
387754d3-7d82-4eef-904a-ef5433b8330f,69f3e5f2-8c4a-4d54-a0d6-a18a2965d0fc
387754d3-7d82-4eef-904a-ef5433b8330f,a09371b6-3ebf-4f7d-902b-1e9332c3905c
387754d3-7d82-4eef-904a-ef5433b8330f,c5d7ce28-14dc-4824-b999-88fc401d18d2
387754d3-7d82-4eef-904a-ef5433b8330f,480bcadd-f322-478c-b97a-11c07bdda27b
387754d3-7d82-4eef-904a-ef5433b8330f,eb740dfa-2054-49d1-91d5-aa2437bc4404
387754d3-7d82-4eef-904a-ef5433b8330f,aadd923f-99a1-45e6-8a6c-d150bc502e8c
387754d3-7d82-4eef-904a-ef5433b8330f,310f6d38-4dc3-41ce-87c8-f75c195c67c3
387754d3-7d82-4eef-904a-ef5433b8330f,e273ec7c-43b4-43ae-97c3-39c887e23080
387754d3-7d82-4eef-904a-ef5433b8330f,f31d0637-69ff-46c3-ae20-73b93a8b0dd0
387754d3-7d82-4eef-904a-ef5433b8330f,1a1cb738-3e9e-4e2c-a2f0-f82b7df18af2
387754d3-7d82-4eef-904a-ef5433b8330f,24d497e9-ae12-4c35-88f7-3987e3d6ed0c
387754d3-7d82-4eef-904a-ef5433b8330f,fc25783f-f245-4673-9f9a-1aa2f9f25465
387754d3-7d82-4eef-904a-ef5433b8330f,ef1e7754-97d4-4af1-8ada-9324acf962b7
387754d3-7d82-4eef-904a-ef5433b8330f,2edba01e-d2c2-45c8-9197-43b7dacb733d
387754d3-7d82-4eef-904a-ef5433b8330f,b34ee12c-8e09-4e1f-8d20-6b055f8b87b0
387754d3-7d82-4eef-904a-ef5433b8330f,8b3a26db-7665-4ede-94cc-7129ba81bd44
387754d3-7d82-4eef-904a-ef5433b8330f,8f7ae8e8-84a9-4c7d-9ba4-a4fdf5dddcb7
387754d3-7d82-4eef-904a-ef5433b8330f,6b07274c-3926-464e-bb30-5e1258eeffeb
387754d3-7d82-4eef-904a-ef5433b8330f,6ec2f9f7-2fd1-4ff9-952e-7cd17464f202
387754d3-7d82-4eef-904a-ef5433b8330f,669ca9e2-3656-46a2-bfeb-7d30a3528bd1
387754d3-7d82-4eef-904a-ef5433b8330f,16bbfcf0-b20b-438d-87d5-04619e6dc6bf
387754d3-7d82-4eef-904a-ef5433b8330f,3a1a0b52-6b55-4a39-b9c8-7bad30216e9c
387754d3-7d82-4eef-904a-ef5433b8330f,89215170-2b4c-4ea3-ae3f-568e51c77802
387754d3-7d82-4eef-904a-ef5433b8330f,c0b06b38-ed73-482d-81d3-0cb93eeacf9c
387754d3-7d82-4eef-904a-ef5433b8330f,80d53ea6-afbe-4135-9bb5-b61f753fed4e
387754d3-7d82-4eef-904a-ef5433b8330f,a647ba0d-fbfc-4d68-a213-21c57d3bf6a3
387754d3-7d82-4eef-904a-ef5433b8330f,c01c73ce-8e58-457c-91ac-8b382be700ff
387754d3-7d82-4eef-904a-ef5433b8330f,6a78323b-db98-4112-ac6f-b48796731b07
387754d3-7d82-4eef-904a-ef5433b8330f,9e2d1b5a-0da0-422f-928d-205d8b00efa9
387754d3-7d82-4eef-904a-ef5433b8330f,7314fe6b-b20c-460d-a356-7fdcbcfc6df6
387754d3-7d82-4eef-904a-ef5433b8330f,6fcc754a-7734-49e5-8812-0cfe0ca5057b
387754d3-7d82-4eef-904a-ef5433b8330f,b7386830-9af1-4ecd-bc45-0d3604a4e26b
387754d3-7d82-4eef-904a-ef5433b8330f,d6f0635f-45cf-4564-b93b-9a37fe2f31b8
387754d3-7d82-4eef-904a-ef5433b8330f,62c9bc2a-4f33-4031-a64b-1d9f9648b485
387754d3-7d82-4eef-904a-ef5433b8330f,bbd14fc9-7db3-4162-a2ef-dd1c4563cf74
387754d3-7d82-4eef-904a-ef5433b8330f,28177a03-e20d-4644-98f6-13257821cb5d
387754d3-7d82-4eef-904a-ef5433b8330f,bd5d5fc8-5c10-4513-9d90-e75ae4b67a04
387754d3-7d82-4eef-904a-ef5433b8330f,fa2f7a12-ed35-41aa-935c-2a30e60fa8ef
387754d3-7d82-4eef-904a-ef5433b8330f,74322723-5dc8-4722-8f8a-9ca6efe0cfb8
387754d3-7d82-4eef-904a-ef5433b8330f,9e4e266f-037f-4be4-8211-c0523e9eb75a
387754d3-7d82-4eef-904a-ef5433b8330f,ff6bd764-e751-4908-96c5-3265866c3212
387754d3-7d82-4eef-904a-ef5433b8330f,045d13a6-9efb-4503-af11-cd114928ef64
387754d3-7d82-4eef-904a-ef5433b8330f,f242726a-d491-434f-813a-cc85bdab3391
387754d3-7d82-4eef-904a-ef5433b8330f,480d7211-c115-4f17-99a7-f7f63f50617c
387754d3-7d82-4eef-904a-ef5433b8330f,7c60c02f-8e6f-44cd-a828-aafc1bd20655
387754d3-7d82-4eef-904a-ef5433b8330f,6b808c13-741b-4a76-8bfe-951764543f12
387754d3-7d82-4eef-904a-ef5433b8330f,3deef1ea-093b-4964-8e1e-3c9f3aa843de
387754d3-7d82-4eef-904a-ef5433b8330f,667e8be0-dbe3-4cb7-ba8a-56bbfabe2a29
387754d3-7d82-4eef-904a-ef5433b8330f,57105f52-6fd6-447e-a3b4-4663f594d6ff
387754d3-7d82-4eef-904a-ef5433b8330f,54876abb-9f33-408a-ab41-5879ee7ef634
387754d3-7d82-4eef-904a-ef5433b8330f,6ff5d24e-2daf-4625-b2d9-7feb27ac9e54
387754d3-7d82-4eef-904a-ef5433b8330f,5fc9f583-8ab5-4016-9337-3ead0af102c6
387754d3-7d82-4eef-904a-ef5433b8330f,a3e12ea4-959e-4cbf-ac18-22644536b8e5
387754d3-7d82-4eef-904a-ef5433b8330f,a5e6d8cf-cc33-44e0-8c35-d94a02376f0a
387754d3-7d82-4eef-904a-ef5433b8330f,1b5da2c8-9e57-4c62-90b2-258d92ccc886
387754d3-7d82-4eef-904a-ef5433b8330f,a370814d-67c2-4040-869e-2a7b5a87cc8c
387754d3-7d82-4eef-904a-ef5433b8330f,8f1617bc-61d7-436a-b1f4-259c1d041ac9
387754d3-7d82-4eef-904a-ef5433b8330f,e8a6823d-a409-4e4e-86ee-351e88f82453
387754d3-7d82-4eef-904a-ef5433b8330f,a94bc496-909b-4dc1-a2e8-7473bbb8099b
387754d3-7d82-4eef-904a-ef5433b8330f,3b0a2d6c-b430-4ee1-9c7a-0b5c3cfb4a51
387754d3-7d82-4eef-904a-ef5433b8330f,646e5fb6-a488-4f64-b7a3-664fd3cf9bec
387754d3-7d82-4eef-904a-ef5433b8330f,fec35770-98cd-402b-ac8e-4f6fae68d090
387754d3-7d82-4eef-904a-ef5433b8330f,75cb877b-294f-40ea-9f79-b4fe463967fb
387754d3-7d82-4eef-904a-ef5433b8330f,dc81ce05-7391-465a-8f45-c7c0630bd0ed
387754d3-7d82-4eef-904a-ef5433b8330f,836dfc0f-79dd-45a7-99e4-2da502b89fac
387754d3-7d82-4eef-904a-ef5433b8330f,768cfdf4-c9cb-44d3-b76d-7ef8adc665cf
387754d3-7d82-4eef-904a-ef5433b8330f,bdcb8549-de27-4cfc-89b4-abd6d9195fe2
387754d3-7d82-4eef-904a-ef5433b8330f,55505e9e-2d69-4b9b-b8db-8ef7a44547e1
387754d3-7d82-4eef-904a-ef5433b8330f,b72c1446-cf63-4751-9729-30ed0b3886be
387754d3-7d82-4eef-904a-ef5433b8330f,657e60b2-4d89-4250-8bb9-5be829aeff5a
387754d3-7d82-4eef-904a-ef5433b8330f,30b28f17-b833-41de-928d-aff0e000c290
387754d3-7d82-4eef-904a-ef5433b8330f,ed7ab919-f44f-4046-bd88-88afb5f2825a
387754d3-7d82-4eef-904a-ef5433b8330f,3506b86e-f43d-4fb5-8d89-a1dfac0b4892
387754d3-7d82-4eef-904a-ef5433b8330f,e2feebde-c827-494b-bd20-9067942b4fa7
387754d3-7d82-4eef-904a-ef5433b8330f,d44bc31f-2d78-4b44-afb1-0dc6d903ae59
387754d3-7d82-4eef-904a-ef5433b8330f,57271d05-530f-403f-b204-56b779bd6b77
387754d3-7d82-4eef-904a-ef5433b8330f,c5955d49-0c9f-480c-9c6e-f757b08e1744
387754d3-7d82-4eef-904a-ef5433b8330f,25173859-d0b6-4d9f-b193-b8f3a490e265
387754d3-7d82-4eef-904a-ef5433b8330f,05a53e99-ac83-4511-9b91-cf286213d1de
387754d3-7d82-4eef-904a-ef5433b8330f,988355c0-4ae6-492d-a1e9-c2f0f962d5da
387754d3-7d82-4eef-904a-ef5433b8330f,442b310d-4dde-4c83-b15b-be7d83b1e081
387754d3-7d82-4eef-904a-ef5433b8330f,1ebec718-bbe9-421e-86bc-f6e436f8ed6d
387754d3-7d82-4eef-904a-ef5433b8330f,c76b75bb-7c20-477b-acb9-4246495b9207
387754d3-7d82-4eef-904a-ef5433b8330f,6d90d1d5-ea74-4891-9eb3-896701f3d78b
48e36b02-e2e3-45b4-984b-59b41b2f95d0,1656baaa-8895-40f2-83e6-d10862e7d182
48e36b02-e2e3-45b4-984b-59b41b2f95d0,ced19472-8a67-4821-8753-893322836215
48e36b02-e2e3-45b4-984b-59b41b2f95d0,73c5819c-c926-4a96-bd59-22ebbec8f0d0
48e36b02-e2e3-45b4-984b-59b41b2f95d0,189f4581-a121-4c67-9560-0d06f9eb95a6
48e36b02-e2e3-45b4-984b-59b41b2f95d0,f5aca147-ae7e-43aa-9ddf-77f62efcf272
48e36b02-e2e3-45b4-984b-59b41b2f95d0,1a1c8a29-4c73-4555-aa4c-51cc0159932c
48e36b02-e2e3-45b4-984b-59b41b2f95d0,69f3e5f2-8c4a-4d54-a0d6-a18a2965d0fc
48e36b02-e2e3-45b4-984b-59b41b2f95d0,a09371b6-3ebf-4f7d-902b-1e9332c3905c
48e36b02-e2e3-45b4-984b-59b41b2f95d0,c5d7ce28-14dc-4824-b999-88fc401d18d2
48e36b02-e2e3-45b4-984b-59b41b2f95d0,480bcadd-f322-478c-b97a-11c07bdda27b
48e36b02-e2e3-45b4-984b-59b41b2f95d0,eb740dfa-2054-49d1-91d5-aa2437bc4404
48e36b02-e2e3-45b4-984b-59b41b2f95d0,aadd923f-99a1-45e6-8a6c-d150bc502e8c
48e36b02-e2e3-45b4-984b-59b41b2f95d0,310f6d38-4dc3-41ce-87c8-f75c195c67c3
48e36b02-e2e3-45b4-984b-59b41b2f95d0,e273ec7c-43b4-43ae-97c3-39c887e23080
48e36b02-e2e3-45b4-984b-59b41b2f95d0,f31d0637-69ff-46c3-ae20-73b93a8b0dd0
48e36b02-e2e3-45b4-984b-59b41b2f95d0,1a1cb738-3e9e-4e2c-a2f0-f82b7df18af2
48e36b02-e2e3-45b4-984b-59b41b2f95d0,24d497e9-ae12-4c35-88f7-3987e3d6ed0c
48e36b02-e2e3-45b4-984b-59b41b2f95d0,fc25783f-f245-4673-9f9a-1aa2f9f25465
48e36b02-e2e3-45b4-984b-59b41b2f95d0,ef1e7754-97d4-4af1-8ada-9324acf962b7
48e36b02-e2e3-45b4-984b-59b41b2f95d0,2edba01e-d2c2-45c8-9197-43b7dacb733d
48e36b02-e2e3-45b4-984b-59b41b2f95d0,b34ee12c-8e09-4e1f-8d20-6b055f8b87b0
48e36b02-e2e3-45b4-984b-59b41b2f95d0,8b3a26db-7665-4ede-94cc-7129ba81bd44
48e36b02-e2e3-45b4-984b-59b41b2f95d0,8f7ae8e8-84a9-4c7d-9ba4-a4fdf5dddcb7
48e36b02-e2e3-45b4-984b-59b41b2f95d0,6b07274c-3926-464e-bb30-5e1258eeffeb
48e36b02-e2e3-45b4-984b-59b41b2f95d0,6ec2f9f7-2fd1-4ff9-952e-7cd17464f202
48e36b02-e2e3-45b4-984b-59b41b2f95d0,669ca9e2-3656-46a2-bfeb-7d30a3528bd1
48e36b02-e2e3-45b4-984b-59b41b2f95d0,16bbfcf0-b20b-438d-87d5-04619e6dc6bf
48e36b02-e2e3-45b4-984b-59b41b2f95d0,3a1a0b52-6b55-4a39-b9c8-7bad30216e9c
48e36b02-e2e3-45b4-984b-59b41b2f95d0,89215170-2b4c-4ea3-ae3f-568e51c77802
48e36b02-e2e3-45b4-984b-59b41b2f95d0,c0b06b38-ed73-482d-81d3-0cb93eeacf9c
48e36b02-e2e3-45b4-984b-59b41b2f95d0,80d53ea6-afbe-4135-9bb5-b61f753fed4e
48e36b02-e2e3-45b4-984b-59b41b2f95d0,a647ba0d-fbfc-4d68-a213-21c57d3bf6a3
48e36b02-e2e3-45b4-984b-59b41b2f95d0,c01c73ce-8e58-457c-91ac-8b382be700ff
48e36b02-e2e3-45b4-984b-59b41b2f95d0,6a78323b-db98-4112-ac6f-b48796731b07
48e36b02-e2e3-45b4-984b-59b41b2f95d0,9e2d1b5a-0da0-422f-928d-205d8b00efa9
48e36b02-e2e3-45b4-984b-59b41b2f95d0,7314fe6b-b20c-460d-a356-7fdcbcfc6df6
48e36b02-e2e3-45b4-984b-59b41b2f95d0,6fcc754a-7734-49e5-8812-0cfe0ca5057b
48e36b02-e2e3-45b4-984b-59b41b2f95d0,b7386830-9af1-4ecd-bc45-0d3604a4e26b
48e36b02-e2e3-45b4-984b-59b41b2f95d0,d6f0635f-45cf-4564-b93b-9a37fe2f31b8
48e36b02-e2e3-45b4-984b-59b41b2f95d0,62c9bc2a-4f33-4031-a64b-1d9f9648b485
48e36b02-e2e3-45b4-984b-59b41b2f95d0,bbd14fc9-7db3-4162-a2ef-dd1c4563cf74
48e36b02-e2e3-45b4-984b-59b41b2f95d0,28177a03-e20d-4644-98f6-13257821cb5d
48e36b02-e2e3-45b4-984b-59b41b2f95d0,bd5d5fc8-5c10-4513-9d90-e75ae4b67a04
48e36b02-e2e3-45b4-984b-59b41b2f95d0,fa2f7a12-ed35-41aa-935c-2a30e60fa8ef
48e36b02-e2e3-45b4-984b-59b41b2f95d0,74322723-5dc8-4722-8f8a-9ca6efe0cfb8
48e36b02-e2e3-45b4-984b-59b41b2f95d0,9e4e266f-037f-4be4-8211-c0523e9eb75a
48e36b02-e2e3-45b4-984b-59b41b2f95d0,ff6bd764-e751-4908-96c5-3265866c3212
48e36b02-e2e3-45b4-984b-59b41b2f95d0,045d13a6-9efb-4503-af11-cd114928ef64
48e36b02-e2e3-45b4-984b-59b41b2f95d0,f242726a-d491-434f-813a-cc85bdab3391
48e36b02-e2e3-45b4-984b-59b41b2f95d0,480d7211-c115-4f17-99a7-f7f63f50617c
48e36b02-e2e3-45b4-984b-59b41b2f95d0,7c60c02f-8e6f-44cd-a828-aafc1bd20655
48e36b02-e2e3-45b4-984b-59b41b2f95d0,6b808c13-741b-4a76-8bfe-951764543f12
48e36b02-e2e3-45b4-984b-59b41b2f95d0,3deef1ea-093b-4964-8e1e-3c9f3aa843de
48e36b02-e2e3-45b4-984b-59b41b2f95d0,667e8be0-dbe3-4cb7-ba8a-56bbfabe2a29
48e36b02-e2e3-45b4-984b-59b41b2f95d0,57105f52-6fd6-447e-a3b4-4663f594d6ff
48e36b02-e2e3-45b4-984b-59b41b2f95d0,54876abb-9f33-408a-ab41-5879ee7ef634
48e36b02-e2e3-45b4-984b-59b41b2f95d0,6ff5d24e-2daf-4625-b2d9-7feb27ac9e54
48e36b02-e2e3-45b4-984b-59b41b2f95d0,5fc9f583-8ab5-4016-9337-3ead0af102c6
48e36b02-e2e3-45b4-984b-59b41b2f95d0,a3e12ea4-959e-4cbf-ac18-22644536b8e5
48e36b02-e2e3-45b4-984b-59b41b2f95d0,a5e6d8cf-cc33-44e0-8c35-d94a02376f0a
48e36b02-e2e3-45b4-984b-59b41b2f95d0,1b5da2c8-9e57-4c62-90b2-258d92ccc886
48e36b02-e2e3-45b4-984b-59b41b2f95d0,a370814d-67c2-4040-869e-2a7b5a87cc8c
48e36b02-e2e3-45b4-984b-59b41b2f95d0,8f1617bc-61d7-436a-b1f4-259c1d041ac9
48e36b02-e2e3-45b4-984b-59b41b2f95d0,e8a6823d-a409-4e4e-86ee-351e88f82453
48e36b02-e2e3-45b4-984b-59b41b2f95d0,a94bc496-909b-4dc1-a2e8-7473bbb8099b
48e36b02-e2e3-45b4-984b-59b41b2f95d0,646e5fb6-a488-4f64-b7a3-664fd3cf9bec
48e36b02-e2e3-45b4-984b-59b41b2f95d0,3b0a2d6c-b430-4ee1-9c7a-0b5c3cfb4a51
48e36b02-e2e3-45b4-984b-59b41b2f95d0,fec35770-98cd-402b-ac8e-4f6fae68d090
48e36b02-e2e3-45b4-984b-59b41b2f95d0,dc81ce05-7391-465a-8f45-c7c0630bd0ed
48e36b02-e2e3-45b4-984b-59b41b2f95d0,75cb877b-294f-40ea-9f79-b4fe463967fb
48e36b02-e2e3-45b4-984b-59b41b2f95d0,836dfc0f-79dd-45a7-99e4-2da502b89fac
48e36b02-e2e3-45b4-984b-59b41b2f95d0,768cfdf4-c9cb-44d3-b76d-7ef8adc665cf
48e36b02-e2e3-45b4-984b-59b41b2f95d0,bdcb8549-de27-4cfc-89b4-abd6d9195fe2
48e36b02-e2e3-45b4-984b-59b41b2f95d0,55505e9e-2d69-4b9b-b8db-8ef7a44547e1
48e36b02-e2e3-45b4-984b-59b41b2f95d0,b72c1446-cf63-4751-9729-30ed0b3886be
48e36b02-e2e3-45b4-984b-59b41b2f95d0,657e60b2-4d89-4250-8bb9-5be829aeff5a
48e36b02-e2e3-45b4-984b-59b41b2f95d0,30b28f17-b833-41de-928d-aff0e000c290
48e36b02-e2e3-45b4-984b-59b41b2f95d0,ed7ab919-f44f-4046-bd88-88afb5f2825a
48e36b02-e2e3-45b4-984b-59b41b2f95d0,3506b86e-f43d-4fb5-8d89-a1dfac0b4892
48e36b02-e2e3-45b4-984b-59b41b2f95d0,e2feebde-c827-494b-bd20-9067942b4fa7
48e36b02-e2e3-45b4-984b-59b41b2f95d0,d44bc31f-2d78-4b44-afb1-0dc6d903ae59
48e36b02-e2e3-45b4-984b-59b41b2f95d0,57271d05-530f-403f-b204-56b779bd6b77
48e36b02-e2e3-45b4-984b-59b41b2f95d0,c5955d49-0c9f-480c-9c6e-f757b08e1744
48e36b02-e2e3-45b4-984b-59b41b2f95d0,25173859-d0b6-4d9f-b193-b8f3a490e265
48e36b02-e2e3-45b4-984b-59b41b2f95d0,05a53e99-ac83-4511-9b91-cf286213d1de
48e36b02-e2e3-45b4-984b-59b41b2f95d0,988355c0-4ae6-492d-a1e9-c2f0f962d5da
48e36b02-e2e3-45b4-984b-59b41b2f95d0,442b310d-4dde-4c83-b15b-be7d83b1e081
48e36b02-e2e3-45b4-984b-59b41b2f95d0,1ebec718-bbe9-421e-86bc-f6e436f8ed6d
48e36b02-e2e3-45b4-984b-59b41b2f95d0,c76b75bb-7c20-477b-acb9-4246495b9207
48e36b02-e2e3-45b4-984b-59b41b2f95d0,6d90d1d5-ea74-4891-9eb3-896701f3d78b
e878ea3b-bd02-47c6-87d5-38285d2c0929,1656baaa-8895-40f2-83e6-d10862e7d182
e878ea3b-bd02-47c6-87d5-38285d2c0929,ced19472-8a67-4821-8753-893322836215
e878ea3b-bd02-47c6-87d5-38285d2c0929,73c5819c-c926-4a96-bd59-22ebbec8f0d0
e878ea3b-bd02-47c6-87d5-38285d2c0929,189f4581-a121-4c67-9560-0d06f9eb95a6
e878ea3b-bd02-47c6-87d5-38285d2c0929,f5aca147-ae7e-43aa-9ddf-77f62efcf272
e878ea3b-bd02-47c6-87d5-38285d2c0929,1a1c8a29-4c73-4555-aa4c-51cc0159932c
e878ea3b-bd02-47c6-87d5-38285d2c0929,69f3e5f2-8c4a-4d54-a0d6-a18a2965d0fc
e878ea3b-bd02-47c6-87d5-38285d2c0929,a09371b6-3ebf-4f7d-902b-1e9332c3905c
e878ea3b-bd02-47c6-87d5-38285d2c0929,c5d7ce28-14dc-4824-b999-88fc401d18d2
e878ea3b-bd02-47c6-87d5-38285d2c0929,480bcadd-f322-478c-b97a-11c07bdda27b
e878ea3b-bd02-47c6-87d5-38285d2c0929,eb740dfa-2054-49d1-91d5-aa2437bc4404
e878ea3b-bd02-47c6-87d5-38285d2c0929,aadd923f-99a1-45e6-8a6c-d150bc502e8c
e878ea3b-bd02-47c6-87d5-38285d2c0929,310f6d38-4dc3-41ce-87c8-f75c195c67c3
e878ea3b-bd02-47c6-87d5-38285d2c0929,e273ec7c-43b4-43ae-97c3-39c887e23080
e878ea3b-bd02-47c6-87d5-38285d2c0929,f31d0637-69ff-46c3-ae20-73b93a8b0dd0
e878ea3b-bd02-47c6-87d5-38285d2c0929,1a1cb738-3e9e-4e2c-a2f0-f82b7df18af2
e878ea3b-bd02-47c6-87d5-38285d2c0929,24d497e9-ae12-4c35-88f7-3987e3d6ed0c
e878ea3b-bd02-47c6-87d5-38285d2c0929,fc25783f-f245-4673-9f9a-1aa2f9f25465
e878ea3b-bd02-47c6-87d5-38285d2c0929,ef1e7754-97d4-4af1-8ada-9324acf962b7
e878ea3b-bd02-47c6-87d5-38285d2c0929,2edba01e-d2c2-45c8-9197-43b7dacb733d
e878ea3b-bd02-47c6-87d5-38285d2c0929,b34ee12c-8e09-4e1f-8d20-6b055f8b87b0
e878ea3b-bd02-47c6-87d5-38285d2c0929,8b3a26db-7665-4ede-94cc-7129ba81bd44
e878ea3b-bd02-47c6-87d5-38285d2c0929,8f7ae8e8-84a9-4c7d-9ba4-a4fdf5dddcb7
e878ea3b-bd02-47c6-87d5-38285d2c0929,6b07274c-3926-464e-bb30-5e1258eeffeb
e878ea3b-bd02-47c6-87d5-38285d2c0929,6ec2f9f7-2fd1-4ff9-952e-7cd17464f202
e878ea3b-bd02-47c6-87d5-38285d2c0929,669ca9e2-3656-46a2-bfeb-7d30a3528bd1
e878ea3b-bd02-47c6-87d5-38285d2c0929,16bbfcf0-b20b-438d-87d5-04619e6dc6bf
e878ea3b-bd02-47c6-87d5-38285d2c0929,3a1a0b52-6b55-4a39-b9c8-7bad30216e9c
e878ea3b-bd02-47c6-87d5-38285d2c0929,89215170-2b4c-4ea3-ae3f-568e51c77802
e878ea3b-bd02-47c6-87d5-38285d2c0929,c0b06b38-ed73-482d-81d3-0cb93eeacf9c
e878ea3b-bd02-47c6-87d5-38285d2c0929,80d53ea6-afbe-4135-9bb5-b61f753fed4e
e878ea3b-bd02-47c6-87d5-38285d2c0929,a647ba0d-fbfc-4d68-a213-21c57d3bf6a3
e878ea3b-bd02-47c6-87d5-38285d2c0929,c01c73ce-8e58-457c-91ac-8b382be700ff
e878ea3b-bd02-47c6-87d5-38285d2c0929,6a78323b-db98-4112-ac6f-b48796731b07
e878ea3b-bd02-47c6-87d5-38285d2c0929,9e2d1b5a-0da0-422f-928d-205d8b00efa9
e878ea3b-bd02-47c6-87d5-38285d2c0929,7314fe6b-b20c-460d-a356-7fdcbcfc6df6
e878ea3b-bd02-47c6-87d5-38285d2c0929,6fcc754a-7734-49e5-8812-0cfe0ca5057b
e878ea3b-bd02-47c6-87d5-38285d2c0929,b7386830-9af1-4ecd-bc45-0d3604a4e26b
e878ea3b-bd02-47c6-87d5-38285d2c0929,d6f0635f-45cf-4564-b93b-9a37fe2f31b8
e878ea3b-bd02-47c6-87d5-38285d2c0929,62c9bc2a-4f33-4031-a64b-1d9f9648b485
e878ea3b-bd02-47c6-87d5-38285d2c0929,bbd14fc9-7db3-4162-a2ef-dd1c4563cf74
e878ea3b-bd02-47c6-87d5-38285d2c0929,28177a03-e20d-4644-98f6-13257821cb5d
e878ea3b-bd02-47c6-87d5-38285d2c0929,bd5d5fc8-5c10-4513-9d90-e75ae4b67a04
e878ea3b-bd02-47c6-87d5-38285d2c0929,fa2f7a12-ed35-41aa-935c-2a30e60fa8ef
e878ea3b-bd02-47c6-87d5-38285d2c0929,74322723-5dc8-4722-8f8a-9ca6efe0cfb8
e878ea3b-bd02-47c6-87d5-38285d2c0929,9e4e266f-037f-4be4-8211-c0523e9eb75a
e878ea3b-bd02-47c6-87d5-38285d2c0929,ff6bd764-e751-4908-96c5-3265866c3212
e878ea3b-bd02-47c6-87d5-38285d2c0929,045d13a6-9efb-4503-af11-cd114928ef64
e878ea3b-bd02-47c6-87d5-38285d2c0929,f242726a-d491-434f-813a-cc85bdab3391
e878ea3b-bd02-47c6-87d5-38285d2c0929,480d7211-c115-4f17-99a7-f7f63f50617c
e878ea3b-bd02-47c6-87d5-38285d2c0929,7c60c02f-8e6f-44cd-a828-aafc1bd20655
e878ea3b-bd02-47c6-87d5-38285d2c0929,6b808c13-741b-4a76-8bfe-951764543f12
e878ea3b-bd02-47c6-87d5-38285d2c0929,3deef1ea-093b-4964-8e1e-3c9f3aa843de
e878ea3b-bd02-47c6-87d5-38285d2c0929,667e8be0-dbe3-4cb7-ba8a-56bbfabe2a29
e878ea3b-bd02-47c6-87d5-38285d2c0929,57105f52-6fd6-447e-a3b4-4663f594d6ff
e878ea3b-bd02-47c6-87d5-38285d2c0929,54876abb-9f33-408a-ab41-5879ee7ef634
e878ea3b-bd02-47c6-87d5-38285d2c0929,6ff5d24e-2daf-4625-b2d9-7feb27ac9e54
e878ea3b-bd02-47c6-87d5-38285d2c0929,5fc9f583-8ab5-4016-9337-3ead0af102c6
e878ea3b-bd02-47c6-87d5-38285d2c0929,a3e12ea4-959e-4cbf-ac18-22644536b8e5
e878ea3b-bd02-47c6-87d5-38285d2c0929,a5e6d8cf-cc33-44e0-8c35-d94a02376f0a
e878ea3b-bd02-47c6-87d5-38285d2c0929,1b5da2c8-9e57-4c62-90b2-258d92ccc886
e878ea3b-bd02-47c6-87d5-38285d2c0929,a370814d-67c2-4040-869e-2a7b5a87cc8c
e878ea3b-bd02-47c6-87d5-38285d2c0929,8f1617bc-61d7-436a-b1f4-259c1d041ac9
e878ea3b-bd02-47c6-87d5-38285d2c0929,e8a6823d-a409-4e4e-86ee-351e88f82453
e878ea3b-bd02-47c6-87d5-38285d2c0929,a94bc496-909b-4dc1-a2e8-7473bbb8099b
e878ea3b-bd02-47c6-87d5-38285d2c0929,646e5fb6-a488-4f64-b7a3-664fd3cf9bec
e878ea3b-bd02-47c6-87d5-38285d2c0929,3b0a2d6c-b430-4ee1-9c7a-0b5c3cfb4a51
e878ea3b-bd02-47c6-87d5-38285d2c0929,fec35770-98cd-402b-ac8e-4f6fae68d090
e878ea3b-bd02-47c6-87d5-38285d2c0929,dc81ce05-7391-465a-8f45-c7c0630bd0ed
e878ea3b-bd02-47c6-87d5-38285d2c0929,75cb877b-294f-40ea-9f79-b4fe463967fb
e878ea3b-bd02-47c6-87d5-38285d2c0929,836dfc0f-79dd-45a7-99e4-2da502b89fac
e878ea3b-bd02-47c6-87d5-38285d2c0929,768cfdf4-c9cb-44d3-b76d-7ef8adc665cf
e878ea3b-bd02-47c6-87d5-38285d2c0929,bdcb8549-de27-4cfc-89b4-abd6d9195fe2
e878ea3b-bd02-47c6-87d5-38285d2c0929,55505e9e-2d69-4b9b-b8db-8ef7a44547e1
e878ea3b-bd02-47c6-87d5-38285d2c0929,b72c1446-cf63-4751-9729-30ed0b3886be
e878ea3b-bd02-47c6-87d5-38285d2c0929,657e60b2-4d89-4250-8bb9-5be829aeff5a
e878ea3b-bd02-47c6-87d5-38285d2c0929,30b28f17-b833-41de-928d-aff0e000c290
e878ea3b-bd02-47c6-87d5-38285d2c0929,ed7ab919-f44f-4046-bd88-88afb5f2825a
e878ea3b-bd02-47c6-87d5-38285d2c0929,3506b86e-f43d-4fb5-8d89-a1dfac0b4892
e878ea3b-bd02-47c6-87d5-38285d2c0929,e2feebde-c827-494b-bd20-9067942b4fa7
e878ea3b-bd02-47c6-87d5-38285d2c0929,d44bc31f-2d78-4b44-afb1-0dc6d903ae59
e878ea3b-bd02-47c6-87d5-38285d2c0929,57271d05-530f-403f-b204-56b779bd6b77
e878ea3b-bd02-47c6-87d5-38285d2c0929,c5955d49-0c9f-480c-9c6e-f757b08e1744
e878ea3b-bd02-47c6-87d5-38285d2c0929,25173859-d0b6-4d9f-b193-b8f3a490e265
e878ea3b-bd02-47c6-87d5-38285d2c0929,05a53e99-ac83-4511-9b91-cf286213d1de
e878ea3b-bd02-47c6-87d5-38285d2c0929,988355c0-4ae6-492d-a1e9-c2f0f962d5da
e878ea3b-bd02-47c6-87d5-38285d2c0929,442b310d-4dde-4c83-b15b-be7d83b1e081
e878ea3b-bd02-47c6-87d5-38285d2c0929,1ebec718-bbe9-421e-86bc-f6e436f8ed6d
e878ea3b-bd02-47c6-87d5-38285d2c0929,c76b75bb-7c20-477b-acb9-4246495b9207
e878ea3b-bd02-47c6-87d5-38285d2c0929,6d90d1d5-ea74-4891-9eb3-896701f3d78b
241d2762-68c3-4a9a-8208-6634d02cb3b9,1656baaa-8895-40f2-83e6-d10862e7d182
241d2762-68c3-4a9a-8208-6634d02cb3b9,ced19472-8a67-4821-8753-893322836215
241d2762-68c3-4a9a-8208-6634d02cb3b9,73c5819c-c926-4a96-bd59-22ebbec8f0d0
241d2762-68c3-4a9a-8208-6634d02cb3b9,189f4581-a121-4c67-9560-0d06f9eb95a6
241d2762-68c3-4a9a-8208-6634d02cb3b9,f5aca147-ae7e-43aa-9ddf-77f62efcf272
241d2762-68c3-4a9a-8208-6634d02cb3b9,1a1c8a29-4c73-4555-aa4c-51cc0159932c
241d2762-68c3-4a9a-8208-6634d02cb3b9,69f3e5f2-8c4a-4d54-a0d6-a18a2965d0fc
241d2762-68c3-4a9a-8208-6634d02cb3b9,a09371b6-3ebf-4f7d-902b-1e9332c3905c
241d2762-68c3-4a9a-8208-6634d02cb3b9,c5d7ce28-14dc-4824-b999-88fc401d18d2
241d2762-68c3-4a9a-8208-6634d02cb3b9,480bcadd-f322-478c-b97a-11c07bdda27b
241d2762-68c3-4a9a-8208-6634d02cb3b9,eb740dfa-2054-49d1-91d5-aa2437bc4404
241d2762-68c3-4a9a-8208-6634d02cb3b9,aadd923f-99a1-45e6-8a6c-d150bc502e8c
241d2762-68c3-4a9a-8208-6634d02cb3b9,310f6d38-4dc3-41ce-87c8-f75c195c67c3
241d2762-68c3-4a9a-8208-6634d02cb3b9,e273ec7c-43b4-43ae-97c3-39c887e23080
241d2762-68c3-4a9a-8208-6634d02cb3b9,f31d0637-69ff-46c3-ae20-73b93a8b0dd0
241d2762-68c3-4a9a-8208-6634d02cb3b9,1a1cb738-3e9e-4e2c-a2f0-f82b7df18af2
241d2762-68c3-4a9a-8208-6634d02cb3b9,24d497e9-ae12-4c35-88f7-3987e3d6ed0c
241d2762-68c3-4a9a-8208-6634d02cb3b9,fc25783f-f245-4673-9f9a-1aa2f9f25465
241d2762-68c3-4a9a-8208-6634d02cb3b9,ef1e7754-97d4-4af1-8ada-9324acf962b7
241d2762-68c3-4a9a-8208-6634d02cb3b9,2edba01e-d2c2-45c8-9197-43b7dacb733d
241d2762-68c3-4a9a-8208-6634d02cb3b9,b34ee12c-8e09-4e1f-8d20-6b055f8b87b0
241d2762-68c3-4a9a-8208-6634d02cb3b9,8b3a26db-7665-4ede-94cc-7129ba81bd44
241d2762-68c3-4a9a-8208-6634d02cb3b9,8f7ae8e8-84a9-4c7d-9ba4-a4fdf5dddcb7
241d2762-68c3-4a9a-8208-6634d02cb3b9,6b07274c-3926-464e-bb30-5e1258eeffeb
241d2762-68c3-4a9a-8208-6634d02cb3b9,6ec2f9f7-2fd1-4ff9-952e-7cd17464f202
241d2762-68c3-4a9a-8208-6634d02cb3b9,669ca9e2-3656-46a2-bfeb-7d30a3528bd1
241d2762-68c3-4a9a-8208-6634d02cb3b9,16bbfcf0-b20b-438d-87d5-04619e6dc6bf
241d2762-68c3-4a9a-8208-6634d02cb3b9,3a1a0b52-6b55-4a39-b9c8-7bad30216e9c
241d2762-68c3-4a9a-8208-6634d02cb3b9,89215170-2b4c-4ea3-ae3f-568e51c77802
241d2762-68c3-4a9a-8208-6634d02cb3b9,c0b06b38-ed73-482d-81d3-0cb93eeacf9c
241d2762-68c3-4a9a-8208-6634d02cb3b9,80d53ea6-afbe-4135-9bb5-b61f753fed4e
241d2762-68c3-4a9a-8208-6634d02cb3b9,a647ba0d-fbfc-4d68-a213-21c57d3bf6a3
241d2762-68c3-4a9a-8208-6634d02cb3b9,c01c73ce-8e58-457c-91ac-8b382be700ff
241d2762-68c3-4a9a-8208-6634d02cb3b9,6a78323b-db98-4112-ac6f-b48796731b07
241d2762-68c3-4a9a-8208-6634d02cb3b9,9e2d1b5a-0da0-422f-928d-205d8b00efa9
241d2762-68c3-4a9a-8208-6634d02cb3b9,7314fe6b-b20c-460d-a356-7fdcbcfc6df6
241d2762-68c3-4a9a-8208-6634d02cb3b9,6fcc754a-7734-49e5-8812-0cfe0ca5057b
241d2762-68c3-4a9a-8208-6634d02cb3b9,b7386830-9af1-4ecd-bc45-0d3604a4e26b
241d2762-68c3-4a9a-8208-6634d02cb3b9,d6f0635f-45cf-4564-b93b-9a37fe2f31b8
241d2762-68c3-4a9a-8208-6634d02cb3b9,62c9bc2a-4f33-4031-a64b-1d9f9648b485
241d2762-68c3-4a9a-8208-6634d02cb3b9,bbd14fc9-7db3-4162-a2ef-dd1c4563cf74
241d2762-68c3-4a9a-8208-6634d02cb3b9,28177a03-e20d-4644-98f6-13257821cb5d
241d2762-68c3-4a9a-8208-6634d02cb3b9,bd5d5fc8-5c10-4513-9d90-e75ae4b67a04
241d2762-68c3-4a9a-8208-6634d02cb3b9,fa2f7a12-ed35-41aa-935c-2a30e60fa8ef
241d2762-68c3-4a9a-8208-6634d02cb3b9,74322723-5dc8-4722-8f8a-9ca6efe0cfb8
241d2762-68c3-4a9a-8208-6634d02cb3b9,9e4e266f-037f-4be4-8211-c0523e9eb75a
241d2762-68c3-4a9a-8208-6634d02cb3b9,ff6bd764-e751-4908-96c5-3265866c3212
241d2762-68c3-4a9a-8208-6634d02cb3b9,045d13a6-9efb-4503-af11-cd114928ef64
241d2762-68c3-4a9a-8208-6634d02cb3b9,f242726a-d491-434f-813a-cc85bdab3391
241d2762-68c3-4a9a-8208-6634d02cb3b9,480d7211-c115-4f17-99a7-f7f63f50617c
241d2762-68c3-4a9a-8208-6634d02cb3b9,7c60c02f-8e6f-44cd-a828-aafc1bd20655
241d2762-68c3-4a9a-8208-6634d02cb3b9,6b808c13-741b-4a76-8bfe-951764543f12
241d2762-68c3-4a9a-8208-6634d02cb3b9,3deef1ea-093b-4964-8e1e-3c9f3aa843de
241d2762-68c3-4a9a-8208-6634d02cb3b9,667e8be0-dbe3-4cb7-ba8a-56bbfabe2a29
241d2762-68c3-4a9a-8208-6634d02cb3b9,57105f52-6fd6-447e-a3b4-4663f594d6ff
241d2762-68c3-4a9a-8208-6634d02cb3b9,54876abb-9f33-408a-ab41-5879ee7ef634
241d2762-68c3-4a9a-8208-6634d02cb3b9,6ff5d24e-2daf-4625-b2d9-7feb27ac9e54
241d2762-68c3-4a9a-8208-6634d02cb3b9,5fc9f583-8ab5-4016-9337-3ead0af102c6
241d2762-68c3-4a9a-8208-6634d02cb3b9,a3e12ea4-959e-4cbf-ac18-22644536b8e5
241d2762-68c3-4a9a-8208-6634d02cb3b9,a5e6d8cf-cc33-44e0-8c35-d94a02376f0a
241d2762-68c3-4a9a-8208-6634d02cb3b9,1b5da2c8-9e57-4c62-90b2-258d92ccc886
241d2762-68c3-4a9a-8208-6634d02cb3b9,a370814d-67c2-4040-869e-2a7b5a87cc8c
241d2762-68c3-4a9a-8208-6634d02cb3b9,8f1617bc-61d7-436a-b1f4-259c1d041ac9
241d2762-68c3-4a9a-8208-6634d02cb3b9,e8a6823d-a409-4e4e-86ee-351e88f82453
241d2762-68c3-4a9a-8208-6634d02cb3b9,a94bc496-909b-4dc1-a2e8-7473bbb8099b
241d2762-68c3-4a9a-8208-6634d02cb3b9,646e5fb6-a488-4f64-b7a3-664fd3cf9bec
241d2762-68c3-4a9a-8208-6634d02cb3b9,3b0a2d6c-b430-4ee1-9c7a-0b5c3cfb4a51
241d2762-68c3-4a9a-8208-6634d02cb3b9,fec35770-98cd-402b-ac8e-4f6fae68d090
241d2762-68c3-4a9a-8208-6634d02cb3b9,dc81ce05-7391-465a-8f45-c7c0630bd0ed
241d2762-68c3-4a9a-8208-6634d02cb3b9,75cb877b-294f-40ea-9f79-b4fe463967fb
241d2762-68c3-4a9a-8208-6634d02cb3b9,836dfc0f-79dd-45a7-99e4-2da502b89fac
241d2762-68c3-4a9a-8208-6634d02cb3b9,768cfdf4-c9cb-44d3-b76d-7ef8adc665cf
241d2762-68c3-4a9a-8208-6634d02cb3b9,bdcb8549-de27-4cfc-89b4-abd6d9195fe2
241d2762-68c3-4a9a-8208-6634d02cb3b9,55505e9e-2d69-4b9b-b8db-8ef7a44547e1
241d2762-68c3-4a9a-8208-6634d02cb3b9,b72c1446-cf63-4751-9729-30ed0b3886be
241d2762-68c3-4a9a-8208-6634d02cb3b9,657e60b2-4d89-4250-8bb9-5be829aeff5a
241d2762-68c3-4a9a-8208-6634d02cb3b9,30b28f17-b833-41de-928d-aff0e000c290
241d2762-68c3-4a9a-8208-6634d02cb3b9,ed7ab919-f44f-4046-bd88-88afb5f2825a
241d2762-68c3-4a9a-8208-6634d02cb3b9,3506b86e-f43d-4fb5-8d89-a1dfac0b4892
241d2762-68c3-4a9a-8208-6634d02cb3b9,e2feebde-c827-494b-bd20-9067942b4fa7
241d2762-68c3-4a9a-8208-6634d02cb3b9,d44bc31f-2d78-4b44-afb1-0dc6d903ae59
241d2762-68c3-4a9a-8208-6634d02cb3b9,57271d05-530f-403f-b204-56b779bd6b77
241d2762-68c3-4a9a-8208-6634d02cb3b9,c5955d49-0c9f-480c-9c6e-f757b08e1744
241d2762-68c3-4a9a-8208-6634d02cb3b9,25173859-d0b6-4d9f-b193-b8f3a490e265
241d2762-68c3-4a9a-8208-6634d02cb3b9,05a53e99-ac83-4511-9b91-cf286213d1de
241d2762-68c3-4a9a-8208-6634d02cb3b9,988355c0-4ae6-492d-a1e9-c2f0f962d5da
241d2762-68c3-4a9a-8208-6634d02cb3b9,442b310d-4dde-4c83-b15b-be7d83b1e081
241d2762-68c3-4a9a-8208-6634d02cb3b9,1ebec718-bbe9-421e-86bc-f6e436f8ed6d
241d2762-68c3-4a9a-8208-6634d02cb3b9,c76b75bb-7c20-477b-acb9-4246495b9207
241d2762-68c3-4a9a-8208-6634d02cb3b9,6d90d1d5-ea74-4891-9eb3-896701f3d78b
5b062cea-56b9-420d-b947-53ab37b250be,1656baaa-8895-40f2-83e6-d10862e7d182
5b062cea-56b9-420d-b947-53ab37b250be,ced19472-8a67-4821-8753-893322836215
5b062cea-56b9-420d-b947-53ab37b250be,73c5819c-c926-4a96-bd59-22ebbec8f0d0
5b062cea-56b9-420d-b947-53ab37b250be,189f4581-a121-4c67-9560-0d06f9eb95a6
5b062cea-56b9-420d-b947-53ab37b250be,f5aca147-ae7e-43aa-9ddf-77f62efcf272
5b062cea-56b9-420d-b947-53ab37b250be,1a1c8a29-4c73-4555-aa4c-51cc0159932c
5b062cea-56b9-420d-b947-53ab37b250be,69f3e5f2-8c4a-4d54-a0d6-a18a2965d0fc
5b062cea-56b9-420d-b947-53ab37b250be,a09371b6-3ebf-4f7d-902b-1e9332c3905c
5b062cea-56b9-420d-b947-53ab37b250be,c5d7ce28-14dc-4824-b999-88fc401d18d2
5b062cea-56b9-420d-b947-53ab37b250be,480bcadd-f322-478c-b97a-11c07bdda27b
5b062cea-56b9-420d-b947-53ab37b250be,eb740dfa-2054-49d1-91d5-aa2437bc4404
5b062cea-56b9-420d-b947-53ab37b250be,aadd923f-99a1-45e6-8a6c-d150bc502e8c
5b062cea-56b9-420d-b947-53ab37b250be,310f6d38-4dc3-41ce-87c8-f75c195c67c3
5b062cea-56b9-420d-b947-53ab37b250be,e273ec7c-43b4-43ae-97c3-39c887e23080
5b062cea-56b9-420d-b947-53ab37b250be,f31d0637-69ff-46c3-ae20-73b93a8b0dd0
5b062cea-56b9-420d-b947-53ab37b250be,1a1cb738-3e9e-4e2c-a2f0-f82b7df18af2
5b062cea-56b9-420d-b947-53ab37b250be,24d497e9-ae12-4c35-88f7-3987e3d6ed0c
5b062cea-56b9-420d-b947-53ab37b250be,fc25783f-f245-4673-9f9a-1aa2f9f25465
5b062cea-56b9-420d-b947-53ab37b250be,ef1e7754-97d4-4af1-8ada-9324acf962b7
5b062cea-56b9-420d-b947-53ab37b250be,2edba01e-d2c2-45c8-9197-43b7dacb733d
5b062cea-56b9-420d-b947-53ab37b250be,b34ee12c-8e09-4e1f-8d20-6b055f8b87b0
5b062cea-56b9-420d-b947-53ab37b250be,8b3a26db-7665-4ede-94cc-7129ba81bd44
5b062cea-56b9-420d-b947-53ab37b250be,8f7ae8e8-84a9-4c7d-9ba4-a4fdf5dddcb7
5b062cea-56b9-420d-b947-53ab37b250be,6b07274c-3926-464e-bb30-5e1258eeffeb
5b062cea-56b9-420d-b947-53ab37b250be,6ec2f9f7-2fd1-4ff9-952e-7cd17464f202
5b062cea-56b9-420d-b947-53ab37b250be,669ca9e2-3656-46a2-bfeb-7d30a3528bd1
5b062cea-56b9-420d-b947-53ab37b250be,16bbfcf0-b20b-438d-87d5-04619e6dc6bf
5b062cea-56b9-420d-b947-53ab37b250be,3a1a0b52-6b55-4a39-b9c8-7bad30216e9c
5b062cea-56b9-420d-b947-53ab37b250be,89215170-2b4c-4ea3-ae3f-568e51c77802
5b062cea-56b9-420d-b947-53ab37b250be,c0b06b38-ed73-482d-81d3-0cb93eeacf9c
5b062cea-56b9-420d-b947-53ab37b250be,80d53ea6-afbe-4135-9bb5-b61f753fed4e
5b062cea-56b9-420d-b947-53ab37b250be,a647ba0d-fbfc-4d68-a213-21c57d3bf6a3
5b062cea-56b9-420d-b947-53ab37b250be,c01c73ce-8e58-457c-91ac-8b382be700ff
5b062cea-56b9-420d-b947-53ab37b250be,6a78323b-db98-4112-ac6f-b48796731b07
5b062cea-56b9-420d-b947-53ab37b250be,9e2d1b5a-0da0-422f-928d-205d8b00efa9
5b062cea-56b9-420d-b947-53ab37b250be,7314fe6b-b20c-460d-a356-7fdcbcfc6df6
5b062cea-56b9-420d-b947-53ab37b250be,6fcc754a-7734-49e5-8812-0cfe0ca5057b
5b062cea-56b9-420d-b947-53ab37b250be,b7386830-9af1-4ecd-bc45-0d3604a4e26b
5b062cea-56b9-420d-b947-53ab37b250be,d6f0635f-45cf-4564-b93b-9a37fe2f31b8
5b062cea-56b9-420d-b947-53ab37b250be,62c9bc2a-4f33-4031-a64b-1d9f9648b485
5b062cea-56b9-420d-b947-53ab37b250be,bbd14fc9-7db3-4162-a2ef-dd1c4563cf74
5b062cea-56b9-420d-b947-53ab37b250be,28177a03-e20d-4644-98f6-13257821cb5d
5b062cea-56b9-420d-b947-53ab37b250be,bd5d5fc8-5c10-4513-9d90-e75ae4b67a04
5b062cea-56b9-420d-b947-53ab37b250be,fa2f7a12-ed35-41aa-935c-2a30e60fa8ef
5b062cea-56b9-420d-b947-53ab37b250be,74322723-5dc8-4722-8f8a-9ca6efe0cfb8
5b062cea-56b9-420d-b947-53ab37b250be,9e4e266f-037f-4be4-8211-c0523e9eb75a
5b062cea-56b9-420d-b947-53ab37b250be,ff6bd764-e751-4908-96c5-3265866c3212
5b062cea-56b9-420d-b947-53ab37b250be,045d13a6-9efb-4503-af11-cd114928ef64
5b062cea-56b9-420d-b947-53ab37b250be,f242726a-d491-434f-813a-cc85bdab3391
5b062cea-56b9-420d-b947-53ab37b250be,480d7211-c115-4f17-99a7-f7f63f50617c
5b062cea-56b9-420d-b947-53ab37b250be,7c60c02f-8e6f-44cd-a828-aafc1bd20655
5b062cea-56b9-420d-b947-53ab37b250be,6b808c13-741b-4a76-8bfe-951764543f12
5b062cea-56b9-420d-b947-53ab37b250be,3deef1ea-093b-4964-8e1e-3c9f3aa843de
5b062cea-56b9-420d-b947-53ab37b250be,667e8be0-dbe3-4cb7-ba8a-56bbfabe2a29
5b062cea-56b9-420d-b947-53ab37b250be,57105f52-6fd6-447e-a3b4-4663f594d6ff
5b062cea-56b9-420d-b947-53ab37b250be,54876abb-9f33-408a-ab41-5879ee7ef634
5b062cea-56b9-420d-b947-53ab37b250be,6ff5d24e-2daf-4625-b2d9-7feb27ac9e54
5b062cea-56b9-420d-b947-53ab37b250be,5fc9f583-8ab5-4016-9337-3ead0af102c6
5b062cea-56b9-420d-b947-53ab37b250be,a3e12ea4-959e-4cbf-ac18-22644536b8e5
5b062cea-56b9-420d-b947-53ab37b250be,a5e6d8cf-cc33-44e0-8c35-d94a02376f0a
5b062cea-56b9-420d-b947-53ab37b250be,1b5da2c8-9e57-4c62-90b2-258d92ccc886
5b062cea-56b9-420d-b947-53ab37b250be,a370814d-67c2-4040-869e-2a7b5a87cc8c
5b062cea-56b9-420d-b947-53ab37b250be,8f1617bc-61d7-436a-b1f4-259c1d041ac9
5b062cea-56b9-420d-b947-53ab37b250be,e8a6823d-a409-4e4e-86ee-351e88f82453
5b062cea-56b9-420d-b947-53ab37b250be,a94bc496-909b-4dc1-a2e8-7473bbb8099b
5b062cea-56b9-420d-b947-53ab37b250be,646e5fb6-a488-4f64-b7a3-664fd3cf9bec
5b062cea-56b9-420d-b947-53ab37b250be,3b0a2d6c-b430-4ee1-9c7a-0b5c3cfb4a51
5b062cea-56b9-420d-b947-53ab37b250be,fec35770-98cd-402b-ac8e-4f6fae68d090
5b062cea-56b9-420d-b947-53ab37b250be,dc81ce05-7391-465a-8f45-c7c0630bd0ed
5b062cea-56b9-420d-b947-53ab37b250be,75cb877b-294f-40ea-9f79-b4fe463967fb
5b062cea-56b9-420d-b947-53ab37b250be,836dfc0f-79dd-45a7-99e4-2da502b89fac
5b062cea-56b9-420d-b947-53ab37b250be,768cfdf4-c9cb-44d3-b76d-7ef8adc665cf
5b062cea-56b9-420d-b947-53ab37b250be,bdcb8549-de27-4cfc-89b4-abd6d9195fe2
5b062cea-56b9-420d-b947-53ab37b250be,55505e9e-2d69-4b9b-b8db-8ef7a44547e1
5b062cea-56b9-420d-b947-53ab37b250be,b72c1446-cf63-4751-9729-30ed0b3886be
5b062cea-56b9-420d-b947-53ab37b250be,657e60b2-4d89-4250-8bb9-5be829aeff5a
5b062cea-56b9-420d-b947-53ab37b250be,30b28f17-b833-41de-928d-aff0e000c290
5b062cea-56b9-420d-b947-53ab37b250be,ed7ab919-f44f-4046-bd88-88afb5f2825a
5b062cea-56b9-420d-b947-53ab37b250be,3506b86e-f43d-4fb5-8d89-a1dfac0b4892
5b062cea-56b9-420d-b947-53ab37b250be,e2feebde-c827-494b-bd20-9067942b4fa7
5b062cea-56b9-420d-b947-53ab37b250be,d44bc31f-2d78-4b44-afb1-0dc6d903ae59
5b062cea-56b9-420d-b947-53ab37b250be,57271d05-530f-403f-b204-56b779bd6b77
5b062cea-56b9-420d-b947-53ab37b250be,c5955d49-0c9f-480c-9c6e-f757b08e1744
5b062cea-56b9-420d-b947-53ab37b250be,25173859-d0b6-4d9f-b193-b8f3a490e265
5b062cea-56b9-420d-b947-53ab37b250be,05a53e99-ac83-4511-9b91-cf286213d1de
5b062cea-56b9-420d-b947-53ab37b250be,988355c0-4ae6-492d-a1e9-c2f0f962d5da
5b062cea-56b9-420d-b947-53ab37b250be,442b310d-4dde-4c83-b15b-be7d83b1e081
5b062cea-56b9-420d-b947-53ab37b250be,1ebec718-bbe9-421e-86bc-f6e436f8ed6d
5b062cea-56b9-420d-b947-53ab37b250be,c76b75bb-7c20-477b-acb9-4246495b9207
5b062cea-56b9-420d-b947-53ab37b250be,6d90d1d5-ea74-4891-9eb3-896701f3d78b
fd7c5532-6f77-45c6-bb3f-1a659d43d404,ced19472-8a67-4821-8753-893322836215
fd7c5532-6f77-45c6-bb3f-1a659d43d404,f5aca147-ae7e-43aa-9ddf-77f62efcf272
fd7c5532-6f77-45c6-bb3f-1a659d43d404,189f4581-a121-4c67-9560-0d06f9eb95a6
fd7c5532-6f77-45c6-bb3f-1a659d43d404,73c5819c-c926-4a96-bd59-22ebbec8f0d0
fd7c5532-6f77-45c6-bb3f-1a659d43d404,1656baaa-8895-40f2-83e6-d10862e7d182
fd7c5532-6f77-45c6-bb3f-1a659d43d404,1a1c8a29-4c73-4555-aa4c-51cc0159932c
fd7c5532-6f77-45c6-bb3f-1a659d43d404,480bcadd-f322-478c-b97a-11c07bdda27b
fd7c5532-6f77-45c6-bb3f-1a659d43d404,eb740dfa-2054-49d1-91d5-aa2437bc4404
fd7c5532-6f77-45c6-bb3f-1a659d43d404,8f7ae8e8-84a9-4c7d-9ba4-a4fdf5dddcb7
fd7c5532-6f77-45c6-bb3f-1a659d43d404,2edba01e-d2c2-45c8-9197-43b7dacb733d
fd7c5532-6f77-45c6-bb3f-1a659d43d404,b34ee12c-8e09-4e1f-8d20-6b055f8b87b0
fd7c5532-6f77-45c6-bb3f-1a659d43d404,6b07274c-3926-464e-bb30-5e1258eeffeb
fd7c5532-6f77-45c6-bb3f-1a659d43d404,1a1cb738-3e9e-4e2c-a2f0-f82b7df18af2
fd7c5532-6f77-45c6-bb3f-1a659d43d404,8b3a26db-7665-4ede-94cc-7129ba81bd44
fd7c5532-6f77-45c6-bb3f-1a659d43d404,16bbfcf0-b20b-438d-87d5-04619e6dc6bf
fd7c5532-6f77-45c6-bb3f-1a659d43d404,6ec2f9f7-2fd1-4ff9-952e-7cd17464f202
fd7c5532-6f77-45c6-bb3f-1a659d43d404,669ca9e2-3656-46a2-bfeb-7d30a3528bd1
fd7c5532-6f77-45c6-bb3f-1a659d43d404,3a1a0b52-6b55-4a39-b9c8-7bad30216e9c
fd7c5532-6f77-45c6-bb3f-1a659d43d404,89215170-2b4c-4ea3-ae3f-568e51c77802
fd7c5532-6f77-45c6-bb3f-1a659d43d404,6fcc754a-7734-49e5-8812-0cfe0ca5057b
fd7c5532-6f77-45c6-bb3f-1a659d43d404,a647ba0d-fbfc-4d68-a213-21c57d3bf6a3
fd7c5532-6f77-45c6-bb3f-1a659d43d404,80d53ea6-afbe-4135-9bb5-b61f753fed4e
fd7c5532-6f77-45c6-bb3f-1a659d43d404,c0b06b38-ed73-482d-81d3-0cb93eeacf9c
fd7c5532-6f77-45c6-bb3f-1a659d43d404,7314fe6b-b20c-460d-a356-7fdcbcfc6df6
fd7c5532-6f77-45c6-bb3f-1a659d43d404,9e2d1b5a-0da0-422f-928d-205d8b00efa9
fd7c5532-6f77-45c6-bb3f-1a659d43d404,6a78323b-db98-4112-ac6f-b48796731b07
fd7c5532-6f77-45c6-bb3f-1a659d43d404,c01c73ce-8e58-457c-91ac-8b382be700ff
fd7c5532-6f77-45c6-bb3f-1a659d43d404,ef1e7754-97d4-4af1-8ada-9324acf962b7
fd7c5532-6f77-45c6-bb3f-1a659d43d404,fc25783f-f245-4673-9f9a-1aa2f9f25465
fd7c5532-6f77-45c6-bb3f-1a659d43d404,f31d0637-69ff-46c3-ae20-73b93a8b0dd0
fd7c5532-6f77-45c6-bb3f-1a659d43d404,e273ec7c-43b4-43ae-97c3-39c887e23080
fd7c5532-6f77-45c6-bb3f-1a659d43d404,24d497e9-ae12-4c35-88f7-3987e3d6ed0c
fd7c5532-6f77-45c6-bb3f-1a659d43d404,aadd923f-99a1-45e6-8a6c-d150bc502e8c
fd7c5532-6f77-45c6-bb3f-1a659d43d404,310f6d38-4dc3-41ce-87c8-f75c195c67c3
fd7c5532-6f77-45c6-bb3f-1a659d43d404,69f3e5f2-8c4a-4d54-a0d6-a18a2965d0fc
fd7c5532-6f77-45c6-bb3f-1a659d43d404,a09371b6-3ebf-4f7d-902b-1e9332c3905c
fd7c5532-6f77-45c6-bb3f-1a659d43d404,c5d7ce28-14dc-4824-b999-88fc401d18d2
fd7c5532-6f77-45c6-bb3f-1a659d43d404,28177a03-e20d-4644-98f6-13257821cb5d
fd7c5532-6f77-45c6-bb3f-1a659d43d404,d6f0635f-45cf-4564-b93b-9a37fe2f31b8
fd7c5532-6f77-45c6-bb3f-1a659d43d404,b7386830-9af1-4ecd-bc45-0d3604a4e26b
fd7c5532-6f77-45c6-bb3f-1a659d43d404,62c9bc2a-4f33-4031-a64b-1d9f9648b485
fd7c5532-6f77-45c6-bb3f-1a659d43d404,bbd14fc9-7db3-4162-a2ef-dd1c4563cf74
fd7c5532-6f77-45c6-bb3f-1a659d43d404,bd5d5fc8-5c10-4513-9d90-e75ae4b67a04
fd7c5532-6f77-45c6-bb3f-1a659d43d404,fa2f7a12-ed35-41aa-935c-2a30e60fa8ef
fd7c5532-6f77-45c6-bb3f-1a659d43d404,74322723-5dc8-4722-8f8a-9ca6efe0cfb8
fd7c5532-6f77-45c6-bb3f-1a659d43d404,ff6bd764-e751-4908-96c5-3265866c3212
fd7c5532-6f77-45c6-bb3f-1a659d43d404,9e4e266f-037f-4be4-8211-c0523e9eb75a
fd7c5532-6f77-45c6-bb3f-1a659d43d404,045d13a6-9efb-4503-af11-cd114928ef64
fd7c5532-6f77-45c6-bb3f-1a659d43d404,f242726a-d491-434f-813a-cc85bdab3391
fd7c5532-6f77-45c6-bb3f-1a659d43d404,480d7211-c115-4f17-99a7-f7f63f50617c
fd7c5532-6f77-45c6-bb3f-1a659d43d404,6b808c13-741b-4a76-8bfe-951764543f12
fd7c5532-6f77-45c6-bb3f-1a659d43d404,7c60c02f-8e6f-44cd-a828-aafc1bd20655
fd7c5532-6f77-45c6-bb3f-1a659d43d404,3deef1ea-093b-4964-8e1e-3c9f3aa843de
fd7c5532-6f77-45c6-bb3f-1a659d43d404,667e8be0-dbe3-4cb7-ba8a-56bbfabe2a29
fd7c5532-6f77-45c6-bb3f-1a659d43d404,57105f52-6fd6-447e-a3b4-4663f594d6ff
fd7c5532-6f77-45c6-bb3f-1a659d43d404,54876abb-9f33-408a-ab41-5879ee7ef634
fd7c5532-6f77-45c6-bb3f-1a659d43d404,a3e12ea4-959e-4cbf-ac18-22644536b8e5
fd7c5532-6f77-45c6-bb3f-1a659d43d404,6ff5d24e-2daf-4625-b2d9-7feb27ac9e54
fd7c5532-6f77-45c6-bb3f-1a659d43d404,a5e6d8cf-cc33-44e0-8c35-d94a02376f0a
fd7c5532-6f77-45c6-bb3f-1a659d43d404,5fc9f583-8ab5-4016-9337-3ead0af102c6
fd7c5532-6f77-45c6-bb3f-1a659d43d404,1b5da2c8-9e57-4c62-90b2-258d92ccc886
fd7c5532-6f77-45c6-bb3f-1a659d43d404,a370814d-67c2-4040-869e-2a7b5a87cc8c
fd7c5532-6f77-45c6-bb3f-1a659d43d404,8f1617bc-61d7-436a-b1f4-259c1d041ac9
fd7c5532-6f77-45c6-bb3f-1a659d43d404,e8a6823d-a409-4e4e-86ee-351e88f82453
fd7c5532-6f77-45c6-bb3f-1a659d43d404,646e5fb6-a488-4f64-b7a3-664fd3cf9bec
fd7c5532-6f77-45c6-bb3f-1a659d43d404,a94bc496-909b-4dc1-a2e8-7473bbb8099b
fd7c5532-6f77-45c6-bb3f-1a659d43d404,fec35770-98cd-402b-ac8e-4f6fae68d090
fd7c5532-6f77-45c6-bb3f-1a659d43d404,3b0a2d6c-b430-4ee1-9c7a-0b5c3cfb4a51
fd7c5532-6f77-45c6-bb3f-1a659d43d404,dc81ce05-7391-465a-8f45-c7c0630bd0ed
fd7c5532-6f77-45c6-bb3f-1a659d43d404,75cb877b-294f-40ea-9f79-b4fe463967fb
fd7c5532-6f77-45c6-bb3f-1a659d43d404,836dfc0f-79dd-45a7-99e4-2da502b89fac
fd7c5532-6f77-45c6-bb3f-1a659d43d404,b72c1446-cf63-4751-9729-30ed0b3886be
fd7c5532-6f77-45c6-bb3f-1a659d43d404,55505e9e-2d69-4b9b-b8db-8ef7a44547e1
fd7c5532-6f77-45c6-bb3f-1a659d43d404,bdcb8549-de27-4cfc-89b4-abd6d9195fe2
fd7c5532-6f77-45c6-bb3f-1a659d43d404,768cfdf4-c9cb-44d3-b76d-7ef8adc665cf
fd7c5532-6f77-45c6-bb3f-1a659d43d404,30b28f17-b833-41de-928d-aff0e000c290
fd7c5532-6f77-45c6-bb3f-1a659d43d404,ed7ab919-f44f-4046-bd88-88afb5f2825a
fd7c5532-6f77-45c6-bb3f-1a659d43d404,657e60b2-4d89-4250-8bb9-5be829aeff5a
fd7c5532-6f77-45c6-bb3f-1a659d43d404,3506b86e-f43d-4fb5-8d89-a1dfac0b4892
fd7c5532-6f77-45c6-bb3f-1a659d43d404,e2feebde-c827-494b-bd20-9067942b4fa7
fd7c5532-6f77-45c6-bb3f-1a659d43d404,d44bc31f-2d78-4b44-afb1-0dc6d903ae59
fd7c5532-6f77-45c6-bb3f-1a659d43d404,25173859-d0b6-4d9f-b193-b8f3a490e265
fd7c5532-6f77-45c6-bb3f-1a659d43d404,c5955d49-0c9f-480c-9c6e-f757b08e1744
fd7c5532-6f77-45c6-bb3f-1a659d43d404,05a53e99-ac83-4511-9b91-cf286213d1de
fd7c5532-6f77-45c6-bb3f-1a659d43d404,57271d05-530f-403f-b204-56b779bd6b77
fd7c5532-6f77-45c6-bb3f-1a659d43d404,988355c0-4ae6-492d-a1e9-c2f0f962d5da
fd7c5532-6f77-45c6-bb3f-1a659d43d404,1ebec718-bbe9-421e-86bc-f6e436f8ed6d
fd7c5532-6f77-45c6-bb3f-1a659d43d404,442b310d-4dde-4c83-b15b-be7d83b1e081
fd7c5532-6f77-45c6-bb3f-1a659d43d404,6d90d1d5-ea74-4891-9eb3-896701f3d78b
fd7c5532-6f77-45c6-bb3f-1a659d43d404,c76b75bb-7c20-477b-acb9-4246495b9207
08cb2201-f3c9-4f8f-b24d-7d4d33645fd1,25eaf357-c3ab-4032-9be2-48b62745ef5d
08cb2201-f3c9-4f8f-b24d-7d4d33645fd1,4923789b-0add-4277-986a-8d047cf658c9
08cb2201-f3c9-4f8f-b24d-7d4d33645fd1,828ebd35-5fdf-43e2-82cc-c0d481a427be
08cb2201-f3c9-4f8f-b24d-7d4d33645fd1,e3eae30b-0447-44b1-974d-2988aefe3d48
08cb2201-f3c9-4f8f-b24d-7d4d33645fd1,ea3e66d5-80dd-43b8-b7a9-a01d1fd93222
08cb2201-f3c9-4f8f-b24d-7d4d33645fd1,5406c988-97ab-4575-9791-2331833a3feb
08cb2201-f3c9-4f8f-b24d-7d4d33645fd1,366ae729-20e9-42b6-8841-6f20305a053f
08cb2201-f3c9-4f8f-b24d-7d4d33645fd1,06cc5f6b-a65f-49fe-90af-a67f977d65b5
08cb2201-f3c9-4f8f-b24d-7d4d33645fd1,8c814e0b-8190-4c1a-84f7-85dd6508a4c6
08cb2201-f3c9-4f8f-b24d-7d4d33645fd1,d31168b9-2292-4871-9add-616e37f023c1
08cb2201-f3c9-4f8f-b24d-7d4d33645fd1,8d53b5b6-de15-4dda-bedf-0fe719318f0d
08cb2201-f3c9-4f8f-b24d-7d4d33645fd1,f7a62c48-2137-47df-87fb-4f8a4a35bbfd
08cb2201-f3c9-4f8f-b24d-7d4d33645fd1,d7f7f3db-f181-457e-8ced-c5624ad13a71
08cb2201-f3c9-4f8f-b24d-7d4d33645fd1,351f58fa-1b78-4734-8671-6d720d408b7f
08cb2201-f3c9-4f8f-b24d-7d4d33645fd1,51d425c2-6454-4fbe-bb0c-f3af52829531
08cb2201-f3c9-4f8f-b24d-7d4d33645fd1,310deddf-3b76-4ab4-ac58-0b533114d28e
08cb2201-f3c9-4f8f-b24d-7d4d33645fd1,a37f3c6b-31b3-4cb9-b6f9-9844b66c12d6
08cb2201-f3c9-4f8f-b24d-7d4d33645fd1,f2e26f34-1ab0-458e-b16e-e374e6b04551
08cb2201-f3c9-4f8f-b24d-7d4d33645fd1,918c8d8b-7b5a-4fb9-a318-1b2e5cf21b4b
08cb2201-f3c9-4f8f-b24d-7d4d33645fd1,4472419c-1eb6-41e4-b8db-8dfce937324b
08cb2201-f3c9-4f8f-b24d-7d4d33645fd1,866d8801-91f6-4b3e-8561-0d8fd8259337
08cb2201-f3c9-4f8f-b24d-7d4d33645fd1,40cc591b-3cb0-4ad1-be4f-526c1fba2d39
08cb2201-f3c9-4f8f-b24d-7d4d33645fd1,5b93e3e8-7878-4bbb-a19d-9c5f24c43042
08cb2201-f3c9-4f8f-b24d-7d4d33645fd1,dbdbda3d-affd-469e-ae41-988780d7e542
08cb2201-f3c9-4f8f-b24d-7d4d33645fd1,b2c4e95d-130a-4230-b137-6de667683f52
08cb2201-f3c9-4f8f-b24d-7d4d33645fd1,4f4b9719-3524-4a00-a74b-44d9e3ee3afb
08cb2201-f3c9-4f8f-b24d-7d4d33645fd1,f807fc0c-3ee2-431f-8d8a-adf3824c843b
08cb2201-f3c9-4f8f-b24d-7d4d33645fd1,9eb1e82e-0daa-4198-b22a-25baf5bb1ce0
08cb2201-f3c9-4f8f-b24d-7d4d33645fd1,d6050df4-1649-4462-aa9b-92d89fcc5b8f
08cb2201-f3c9-4f8f-b24d-7d4d33645fd1,6163b9c8-c32e-48f0-9d62-aac133855b4c
08cb2201-f3c9-4f8f-b24d-7d4d33645fd1,66cece40-6468-4214-99a4-137b00723416
08cb2201-f3c9-4f8f-b24d-7d4d33645fd1,18ba28e1-545d-417b-a65b-617f35af5ff9
08cb2201-f3c9-4f8f-b24d-7d4d33645fd1,6e3a271a-415b-4758-a144-e9b76f0592c7
08cb2201-f3c9-4f8f-b24d-7d4d33645fd1,faa1753e-7ca7-4b88-9e05-c80806524c94
08cb2201-f3c9-4f8f-b24d-7d4d33645fd1,a034a9a1-d6c4-49fa-905d-e716a5b5d197
08cb2201-f3c9-4f8f-b24d-7d4d33645fd1,132b63b9-3673-4047-a767-bed235052a2e
08cb2201-f3c9-4f8f-b24d-7d4d33645fd1,59af5df8-04cf-496c-a615-a353b2e96031
08cb2201-f3c9-4f8f-b24d-7d4d33645fd1,faea6673-d730-47bf-a3d3-dc0df145b0d9
08cb2201-f3c9-4f8f-b24d-7d4d33645fd1,520e5c3c-a44a-43b7-b68b-b385a543ac75
08cb2201-f3c9-4f8f-b24d-7d4d33645fd1,59ca0ede-8a28-4dd0-9bec-edc28b3bb77c
08cb2201-f3c9-4f8f-b24d-7d4d33645fd1,738a9f3f-0d33-43d5-9f02-19bfa2020f6a
08cb2201-f3c9-4f8f-b24d-7d4d33645fd1,fc75d94c-f1a6-48ae-aa89-9a89a5e4649b
08cb2201-f3c9-4f8f-b24d-7d4d33645fd1,e9883f5d-ee9f-4615-af18-6ddd5d5e0b79
08cb2201-f3c9-4f8f-b24d-7d4d33645fd1,94d9cbe9-5aeb-439b-ad7c-e4d5076818e4
08cb2201-f3c9-4f8f-b24d-7d4d33645fd1,2df8c5a6-2c4c-49bc-ac19-08adadc5f7b8
08cb2201-f3c9-4f8f-b24d-7d4d33645fd1,3e92fb43-2e91-4386-b73d-0577e19d75d9
08cb2201-f3c9-4f8f-b24d-7d4d33645fd1,916800c5-0dab-4254-b327-b06f0543824d
08cb2201-f3c9-4f8f-b24d-7d4d33645fd1,d42d03b1-47f2-493c-9a7e-638fa041c97e
08cb2201-f3c9-4f8f-b24d-7d4d33645fd1,83e11abc-1fe6-4642-8e1f-9fbcb22c7744
08cb2201-f3c9-4f8f-b24d-7d4d33645fd1,61c3fdc7-0fcd-4e4d-82ce-f03eb4a618a4
08cb2201-f3c9-4f8f-b24d-7d4d33645fd1,68deab0c-3c8a-4a77-a93e-3c2ef2c8a281
08cb2201-f3c9-4f8f-b24d-7d4d33645fd1,88dc921f-92ff-4bb7-91a3-6b217bed3f1f
08cb2201-f3c9-4f8f-b24d-7d4d33645fd1,337de7d2-50b7-415e-9805-11af72a33a3e
08cb2201-f3c9-4f8f-b24d-7d4d33645fd1,ac0f367a-7ab5-49c6-b6f0-77b231d3a3b9
08cb2201-f3c9-4f8f-b24d-7d4d33645fd1,a31a9d84-f261-438e-a9c4-b7007ba7325a
08cb2201-f3c9-4f8f-b24d-7d4d33645fd1,22a9f422-7940-44d8-97b1-73740629cd66
08cb2201-f3c9-4f8f-b24d-7d4d33645fd1,2aa31dba-d9bb-464e-8b0c-8cce78f6cd61
08cb2201-f3c9-4f8f-b24d-7d4d33645fd1,34960863-e909-47f2-85e2-b1ed246c57da
08cb2201-f3c9-4f8f-b24d-7d4d33645fd1,c3159d31-a64a-4d9a-b6cc-646165304a5a
08cb2201-f3c9-4f8f-b24d-7d4d33645fd1,cf000ee7-2282-4bdc-9d93-97376fa4ab78
08cb2201-f3c9-4f8f-b24d-7d4d33645fd1,2bf6c830-ebb6-478f-841e-aaab8edcec4d
08cb2201-f3c9-4f8f-b24d-7d4d33645fd1,50b2d520-4907-47fb-9deb-01b9f0a60f80
08cb2201-f3c9-4f8f-b24d-7d4d33645fd1,8ad5f7f8-b3c0-4e0e-a74d-434acfdee09c
08cb2201-f3c9-4f8f-b24d-7d4d33645fd1,a6647f78-6490-48a6-8f38-3a74fd371769
08cb2201-f3c9-4f8f-b24d-7d4d33645fd1,35515ac2-9f86-43da-a1e5-f9002f4c1fc0
08cb2201-f3c9-4f8f-b24d-7d4d33645fd1,54a20f39-58d4-42ce-b3ad-d826b627b1a4
08cb2201-f3c9-4f8f-b24d-7d4d33645fd1,8ecb4a42-c120-433a-8d55-42e08fd561fb
08cb2201-f3c9-4f8f-b24d-7d4d33645fd1,4178a4ef-1c0a-48fc-a569-e7c83cfbd46f
08cb2201-f3c9-4f8f-b24d-7d4d33645fd1,b98682ac-fc8a-4570-b840-ea5580431f34
08cb2201-f3c9-4f8f-b24d-7d4d33645fd1,f0cf72f8-e25e-49ad-acf8-f26be2ae4527
08cb2201-f3c9-4f8f-b24d-7d4d33645fd1,1343e1c5-31f9-4297-b7eb-ed5c114bb32c
08cb2201-f3c9-4f8f-b24d-7d4d33645fd1,e25ccca6-48b6-40b3-94e6-fbc5322abedd
08cb2201-f3c9-4f8f-b24d-7d4d33645fd1,8fce6009-39c9-47da-88ce-34517b74ec97
08cb2201-f3c9-4f8f-b24d-7d4d33645fd1,9add746b-4905-49fa-8f55-170be0513a55
08cb2201-f3c9-4f8f-b24d-7d4d33645fd1,33169def-c18a-4319-ae78-5fc4f4d85c95
08cb2201-f3c9-4f8f-b24d-7d4d33645fd1,883b89b9-ed72-496e-922a-1cde11f60c22
08cb2201-f3c9-4f8f-b24d-7d4d33645fd1,8ddc12a3-72c9-4b2b-ae56-144500082035
08cb2201-f3c9-4f8f-b24d-7d4d33645fd1,2b06c7f0-65f9-42db-a886-e03b61862fb6
08cb2201-f3c9-4f8f-b24d-7d4d33645fd1,c873950c-6df2-45f6-91ca-128be906a563
08cb2201-f3c9-4f8f-b24d-7d4d33645fd1,c825eb1b-1c8c-4dfa-9df7-07077d1f7f56
08cb2201-f3c9-4f8f-b24d-7d4d33645fd1,949a6ec9-0bfb-481e-802c-b9381d3ac291
08cb2201-f3c9-4f8f-b24d-7d4d33645fd1,986e001a-6c3c-473a-a96f-37da3b1c9ab5
08cb2201-f3c9-4f8f-b24d-7d4d33645fd1,29bf85ea-bc91-4d69-9cc4-a1be3b38e493
08cb2201-f3c9-4f8f-b24d-7d4d33645fd1,4e962a74-801d-46a2-b902-69e675ea53e1
08cb2201-f3c9-4f8f-b24d-7d4d33645fd1,1e03b946-521b-4442-871d-37c191436477
08cb2201-f3c9-4f8f-b24d-7d4d33645fd1,31138618-e8e3-4e88-bd54-198c5e2ae922
08cb2201-f3c9-4f8f-b24d-7d4d33645fd1,8f662cbd-2d93-4ecc-a858-5ef050662fc6
08cb2201-f3c9-4f8f-b24d-7d4d33645fd1,11ced668-07fe-416b-a4c4-dfd14aa37315
08cb2201-f3c9-4f8f-b24d-7d4d33645fd1,3144cfd0-0053-4702-b6bc-d27a02b21373
08cb2201-f3c9-4f8f-b24d-7d4d33645fd1,2561f85e-a0c2-496a-a417-461a2f7e95f2
08cb2201-f3c9-4f8f-b24d-7d4d33645fd1,545c3fd6-7fca-4381-9fcd-d4e95a45f296
08cb2201-f3c9-4f8f-b24d-7d4d33645fd1,de553c0d-af8a-46c6-aed5-69a270307dab
08cb2201-f3c9-4f8f-b24d-7d4d33645fd1,926db7d8-e784-4663-adf2-a4276d290ef7
08cb2201-f3c9-4f8f-b24d-7d4d33645fd1,d62d8c8d-20ee-40f0-8a37-63038a41114d
08cb2201-f3c9-4f8f-b24d-7d4d33645fd1,dd892d35-abb6-4e64-b1b5-4dfcf43e9b8b
08cb2201-f3c9-4f8f-b24d-7d4d33645fd1,f71b655b-c53b-4efc-9213-e7f148f8f494
08cb2201-f3c9-4f8f-b24d-7d4d33645fd1,e75f110b-6b97-4ff4-b6a2-f230b9d87639
08cb2201-f3c9-4f8f-b24d-7d4d33645fd1,964715b5-fdc9-46bd-b670-8e4e7cc56256
08cb2201-f3c9-4f8f-b24d-7d4d33645fd1,49ed75e6-43f8-4444-92e3-c920c5ff4b2f
08cb2201-f3c9-4f8f-b24d-7d4d33645fd1,7f34c09b-723f-47d0-b75b-c498b5084067
08cb2201-f3c9-4f8f-b24d-7d4d33645fd1,7269e20f-3fbe-4aca-8ca9-629e4a23a29e
08cb2201-f3c9-4f8f-b24d-7d4d33645fd1,7506012d-6f01-497b-9bb6-3fcd5721b362
08cb2201-f3c9-4f8f-b24d-7d4d33645fd1,aa1fbdc2-d5d4-47c2-8db1-ba4a168e6cb2
08cb2201-f3c9-4f8f-b24d-7d4d33645fd1,c650314a-7aa9-48ea-8897-2ac33ea650b6
08cb2201-f3c9-4f8f-b24d-7d4d33645fd1,6ceab0a8-c983-4a67-a832-5749b651950f
08cb2201-f3c9-4f8f-b24d-7d4d33645fd1,62114484-51e7-48ff-9f3a-70120693ec86
08cb2201-f3c9-4f8f-b24d-7d4d33645fd1,07f3573b-489b-4058-bfb5-b5caed78f53d
08cb2201-f3c9-4f8f-b24d-7d4d33645fd1,43e1eca6-3f64-44c4-9078-2365d0cd6715
08cb2201-f3c9-4f8f-b24d-7d4d33645fd1,77feff39-5c1a-45c3-9ffb-7dd9bc1eda32
08cb2201-f3c9-4f8f-b24d-7d4d33645fd1,e5ae13b6-b800-4769-8228-5862bc330697
08cb2201-f3c9-4f8f-b24d-7d4d33645fd1,1157468a-262e-45ca-9908-671dd0c38214
08cb2201-f3c9-4f8f-b24d-7d4d33645fd1,754d870e-d41e-4e3a-9334-7bd6511c1261
08cb2201-f3c9-4f8f-b24d-7d4d33645fd1,b036650e-2b09-4838-b73d-d173379bfde9
08cb2201-f3c9-4f8f-b24d-7d4d33645fd1,2294e905-3887-4c16-825d-6ae4bacbac9f
08cb2201-f3c9-4f8f-b24d-7d4d33645fd1,e0d09b7a-24d7-4999-b984-849bbe22b315
08cb2201-f3c9-4f8f-b24d-7d4d33645fd1,d0209c99-272f-44d4-95ac-773580cc49e7
08cb2201-f3c9-4f8f-b24d-7d4d33645fd1,a6614c23-e471-492c-85ab-5fb93df4fe9f
08cb2201-f3c9-4f8f-b24d-7d4d33645fd1,8660b916-74a4-4681-8ebb-29f6dfac253f
08cb2201-f3c9-4f8f-b24d-7d4d33645fd1,e5ab09ff-1ebd-4f0e-ad33-1d9a2cbc6cac
08cb2201-f3c9-4f8f-b24d-7d4d33645fd1,24ef8edc-f211-4695-b4e9-52f45d1d0518
08cb2201-f3c9-4f8f-b24d-7d4d33645fd1,850fe1fc-0117-41e5-aded-118f05efd64b
08cb2201-f3c9-4f8f-b24d-7d4d33645fd1,51855b37-3481-4584-baf7-2dd9fb5c3a3f
08cb2201-f3c9-4f8f-b24d-7d4d33645fd1,6e0075ee-cf72-46c5-b969-9e15ec7e3af5
08cb2201-f3c9-4f8f-b24d-7d4d33645fd1,502db1d7-409c-499d-9b4b-306c05ae72a9
08cb2201-f3c9-4f8f-b24d-7d4d33645fd1,9aae31b0-3130-4d23-9924-a2f8396d98e3
08cb2201-f3c9-4f8f-b24d-7d4d33645fd1,8673f2fa-3e3a-4857-852e-a65181599643
08cb2201-f3c9-4f8f-b24d-7d4d33645fd1,d251e64b-0d00-41f5-b1a8-666493cfb504
08cb2201-f3c9-4f8f-b24d-7d4d33645fd1,7e6bf90e-4e10-4d2e-ba10-9ad65024947f
08cb2201-f3c9-4f8f-b24d-7d4d33645fd1,80b50ef8-96ea-4fb6-a37b-24de67bf946c
08cb2201-f3c9-4f8f-b24d-7d4d33645fd1,0a3fe50b-9277-45c7-88cf-e338009d467d
08cb2201-f3c9-4f8f-b24d-7d4d33645fd1,6683aabb-9d5a-4454-b006-f828c5a95a39
08cb2201-f3c9-4f8f-b24d-7d4d33645fd1,f781feae-f0ae-4568-9595-223221955cac
08cb2201-f3c9-4f8f-b24d-7d4d33645fd1,7dcd2312-1b4e-409c-ac67-f2c562aeecca
08cb2201-f3c9-4f8f-b24d-7d4d33645fd1,3e2d97be-d00f-453a-89af-e35c3b1e8719
08cb2201-f3c9-4f8f-b24d-7d4d33645fd1,29e9fb72-29dd-4362-a278-80e5beca153e
08cb2201-f3c9-4f8f-b24d-7d4d33645fd1,9d9eccd9-67fc-4f71-a8da-94e0dbd79259
08cb2201-f3c9-4f8f-b24d-7d4d33645fd1,6e821edf-e26e-40a1-93e3-2c20a9412fb7
08cb2201-f3c9-4f8f-b24d-7d4d33645fd1,67cd3f59-43c6-4398-8f02-36bbc707e8c3
08cb2201-f3c9-4f8f-b24d-7d4d33645fd1,c1dcd3bb-ec1e-416b-ab92-6205e81f4aaf
08cb2201-f3c9-4f8f-b24d-7d4d33645fd1,39cc1231-731e-4ea9-b1bd-93b6c0d660c0
08cb2201-f3c9-4f8f-b24d-7d4d33645fd1,66bb73df-60a3-4093-a8ce-0f3d56673316
08cb2201-f3c9-4f8f-b24d-7d4d33645fd1,9288dc96-7c6b-4be6-911e-91c71cf4ae85
08cb2201-f3c9-4f8f-b24d-7d4d33645fd1,4f2f4f3d-487e-4144-a03f-5675a4dfe028
08cb2201-f3c9-4f8f-b24d-7d4d33645fd1,a467b389-e767-4a4a-89c6-da159e3b7208
08cb2201-f3c9-4f8f-b24d-7d4d33645fd1,22d1086b-80cd-45c5-8407-b6f9287842b1
08cb2201-f3c9-4f8f-b24d-7d4d33645fd1,742573f3-b658-4e0c-9183-e1a61ce9c201
08cb2201-f3c9-4f8f-b24d-7d4d33645fd1,446a0158-cc72-46c3-a850-9593fb8b5cf5
08cb2201-f3c9-4f8f-b24d-7d4d33645fd1,4a4ba199-9481-41a3-b30e-4504e44c9bad
08cb2201-f3c9-4f8f-b24d-7d4d33645fd1,ad3dce70-faf5-4a7e-9b90-4493c27a4f1d
08cb2201-f3c9-4f8f-b24d-7d4d33645fd1,b82ecc00-6336-42a4-9266-ee756671a255
08cb2201-f3c9-4f8f-b24d-7d4d33645fd1,73b363c6-c734-4f2f-8db7-3bc47c104833
08cb2201-f3c9-4f8f-b24d-7d4d33645fd1,94ff19e0-7bd9-462f-a232-602487b83ee3
08cb2201-f3c9-4f8f-b24d-7d4d33645fd1,6858b9d4-74a6-41cb-9997-1f72253c9074
08cb2201-f3c9-4f8f-b24d-7d4d33645fd1,06670f03-5e3a-44f0-bfba-65d9dd6dc25e
08cb2201-f3c9-4f8f-b24d-7d4d33645fd1,6c51bd3f-66f0-4872-a1cc-36e110ef569a
08cb2201-f3c9-4f8f-b24d-7d4d33645fd1,e607b15b-d7c2-4fa2-b1ff-ea1039a84716
08cb2201-f3c9-4f8f-b24d-7d4d33645fd1,a565cfee-8d16-47c9-b766-fde13d5a578d
08cb2201-f3c9-4f8f-b24d-7d4d33645fd1,3ea22688-0f8c-4533-93e9-a4d912ee29b7
08cb2201-f3c9-4f8f-b24d-7d4d33645fd1,a2ec249c-789d-4fd0-b156-b3ca34cecafd
08cb2201-f3c9-4f8f-b24d-7d4d33645fd1,f01613a7-8162-4e07-921b-360996b718f1
08cb2201-f3c9-4f8f-b24d-7d4d33645fd1,06ec0fa1-cb98-44ca-b894-18bd638e4c8b
08cb2201-f3c9-4f8f-b24d-7d4d33645fd1,b38c5c33-8dcd-4cc4-9f16-142947bc970d
08cb2201-f3c9-4f8f-b24d-7d4d33645fd1,60702ca7-42a1-4987-986c-a3ee17498c4a
08cb2201-f3c9-4f8f-b24d-7d4d33645fd1,bd6e0b72-6e5b-47c0-9520-a1f971c68276
08cb2201-f3c9-4f8f-b24d-7d4d33645fd1,f8406140-e428-4df3-beeb-83ff6f4afed9
08cb2201-f3c9-4f8f-b24d-7d4d33645fd1,1e27e946-9812-446d-b1de-10f15c09b209
08cb2201-f3c9-4f8f-b24d-7d4d33645fd1,20331205-67dd-433d-ad01-c9e481d2c97b
08cb2201-f3c9-4f8f-b24d-7d4d33645fd1,836f225c-e07e-43ef-997d-66276e5867fe
08cb2201-f3c9-4f8f-b24d-7d4d33645fd1,3dfc04ee-90f5-4552-9db6-9aa2bafb4863
08cb2201-f3c9-4f8f-b24d-7d4d33645fd1,9788c9f9-18fe-4964-948b-fa3e9fa41cdb
08cb2201-f3c9-4f8f-b24d-7d4d33645fd1,214a2145-5c5f-46d7-b2dc-7f7655e55ab9
08cb2201-f3c9-4f8f-b24d-7d4d33645fd1,d1714486-168b-4fe7-8346-debe71df568b
08cb2201-f3c9-4f8f-b24d-7d4d33645fd1,ad10b4e3-814b-4e82-a82f-3f9442fe66f5
08cb2201-f3c9-4f8f-b24d-7d4d33645fd1,f8b6e462-49bb-4e76-b099-c0133274a3bd
08cb2201-f3c9-4f8f-b24d-7d4d33645fd1,eeb82e1b-91f6-4b63-969b-973a83942ce3
08cb2201-f3c9-4f8f-b24d-7d4d33645fd1,d5649aa4-a6e3-48af-8105-2e0ec5434212
08cb2201-f3c9-4f8f-b24d-7d4d33645fd1,ad3e5336-d71d-4c7e-bb9c-b8b14c03a1a2
08cb2201-f3c9-4f8f-b24d-7d4d33645fd1,95c56220-63dd-475d-b41f-4b44df8a3a80
08cb2201-f3c9-4f8f-b24d-7d4d33645fd1,79cd9f01-ae1c-43cb-be24-bdb46521487b
08cb2201-f3c9-4f8f-b24d-7d4d33645fd1,cf599950-90e3-40fe-85ed-ca9163ef53f2
08cb2201-f3c9-4f8f-b24d-7d4d33645fd1,7fbab367-1c6a-46ad-8372-310557c4ac13
08cb2201-f3c9-4f8f-b24d-7d4d33645fd1,0b792253-46d3-4cbf-b82c-f8e732f797b2
08cb2201-f3c9-4f8f-b24d-7d4d33645fd1,cc60b90d-44dc-4072-8b9b-f0f04e8626a1
5c22fb59-a65f-4d27-ad76-71e3f74348b5,310deddf-3b76-4ab4-ac58-0b533114d28e
5c22fb59-a65f-4d27-ad76-71e3f74348b5,8d53b5b6-de15-4dda-bedf-0fe719318f0d
5c22fb59-a65f-4d27-ad76-71e3f74348b5,f2e26f34-1ab0-458e-b16e-e374e6b04551
5c22fb59-a65f-4d27-ad76-71e3f74348b5,918c8d8b-7b5a-4fb9-a318-1b2e5cf21b4b
5c22fb59-a65f-4d27-ad76-71e3f74348b5,4472419c-1eb6-41e4-b8db-8dfce937324b
5c22fb59-a65f-4d27-ad76-71e3f74348b5,351f58fa-1b78-4734-8671-6d720d408b7f
5c22fb59-a65f-4d27-ad76-71e3f74348b5,51d425c2-6454-4fbe-bb0c-f3af52829531
5c22fb59-a65f-4d27-ad76-71e3f74348b5,40cc591b-3cb0-4ad1-be4f-526c1fba2d39
5c22fb59-a65f-4d27-ad76-71e3f74348b5,5b93e3e8-7878-4bbb-a19d-9c5f24c43042
5c22fb59-a65f-4d27-ad76-71e3f74348b5,866d8801-91f6-4b3e-8561-0d8fd8259337
5c22fb59-a65f-4d27-ad76-71e3f74348b5,4f4b9719-3524-4a00-a74b-44d9e3ee3afb
5c22fb59-a65f-4d27-ad76-71e3f74348b5,f807fc0c-3ee2-431f-8d8a-adf3824c843b
5c22fb59-a65f-4d27-ad76-71e3f74348b5,9eb1e82e-0daa-4198-b22a-25baf5bb1ce0
5c22fb59-a65f-4d27-ad76-71e3f74348b5,d6050df4-1649-4462-aa9b-92d89fcc5b8f
5c22fb59-a65f-4d27-ad76-71e3f74348b5,6163b9c8-c32e-48f0-9d62-aac133855b4c
5c22fb59-a65f-4d27-ad76-71e3f74348b5,66cece40-6468-4214-99a4-137b00723416
5c22fb59-a65f-4d27-ad76-71e3f74348b5,18ba28e1-545d-417b-a65b-617f35af5ff9
5c22fb59-a65f-4d27-ad76-71e3f74348b5,6e3a271a-415b-4758-a144-e9b76f0592c7
5c22fb59-a65f-4d27-ad76-71e3f74348b5,dbdbda3d-affd-469e-ae41-988780d7e542
5c22fb59-a65f-4d27-ad76-71e3f74348b5,b2c4e95d-130a-4230-b137-6de667683f52
5c22fb59-a65f-4d27-ad76-71e3f74348b5,a034a9a1-d6c4-49fa-905d-e716a5b5d197
5c22fb59-a65f-4d27-ad76-71e3f74348b5,132b63b9-3673-4047-a767-bed235052a2e
5c22fb59-a65f-4d27-ad76-71e3f74348b5,59af5df8-04cf-496c-a615-a353b2e96031
5c22fb59-a65f-4d27-ad76-71e3f74348b5,faea6673-d730-47bf-a3d3-dc0df145b0d9
5c22fb59-a65f-4d27-ad76-71e3f74348b5,520e5c3c-a44a-43b7-b68b-b385a543ac75
5c22fb59-a65f-4d27-ad76-71e3f74348b5,59ca0ede-8a28-4dd0-9bec-edc28b3bb77c
5c22fb59-a65f-4d27-ad76-71e3f74348b5,738a9f3f-0d33-43d5-9f02-19bfa2020f6a
5c22fb59-a65f-4d27-ad76-71e3f74348b5,fc75d94c-f1a6-48ae-aa89-9a89a5e4649b
5c22fb59-a65f-4d27-ad76-71e3f74348b5,faa1753e-7ca7-4b88-9e05-c80806524c94
5c22fb59-a65f-4d27-ad76-71e3f74348b5,94d9cbe9-5aeb-439b-ad7c-e4d5076818e4
5c22fb59-a65f-4d27-ad76-71e3f74348b5,25eaf357-c3ab-4032-9be2-48b62745ef5d
5c22fb59-a65f-4d27-ad76-71e3f74348b5,4923789b-0add-4277-986a-8d047cf658c9
5c22fb59-a65f-4d27-ad76-71e3f74348b5,e9883f5d-ee9f-4615-af18-6ddd5d5e0b79
5c22fb59-a65f-4d27-ad76-71e3f74348b5,e3eae30b-0447-44b1-974d-2988aefe3d48
5c22fb59-a65f-4d27-ad76-71e3f74348b5,ea3e66d5-80dd-43b8-b7a9-a01d1fd93222
5c22fb59-a65f-4d27-ad76-71e3f74348b5,5406c988-97ab-4575-9791-2331833a3feb
5c22fb59-a65f-4d27-ad76-71e3f74348b5,366ae729-20e9-42b6-8841-6f20305a053f
5c22fb59-a65f-4d27-ad76-71e3f74348b5,06cc5f6b-a65f-49fe-90af-a67f977d65b5
5c22fb59-a65f-4d27-ad76-71e3f74348b5,828ebd35-5fdf-43e2-82cc-c0d481a427be
5c22fb59-a65f-4d27-ad76-71e3f74348b5,8c814e0b-8190-4c1a-84f7-85dd6508a4c6
5c22fb59-a65f-4d27-ad76-71e3f74348b5,d31168b9-2292-4871-9add-616e37f023c1
5c22fb59-a65f-4d27-ad76-71e3f74348b5,f7a62c48-2137-47df-87fb-4f8a4a35bbfd
5c22fb59-a65f-4d27-ad76-71e3f74348b5,d7f7f3db-f181-457e-8ced-c5624ad13a71
5c22fb59-a65f-4d27-ad76-71e3f74348b5,a37f3c6b-31b3-4cb9-b6f9-9844b66c12d6
5c22fb59-a65f-4d27-ad76-71e3f74348b5,8ddc12a3-72c9-4b2b-ae56-144500082035
5c22fb59-a65f-4d27-ad76-71e3f74348b5,2df8c5a6-2c4c-49bc-ac19-08adadc5f7b8
5c22fb59-a65f-4d27-ad76-71e3f74348b5,c873950c-6df2-45f6-91ca-128be906a563
5c22fb59-a65f-4d27-ad76-71e3f74348b5,c825eb1b-1c8c-4dfa-9df7-07077d1f7f56
5c22fb59-a65f-4d27-ad76-71e3f74348b5,949a6ec9-0bfb-481e-802c-b9381d3ac291
5c22fb59-a65f-4d27-ad76-71e3f74348b5,986e001a-6c3c-473a-a96f-37da3b1c9ab5
5c22fb59-a65f-4d27-ad76-71e3f74348b5,29bf85ea-bc91-4d69-9cc4-a1be3b38e493
5c22fb59-a65f-4d27-ad76-71e3f74348b5,4e962a74-801d-46a2-b902-69e675ea53e1
5c22fb59-a65f-4d27-ad76-71e3f74348b5,1e03b946-521b-4442-871d-37c191436477
5c22fb59-a65f-4d27-ad76-71e3f74348b5,31138618-e8e3-4e88-bd54-198c5e2ae922
5c22fb59-a65f-4d27-ad76-71e3f74348b5,8f662cbd-2d93-4ecc-a858-5ef050662fc6
5c22fb59-a65f-4d27-ad76-71e3f74348b5,33169def-c18a-4319-ae78-5fc4f4d85c95
5c22fb59-a65f-4d27-ad76-71e3f74348b5,883b89b9-ed72-496e-922a-1cde11f60c22
5c22fb59-a65f-4d27-ad76-71e3f74348b5,11ced668-07fe-416b-a4c4-dfd14aa37315
5c22fb59-a65f-4d27-ad76-71e3f74348b5,3144cfd0-0053-4702-b6bc-d27a02b21373
5c22fb59-a65f-4d27-ad76-71e3f74348b5,2561f85e-a0c2-496a-a417-461a2f7e95f2
5c22fb59-a65f-4d27-ad76-71e3f74348b5,545c3fd6-7fca-4381-9fcd-d4e95a45f296
5c22fb59-a65f-4d27-ad76-71e3f74348b5,de553c0d-af8a-46c6-aed5-69a270307dab
5c22fb59-a65f-4d27-ad76-71e3f74348b5,926db7d8-e784-4663-adf2-a4276d290ef7
5c22fb59-a65f-4d27-ad76-71e3f74348b5,d62d8c8d-20ee-40f0-8a37-63038a41114d
5c22fb59-a65f-4d27-ad76-71e3f74348b5,dd892d35-abb6-4e64-b1b5-4dfcf43e9b8b
5c22fb59-a65f-4d27-ad76-71e3f74348b5,f71b655b-c53b-4efc-9213-e7f148f8f494
5c22fb59-a65f-4d27-ad76-71e3f74348b5,68deab0c-3c8a-4a77-a93e-3c2ef2c8a281
5c22fb59-a65f-4d27-ad76-71e3f74348b5,61c3fdc7-0fcd-4e4d-82ce-f03eb4a618a4
5c22fb59-a65f-4d27-ad76-71e3f74348b5,83e11abc-1fe6-4642-8e1f-9fbcb22c7744
5c22fb59-a65f-4d27-ad76-71e3f74348b5,d42d03b1-47f2-493c-9a7e-638fa041c97e
5c22fb59-a65f-4d27-ad76-71e3f74348b5,916800c5-0dab-4254-b327-b06f0543824d
5c22fb59-a65f-4d27-ad76-71e3f74348b5,3e92fb43-2e91-4386-b73d-0577e19d75d9
5c22fb59-a65f-4d27-ad76-71e3f74348b5,2b06c7f0-65f9-42db-a886-e03b61862fb6
5c22fb59-a65f-4d27-ad76-71e3f74348b5,ac0f367a-7ab5-49c6-b6f0-77b231d3a3b9
5c22fb59-a65f-4d27-ad76-71e3f74348b5,a31a9d84-f261-438e-a9c4-b7007ba7325a
5c22fb59-a65f-4d27-ad76-71e3f74348b5,22a9f422-7940-44d8-97b1-73740629cd66
5c22fb59-a65f-4d27-ad76-71e3f74348b5,2aa31dba-d9bb-464e-8b0c-8cce78f6cd61
5c22fb59-a65f-4d27-ad76-71e3f74348b5,34960863-e909-47f2-85e2-b1ed246c57da
5c22fb59-a65f-4d27-ad76-71e3f74348b5,c3159d31-a64a-4d9a-b6cc-646165304a5a
5c22fb59-a65f-4d27-ad76-71e3f74348b5,cf000ee7-2282-4bdc-9d93-97376fa4ab78
5c22fb59-a65f-4d27-ad76-71e3f74348b5,88dc921f-92ff-4bb7-91a3-6b217bed3f1f
5c22fb59-a65f-4d27-ad76-71e3f74348b5,337de7d2-50b7-415e-9805-11af72a33a3e
5c22fb59-a65f-4d27-ad76-71e3f74348b5,50b2d520-4907-47fb-9deb-01b9f0a60f80
5c22fb59-a65f-4d27-ad76-71e3f74348b5,8ad5f7f8-b3c0-4e0e-a74d-434acfdee09c
5c22fb59-a65f-4d27-ad76-71e3f74348b5,a6647f78-6490-48a6-8f38-3a74fd371769
5c22fb59-a65f-4d27-ad76-71e3f74348b5,35515ac2-9f86-43da-a1e5-f9002f4c1fc0
5c22fb59-a65f-4d27-ad76-71e3f74348b5,54a20f39-58d4-42ce-b3ad-d826b627b1a4
5c22fb59-a65f-4d27-ad76-71e3f74348b5,2bf6c830-ebb6-478f-841e-aaab8edcec4d
5c22fb59-a65f-4d27-ad76-71e3f74348b5,4178a4ef-1c0a-48fc-a569-e7c83cfbd46f
5c22fb59-a65f-4d27-ad76-71e3f74348b5,b98682ac-fc8a-4570-b840-ea5580431f34
5c22fb59-a65f-4d27-ad76-71e3f74348b5,f0cf72f8-e25e-49ad-acf8-f26be2ae4527
5c22fb59-a65f-4d27-ad76-71e3f74348b5,1343e1c5-31f9-4297-b7eb-ed5c114bb32c
5c22fb59-a65f-4d27-ad76-71e3f74348b5,e25ccca6-48b6-40b3-94e6-fbc5322abedd
5c22fb59-a65f-4d27-ad76-71e3f74348b5,8fce6009-39c9-47da-88ce-34517b74ec97
5c22fb59-a65f-4d27-ad76-71e3f74348b5,9add746b-4905-49fa-8f55-170be0513a55
5c22fb59-a65f-4d27-ad76-71e3f74348b5,8ecb4a42-c120-433a-8d55-42e08fd561fb
5c22fb59-a65f-4d27-ad76-71e3f74348b5,49ed75e6-43f8-4444-92e3-c920c5ff4b2f
5c22fb59-a65f-4d27-ad76-71e3f74348b5,7f34c09b-723f-47d0-b75b-c498b5084067
5c22fb59-a65f-4d27-ad76-71e3f74348b5,964715b5-fdc9-46bd-b670-8e4e7cc56256
5c22fb59-a65f-4d27-ad76-71e3f74348b5,e75f110b-6b97-4ff4-b6a2-f230b9d87639
5c22fb59-a65f-4d27-ad76-71e3f74348b5,aa1fbdc2-d5d4-47c2-8db1-ba4a168e6cb2
5c22fb59-a65f-4d27-ad76-71e3f74348b5,7269e20f-3fbe-4aca-8ca9-629e4a23a29e
5c22fb59-a65f-4d27-ad76-71e3f74348b5,7506012d-6f01-497b-9bb6-3fcd5721b362
5c22fb59-a65f-4d27-ad76-71e3f74348b5,77feff39-5c1a-45c3-9ffb-7dd9bc1eda32
5c22fb59-a65f-4d27-ad76-71e3f74348b5,62114484-51e7-48ff-9f3a-70120693ec86
5c22fb59-a65f-4d27-ad76-71e3f74348b5,c650314a-7aa9-48ea-8897-2ac33ea650b6
5c22fb59-a65f-4d27-ad76-71e3f74348b5,07f3573b-489b-4058-bfb5-b5caed78f53d
5c22fb59-a65f-4d27-ad76-71e3f74348b5,6ceab0a8-c983-4a67-a832-5749b651950f
5c22fb59-a65f-4d27-ad76-71e3f74348b5,43e1eca6-3f64-44c4-9078-2365d0cd6715
5c22fb59-a65f-4d27-ad76-71e3f74348b5,1157468a-262e-45ca-9908-671dd0c38214
5c22fb59-a65f-4d27-ad76-71e3f74348b5,e5ae13b6-b800-4769-8228-5862bc330697
5c22fb59-a65f-4d27-ad76-71e3f74348b5,754d870e-d41e-4e3a-9334-7bd6511c1261
5c22fb59-a65f-4d27-ad76-71e3f74348b5,b036650e-2b09-4838-b73d-d173379bfde9
5c22fb59-a65f-4d27-ad76-71e3f74348b5,2294e905-3887-4c16-825d-6ae4bacbac9f
5c22fb59-a65f-4d27-ad76-71e3f74348b5,e0d09b7a-24d7-4999-b984-849bbe22b315
5c22fb59-a65f-4d27-ad76-71e3f74348b5,d0209c99-272f-44d4-95ac-773580cc49e7
5c22fb59-a65f-4d27-ad76-71e3f74348b5,a6614c23-e471-492c-85ab-5fb93df4fe9f
5c22fb59-a65f-4d27-ad76-71e3f74348b5,8660b916-74a4-4681-8ebb-29f6dfac253f
5c22fb59-a65f-4d27-ad76-71e3f74348b5,e5ab09ff-1ebd-4f0e-ad33-1d9a2cbc6cac
5c22fb59-a65f-4d27-ad76-71e3f74348b5,24ef8edc-f211-4695-b4e9-52f45d1d0518
5c22fb59-a65f-4d27-ad76-71e3f74348b5,850fe1fc-0117-41e5-aded-118f05efd64b
5c22fb59-a65f-4d27-ad76-71e3f74348b5,51855b37-3481-4584-baf7-2dd9fb5c3a3f
5c22fb59-a65f-4d27-ad76-71e3f74348b5,9aae31b0-3130-4d23-9924-a2f8396d98e3
5c22fb59-a65f-4d27-ad76-71e3f74348b5,502db1d7-409c-499d-9b4b-306c05ae72a9
5c22fb59-a65f-4d27-ad76-71e3f74348b5,8673f2fa-3e3a-4857-852e-a65181599643
5c22fb59-a65f-4d27-ad76-71e3f74348b5,6e0075ee-cf72-46c5-b969-9e15ec7e3af5
5c22fb59-a65f-4d27-ad76-71e3f74348b5,7e6bf90e-4e10-4d2e-ba10-9ad65024947f
5c22fb59-a65f-4d27-ad76-71e3f74348b5,d251e64b-0d00-41f5-b1a8-666493cfb504
5c22fb59-a65f-4d27-ad76-71e3f74348b5,80b50ef8-96ea-4fb6-a37b-24de67bf946c
5c22fb59-a65f-4d27-ad76-71e3f74348b5,0a3fe50b-9277-45c7-88cf-e338009d467d
5c22fb59-a65f-4d27-ad76-71e3f74348b5,f781feae-f0ae-4568-9595-223221955cac
5c22fb59-a65f-4d27-ad76-71e3f74348b5,6683aabb-9d5a-4454-b006-f828c5a95a39
5c22fb59-a65f-4d27-ad76-71e3f74348b5,7dcd2312-1b4e-409c-ac67-f2c562aeecca
5c22fb59-a65f-4d27-ad76-71e3f74348b5,3e2d97be-d00f-453a-89af-e35c3b1e8719
5c22fb59-a65f-4d27-ad76-71e3f74348b5,29e9fb72-29dd-4362-a278-80e5beca153e
5c22fb59-a65f-4d27-ad76-71e3f74348b5,9d9eccd9-67fc-4f71-a8da-94e0dbd79259
5c22fb59-a65f-4d27-ad76-71e3f74348b5,6e821edf-e26e-40a1-93e3-2c20a9412fb7
5c22fb59-a65f-4d27-ad76-71e3f74348b5,67cd3f59-43c6-4398-8f02-36bbc707e8c3
5c22fb59-a65f-4d27-ad76-71e3f74348b5,c1dcd3bb-ec1e-416b-ab92-6205e81f4aaf
5c22fb59-a65f-4d27-ad76-71e3f74348b5,39cc1231-731e-4ea9-b1bd-93b6c0d660c0
5c22fb59-a65f-4d27-ad76-71e3f74348b5,66bb73df-60a3-4093-a8ce-0f3d56673316
5c22fb59-a65f-4d27-ad76-71e3f74348b5,a467b389-e767-4a4a-89c6-da159e3b7208
5c22fb59-a65f-4d27-ad76-71e3f74348b5,742573f3-b658-4e0c-9183-e1a61ce9c201
5c22fb59-a65f-4d27-ad76-71e3f74348b5,9288dc96-7c6b-4be6-911e-91c71cf4ae85
5c22fb59-a65f-4d27-ad76-71e3f74348b5,4f2f4f3d-487e-4144-a03f-5675a4dfe028
5c22fb59-a65f-4d27-ad76-71e3f74348b5,22d1086b-80cd-45c5-8407-b6f9287842b1
5c22fb59-a65f-4d27-ad76-71e3f74348b5,446a0158-cc72-46c3-a850-9593fb8b5cf5
5c22fb59-a65f-4d27-ad76-71e3f74348b5,ad3dce70-faf5-4a7e-9b90-4493c27a4f1d
5c22fb59-a65f-4d27-ad76-71e3f74348b5,4a4ba199-9481-41a3-b30e-4504e44c9bad
5c22fb59-a65f-4d27-ad76-71e3f74348b5,b82ecc00-6336-42a4-9266-ee756671a255
5c22fb59-a65f-4d27-ad76-71e3f74348b5,73b363c6-c734-4f2f-8db7-3bc47c104833
5c22fb59-a65f-4d27-ad76-71e3f74348b5,94ff19e0-7bd9-462f-a232-602487b83ee3
5c22fb59-a65f-4d27-ad76-71e3f74348b5,6858b9d4-74a6-41cb-9997-1f72253c9074
5c22fb59-a65f-4d27-ad76-71e3f74348b5,06670f03-5e3a-44f0-bfba-65d9dd6dc25e
5c22fb59-a65f-4d27-ad76-71e3f74348b5,f01613a7-8162-4e07-921b-360996b718f1
5c22fb59-a65f-4d27-ad76-71e3f74348b5,a2ec249c-789d-4fd0-b156-b3ca34cecafd
5c22fb59-a65f-4d27-ad76-71e3f74348b5,e607b15b-d7c2-4fa2-b1ff-ea1039a84716
5c22fb59-a65f-4d27-ad76-71e3f74348b5,3ea22688-0f8c-4533-93e9-a4d912ee29b7
5c22fb59-a65f-4d27-ad76-71e3f74348b5,a565cfee-8d16-47c9-b766-fde13d5a578d
5c22fb59-a65f-4d27-ad76-71e3f74348b5,6c51bd3f-66f0-4872-a1cc-36e110ef569a
5c22fb59-a65f-4d27-ad76-71e3f74348b5,06ec0fa1-cb98-44ca-b894-18bd638e4c8b
5c22fb59-a65f-4d27-ad76-71e3f74348b5,b38c5c33-8dcd-4cc4-9f16-142947bc970d
5c22fb59-a65f-4d27-ad76-71e3f74348b5,f8406140-e428-4df3-beeb-83ff6f4afed9
5c22fb59-a65f-4d27-ad76-71e3f74348b5,1e27e946-9812-446d-b1de-10f15c09b209
5c22fb59-a65f-4d27-ad76-71e3f74348b5,836f225c-e07e-43ef-997d-66276e5867fe
5c22fb59-a65f-4d27-ad76-71e3f74348b5,bd6e0b72-6e5b-47c0-9520-a1f971c68276
5c22fb59-a65f-4d27-ad76-71e3f74348b5,60702ca7-42a1-4987-986c-a3ee17498c4a
5c22fb59-a65f-4d27-ad76-71e3f74348b5,20331205-67dd-433d-ad01-c9e481d2c97b
5c22fb59-a65f-4d27-ad76-71e3f74348b5,9788c9f9-18fe-4964-948b-fa3e9fa41cdb
5c22fb59-a65f-4d27-ad76-71e3f74348b5,3dfc04ee-90f5-4552-9db6-9aa2bafb4863
5c22fb59-a65f-4d27-ad76-71e3f74348b5,214a2145-5c5f-46d7-b2dc-7f7655e55ab9
5c22fb59-a65f-4d27-ad76-71e3f74348b5,d1714486-168b-4fe7-8346-debe71df568b
5c22fb59-a65f-4d27-ad76-71e3f74348b5,ad10b4e3-814b-4e82-a82f-3f9442fe66f5
5c22fb59-a65f-4d27-ad76-71e3f74348b5,f8b6e462-49bb-4e76-b099-c0133274a3bd
5c22fb59-a65f-4d27-ad76-71e3f74348b5,eeb82e1b-91f6-4b63-969b-973a83942ce3
5c22fb59-a65f-4d27-ad76-71e3f74348b5,d5649aa4-a6e3-48af-8105-2e0ec5434212
5c22fb59-a65f-4d27-ad76-71e3f74348b5,ad3e5336-d71d-4c7e-bb9c-b8b14c03a1a2
5c22fb59-a65f-4d27-ad76-71e3f74348b5,95c56220-63dd-475d-b41f-4b44df8a3a80
5c22fb59-a65f-4d27-ad76-71e3f74348b5,cf599950-90e3-40fe-85ed-ca9163ef53f2
5c22fb59-a65f-4d27-ad76-71e3f74348b5,79cd9f01-ae1c-43cb-be24-bdb46521487b
5c22fb59-a65f-4d27-ad76-71e3f74348b5,7fbab367-1c6a-46ad-8372-310557c4ac13
5c22fb59-a65f-4d27-ad76-71e3f74348b5,0b792253-46d3-4cbf-b82c-f8e732f797b2
5c22fb59-a65f-4d27-ad76-71e3f74348b5,cc60b90d-44dc-4072-8b9b-f0f04e8626a1
8321f92b-0f5e-4a28-a641-70dccbdc00a7,310deddf-3b76-4ab4-ac58-0b533114d28e
8321f92b-0f5e-4a28-a641-70dccbdc00a7,8d53b5b6-de15-4dda-bedf-0fe719318f0d
8321f92b-0f5e-4a28-a641-70dccbdc00a7,f2e26f34-1ab0-458e-b16e-e374e6b04551
8321f92b-0f5e-4a28-a641-70dccbdc00a7,918c8d8b-7b5a-4fb9-a318-1b2e5cf21b4b
8321f92b-0f5e-4a28-a641-70dccbdc00a7,4472419c-1eb6-41e4-b8db-8dfce937324b
8321f92b-0f5e-4a28-a641-70dccbdc00a7,351f58fa-1b78-4734-8671-6d720d408b7f
8321f92b-0f5e-4a28-a641-70dccbdc00a7,51d425c2-6454-4fbe-bb0c-f3af52829531
8321f92b-0f5e-4a28-a641-70dccbdc00a7,40cc591b-3cb0-4ad1-be4f-526c1fba2d39
8321f92b-0f5e-4a28-a641-70dccbdc00a7,5b93e3e8-7878-4bbb-a19d-9c5f24c43042
8321f92b-0f5e-4a28-a641-70dccbdc00a7,866d8801-91f6-4b3e-8561-0d8fd8259337
8321f92b-0f5e-4a28-a641-70dccbdc00a7,4f4b9719-3524-4a00-a74b-44d9e3ee3afb
8321f92b-0f5e-4a28-a641-70dccbdc00a7,f807fc0c-3ee2-431f-8d8a-adf3824c843b
8321f92b-0f5e-4a28-a641-70dccbdc00a7,9eb1e82e-0daa-4198-b22a-25baf5bb1ce0
8321f92b-0f5e-4a28-a641-70dccbdc00a7,d6050df4-1649-4462-aa9b-92d89fcc5b8f
8321f92b-0f5e-4a28-a641-70dccbdc00a7,6163b9c8-c32e-48f0-9d62-aac133855b4c
8321f92b-0f5e-4a28-a641-70dccbdc00a7,66cece40-6468-4214-99a4-137b00723416
8321f92b-0f5e-4a28-a641-70dccbdc00a7,18ba28e1-545d-417b-a65b-617f35af5ff9
8321f92b-0f5e-4a28-a641-70dccbdc00a7,6e3a271a-415b-4758-a144-e9b76f0592c7
8321f92b-0f5e-4a28-a641-70dccbdc00a7,dbdbda3d-affd-469e-ae41-988780d7e542
8321f92b-0f5e-4a28-a641-70dccbdc00a7,b2c4e95d-130a-4230-b137-6de667683f52
8321f92b-0f5e-4a28-a641-70dccbdc00a7,a034a9a1-d6c4-49fa-905d-e716a5b5d197
8321f92b-0f5e-4a28-a641-70dccbdc00a7,132b63b9-3673-4047-a767-bed235052a2e
8321f92b-0f5e-4a28-a641-70dccbdc00a7,59af5df8-04cf-496c-a615-a353b2e96031
8321f92b-0f5e-4a28-a641-70dccbdc00a7,faea6673-d730-47bf-a3d3-dc0df145b0d9
8321f92b-0f5e-4a28-a641-70dccbdc00a7,520e5c3c-a44a-43b7-b68b-b385a543ac75
8321f92b-0f5e-4a28-a641-70dccbdc00a7,59ca0ede-8a28-4dd0-9bec-edc28b3bb77c
8321f92b-0f5e-4a28-a641-70dccbdc00a7,738a9f3f-0d33-43d5-9f02-19bfa2020f6a
8321f92b-0f5e-4a28-a641-70dccbdc00a7,fc75d94c-f1a6-48ae-aa89-9a89a5e4649b
8321f92b-0f5e-4a28-a641-70dccbdc00a7,faa1753e-7ca7-4b88-9e05-c80806524c94
8321f92b-0f5e-4a28-a641-70dccbdc00a7,94d9cbe9-5aeb-439b-ad7c-e4d5076818e4
8321f92b-0f5e-4a28-a641-70dccbdc00a7,25eaf357-c3ab-4032-9be2-48b62745ef5d
8321f92b-0f5e-4a28-a641-70dccbdc00a7,4923789b-0add-4277-986a-8d047cf658c9
8321f92b-0f5e-4a28-a641-70dccbdc00a7,e9883f5d-ee9f-4615-af18-6ddd5d5e0b79
8321f92b-0f5e-4a28-a641-70dccbdc00a7,e3eae30b-0447-44b1-974d-2988aefe3d48
8321f92b-0f5e-4a28-a641-70dccbdc00a7,ea3e66d5-80dd-43b8-b7a9-a01d1fd93222
8321f92b-0f5e-4a28-a641-70dccbdc00a7,5406c988-97ab-4575-9791-2331833a3feb
8321f92b-0f5e-4a28-a641-70dccbdc00a7,366ae729-20e9-42b6-8841-6f20305a053f
8321f92b-0f5e-4a28-a641-70dccbdc00a7,06cc5f6b-a65f-49fe-90af-a67f977d65b5
8321f92b-0f5e-4a28-a641-70dccbdc00a7,828ebd35-5fdf-43e2-82cc-c0d481a427be
8321f92b-0f5e-4a28-a641-70dccbdc00a7,8c814e0b-8190-4c1a-84f7-85dd6508a4c6
8321f92b-0f5e-4a28-a641-70dccbdc00a7,d31168b9-2292-4871-9add-616e37f023c1
8321f92b-0f5e-4a28-a641-70dccbdc00a7,f7a62c48-2137-47df-87fb-4f8a4a35bbfd
8321f92b-0f5e-4a28-a641-70dccbdc00a7,d7f7f3db-f181-457e-8ced-c5624ad13a71
8321f92b-0f5e-4a28-a641-70dccbdc00a7,a37f3c6b-31b3-4cb9-b6f9-9844b66c12d6
8321f92b-0f5e-4a28-a641-70dccbdc00a7,8ddc12a3-72c9-4b2b-ae56-144500082035
8321f92b-0f5e-4a28-a641-70dccbdc00a7,2df8c5a6-2c4c-49bc-ac19-08adadc5f7b8
8321f92b-0f5e-4a28-a641-70dccbdc00a7,c873950c-6df2-45f6-91ca-128be906a563
8321f92b-0f5e-4a28-a641-70dccbdc00a7,c825eb1b-1c8c-4dfa-9df7-07077d1f7f56
8321f92b-0f5e-4a28-a641-70dccbdc00a7,949a6ec9-0bfb-481e-802c-b9381d3ac291
8321f92b-0f5e-4a28-a641-70dccbdc00a7,986e001a-6c3c-473a-a96f-37da3b1c9ab5
8321f92b-0f5e-4a28-a641-70dccbdc00a7,29bf85ea-bc91-4d69-9cc4-a1be3b38e493
8321f92b-0f5e-4a28-a641-70dccbdc00a7,4e962a74-801d-46a2-b902-69e675ea53e1
8321f92b-0f5e-4a28-a641-70dccbdc00a7,1e03b946-521b-4442-871d-37c191436477
8321f92b-0f5e-4a28-a641-70dccbdc00a7,31138618-e8e3-4e88-bd54-198c5e2ae922
8321f92b-0f5e-4a28-a641-70dccbdc00a7,8f662cbd-2d93-4ecc-a858-5ef050662fc6
8321f92b-0f5e-4a28-a641-70dccbdc00a7,33169def-c18a-4319-ae78-5fc4f4d85c95
8321f92b-0f5e-4a28-a641-70dccbdc00a7,883b89b9-ed72-496e-922a-1cde11f60c22
8321f92b-0f5e-4a28-a641-70dccbdc00a7,11ced668-07fe-416b-a4c4-dfd14aa37315
8321f92b-0f5e-4a28-a641-70dccbdc00a7,3144cfd0-0053-4702-b6bc-d27a02b21373
8321f92b-0f5e-4a28-a641-70dccbdc00a7,2561f85e-a0c2-496a-a417-461a2f7e95f2
8321f92b-0f5e-4a28-a641-70dccbdc00a7,545c3fd6-7fca-4381-9fcd-d4e95a45f296
8321f92b-0f5e-4a28-a641-70dccbdc00a7,de553c0d-af8a-46c6-aed5-69a270307dab
8321f92b-0f5e-4a28-a641-70dccbdc00a7,926db7d8-e784-4663-adf2-a4276d290ef7
8321f92b-0f5e-4a28-a641-70dccbdc00a7,d62d8c8d-20ee-40f0-8a37-63038a41114d
8321f92b-0f5e-4a28-a641-70dccbdc00a7,dd892d35-abb6-4e64-b1b5-4dfcf43e9b8b
8321f92b-0f5e-4a28-a641-70dccbdc00a7,f71b655b-c53b-4efc-9213-e7f148f8f494
8321f92b-0f5e-4a28-a641-70dccbdc00a7,68deab0c-3c8a-4a77-a93e-3c2ef2c8a281
8321f92b-0f5e-4a28-a641-70dccbdc00a7,61c3fdc7-0fcd-4e4d-82ce-f03eb4a618a4
8321f92b-0f5e-4a28-a641-70dccbdc00a7,83e11abc-1fe6-4642-8e1f-9fbcb22c7744
8321f92b-0f5e-4a28-a641-70dccbdc00a7,d42d03b1-47f2-493c-9a7e-638fa041c97e
8321f92b-0f5e-4a28-a641-70dccbdc00a7,916800c5-0dab-4254-b327-b06f0543824d
8321f92b-0f5e-4a28-a641-70dccbdc00a7,3e92fb43-2e91-4386-b73d-0577e19d75d9
8321f92b-0f5e-4a28-a641-70dccbdc00a7,2b06c7f0-65f9-42db-a886-e03b61862fb6
8321f92b-0f5e-4a28-a641-70dccbdc00a7,ac0f367a-7ab5-49c6-b6f0-77b231d3a3b9
8321f92b-0f5e-4a28-a641-70dccbdc00a7,a31a9d84-f261-438e-a9c4-b7007ba7325a
8321f92b-0f5e-4a28-a641-70dccbdc00a7,22a9f422-7940-44d8-97b1-73740629cd66
8321f92b-0f5e-4a28-a641-70dccbdc00a7,2aa31dba-d9bb-464e-8b0c-8cce78f6cd61
8321f92b-0f5e-4a28-a641-70dccbdc00a7,34960863-e909-47f2-85e2-b1ed246c57da
8321f92b-0f5e-4a28-a641-70dccbdc00a7,c3159d31-a64a-4d9a-b6cc-646165304a5a
8321f92b-0f5e-4a28-a641-70dccbdc00a7,cf000ee7-2282-4bdc-9d93-97376fa4ab78
8321f92b-0f5e-4a28-a641-70dccbdc00a7,88dc921f-92ff-4bb7-91a3-6b217bed3f1f
8321f92b-0f5e-4a28-a641-70dccbdc00a7,337de7d2-50b7-415e-9805-11af72a33a3e
8321f92b-0f5e-4a28-a641-70dccbdc00a7,50b2d520-4907-47fb-9deb-01b9f0a60f80
8321f92b-0f5e-4a28-a641-70dccbdc00a7,8ad5f7f8-b3c0-4e0e-a74d-434acfdee09c
8321f92b-0f5e-4a28-a641-70dccbdc00a7,a6647f78-6490-48a6-8f38-3a74fd371769
8321f92b-0f5e-4a28-a641-70dccbdc00a7,35515ac2-9f86-43da-a1e5-f9002f4c1fc0
8321f92b-0f5e-4a28-a641-70dccbdc00a7,54a20f39-58d4-42ce-b3ad-d826b627b1a4
8321f92b-0f5e-4a28-a641-70dccbdc00a7,2bf6c830-ebb6-478f-841e-aaab8edcec4d
8321f92b-0f5e-4a28-a641-70dccbdc00a7,4178a4ef-1c0a-48fc-a569-e7c83cfbd46f
8321f92b-0f5e-4a28-a641-70dccbdc00a7,b98682ac-fc8a-4570-b840-ea5580431f34
8321f92b-0f5e-4a28-a641-70dccbdc00a7,f0cf72f8-e25e-49ad-acf8-f26be2ae4527
8321f92b-0f5e-4a28-a641-70dccbdc00a7,1343e1c5-31f9-4297-b7eb-ed5c114bb32c
8321f92b-0f5e-4a28-a641-70dccbdc00a7,e25ccca6-48b6-40b3-94e6-fbc5322abedd
8321f92b-0f5e-4a28-a641-70dccbdc00a7,8fce6009-39c9-47da-88ce-34517b74ec97
8321f92b-0f5e-4a28-a641-70dccbdc00a7,9add746b-4905-49fa-8f55-170be0513a55
8321f92b-0f5e-4a28-a641-70dccbdc00a7,8ecb4a42-c120-433a-8d55-42e08fd561fb
8321f92b-0f5e-4a28-a641-70dccbdc00a7,49ed75e6-43f8-4444-92e3-c920c5ff4b2f
8321f92b-0f5e-4a28-a641-70dccbdc00a7,7f34c09b-723f-47d0-b75b-c498b5084067
8321f92b-0f5e-4a28-a641-70dccbdc00a7,964715b5-fdc9-46bd-b670-8e4e7cc56256
8321f92b-0f5e-4a28-a641-70dccbdc00a7,e75f110b-6b97-4ff4-b6a2-f230b9d87639
8321f92b-0f5e-4a28-a641-70dccbdc00a7,aa1fbdc2-d5d4-47c2-8db1-ba4a168e6cb2
8321f92b-0f5e-4a28-a641-70dccbdc00a7,7269e20f-3fbe-4aca-8ca9-629e4a23a29e
8321f92b-0f5e-4a28-a641-70dccbdc00a7,7506012d-6f01-497b-9bb6-3fcd5721b362
8321f92b-0f5e-4a28-a641-70dccbdc00a7,77feff39-5c1a-45c3-9ffb-7dd9bc1eda32
8321f92b-0f5e-4a28-a641-70dccbdc00a7,62114484-51e7-48ff-9f3a-70120693ec86
8321f92b-0f5e-4a28-a641-70dccbdc00a7,c650314a-7aa9-48ea-8897-2ac33ea650b6
8321f92b-0f5e-4a28-a641-70dccbdc00a7,07f3573b-489b-4058-bfb5-b5caed78f53d
8321f92b-0f5e-4a28-a641-70dccbdc00a7,6ceab0a8-c983-4a67-a832-5749b651950f
8321f92b-0f5e-4a28-a641-70dccbdc00a7,43e1eca6-3f64-44c4-9078-2365d0cd6715
8321f92b-0f5e-4a28-a641-70dccbdc00a7,1157468a-262e-45ca-9908-671dd0c38214
8321f92b-0f5e-4a28-a641-70dccbdc00a7,e5ae13b6-b800-4769-8228-5862bc330697
8321f92b-0f5e-4a28-a641-70dccbdc00a7,754d870e-d41e-4e3a-9334-7bd6511c1261
8321f92b-0f5e-4a28-a641-70dccbdc00a7,b036650e-2b09-4838-b73d-d173379bfde9
8321f92b-0f5e-4a28-a641-70dccbdc00a7,2294e905-3887-4c16-825d-6ae4bacbac9f
8321f92b-0f5e-4a28-a641-70dccbdc00a7,e0d09b7a-24d7-4999-b984-849bbe22b315
8321f92b-0f5e-4a28-a641-70dccbdc00a7,d0209c99-272f-44d4-95ac-773580cc49e7
8321f92b-0f5e-4a28-a641-70dccbdc00a7,a6614c23-e471-492c-85ab-5fb93df4fe9f
8321f92b-0f5e-4a28-a641-70dccbdc00a7,8660b916-74a4-4681-8ebb-29f6dfac253f
8321f92b-0f5e-4a28-a641-70dccbdc00a7,e5ab09ff-1ebd-4f0e-ad33-1d9a2cbc6cac
8321f92b-0f5e-4a28-a641-70dccbdc00a7,24ef8edc-f211-4695-b4e9-52f45d1d0518
8321f92b-0f5e-4a28-a641-70dccbdc00a7,850fe1fc-0117-41e5-aded-118f05efd64b
8321f92b-0f5e-4a28-a641-70dccbdc00a7,51855b37-3481-4584-baf7-2dd9fb5c3a3f
8321f92b-0f5e-4a28-a641-70dccbdc00a7,9aae31b0-3130-4d23-9924-a2f8396d98e3
8321f92b-0f5e-4a28-a641-70dccbdc00a7,502db1d7-409c-499d-9b4b-306c05ae72a9
8321f92b-0f5e-4a28-a641-70dccbdc00a7,8673f2fa-3e3a-4857-852e-a65181599643
8321f92b-0f5e-4a28-a641-70dccbdc00a7,6e0075ee-cf72-46c5-b969-9e15ec7e3af5
8321f92b-0f5e-4a28-a641-70dccbdc00a7,7e6bf90e-4e10-4d2e-ba10-9ad65024947f
8321f92b-0f5e-4a28-a641-70dccbdc00a7,d251e64b-0d00-41f5-b1a8-666493cfb504
8321f92b-0f5e-4a28-a641-70dccbdc00a7,80b50ef8-96ea-4fb6-a37b-24de67bf946c
8321f92b-0f5e-4a28-a641-70dccbdc00a7,0a3fe50b-9277-45c7-88cf-e338009d467d
8321f92b-0f5e-4a28-a641-70dccbdc00a7,f781feae-f0ae-4568-9595-223221955cac
8321f92b-0f5e-4a28-a641-70dccbdc00a7,6683aabb-9d5a-4454-b006-f828c5a95a39
8321f92b-0f5e-4a28-a641-70dccbdc00a7,7dcd2312-1b4e-409c-ac67-f2c562aeecca
8321f92b-0f5e-4a28-a641-70dccbdc00a7,3e2d97be-d00f-453a-89af-e35c3b1e8719
8321f92b-0f5e-4a28-a641-70dccbdc00a7,29e9fb72-29dd-4362-a278-80e5beca153e
8321f92b-0f5e-4a28-a641-70dccbdc00a7,9d9eccd9-67fc-4f71-a8da-94e0dbd79259
8321f92b-0f5e-4a28-a641-70dccbdc00a7,6e821edf-e26e-40a1-93e3-2c20a9412fb7
8321f92b-0f5e-4a28-a641-70dccbdc00a7,67cd3f59-43c6-4398-8f02-36bbc707e8c3
8321f92b-0f5e-4a28-a641-70dccbdc00a7,c1dcd3bb-ec1e-416b-ab92-6205e81f4aaf
8321f92b-0f5e-4a28-a641-70dccbdc00a7,39cc1231-731e-4ea9-b1bd-93b6c0d660c0
8321f92b-0f5e-4a28-a641-70dccbdc00a7,66bb73df-60a3-4093-a8ce-0f3d56673316
8321f92b-0f5e-4a28-a641-70dccbdc00a7,a467b389-e767-4a4a-89c6-da159e3b7208
8321f92b-0f5e-4a28-a641-70dccbdc00a7,742573f3-b658-4e0c-9183-e1a61ce9c201
8321f92b-0f5e-4a28-a641-70dccbdc00a7,9288dc96-7c6b-4be6-911e-91c71cf4ae85
8321f92b-0f5e-4a28-a641-70dccbdc00a7,4f2f4f3d-487e-4144-a03f-5675a4dfe028
8321f92b-0f5e-4a28-a641-70dccbdc00a7,22d1086b-80cd-45c5-8407-b6f9287842b1
8321f92b-0f5e-4a28-a641-70dccbdc00a7,446a0158-cc72-46c3-a850-9593fb8b5cf5
8321f92b-0f5e-4a28-a641-70dccbdc00a7,ad3dce70-faf5-4a7e-9b90-4493c27a4f1d
8321f92b-0f5e-4a28-a641-70dccbdc00a7,4a4ba199-9481-41a3-b30e-4504e44c9bad
8321f92b-0f5e-4a28-a641-70dccbdc00a7,b82ecc00-6336-42a4-9266-ee756671a255
8321f92b-0f5e-4a28-a641-70dccbdc00a7,73b363c6-c734-4f2f-8db7-3bc47c104833
8321f92b-0f5e-4a28-a641-70dccbdc00a7,94ff19e0-7bd9-462f-a232-602487b83ee3
8321f92b-0f5e-4a28-a641-70dccbdc00a7,6858b9d4-74a6-41cb-9997-1f72253c9074
8321f92b-0f5e-4a28-a641-70dccbdc00a7,06670f03-5e3a-44f0-bfba-65d9dd6dc25e
8321f92b-0f5e-4a28-a641-70dccbdc00a7,f01613a7-8162-4e07-921b-360996b718f1
8321f92b-0f5e-4a28-a641-70dccbdc00a7,a2ec249c-789d-4fd0-b156-b3ca34cecafd
8321f92b-0f5e-4a28-a641-70dccbdc00a7,e607b15b-d7c2-4fa2-b1ff-ea1039a84716
8321f92b-0f5e-4a28-a641-70dccbdc00a7,3ea22688-0f8c-4533-93e9-a4d912ee29b7
8321f92b-0f5e-4a28-a641-70dccbdc00a7,a565cfee-8d16-47c9-b766-fde13d5a578d
8321f92b-0f5e-4a28-a641-70dccbdc00a7,6c51bd3f-66f0-4872-a1cc-36e110ef569a
8321f92b-0f5e-4a28-a641-70dccbdc00a7,06ec0fa1-cb98-44ca-b894-18bd638e4c8b
8321f92b-0f5e-4a28-a641-70dccbdc00a7,b38c5c33-8dcd-4cc4-9f16-142947bc970d
8321f92b-0f5e-4a28-a641-70dccbdc00a7,f8406140-e428-4df3-beeb-83ff6f4afed9
8321f92b-0f5e-4a28-a641-70dccbdc00a7,1e27e946-9812-446d-b1de-10f15c09b209
8321f92b-0f5e-4a28-a641-70dccbdc00a7,836f225c-e07e-43ef-997d-66276e5867fe
8321f92b-0f5e-4a28-a641-70dccbdc00a7,bd6e0b72-6e5b-47c0-9520-a1f971c68276
8321f92b-0f5e-4a28-a641-70dccbdc00a7,60702ca7-42a1-4987-986c-a3ee17498c4a
8321f92b-0f5e-4a28-a641-70dccbdc00a7,20331205-67dd-433d-ad01-c9e481d2c97b
8321f92b-0f5e-4a28-a641-70dccbdc00a7,9788c9f9-18fe-4964-948b-fa3e9fa41cdb
8321f92b-0f5e-4a28-a641-70dccbdc00a7,3dfc04ee-90f5-4552-9db6-9aa2bafb4863
8321f92b-0f5e-4a28-a641-70dccbdc00a7,214a2145-5c5f-46d7-b2dc-7f7655e55ab9
8321f92b-0f5e-4a28-a641-70dccbdc00a7,d1714486-168b-4fe7-8346-debe71df568b
8321f92b-0f5e-4a28-a641-70dccbdc00a7,ad10b4e3-814b-4e82-a82f-3f9442fe66f5
8321f92b-0f5e-4a28-a641-70dccbdc00a7,f8b6e462-49bb-4e76-b099-c0133274a3bd
8321f92b-0f5e-4a28-a641-70dccbdc00a7,eeb82e1b-91f6-4b63-969b-973a83942ce3
8321f92b-0f5e-4a28-a641-70dccbdc00a7,d5649aa4-a6e3-48af-8105-2e0ec5434212
8321f92b-0f5e-4a28-a641-70dccbdc00a7,ad3e5336-d71d-4c7e-bb9c-b8b14c03a1a2
8321f92b-0f5e-4a28-a641-70dccbdc00a7,95c56220-63dd-475d-b41f-4b44df8a3a80
8321f92b-0f5e-4a28-a641-70dccbdc00a7,cf599950-90e3-40fe-85ed-ca9163ef53f2
8321f92b-0f5e-4a28-a641-70dccbdc00a7,79cd9f01-ae1c-43cb-be24-bdb46521487b
8321f92b-0f5e-4a28-a641-70dccbdc00a7,7fbab367-1c6a-46ad-8372-310557c4ac13
8321f92b-0f5e-4a28-a641-70dccbdc00a7,0b792253-46d3-4cbf-b82c-f8e732f797b2
8321f92b-0f5e-4a28-a641-70dccbdc00a7,cc60b90d-44dc-4072-8b9b-f0f04e8626a1
702f08f2-be30-4cec-9030-256edd2b0da0,4923789b-0add-4277-986a-8d047cf658c9
702f08f2-be30-4cec-9030-256edd2b0da0,25eaf357-c3ab-4032-9be2-48b62745ef5d
702f08f2-be30-4cec-9030-256edd2b0da0,e3eae30b-0447-44b1-974d-2988aefe3d48
702f08f2-be30-4cec-9030-256edd2b0da0,ea3e66d5-80dd-43b8-b7a9-a01d1fd93222
702f08f2-be30-4cec-9030-256edd2b0da0,5406c988-97ab-4575-9791-2331833a3feb
702f08f2-be30-4cec-9030-256edd2b0da0,366ae729-20e9-42b6-8841-6f20305a053f
702f08f2-be30-4cec-9030-256edd2b0da0,06cc5f6b-a65f-49fe-90af-a67f977d65b5
702f08f2-be30-4cec-9030-256edd2b0da0,828ebd35-5fdf-43e2-82cc-c0d481a427be
702f08f2-be30-4cec-9030-256edd2b0da0,8c814e0b-8190-4c1a-84f7-85dd6508a4c6
702f08f2-be30-4cec-9030-256edd2b0da0,d31168b9-2292-4871-9add-616e37f023c1
702f08f2-be30-4cec-9030-256edd2b0da0,f7a62c48-2137-47df-87fb-4f8a4a35bbfd
702f08f2-be30-4cec-9030-256edd2b0da0,d7f7f3db-f181-457e-8ced-c5624ad13a71
702f08f2-be30-4cec-9030-256edd2b0da0,8d53b5b6-de15-4dda-bedf-0fe719318f0d
702f08f2-be30-4cec-9030-256edd2b0da0,310deddf-3b76-4ab4-ac58-0b533114d28e
702f08f2-be30-4cec-9030-256edd2b0da0,a37f3c6b-31b3-4cb9-b6f9-9844b66c12d6
702f08f2-be30-4cec-9030-256edd2b0da0,f2e26f34-1ab0-458e-b16e-e374e6b04551
702f08f2-be30-4cec-9030-256edd2b0da0,918c8d8b-7b5a-4fb9-a318-1b2e5cf21b4b
702f08f2-be30-4cec-9030-256edd2b0da0,4472419c-1eb6-41e4-b8db-8dfce937324b
702f08f2-be30-4cec-9030-256edd2b0da0,351f58fa-1b78-4734-8671-6d720d408b7f
702f08f2-be30-4cec-9030-256edd2b0da0,51d425c2-6454-4fbe-bb0c-f3af52829531
702f08f2-be30-4cec-9030-256edd2b0da0,40cc591b-3cb0-4ad1-be4f-526c1fba2d39
702f08f2-be30-4cec-9030-256edd2b0da0,5b93e3e8-7878-4bbb-a19d-9c5f24c43042
702f08f2-be30-4cec-9030-256edd2b0da0,866d8801-91f6-4b3e-8561-0d8fd8259337
702f08f2-be30-4cec-9030-256edd2b0da0,4f4b9719-3524-4a00-a74b-44d9e3ee3afb
702f08f2-be30-4cec-9030-256edd2b0da0,b2c4e95d-130a-4230-b137-6de667683f52
702f08f2-be30-4cec-9030-256edd2b0da0,f807fc0c-3ee2-431f-8d8a-adf3824c843b
702f08f2-be30-4cec-9030-256edd2b0da0,9eb1e82e-0daa-4198-b22a-25baf5bb1ce0
702f08f2-be30-4cec-9030-256edd2b0da0,d6050df4-1649-4462-aa9b-92d89fcc5b8f
702f08f2-be30-4cec-9030-256edd2b0da0,6163b9c8-c32e-48f0-9d62-aac133855b4c
702f08f2-be30-4cec-9030-256edd2b0da0,66cece40-6468-4214-99a4-137b00723416
702f08f2-be30-4cec-9030-256edd2b0da0,18ba28e1-545d-417b-a65b-617f35af5ff9
702f08f2-be30-4cec-9030-256edd2b0da0,6e3a271a-415b-4758-a144-e9b76f0592c7
702f08f2-be30-4cec-9030-256edd2b0da0,dbdbda3d-affd-469e-ae41-988780d7e542
702f08f2-be30-4cec-9030-256edd2b0da0,a034a9a1-d6c4-49fa-905d-e716a5b5d197
702f08f2-be30-4cec-9030-256edd2b0da0,faa1753e-7ca7-4b88-9e05-c80806524c94
702f08f2-be30-4cec-9030-256edd2b0da0,132b63b9-3673-4047-a767-bed235052a2e
702f08f2-be30-4cec-9030-256edd2b0da0,59af5df8-04cf-496c-a615-a353b2e96031
702f08f2-be30-4cec-9030-256edd2b0da0,faea6673-d730-47bf-a3d3-dc0df145b0d9
702f08f2-be30-4cec-9030-256edd2b0da0,520e5c3c-a44a-43b7-b68b-b385a543ac75
702f08f2-be30-4cec-9030-256edd2b0da0,59ca0ede-8a28-4dd0-9bec-edc28b3bb77c
702f08f2-be30-4cec-9030-256edd2b0da0,738a9f3f-0d33-43d5-9f02-19bfa2020f6a
702f08f2-be30-4cec-9030-256edd2b0da0,fc75d94c-f1a6-48ae-aa89-9a89a5e4649b
702f08f2-be30-4cec-9030-256edd2b0da0,94d9cbe9-5aeb-439b-ad7c-e4d5076818e4
702f08f2-be30-4cec-9030-256edd2b0da0,e9883f5d-ee9f-4615-af18-6ddd5d5e0b79
702f08f2-be30-4cec-9030-256edd2b0da0,ac0f367a-7ab5-49c6-b6f0-77b231d3a3b9
702f08f2-be30-4cec-9030-256edd2b0da0,a31a9d84-f261-438e-a9c4-b7007ba7325a
702f08f2-be30-4cec-9030-256edd2b0da0,22a9f422-7940-44d8-97b1-73740629cd66
702f08f2-be30-4cec-9030-256edd2b0da0,2aa31dba-d9bb-464e-8b0c-8cce78f6cd61
702f08f2-be30-4cec-9030-256edd2b0da0,34960863-e909-47f2-85e2-b1ed246c57da
702f08f2-be30-4cec-9030-256edd2b0da0,c3159d31-a64a-4d9a-b6cc-646165304a5a
702f08f2-be30-4cec-9030-256edd2b0da0,cf000ee7-2282-4bdc-9d93-97376fa4ab78
702f08f2-be30-4cec-9030-256edd2b0da0,88dc921f-92ff-4bb7-91a3-6b217bed3f1f
702f08f2-be30-4cec-9030-256edd2b0da0,337de7d2-50b7-415e-9805-11af72a33a3e
702f08f2-be30-4cec-9030-256edd2b0da0,50b2d520-4907-47fb-9deb-01b9f0a60f80
702f08f2-be30-4cec-9030-256edd2b0da0,8ad5f7f8-b3c0-4e0e-a74d-434acfdee09c
702f08f2-be30-4cec-9030-256edd2b0da0,a6647f78-6490-48a6-8f38-3a74fd371769
702f08f2-be30-4cec-9030-256edd2b0da0,35515ac2-9f86-43da-a1e5-f9002f4c1fc0
702f08f2-be30-4cec-9030-256edd2b0da0,54a20f39-58d4-42ce-b3ad-d826b627b1a4
702f08f2-be30-4cec-9030-256edd2b0da0,2bf6c830-ebb6-478f-841e-aaab8edcec4d
702f08f2-be30-4cec-9030-256edd2b0da0,4178a4ef-1c0a-48fc-a569-e7c83cfbd46f
702f08f2-be30-4cec-9030-256edd2b0da0,b98682ac-fc8a-4570-b840-ea5580431f34
702f08f2-be30-4cec-9030-256edd2b0da0,f0cf72f8-e25e-49ad-acf8-f26be2ae4527
702f08f2-be30-4cec-9030-256edd2b0da0,1343e1c5-31f9-4297-b7eb-ed5c114bb32c
702f08f2-be30-4cec-9030-256edd2b0da0,e25ccca6-48b6-40b3-94e6-fbc5322abedd
702f08f2-be30-4cec-9030-256edd2b0da0,8fce6009-39c9-47da-88ce-34517b74ec97
702f08f2-be30-4cec-9030-256edd2b0da0,9add746b-4905-49fa-8f55-170be0513a55
702f08f2-be30-4cec-9030-256edd2b0da0,8ecb4a42-c120-433a-8d55-42e08fd561fb
702f08f2-be30-4cec-9030-256edd2b0da0,8ddc12a3-72c9-4b2b-ae56-144500082035
702f08f2-be30-4cec-9030-256edd2b0da0,2df8c5a6-2c4c-49bc-ac19-08adadc5f7b8
702f08f2-be30-4cec-9030-256edd2b0da0,c873950c-6df2-45f6-91ca-128be906a563
702f08f2-be30-4cec-9030-256edd2b0da0,c825eb1b-1c8c-4dfa-9df7-07077d1f7f56
702f08f2-be30-4cec-9030-256edd2b0da0,949a6ec9-0bfb-481e-802c-b9381d3ac291
702f08f2-be30-4cec-9030-256edd2b0da0,986e001a-6c3c-473a-a96f-37da3b1c9ab5
702f08f2-be30-4cec-9030-256edd2b0da0,29bf85ea-bc91-4d69-9cc4-a1be3b38e493
702f08f2-be30-4cec-9030-256edd2b0da0,4e962a74-801d-46a2-b902-69e675ea53e1
702f08f2-be30-4cec-9030-256edd2b0da0,1e03b946-521b-4442-871d-37c191436477
702f08f2-be30-4cec-9030-256edd2b0da0,31138618-e8e3-4e88-bd54-198c5e2ae922
702f08f2-be30-4cec-9030-256edd2b0da0,8f662cbd-2d93-4ecc-a858-5ef050662fc6
702f08f2-be30-4cec-9030-256edd2b0da0,33169def-c18a-4319-ae78-5fc4f4d85c95
702f08f2-be30-4cec-9030-256edd2b0da0,883b89b9-ed72-496e-922a-1cde11f60c22
702f08f2-be30-4cec-9030-256edd2b0da0,11ced668-07fe-416b-a4c4-dfd14aa37315
702f08f2-be30-4cec-9030-256edd2b0da0,3144cfd0-0053-4702-b6bc-d27a02b21373
702f08f2-be30-4cec-9030-256edd2b0da0,2561f85e-a0c2-496a-a417-461a2f7e95f2
702f08f2-be30-4cec-9030-256edd2b0da0,545c3fd6-7fca-4381-9fcd-d4e95a45f296
702f08f2-be30-4cec-9030-256edd2b0da0,de553c0d-af8a-46c6-aed5-69a270307dab
702f08f2-be30-4cec-9030-256edd2b0da0,926db7d8-e784-4663-adf2-a4276d290ef7
702f08f2-be30-4cec-9030-256edd2b0da0,d62d8c8d-20ee-40f0-8a37-63038a41114d
702f08f2-be30-4cec-9030-256edd2b0da0,dd892d35-abb6-4e64-b1b5-4dfcf43e9b8b
702f08f2-be30-4cec-9030-256edd2b0da0,f71b655b-c53b-4efc-9213-e7f148f8f494
702f08f2-be30-4cec-9030-256edd2b0da0,68deab0c-3c8a-4a77-a93e-3c2ef2c8a281
702f08f2-be30-4cec-9030-256edd2b0da0,61c3fdc7-0fcd-4e4d-82ce-f03eb4a618a4
702f08f2-be30-4cec-9030-256edd2b0da0,83e11abc-1fe6-4642-8e1f-9fbcb22c7744
702f08f2-be30-4cec-9030-256edd2b0da0,d42d03b1-47f2-493c-9a7e-638fa041c97e
702f08f2-be30-4cec-9030-256edd2b0da0,916800c5-0dab-4254-b327-b06f0543824d
702f08f2-be30-4cec-9030-256edd2b0da0,3e92fb43-2e91-4386-b73d-0577e19d75d9
702f08f2-be30-4cec-9030-256edd2b0da0,2b06c7f0-65f9-42db-a886-e03b61862fb6
702f08f2-be30-4cec-9030-256edd2b0da0,964715b5-fdc9-46bd-b670-8e4e7cc56256
702f08f2-be30-4cec-9030-256edd2b0da0,e75f110b-6b97-4ff4-b6a2-f230b9d87639
702f08f2-be30-4cec-9030-256edd2b0da0,7f34c09b-723f-47d0-b75b-c498b5084067
702f08f2-be30-4cec-9030-256edd2b0da0,49ed75e6-43f8-4444-92e3-c920c5ff4b2f
702f08f2-be30-4cec-9030-256edd2b0da0,7269e20f-3fbe-4aca-8ca9-629e4a23a29e
702f08f2-be30-4cec-9030-256edd2b0da0,aa1fbdc2-d5d4-47c2-8db1-ba4a168e6cb2
702f08f2-be30-4cec-9030-256edd2b0da0,7506012d-6f01-497b-9bb6-3fcd5721b362
702f08f2-be30-4cec-9030-256edd2b0da0,07f3573b-489b-4058-bfb5-b5caed78f53d
702f08f2-be30-4cec-9030-256edd2b0da0,6ceab0a8-c983-4a67-a832-5749b651950f
702f08f2-be30-4cec-9030-256edd2b0da0,77feff39-5c1a-45c3-9ffb-7dd9bc1eda32
702f08f2-be30-4cec-9030-256edd2b0da0,c650314a-7aa9-48ea-8897-2ac33ea650b6
702f08f2-be30-4cec-9030-256edd2b0da0,62114484-51e7-48ff-9f3a-70120693ec86
702f08f2-be30-4cec-9030-256edd2b0da0,43e1eca6-3f64-44c4-9078-2365d0cd6715
702f08f2-be30-4cec-9030-256edd2b0da0,e5ae13b6-b800-4769-8228-5862bc330697
702f08f2-be30-4cec-9030-256edd2b0da0,754d870e-d41e-4e3a-9334-7bd6511c1261
702f08f2-be30-4cec-9030-256edd2b0da0,1157468a-262e-45ca-9908-671dd0c38214
702f08f2-be30-4cec-9030-256edd2b0da0,b036650e-2b09-4838-b73d-d173379bfde9
702f08f2-be30-4cec-9030-256edd2b0da0,2294e905-3887-4c16-825d-6ae4bacbac9f
702f08f2-be30-4cec-9030-256edd2b0da0,e0d09b7a-24d7-4999-b984-849bbe22b315
702f08f2-be30-4cec-9030-256edd2b0da0,d0209c99-272f-44d4-95ac-773580cc49e7
702f08f2-be30-4cec-9030-256edd2b0da0,a6614c23-e471-492c-85ab-5fb93df4fe9f
702f08f2-be30-4cec-9030-256edd2b0da0,8660b916-74a4-4681-8ebb-29f6dfac253f
702f08f2-be30-4cec-9030-256edd2b0da0,e5ab09ff-1ebd-4f0e-ad33-1d9a2cbc6cac
702f08f2-be30-4cec-9030-256edd2b0da0,24ef8edc-f211-4695-b4e9-52f45d1d0518
702f08f2-be30-4cec-9030-256edd2b0da0,850fe1fc-0117-41e5-aded-118f05efd64b
702f08f2-be30-4cec-9030-256edd2b0da0,51855b37-3481-4584-baf7-2dd9fb5c3a3f
702f08f2-be30-4cec-9030-256edd2b0da0,6e0075ee-cf72-46c5-b969-9e15ec7e3af5
702f08f2-be30-4cec-9030-256edd2b0da0,8673f2fa-3e3a-4857-852e-a65181599643
702f08f2-be30-4cec-9030-256edd2b0da0,9aae31b0-3130-4d23-9924-a2f8396d98e3
702f08f2-be30-4cec-9030-256edd2b0da0,502db1d7-409c-499d-9b4b-306c05ae72a9
702f08f2-be30-4cec-9030-256edd2b0da0,d251e64b-0d00-41f5-b1a8-666493cfb504
702f08f2-be30-4cec-9030-256edd2b0da0,7e6bf90e-4e10-4d2e-ba10-9ad65024947f
702f08f2-be30-4cec-9030-256edd2b0da0,0a3fe50b-9277-45c7-88cf-e338009d467d
702f08f2-be30-4cec-9030-256edd2b0da0,80b50ef8-96ea-4fb6-a37b-24de67bf946c
702f08f2-be30-4cec-9030-256edd2b0da0,f781feae-f0ae-4568-9595-223221955cac
702f08f2-be30-4cec-9030-256edd2b0da0,7dcd2312-1b4e-409c-ac67-f2c562aeecca
702f08f2-be30-4cec-9030-256edd2b0da0,6683aabb-9d5a-4454-b006-f828c5a95a39
702f08f2-be30-4cec-9030-256edd2b0da0,3e2d97be-d00f-453a-89af-e35c3b1e8719
702f08f2-be30-4cec-9030-256edd2b0da0,29e9fb72-29dd-4362-a278-80e5beca153e
702f08f2-be30-4cec-9030-256edd2b0da0,6e821edf-e26e-40a1-93e3-2c20a9412fb7
702f08f2-be30-4cec-9030-256edd2b0da0,9d9eccd9-67fc-4f71-a8da-94e0dbd79259
702f08f2-be30-4cec-9030-256edd2b0da0,67cd3f59-43c6-4398-8f02-36bbc707e8c3
702f08f2-be30-4cec-9030-256edd2b0da0,c1dcd3bb-ec1e-416b-ab92-6205e81f4aaf
702f08f2-be30-4cec-9030-256edd2b0da0,39cc1231-731e-4ea9-b1bd-93b6c0d660c0
702f08f2-be30-4cec-9030-256edd2b0da0,66bb73df-60a3-4093-a8ce-0f3d56673316
702f08f2-be30-4cec-9030-256edd2b0da0,4f2f4f3d-487e-4144-a03f-5675a4dfe028
702f08f2-be30-4cec-9030-256edd2b0da0,22d1086b-80cd-45c5-8407-b6f9287842b1
702f08f2-be30-4cec-9030-256edd2b0da0,a467b389-e767-4a4a-89c6-da159e3b7208
702f08f2-be30-4cec-9030-256edd2b0da0,9288dc96-7c6b-4be6-911e-91c71cf4ae85
702f08f2-be30-4cec-9030-256edd2b0da0,742573f3-b658-4e0c-9183-e1a61ce9c201
702f08f2-be30-4cec-9030-256edd2b0da0,446a0158-cc72-46c3-a850-9593fb8b5cf5
702f08f2-be30-4cec-9030-256edd2b0da0,4a4ba199-9481-41a3-b30e-4504e44c9bad
702f08f2-be30-4cec-9030-256edd2b0da0,73b363c6-c734-4f2f-8db7-3bc47c104833
702f08f2-be30-4cec-9030-256edd2b0da0,b82ecc00-6336-42a4-9266-ee756671a255
702f08f2-be30-4cec-9030-256edd2b0da0,ad3dce70-faf5-4a7e-9b90-4493c27a4f1d
702f08f2-be30-4cec-9030-256edd2b0da0,6858b9d4-74a6-41cb-9997-1f72253c9074
702f08f2-be30-4cec-9030-256edd2b0da0,94ff19e0-7bd9-462f-a232-602487b83ee3
702f08f2-be30-4cec-9030-256edd2b0da0,06670f03-5e3a-44f0-bfba-65d9dd6dc25e
702f08f2-be30-4cec-9030-256edd2b0da0,a2ec249c-789d-4fd0-b156-b3ca34cecafd
702f08f2-be30-4cec-9030-256edd2b0da0,3ea22688-0f8c-4533-93e9-a4d912ee29b7
702f08f2-be30-4cec-9030-256edd2b0da0,a565cfee-8d16-47c9-b766-fde13d5a578d
702f08f2-be30-4cec-9030-256edd2b0da0,e607b15b-d7c2-4fa2-b1ff-ea1039a84716
702f08f2-be30-4cec-9030-256edd2b0da0,6c51bd3f-66f0-4872-a1cc-36e110ef569a
702f08f2-be30-4cec-9030-256edd2b0da0,f01613a7-8162-4e07-921b-360996b718f1
702f08f2-be30-4cec-9030-256edd2b0da0,06ec0fa1-cb98-44ca-b894-18bd638e4c8b
702f08f2-be30-4cec-9030-256edd2b0da0,1e27e946-9812-446d-b1de-10f15c09b209
702f08f2-be30-4cec-9030-256edd2b0da0,b38c5c33-8dcd-4cc4-9f16-142947bc970d
702f08f2-be30-4cec-9030-256edd2b0da0,bd6e0b72-6e5b-47c0-9520-a1f971c68276
702f08f2-be30-4cec-9030-256edd2b0da0,20331205-67dd-433d-ad01-c9e481d2c97b
702f08f2-be30-4cec-9030-256edd2b0da0,f8406140-e428-4df3-beeb-83ff6f4afed9
702f08f2-be30-4cec-9030-256edd2b0da0,836f225c-e07e-43ef-997d-66276e5867fe
702f08f2-be30-4cec-9030-256edd2b0da0,60702ca7-42a1-4987-986c-a3ee17498c4a
702f08f2-be30-4cec-9030-256edd2b0da0,9788c9f9-18fe-4964-948b-fa3e9fa41cdb
702f08f2-be30-4cec-9030-256edd2b0da0,3dfc04ee-90f5-4552-9db6-9aa2bafb4863
702f08f2-be30-4cec-9030-256edd2b0da0,214a2145-5c5f-46d7-b2dc-7f7655e55ab9
702f08f2-be30-4cec-9030-256edd2b0da0,d1714486-168b-4fe7-8346-debe71df568b
702f08f2-be30-4cec-9030-256edd2b0da0,ad10b4e3-814b-4e82-a82f-3f9442fe66f5
702f08f2-be30-4cec-9030-256edd2b0da0,f8b6e462-49bb-4e76-b099-c0133274a3bd
702f08f2-be30-4cec-9030-256edd2b0da0,eeb82e1b-91f6-4b63-969b-973a83942ce3
702f08f2-be30-4cec-9030-256edd2b0da0,d5649aa4-a6e3-48af-8105-2e0ec5434212
702f08f2-be30-4cec-9030-256edd2b0da0,ad3e5336-d71d-4c7e-bb9c-b8b14c03a1a2
702f08f2-be30-4cec-9030-256edd2b0da0,95c56220-63dd-475d-b41f-4b44df8a3a80
702f08f2-be30-4cec-9030-256edd2b0da0,cf599950-90e3-40fe-85ed-ca9163ef53f2
702f08f2-be30-4cec-9030-256edd2b0da0,79cd9f01-ae1c-43cb-be24-bdb46521487b
702f08f2-be30-4cec-9030-256edd2b0da0,7fbab367-1c6a-46ad-8372-310557c4ac13
702f08f2-be30-4cec-9030-256edd2b0da0,0b792253-46d3-4cbf-b82c-f8e732f797b2
702f08f2-be30-4cec-9030-256edd2b0da0,cc60b90d-44dc-4072-8b9b-f0f04e8626a1
bb439a69-9d15-43d8-88e1-83b5d7d8994f,310deddf-3b76-4ab4-ac58-0b533114d28e
bb439a69-9d15-43d8-88e1-83b5d7d8994f,8d53b5b6-de15-4dda-bedf-0fe719318f0d
bb439a69-9d15-43d8-88e1-83b5d7d8994f,f2e26f34-1ab0-458e-b16e-e374e6b04551
bb439a69-9d15-43d8-88e1-83b5d7d8994f,918c8d8b-7b5a-4fb9-a318-1b2e5cf21b4b
bb439a69-9d15-43d8-88e1-83b5d7d8994f,4472419c-1eb6-41e4-b8db-8dfce937324b
bb439a69-9d15-43d8-88e1-83b5d7d8994f,351f58fa-1b78-4734-8671-6d720d408b7f
bb439a69-9d15-43d8-88e1-83b5d7d8994f,51d425c2-6454-4fbe-bb0c-f3af52829531
bb439a69-9d15-43d8-88e1-83b5d7d8994f,40cc591b-3cb0-4ad1-be4f-526c1fba2d39
bb439a69-9d15-43d8-88e1-83b5d7d8994f,5b93e3e8-7878-4bbb-a19d-9c5f24c43042
bb439a69-9d15-43d8-88e1-83b5d7d8994f,866d8801-91f6-4b3e-8561-0d8fd8259337
bb439a69-9d15-43d8-88e1-83b5d7d8994f,4f4b9719-3524-4a00-a74b-44d9e3ee3afb
bb439a69-9d15-43d8-88e1-83b5d7d8994f,f807fc0c-3ee2-431f-8d8a-adf3824c843b
bb439a69-9d15-43d8-88e1-83b5d7d8994f,9eb1e82e-0daa-4198-b22a-25baf5bb1ce0
bb439a69-9d15-43d8-88e1-83b5d7d8994f,d6050df4-1649-4462-aa9b-92d89fcc5b8f
bb439a69-9d15-43d8-88e1-83b5d7d8994f,6163b9c8-c32e-48f0-9d62-aac133855b4c
bb439a69-9d15-43d8-88e1-83b5d7d8994f,66cece40-6468-4214-99a4-137b00723416
bb439a69-9d15-43d8-88e1-83b5d7d8994f,18ba28e1-545d-417b-a65b-617f35af5ff9
bb439a69-9d15-43d8-88e1-83b5d7d8994f,6e3a271a-415b-4758-a144-e9b76f0592c7
bb439a69-9d15-43d8-88e1-83b5d7d8994f,dbdbda3d-affd-469e-ae41-988780d7e542
bb439a69-9d15-43d8-88e1-83b5d7d8994f,b2c4e95d-130a-4230-b137-6de667683f52
bb439a69-9d15-43d8-88e1-83b5d7d8994f,a034a9a1-d6c4-49fa-905d-e716a5b5d197
bb439a69-9d15-43d8-88e1-83b5d7d8994f,132b63b9-3673-4047-a767-bed235052a2e
bb439a69-9d15-43d8-88e1-83b5d7d8994f,59af5df8-04cf-496c-a615-a353b2e96031
bb439a69-9d15-43d8-88e1-83b5d7d8994f,faea6673-d730-47bf-a3d3-dc0df145b0d9
bb439a69-9d15-43d8-88e1-83b5d7d8994f,520e5c3c-a44a-43b7-b68b-b385a543ac75
bb439a69-9d15-43d8-88e1-83b5d7d8994f,59ca0ede-8a28-4dd0-9bec-edc28b3bb77c
bb439a69-9d15-43d8-88e1-83b5d7d8994f,738a9f3f-0d33-43d5-9f02-19bfa2020f6a
bb439a69-9d15-43d8-88e1-83b5d7d8994f,fc75d94c-f1a6-48ae-aa89-9a89a5e4649b
bb439a69-9d15-43d8-88e1-83b5d7d8994f,faa1753e-7ca7-4b88-9e05-c80806524c94
bb439a69-9d15-43d8-88e1-83b5d7d8994f,94d9cbe9-5aeb-439b-ad7c-e4d5076818e4
bb439a69-9d15-43d8-88e1-83b5d7d8994f,25eaf357-c3ab-4032-9be2-48b62745ef5d
bb439a69-9d15-43d8-88e1-83b5d7d8994f,4923789b-0add-4277-986a-8d047cf658c9
bb439a69-9d15-43d8-88e1-83b5d7d8994f,e9883f5d-ee9f-4615-af18-6ddd5d5e0b79
bb439a69-9d15-43d8-88e1-83b5d7d8994f,e3eae30b-0447-44b1-974d-2988aefe3d48
bb439a69-9d15-43d8-88e1-83b5d7d8994f,ea3e66d5-80dd-43b8-b7a9-a01d1fd93222
bb439a69-9d15-43d8-88e1-83b5d7d8994f,5406c988-97ab-4575-9791-2331833a3feb
bb439a69-9d15-43d8-88e1-83b5d7d8994f,366ae729-20e9-42b6-8841-6f20305a053f
bb439a69-9d15-43d8-88e1-83b5d7d8994f,06cc5f6b-a65f-49fe-90af-a67f977d65b5
bb439a69-9d15-43d8-88e1-83b5d7d8994f,828ebd35-5fdf-43e2-82cc-c0d481a427be
bb439a69-9d15-43d8-88e1-83b5d7d8994f,8c814e0b-8190-4c1a-84f7-85dd6508a4c6
bb439a69-9d15-43d8-88e1-83b5d7d8994f,d31168b9-2292-4871-9add-616e37f023c1
bb439a69-9d15-43d8-88e1-83b5d7d8994f,f7a62c48-2137-47df-87fb-4f8a4a35bbfd
bb439a69-9d15-43d8-88e1-83b5d7d8994f,d7f7f3db-f181-457e-8ced-c5624ad13a71
bb439a69-9d15-43d8-88e1-83b5d7d8994f,a37f3c6b-31b3-4cb9-b6f9-9844b66c12d6
bb439a69-9d15-43d8-88e1-83b5d7d8994f,8ddc12a3-72c9-4b2b-ae56-144500082035
bb439a69-9d15-43d8-88e1-83b5d7d8994f,2df8c5a6-2c4c-49bc-ac19-08adadc5f7b8
bb439a69-9d15-43d8-88e1-83b5d7d8994f,c873950c-6df2-45f6-91ca-128be906a563
bb439a69-9d15-43d8-88e1-83b5d7d8994f,c825eb1b-1c8c-4dfa-9df7-07077d1f7f56
bb439a69-9d15-43d8-88e1-83b5d7d8994f,949a6ec9-0bfb-481e-802c-b9381d3ac291
bb439a69-9d15-43d8-88e1-83b5d7d8994f,986e001a-6c3c-473a-a96f-37da3b1c9ab5
bb439a69-9d15-43d8-88e1-83b5d7d8994f,29bf85ea-bc91-4d69-9cc4-a1be3b38e493
bb439a69-9d15-43d8-88e1-83b5d7d8994f,4e962a74-801d-46a2-b902-69e675ea53e1
bb439a69-9d15-43d8-88e1-83b5d7d8994f,1e03b946-521b-4442-871d-37c191436477
bb439a69-9d15-43d8-88e1-83b5d7d8994f,31138618-e8e3-4e88-bd54-198c5e2ae922
bb439a69-9d15-43d8-88e1-83b5d7d8994f,8f662cbd-2d93-4ecc-a858-5ef050662fc6
bb439a69-9d15-43d8-88e1-83b5d7d8994f,33169def-c18a-4319-ae78-5fc4f4d85c95
bb439a69-9d15-43d8-88e1-83b5d7d8994f,883b89b9-ed72-496e-922a-1cde11f60c22
bb439a69-9d15-43d8-88e1-83b5d7d8994f,11ced668-07fe-416b-a4c4-dfd14aa37315
bb439a69-9d15-43d8-88e1-83b5d7d8994f,3144cfd0-0053-4702-b6bc-d27a02b21373
bb439a69-9d15-43d8-88e1-83b5d7d8994f,2561f85e-a0c2-496a-a417-461a2f7e95f2
bb439a69-9d15-43d8-88e1-83b5d7d8994f,545c3fd6-7fca-4381-9fcd-d4e95a45f296
bb439a69-9d15-43d8-88e1-83b5d7d8994f,de553c0d-af8a-46c6-aed5-69a270307dab
bb439a69-9d15-43d8-88e1-83b5d7d8994f,926db7d8-e784-4663-adf2-a4276d290ef7
bb439a69-9d15-43d8-88e1-83b5d7d8994f,d62d8c8d-20ee-40f0-8a37-63038a41114d
bb439a69-9d15-43d8-88e1-83b5d7d8994f,dd892d35-abb6-4e64-b1b5-4dfcf43e9b8b
bb439a69-9d15-43d8-88e1-83b5d7d8994f,f71b655b-c53b-4efc-9213-e7f148f8f494
bb439a69-9d15-43d8-88e1-83b5d7d8994f,68deab0c-3c8a-4a77-a93e-3c2ef2c8a281
bb439a69-9d15-43d8-88e1-83b5d7d8994f,61c3fdc7-0fcd-4e4d-82ce-f03eb4a618a4
bb439a69-9d15-43d8-88e1-83b5d7d8994f,83e11abc-1fe6-4642-8e1f-9fbcb22c7744
bb439a69-9d15-43d8-88e1-83b5d7d8994f,d42d03b1-47f2-493c-9a7e-638fa041c97e
bb439a69-9d15-43d8-88e1-83b5d7d8994f,916800c5-0dab-4254-b327-b06f0543824d
bb439a69-9d15-43d8-88e1-83b5d7d8994f,3e92fb43-2e91-4386-b73d-0577e19d75d9
bb439a69-9d15-43d8-88e1-83b5d7d8994f,2b06c7f0-65f9-42db-a886-e03b61862fb6
bb439a69-9d15-43d8-88e1-83b5d7d8994f,ac0f367a-7ab5-49c6-b6f0-77b231d3a3b9
bb439a69-9d15-43d8-88e1-83b5d7d8994f,a31a9d84-f261-438e-a9c4-b7007ba7325a
bb439a69-9d15-43d8-88e1-83b5d7d8994f,22a9f422-7940-44d8-97b1-73740629cd66
bb439a69-9d15-43d8-88e1-83b5d7d8994f,2aa31dba-d9bb-464e-8b0c-8cce78f6cd61
bb439a69-9d15-43d8-88e1-83b5d7d8994f,34960863-e909-47f2-85e2-b1ed246c57da
bb439a69-9d15-43d8-88e1-83b5d7d8994f,c3159d31-a64a-4d9a-b6cc-646165304a5a
bb439a69-9d15-43d8-88e1-83b5d7d8994f,cf000ee7-2282-4bdc-9d93-97376fa4ab78
bb439a69-9d15-43d8-88e1-83b5d7d8994f,88dc921f-92ff-4bb7-91a3-6b217bed3f1f
bb439a69-9d15-43d8-88e1-83b5d7d8994f,337de7d2-50b7-415e-9805-11af72a33a3e
bb439a69-9d15-43d8-88e1-83b5d7d8994f,50b2d520-4907-47fb-9deb-01b9f0a60f80
bb439a69-9d15-43d8-88e1-83b5d7d8994f,8ad5f7f8-b3c0-4e0e-a74d-434acfdee09c
bb439a69-9d15-43d8-88e1-83b5d7d8994f,a6647f78-6490-48a6-8f38-3a74fd371769
bb439a69-9d15-43d8-88e1-83b5d7d8994f,35515ac2-9f86-43da-a1e5-f9002f4c1fc0
bb439a69-9d15-43d8-88e1-83b5d7d8994f,54a20f39-58d4-42ce-b3ad-d826b627b1a4
bb439a69-9d15-43d8-88e1-83b5d7d8994f,2bf6c830-ebb6-478f-841e-aaab8edcec4d
bb439a69-9d15-43d8-88e1-83b5d7d8994f,4178a4ef-1c0a-48fc-a569-e7c83cfbd46f
bb439a69-9d15-43d8-88e1-83b5d7d8994f,b98682ac-fc8a-4570-b840-ea5580431f34
bb439a69-9d15-43d8-88e1-83b5d7d8994f,f0cf72f8-e25e-49ad-acf8-f26be2ae4527
bb439a69-9d15-43d8-88e1-83b5d7d8994f,1343e1c5-31f9-4297-b7eb-ed5c114bb32c
bb439a69-9d15-43d8-88e1-83b5d7d8994f,e25ccca6-48b6-40b3-94e6-fbc5322abedd
bb439a69-9d15-43d8-88e1-83b5d7d8994f,8fce6009-39c9-47da-88ce-34517b74ec97
bb439a69-9d15-43d8-88e1-83b5d7d8994f,9add746b-4905-49fa-8f55-170be0513a55
bb439a69-9d15-43d8-88e1-83b5d7d8994f,8ecb4a42-c120-433a-8d55-42e08fd561fb
bb439a69-9d15-43d8-88e1-83b5d7d8994f,49ed75e6-43f8-4444-92e3-c920c5ff4b2f
bb439a69-9d15-43d8-88e1-83b5d7d8994f,7f34c09b-723f-47d0-b75b-c498b5084067
bb439a69-9d15-43d8-88e1-83b5d7d8994f,964715b5-fdc9-46bd-b670-8e4e7cc56256
bb439a69-9d15-43d8-88e1-83b5d7d8994f,e75f110b-6b97-4ff4-b6a2-f230b9d87639
bb439a69-9d15-43d8-88e1-83b5d7d8994f,aa1fbdc2-d5d4-47c2-8db1-ba4a168e6cb2
bb439a69-9d15-43d8-88e1-83b5d7d8994f,7269e20f-3fbe-4aca-8ca9-629e4a23a29e
bb439a69-9d15-43d8-88e1-83b5d7d8994f,7506012d-6f01-497b-9bb6-3fcd5721b362
bb439a69-9d15-43d8-88e1-83b5d7d8994f,77feff39-5c1a-45c3-9ffb-7dd9bc1eda32
bb439a69-9d15-43d8-88e1-83b5d7d8994f,62114484-51e7-48ff-9f3a-70120693ec86
bb439a69-9d15-43d8-88e1-83b5d7d8994f,c650314a-7aa9-48ea-8897-2ac33ea650b6
bb439a69-9d15-43d8-88e1-83b5d7d8994f,07f3573b-489b-4058-bfb5-b5caed78f53d
bb439a69-9d15-43d8-88e1-83b5d7d8994f,6ceab0a8-c983-4a67-a832-5749b651950f
bb439a69-9d15-43d8-88e1-83b5d7d8994f,43e1eca6-3f64-44c4-9078-2365d0cd6715
bb439a69-9d15-43d8-88e1-83b5d7d8994f,1157468a-262e-45ca-9908-671dd0c38214
bb439a69-9d15-43d8-88e1-83b5d7d8994f,e5ae13b6-b800-4769-8228-5862bc330697
bb439a69-9d15-43d8-88e1-83b5d7d8994f,754d870e-d41e-4e3a-9334-7bd6511c1261
bb439a69-9d15-43d8-88e1-83b5d7d8994f,b036650e-2b09-4838-b73d-d173379bfde9
bb439a69-9d15-43d8-88e1-83b5d7d8994f,2294e905-3887-4c16-825d-6ae4bacbac9f
bb439a69-9d15-43d8-88e1-83b5d7d8994f,e0d09b7a-24d7-4999-b984-849bbe22b315
bb439a69-9d15-43d8-88e1-83b5d7d8994f,d0209c99-272f-44d4-95ac-773580cc49e7
bb439a69-9d15-43d8-88e1-83b5d7d8994f,a6614c23-e471-492c-85ab-5fb93df4fe9f
bb439a69-9d15-43d8-88e1-83b5d7d8994f,8660b916-74a4-4681-8ebb-29f6dfac253f
bb439a69-9d15-43d8-88e1-83b5d7d8994f,e5ab09ff-1ebd-4f0e-ad33-1d9a2cbc6cac
bb439a69-9d15-43d8-88e1-83b5d7d8994f,24ef8edc-f211-4695-b4e9-52f45d1d0518
bb439a69-9d15-43d8-88e1-83b5d7d8994f,850fe1fc-0117-41e5-aded-118f05efd64b
bb439a69-9d15-43d8-88e1-83b5d7d8994f,51855b37-3481-4584-baf7-2dd9fb5c3a3f
bb439a69-9d15-43d8-88e1-83b5d7d8994f,9aae31b0-3130-4d23-9924-a2f8396d98e3
bb439a69-9d15-43d8-88e1-83b5d7d8994f,502db1d7-409c-499d-9b4b-306c05ae72a9
bb439a69-9d15-43d8-88e1-83b5d7d8994f,8673f2fa-3e3a-4857-852e-a65181599643
bb439a69-9d15-43d8-88e1-83b5d7d8994f,6e0075ee-cf72-46c5-b969-9e15ec7e3af5
bb439a69-9d15-43d8-88e1-83b5d7d8994f,7e6bf90e-4e10-4d2e-ba10-9ad65024947f
bb439a69-9d15-43d8-88e1-83b5d7d8994f,d251e64b-0d00-41f5-b1a8-666493cfb504
bb439a69-9d15-43d8-88e1-83b5d7d8994f,80b50ef8-96ea-4fb6-a37b-24de67bf946c
bb439a69-9d15-43d8-88e1-83b5d7d8994f,0a3fe50b-9277-45c7-88cf-e338009d467d
bb439a69-9d15-43d8-88e1-83b5d7d8994f,f781feae-f0ae-4568-9595-223221955cac
bb439a69-9d15-43d8-88e1-83b5d7d8994f,6683aabb-9d5a-4454-b006-f828c5a95a39
bb439a69-9d15-43d8-88e1-83b5d7d8994f,7dcd2312-1b4e-409c-ac67-f2c562aeecca
bb439a69-9d15-43d8-88e1-83b5d7d8994f,3e2d97be-d00f-453a-89af-e35c3b1e8719
bb439a69-9d15-43d8-88e1-83b5d7d8994f,29e9fb72-29dd-4362-a278-80e5beca153e
bb439a69-9d15-43d8-88e1-83b5d7d8994f,9d9eccd9-67fc-4f71-a8da-94e0dbd79259
bb439a69-9d15-43d8-88e1-83b5d7d8994f,6e821edf-e26e-40a1-93e3-2c20a9412fb7
bb439a69-9d15-43d8-88e1-83b5d7d8994f,67cd3f59-43c6-4398-8f02-36bbc707e8c3
bb439a69-9d15-43d8-88e1-83b5d7d8994f,c1dcd3bb-ec1e-416b-ab92-6205e81f4aaf
bb439a69-9d15-43d8-88e1-83b5d7d8994f,39cc1231-731e-4ea9-b1bd-93b6c0d660c0
bb439a69-9d15-43d8-88e1-83b5d7d8994f,66bb73df-60a3-4093-a8ce-0f3d56673316
bb439a69-9d15-43d8-88e1-83b5d7d8994f,a467b389-e767-4a4a-89c6-da159e3b7208
bb439a69-9d15-43d8-88e1-83b5d7d8994f,742573f3-b658-4e0c-9183-e1a61ce9c201
bb439a69-9d15-43d8-88e1-83b5d7d8994f,9288dc96-7c6b-4be6-911e-91c71cf4ae85
bb439a69-9d15-43d8-88e1-83b5d7d8994f,4f2f4f3d-487e-4144-a03f-5675a4dfe028
bb439a69-9d15-43d8-88e1-83b5d7d8994f,22d1086b-80cd-45c5-8407-b6f9287842b1
bb439a69-9d15-43d8-88e1-83b5d7d8994f,446a0158-cc72-46c3-a850-9593fb8b5cf5
bb439a69-9d15-43d8-88e1-83b5d7d8994f,ad3dce70-faf5-4a7e-9b90-4493c27a4f1d
bb439a69-9d15-43d8-88e1-83b5d7d8994f,4a4ba199-9481-41a3-b30e-4504e44c9bad
bb439a69-9d15-43d8-88e1-83b5d7d8994f,b82ecc00-6336-42a4-9266-ee756671a255
bb439a69-9d15-43d8-88e1-83b5d7d8994f,73b363c6-c734-4f2f-8db7-3bc47c104833
bb439a69-9d15-43d8-88e1-83b5d7d8994f,94ff19e0-7bd9-462f-a232-602487b83ee3
bb439a69-9d15-43d8-88e1-83b5d7d8994f,6858b9d4-74a6-41cb-9997-1f72253c9074
bb439a69-9d15-43d8-88e1-83b5d7d8994f,06670f03-5e3a-44f0-bfba-65d9dd6dc25e
bb439a69-9d15-43d8-88e1-83b5d7d8994f,f01613a7-8162-4e07-921b-360996b718f1
bb439a69-9d15-43d8-88e1-83b5d7d8994f,a2ec249c-789d-4fd0-b156-b3ca34cecafd
bb439a69-9d15-43d8-88e1-83b5d7d8994f,e607b15b-d7c2-4fa2-b1ff-ea1039a84716
bb439a69-9d15-43d8-88e1-83b5d7d8994f,3ea22688-0f8c-4533-93e9-a4d912ee29b7
bb439a69-9d15-43d8-88e1-83b5d7d8994f,a565cfee-8d16-47c9-b766-fde13d5a578d
bb439a69-9d15-43d8-88e1-83b5d7d8994f,6c51bd3f-66f0-4872-a1cc-36e110ef569a
bb439a69-9d15-43d8-88e1-83b5d7d8994f,06ec0fa1-cb98-44ca-b894-18bd638e4c8b
bb439a69-9d15-43d8-88e1-83b5d7d8994f,b38c5c33-8dcd-4cc4-9f16-142947bc970d
bb439a69-9d15-43d8-88e1-83b5d7d8994f,f8406140-e428-4df3-beeb-83ff6f4afed9
bb439a69-9d15-43d8-88e1-83b5d7d8994f,1e27e946-9812-446d-b1de-10f15c09b209
bb439a69-9d15-43d8-88e1-83b5d7d8994f,836f225c-e07e-43ef-997d-66276e5867fe
bb439a69-9d15-43d8-88e1-83b5d7d8994f,bd6e0b72-6e5b-47c0-9520-a1f971c68276
bb439a69-9d15-43d8-88e1-83b5d7d8994f,60702ca7-42a1-4987-986c-a3ee17498c4a
bb439a69-9d15-43d8-88e1-83b5d7d8994f,20331205-67dd-433d-ad01-c9e481d2c97b
bb439a69-9d15-43d8-88e1-83b5d7d8994f,9788c9f9-18fe-4964-948b-fa3e9fa41cdb
bb439a69-9d15-43d8-88e1-83b5d7d8994f,3dfc04ee-90f5-4552-9db6-9aa2bafb4863
bb439a69-9d15-43d8-88e1-83b5d7d8994f,214a2145-5c5f-46d7-b2dc-7f7655e55ab9
bb439a69-9d15-43d8-88e1-83b5d7d8994f,d1714486-168b-4fe7-8346-debe71df568b
bb439a69-9d15-43d8-88e1-83b5d7d8994f,ad10b4e3-814b-4e82-a82f-3f9442fe66f5
bb439a69-9d15-43d8-88e1-83b5d7d8994f,f8b6e462-49bb-4e76-b099-c0133274a3bd
bb439a69-9d15-43d8-88e1-83b5d7d8994f,eeb82e1b-91f6-4b63-969b-973a83942ce3
bb439a69-9d15-43d8-88e1-83b5d7d8994f,d5649aa4-a6e3-48af-8105-2e0ec5434212
bb439a69-9d15-43d8-88e1-83b5d7d8994f,ad3e5336-d71d-4c7e-bb9c-b8b14c03a1a2
bb439a69-9d15-43d8-88e1-83b5d7d8994f,95c56220-63dd-475d-b41f-4b44df8a3a80
bb439a69-9d15-43d8-88e1-83b5d7d8994f,cf599950-90e3-40fe-85ed-ca9163ef53f2
bb439a69-9d15-43d8-88e1-83b5d7d8994f,79cd9f01-ae1c-43cb-be24-bdb46521487b
bb439a69-9d15-43d8-88e1-83b5d7d8994f,7fbab367-1c6a-46ad-8372-310557c4ac13
bb439a69-9d15-43d8-88e1-83b5d7d8994f,0b792253-46d3-4cbf-b82c-f8e732f797b2
bb439a69-9d15-43d8-88e1-83b5d7d8994f,cc60b90d-44dc-4072-8b9b-f0f04e8626a1
fa72b8b2-a637-4597-b986-a8daf0ab5390,f2e26f34-1ab0-458e-b16e-e374e6b04551
fa72b8b2-a637-4597-b986-a8daf0ab5390,8d53b5b6-de15-4dda-bedf-0fe719318f0d
fa72b8b2-a637-4597-b986-a8daf0ab5390,4472419c-1eb6-41e4-b8db-8dfce937324b
fa72b8b2-a637-4597-b986-a8daf0ab5390,351f58fa-1b78-4734-8671-6d720d408b7f
fa72b8b2-a637-4597-b986-a8daf0ab5390,51d425c2-6454-4fbe-bb0c-f3af52829531
fa72b8b2-a637-4597-b986-a8daf0ab5390,310deddf-3b76-4ab4-ac58-0b533114d28e
fa72b8b2-a637-4597-b986-a8daf0ab5390,a37f3c6b-31b3-4cb9-b6f9-9844b66c12d6
fa72b8b2-a637-4597-b986-a8daf0ab5390,866d8801-91f6-4b3e-8561-0d8fd8259337
fa72b8b2-a637-4597-b986-a8daf0ab5390,40cc591b-3cb0-4ad1-be4f-526c1fba2d39
fa72b8b2-a637-4597-b986-a8daf0ab5390,5b93e3e8-7878-4bbb-a19d-9c5f24c43042
fa72b8b2-a637-4597-b986-a8daf0ab5390,d6050df4-1649-4462-aa9b-92d89fcc5b8f
fa72b8b2-a637-4597-b986-a8daf0ab5390,6163b9c8-c32e-48f0-9d62-aac133855b4c
fa72b8b2-a637-4597-b986-a8daf0ab5390,66cece40-6468-4214-99a4-137b00723416
fa72b8b2-a637-4597-b986-a8daf0ab5390,18ba28e1-545d-417b-a65b-617f35af5ff9
fa72b8b2-a637-4597-b986-a8daf0ab5390,6e3a271a-415b-4758-a144-e9b76f0592c7
fa72b8b2-a637-4597-b986-a8daf0ab5390,dbdbda3d-affd-469e-ae41-988780d7e542
fa72b8b2-a637-4597-b986-a8daf0ab5390,b2c4e95d-130a-4230-b137-6de667683f52
fa72b8b2-a637-4597-b986-a8daf0ab5390,4f4b9719-3524-4a00-a74b-44d9e3ee3afb
fa72b8b2-a637-4597-b986-a8daf0ab5390,f807fc0c-3ee2-431f-8d8a-adf3824c843b
fa72b8b2-a637-4597-b986-a8daf0ab5390,9eb1e82e-0daa-4198-b22a-25baf5bb1ce0
fa72b8b2-a637-4597-b986-a8daf0ab5390,59af5df8-04cf-496c-a615-a353b2e96031
fa72b8b2-a637-4597-b986-a8daf0ab5390,faea6673-d730-47bf-a3d3-dc0df145b0d9
fa72b8b2-a637-4597-b986-a8daf0ab5390,520e5c3c-a44a-43b7-b68b-b385a543ac75
fa72b8b2-a637-4597-b986-a8daf0ab5390,59ca0ede-8a28-4dd0-9bec-edc28b3bb77c
fa72b8b2-a637-4597-b986-a8daf0ab5390,738a9f3f-0d33-43d5-9f02-19bfa2020f6a
fa72b8b2-a637-4597-b986-a8daf0ab5390,fc75d94c-f1a6-48ae-aa89-9a89a5e4649b
fa72b8b2-a637-4597-b986-a8daf0ab5390,faa1753e-7ca7-4b88-9e05-c80806524c94
fa72b8b2-a637-4597-b986-a8daf0ab5390,a034a9a1-d6c4-49fa-905d-e716a5b5d197
fa72b8b2-a637-4597-b986-a8daf0ab5390,132b63b9-3673-4047-a767-bed235052a2e
fa72b8b2-a637-4597-b986-a8daf0ab5390,4923789b-0add-4277-986a-8d047cf658c9
fa72b8b2-a637-4597-b986-a8daf0ab5390,e9883f5d-ee9f-4615-af18-6ddd5d5e0b79
fa72b8b2-a637-4597-b986-a8daf0ab5390,94d9cbe9-5aeb-439b-ad7c-e4d5076818e4
fa72b8b2-a637-4597-b986-a8daf0ab5390,25eaf357-c3ab-4032-9be2-48b62745ef5d
fa72b8b2-a637-4597-b986-a8daf0ab5390,ea3e66d5-80dd-43b8-b7a9-a01d1fd93222
fa72b8b2-a637-4597-b986-a8daf0ab5390,5406c988-97ab-4575-9791-2331833a3feb
fa72b8b2-a637-4597-b986-a8daf0ab5390,366ae729-20e9-42b6-8841-6f20305a053f
fa72b8b2-a637-4597-b986-a8daf0ab5390,06cc5f6b-a65f-49fe-90af-a67f977d65b5
fa72b8b2-a637-4597-b986-a8daf0ab5390,828ebd35-5fdf-43e2-82cc-c0d481a427be
fa72b8b2-a637-4597-b986-a8daf0ab5390,e3eae30b-0447-44b1-974d-2988aefe3d48
fa72b8b2-a637-4597-b986-a8daf0ab5390,d31168b9-2292-4871-9add-616e37f023c1
fa72b8b2-a637-4597-b986-a8daf0ab5390,8c814e0b-8190-4c1a-84f7-85dd6508a4c6
fa72b8b2-a637-4597-b986-a8daf0ab5390,f7a62c48-2137-47df-87fb-4f8a4a35bbfd
fa72b8b2-a637-4597-b986-a8daf0ab5390,d7f7f3db-f181-457e-8ced-c5624ad13a71
fa72b8b2-a637-4597-b986-a8daf0ab5390,918c8d8b-7b5a-4fb9-a318-1b2e5cf21b4b
fa72b8b2-a637-4597-b986-a8daf0ab5390,29bf85ea-bc91-4d69-9cc4-a1be3b38e493
fa72b8b2-a637-4597-b986-a8daf0ab5390,4e962a74-801d-46a2-b902-69e675ea53e1
fa72b8b2-a637-4597-b986-a8daf0ab5390,986e001a-6c3c-473a-a96f-37da3b1c9ab5
fa72b8b2-a637-4597-b986-a8daf0ab5390,1e03b946-521b-4442-871d-37c191436477
fa72b8b2-a637-4597-b986-a8daf0ab5390,31138618-e8e3-4e88-bd54-198c5e2ae922
fa72b8b2-a637-4597-b986-a8daf0ab5390,8f662cbd-2d93-4ecc-a858-5ef050662fc6
fa72b8b2-a637-4597-b986-a8daf0ab5390,33169def-c18a-4319-ae78-5fc4f4d85c95
fa72b8b2-a637-4597-b986-a8daf0ab5390,883b89b9-ed72-496e-922a-1cde11f60c22
fa72b8b2-a637-4597-b986-a8daf0ab5390,8ddc12a3-72c9-4b2b-ae56-144500082035
fa72b8b2-a637-4597-b986-a8daf0ab5390,2df8c5a6-2c4c-49bc-ac19-08adadc5f7b8
fa72b8b2-a637-4597-b986-a8daf0ab5390,c873950c-6df2-45f6-91ca-128be906a563
fa72b8b2-a637-4597-b986-a8daf0ab5390,c825eb1b-1c8c-4dfa-9df7-07077d1f7f56
fa72b8b2-a637-4597-b986-a8daf0ab5390,949a6ec9-0bfb-481e-802c-b9381d3ac291
fa72b8b2-a637-4597-b986-a8daf0ab5390,2561f85e-a0c2-496a-a417-461a2f7e95f2
fa72b8b2-a637-4597-b986-a8daf0ab5390,545c3fd6-7fca-4381-9fcd-d4e95a45f296
fa72b8b2-a637-4597-b986-a8daf0ab5390,de553c0d-af8a-46c6-aed5-69a270307dab
fa72b8b2-a637-4597-b986-a8daf0ab5390,11ced668-07fe-416b-a4c4-dfd14aa37315
fa72b8b2-a637-4597-b986-a8daf0ab5390,3144cfd0-0053-4702-b6bc-d27a02b21373
fa72b8b2-a637-4597-b986-a8daf0ab5390,d62d8c8d-20ee-40f0-8a37-63038a41114d
fa72b8b2-a637-4597-b986-a8daf0ab5390,dd892d35-abb6-4e64-b1b5-4dfcf43e9b8b
fa72b8b2-a637-4597-b986-a8daf0ab5390,f71b655b-c53b-4efc-9213-e7f148f8f494
fa72b8b2-a637-4597-b986-a8daf0ab5390,68deab0c-3c8a-4a77-a93e-3c2ef2c8a281
fa72b8b2-a637-4597-b986-a8daf0ab5390,61c3fdc7-0fcd-4e4d-82ce-f03eb4a618a4
fa72b8b2-a637-4597-b986-a8daf0ab5390,926db7d8-e784-4663-adf2-a4276d290ef7
fa72b8b2-a637-4597-b986-a8daf0ab5390,d42d03b1-47f2-493c-9a7e-638fa041c97e
fa72b8b2-a637-4597-b986-a8daf0ab5390,916800c5-0dab-4254-b327-b06f0543824d
fa72b8b2-a637-4597-b986-a8daf0ab5390,3e92fb43-2e91-4386-b73d-0577e19d75d9
fa72b8b2-a637-4597-b986-a8daf0ab5390,83e11abc-1fe6-4642-8e1f-9fbcb22c7744
fa72b8b2-a637-4597-b986-a8daf0ab5390,2b06c7f0-65f9-42db-a886-e03b61862fb6
fa72b8b2-a637-4597-b986-a8daf0ab5390,22a9f422-7940-44d8-97b1-73740629cd66
fa72b8b2-a637-4597-b986-a8daf0ab5390,2aa31dba-d9bb-464e-8b0c-8cce78f6cd61
fa72b8b2-a637-4597-b986-a8daf0ab5390,34960863-e909-47f2-85e2-b1ed246c57da
fa72b8b2-a637-4597-b986-a8daf0ab5390,c3159d31-a64a-4d9a-b6cc-646165304a5a
fa72b8b2-a637-4597-b986-a8daf0ab5390,cf000ee7-2282-4bdc-9d93-97376fa4ab78
fa72b8b2-a637-4597-b986-a8daf0ab5390,88dc921f-92ff-4bb7-91a3-6b217bed3f1f
fa72b8b2-a637-4597-b986-a8daf0ab5390,337de7d2-50b7-415e-9805-11af72a33a3e
fa72b8b2-a637-4597-b986-a8daf0ab5390,ac0f367a-7ab5-49c6-b6f0-77b231d3a3b9
fa72b8b2-a637-4597-b986-a8daf0ab5390,a31a9d84-f261-438e-a9c4-b7007ba7325a
fa72b8b2-a637-4597-b986-a8daf0ab5390,a6647f78-6490-48a6-8f38-3a74fd371769
fa72b8b2-a637-4597-b986-a8daf0ab5390,35515ac2-9f86-43da-a1e5-f9002f4c1fc0
fa72b8b2-a637-4597-b986-a8daf0ab5390,54a20f39-58d4-42ce-b3ad-d826b627b1a4
fa72b8b2-a637-4597-b986-a8daf0ab5390,2bf6c830-ebb6-478f-841e-aaab8edcec4d
fa72b8b2-a637-4597-b986-a8daf0ab5390,50b2d520-4907-47fb-9deb-01b9f0a60f80
fa72b8b2-a637-4597-b986-a8daf0ab5390,8ad5f7f8-b3c0-4e0e-a74d-434acfdee09c
fa72b8b2-a637-4597-b986-a8daf0ab5390,1343e1c5-31f9-4297-b7eb-ed5c114bb32c
fa72b8b2-a637-4597-b986-a8daf0ab5390,e25ccca6-48b6-40b3-94e6-fbc5322abedd
fa72b8b2-a637-4597-b986-a8daf0ab5390,8fce6009-39c9-47da-88ce-34517b74ec97
fa72b8b2-a637-4597-b986-a8daf0ab5390,9add746b-4905-49fa-8f55-170be0513a55
fa72b8b2-a637-4597-b986-a8daf0ab5390,8ecb4a42-c120-433a-8d55-42e08fd561fb
fa72b8b2-a637-4597-b986-a8daf0ab5390,4178a4ef-1c0a-48fc-a569-e7c83cfbd46f
fa72b8b2-a637-4597-b986-a8daf0ab5390,b98682ac-fc8a-4570-b840-ea5580431f34
fa72b8b2-a637-4597-b986-a8daf0ab5390,f0cf72f8-e25e-49ad-acf8-f26be2ae4527
fa72b8b2-a637-4597-b986-a8daf0ab5390,49ed75e6-43f8-4444-92e3-c920c5ff4b2f
fa72b8b2-a637-4597-b986-a8daf0ab5390,7f34c09b-723f-47d0-b75b-c498b5084067
fa72b8b2-a637-4597-b986-a8daf0ab5390,964715b5-fdc9-46bd-b670-8e4e7cc56256
fa72b8b2-a637-4597-b986-a8daf0ab5390,e75f110b-6b97-4ff4-b6a2-f230b9d87639
fa72b8b2-a637-4597-b986-a8daf0ab5390,aa1fbdc2-d5d4-47c2-8db1-ba4a168e6cb2
fa72b8b2-a637-4597-b986-a8daf0ab5390,7269e20f-3fbe-4aca-8ca9-629e4a23a29e
fa72b8b2-a637-4597-b986-a8daf0ab5390,7506012d-6f01-497b-9bb6-3fcd5721b362
fa72b8b2-a637-4597-b986-a8daf0ab5390,07f3573b-489b-4058-bfb5-b5caed78f53d
fa72b8b2-a637-4597-b986-a8daf0ab5390,c650314a-7aa9-48ea-8897-2ac33ea650b6
fa72b8b2-a637-4597-b986-a8daf0ab5390,6ceab0a8-c983-4a67-a832-5749b651950f
fa72b8b2-a637-4597-b986-a8daf0ab5390,62114484-51e7-48ff-9f3a-70120693ec86
fa72b8b2-a637-4597-b986-a8daf0ab5390,43e1eca6-3f64-44c4-9078-2365d0cd6715
fa72b8b2-a637-4597-b986-a8daf0ab5390,77feff39-5c1a-45c3-9ffb-7dd9bc1eda32
fa72b8b2-a637-4597-b986-a8daf0ab5390,754d870e-d41e-4e3a-9334-7bd6511c1261
fa72b8b2-a637-4597-b986-a8daf0ab5390,1157468a-262e-45ca-9908-671dd0c38214
fa72b8b2-a637-4597-b986-a8daf0ab5390,e5ae13b6-b800-4769-8228-5862bc330697
fa72b8b2-a637-4597-b986-a8daf0ab5390,b036650e-2b09-4838-b73d-d173379bfde9
fa72b8b2-a637-4597-b986-a8daf0ab5390,2294e905-3887-4c16-825d-6ae4bacbac9f
fa72b8b2-a637-4597-b986-a8daf0ab5390,e0d09b7a-24d7-4999-b984-849bbe22b315
fa72b8b2-a637-4597-b986-a8daf0ab5390,d0209c99-272f-44d4-95ac-773580cc49e7
fa72b8b2-a637-4597-b986-a8daf0ab5390,a6614c23-e471-492c-85ab-5fb93df4fe9f
fa72b8b2-a637-4597-b986-a8daf0ab5390,8660b916-74a4-4681-8ebb-29f6dfac253f
fa72b8b2-a637-4597-b986-a8daf0ab5390,e5ab09ff-1ebd-4f0e-ad33-1d9a2cbc6cac
fa72b8b2-a637-4597-b986-a8daf0ab5390,24ef8edc-f211-4695-b4e9-52f45d1d0518
fa72b8b2-a637-4597-b986-a8daf0ab5390,850fe1fc-0117-41e5-aded-118f05efd64b
fa72b8b2-a637-4597-b986-a8daf0ab5390,51855b37-3481-4584-baf7-2dd9fb5c3a3f
fa72b8b2-a637-4597-b986-a8daf0ab5390,9aae31b0-3130-4d23-9924-a2f8396d98e3
fa72b8b2-a637-4597-b986-a8daf0ab5390,502db1d7-409c-499d-9b4b-306c05ae72a9
fa72b8b2-a637-4597-b986-a8daf0ab5390,8673f2fa-3e3a-4857-852e-a65181599643
fa72b8b2-a637-4597-b986-a8daf0ab5390,6e0075ee-cf72-46c5-b969-9e15ec7e3af5
fa72b8b2-a637-4597-b986-a8daf0ab5390,d251e64b-0d00-41f5-b1a8-666493cfb504
fa72b8b2-a637-4597-b986-a8daf0ab5390,7e6bf90e-4e10-4d2e-ba10-9ad65024947f
fa72b8b2-a637-4597-b986-a8daf0ab5390,80b50ef8-96ea-4fb6-a37b-24de67bf946c
fa72b8b2-a637-4597-b986-a8daf0ab5390,0a3fe50b-9277-45c7-88cf-e338009d467d
fa72b8b2-a637-4597-b986-a8daf0ab5390,6683aabb-9d5a-4454-b006-f828c5a95a39
fa72b8b2-a637-4597-b986-a8daf0ab5390,7dcd2312-1b4e-409c-ac67-f2c562aeecca
fa72b8b2-a637-4597-b986-a8daf0ab5390,f781feae-f0ae-4568-9595-223221955cac
fa72b8b2-a637-4597-b986-a8daf0ab5390,3e2d97be-d00f-453a-89af-e35c3b1e8719
fa72b8b2-a637-4597-b986-a8daf0ab5390,29e9fb72-29dd-4362-a278-80e5beca153e
fa72b8b2-a637-4597-b986-a8daf0ab5390,6e821edf-e26e-40a1-93e3-2c20a9412fb7
fa72b8b2-a637-4597-b986-a8daf0ab5390,9d9eccd9-67fc-4f71-a8da-94e0dbd79259
fa72b8b2-a637-4597-b986-a8daf0ab5390,67cd3f59-43c6-4398-8f02-36bbc707e8c3
fa72b8b2-a637-4597-b986-a8daf0ab5390,c1dcd3bb-ec1e-416b-ab92-6205e81f4aaf
fa72b8b2-a637-4597-b986-a8daf0ab5390,39cc1231-731e-4ea9-b1bd-93b6c0d660c0
fa72b8b2-a637-4597-b986-a8daf0ab5390,66bb73df-60a3-4093-a8ce-0f3d56673316
fa72b8b2-a637-4597-b986-a8daf0ab5390,22d1086b-80cd-45c5-8407-b6f9287842b1
fa72b8b2-a637-4597-b986-a8daf0ab5390,a467b389-e767-4a4a-89c6-da159e3b7208
fa72b8b2-a637-4597-b986-a8daf0ab5390,9288dc96-7c6b-4be6-911e-91c71cf4ae85
fa72b8b2-a637-4597-b986-a8daf0ab5390,742573f3-b658-4e0c-9183-e1a61ce9c201
fa72b8b2-a637-4597-b986-a8daf0ab5390,4f2f4f3d-487e-4144-a03f-5675a4dfe028
fa72b8b2-a637-4597-b986-a8daf0ab5390,446a0158-cc72-46c3-a850-9593fb8b5cf5
fa72b8b2-a637-4597-b986-a8daf0ab5390,4a4ba199-9481-41a3-b30e-4504e44c9bad
fa72b8b2-a637-4597-b986-a8daf0ab5390,73b363c6-c734-4f2f-8db7-3bc47c104833
fa72b8b2-a637-4597-b986-a8daf0ab5390,ad3dce70-faf5-4a7e-9b90-4493c27a4f1d
fa72b8b2-a637-4597-b986-a8daf0ab5390,b82ecc00-6336-42a4-9266-ee756671a255
fa72b8b2-a637-4597-b986-a8daf0ab5390,6858b9d4-74a6-41cb-9997-1f72253c9074
fa72b8b2-a637-4597-b986-a8daf0ab5390,94ff19e0-7bd9-462f-a232-602487b83ee3
fa72b8b2-a637-4597-b986-a8daf0ab5390,06670f03-5e3a-44f0-bfba-65d9dd6dc25e
fa72b8b2-a637-4597-b986-a8daf0ab5390,6c51bd3f-66f0-4872-a1cc-36e110ef569a
fa72b8b2-a637-4597-b986-a8daf0ab5390,f01613a7-8162-4e07-921b-360996b718f1
fa72b8b2-a637-4597-b986-a8daf0ab5390,a2ec249c-789d-4fd0-b156-b3ca34cecafd
fa72b8b2-a637-4597-b986-a8daf0ab5390,e607b15b-d7c2-4fa2-b1ff-ea1039a84716
fa72b8b2-a637-4597-b986-a8daf0ab5390,3ea22688-0f8c-4533-93e9-a4d912ee29b7
fa72b8b2-a637-4597-b986-a8daf0ab5390,a565cfee-8d16-47c9-b766-fde13d5a578d
fa72b8b2-a637-4597-b986-a8daf0ab5390,06ec0fa1-cb98-44ca-b894-18bd638e4c8b
fa72b8b2-a637-4597-b986-a8daf0ab5390,f8406140-e428-4df3-beeb-83ff6f4afed9
fa72b8b2-a637-4597-b986-a8daf0ab5390,bd6e0b72-6e5b-47c0-9520-a1f971c68276
fa72b8b2-a637-4597-b986-a8daf0ab5390,836f225c-e07e-43ef-997d-66276e5867fe
fa72b8b2-a637-4597-b986-a8daf0ab5390,60702ca7-42a1-4987-986c-a3ee17498c4a
fa72b8b2-a637-4597-b986-a8daf0ab5390,20331205-67dd-433d-ad01-c9e481d2c97b
fa72b8b2-a637-4597-b986-a8daf0ab5390,1e27e946-9812-446d-b1de-10f15c09b209
fa72b8b2-a637-4597-b986-a8daf0ab5390,b38c5c33-8dcd-4cc4-9f16-142947bc970d
fa72b8b2-a637-4597-b986-a8daf0ab5390,3dfc04ee-90f5-4552-9db6-9aa2bafb4863
fa72b8b2-a637-4597-b986-a8daf0ab5390,9788c9f9-18fe-4964-948b-fa3e9fa41cdb
fa72b8b2-a637-4597-b986-a8daf0ab5390,214a2145-5c5f-46d7-b2dc-7f7655e55ab9
fa72b8b2-a637-4597-b986-a8daf0ab5390,d1714486-168b-4fe7-8346-debe71df568b
fa72b8b2-a637-4597-b986-a8daf0ab5390,ad10b4e3-814b-4e82-a82f-3f9442fe66f5
fa72b8b2-a637-4597-b986-a8daf0ab5390,f8b6e462-49bb-4e76-b099-c0133274a3bd
fa72b8b2-a637-4597-b986-a8daf0ab5390,d5649aa4-a6e3-48af-8105-2e0ec5434212
fa72b8b2-a637-4597-b986-a8daf0ab5390,ad3e5336-d71d-4c7e-bb9c-b8b14c03a1a2
fa72b8b2-a637-4597-b986-a8daf0ab5390,eeb82e1b-91f6-4b63-969b-973a83942ce3
fa72b8b2-a637-4597-b986-a8daf0ab5390,95c56220-63dd-475d-b41f-4b44df8a3a80
fa72b8b2-a637-4597-b986-a8daf0ab5390,7fbab367-1c6a-46ad-8372-310557c4ac13
fa72b8b2-a637-4597-b986-a8daf0ab5390,cf599950-90e3-40fe-85ed-ca9163ef53f2
fa72b8b2-a637-4597-b986-a8daf0ab5390,79cd9f01-ae1c-43cb-be24-bdb46521487b
fa72b8b2-a637-4597-b986-a8daf0ab5390,0b792253-46d3-4cbf-b82c-f8e732f797b2
fa72b8b2-a637-4597-b986-a8daf0ab5390,cc60b90d-44dc-4072-8b9b-f0f04e8626a1
ebe4fe59-ed1f-4241-ab71-f8ad8d5fbde4,310deddf-3b76-4ab4-ac58-0b533114d28e
ebe4fe59-ed1f-4241-ab71-f8ad8d5fbde4,8d53b5b6-de15-4dda-bedf-0fe719318f0d
ebe4fe59-ed1f-4241-ab71-f8ad8d5fbde4,f2e26f34-1ab0-458e-b16e-e374e6b04551
ebe4fe59-ed1f-4241-ab71-f8ad8d5fbde4,918c8d8b-7b5a-4fb9-a318-1b2e5cf21b4b
ebe4fe59-ed1f-4241-ab71-f8ad8d5fbde4,4472419c-1eb6-41e4-b8db-8dfce937324b
ebe4fe59-ed1f-4241-ab71-f8ad8d5fbde4,351f58fa-1b78-4734-8671-6d720d408b7f
ebe4fe59-ed1f-4241-ab71-f8ad8d5fbde4,51d425c2-6454-4fbe-bb0c-f3af52829531
ebe4fe59-ed1f-4241-ab71-f8ad8d5fbde4,40cc591b-3cb0-4ad1-be4f-526c1fba2d39
ebe4fe59-ed1f-4241-ab71-f8ad8d5fbde4,5b93e3e8-7878-4bbb-a19d-9c5f24c43042
ebe4fe59-ed1f-4241-ab71-f8ad8d5fbde4,866d8801-91f6-4b3e-8561-0d8fd8259337
ebe4fe59-ed1f-4241-ab71-f8ad8d5fbde4,4f4b9719-3524-4a00-a74b-44d9e3ee3afb
ebe4fe59-ed1f-4241-ab71-f8ad8d5fbde4,f807fc0c-3ee2-431f-8d8a-adf3824c843b
ebe4fe59-ed1f-4241-ab71-f8ad8d5fbde4,9eb1e82e-0daa-4198-b22a-25baf5bb1ce0
ebe4fe59-ed1f-4241-ab71-f8ad8d5fbde4,d6050df4-1649-4462-aa9b-92d89fcc5b8f
ebe4fe59-ed1f-4241-ab71-f8ad8d5fbde4,6163b9c8-c32e-48f0-9d62-aac133855b4c
ebe4fe59-ed1f-4241-ab71-f8ad8d5fbde4,66cece40-6468-4214-99a4-137b00723416
ebe4fe59-ed1f-4241-ab71-f8ad8d5fbde4,18ba28e1-545d-417b-a65b-617f35af5ff9
ebe4fe59-ed1f-4241-ab71-f8ad8d5fbde4,6e3a271a-415b-4758-a144-e9b76f0592c7
ebe4fe59-ed1f-4241-ab71-f8ad8d5fbde4,dbdbda3d-affd-469e-ae41-988780d7e542
ebe4fe59-ed1f-4241-ab71-f8ad8d5fbde4,b2c4e95d-130a-4230-b137-6de667683f52
ebe4fe59-ed1f-4241-ab71-f8ad8d5fbde4,a034a9a1-d6c4-49fa-905d-e716a5b5d197
ebe4fe59-ed1f-4241-ab71-f8ad8d5fbde4,132b63b9-3673-4047-a767-bed235052a2e
ebe4fe59-ed1f-4241-ab71-f8ad8d5fbde4,59af5df8-04cf-496c-a615-a353b2e96031
ebe4fe59-ed1f-4241-ab71-f8ad8d5fbde4,faea6673-d730-47bf-a3d3-dc0df145b0d9
ebe4fe59-ed1f-4241-ab71-f8ad8d5fbde4,520e5c3c-a44a-43b7-b68b-b385a543ac75
ebe4fe59-ed1f-4241-ab71-f8ad8d5fbde4,59ca0ede-8a28-4dd0-9bec-edc28b3bb77c
ebe4fe59-ed1f-4241-ab71-f8ad8d5fbde4,738a9f3f-0d33-43d5-9f02-19bfa2020f6a
ebe4fe59-ed1f-4241-ab71-f8ad8d5fbde4,fc75d94c-f1a6-48ae-aa89-9a89a5e4649b
ebe4fe59-ed1f-4241-ab71-f8ad8d5fbde4,faa1753e-7ca7-4b88-9e05-c80806524c94
ebe4fe59-ed1f-4241-ab71-f8ad8d5fbde4,94d9cbe9-5aeb-439b-ad7c-e4d5076818e4
ebe4fe59-ed1f-4241-ab71-f8ad8d5fbde4,25eaf357-c3ab-4032-9be2-48b62745ef5d
ebe4fe59-ed1f-4241-ab71-f8ad8d5fbde4,4923789b-0add-4277-986a-8d047cf658c9
ebe4fe59-ed1f-4241-ab71-f8ad8d5fbde4,e9883f5d-ee9f-4615-af18-6ddd5d5e0b79
ebe4fe59-ed1f-4241-ab71-f8ad8d5fbde4,e3eae30b-0447-44b1-974d-2988aefe3d48
ebe4fe59-ed1f-4241-ab71-f8ad8d5fbde4,ea3e66d5-80dd-43b8-b7a9-a01d1fd93222
ebe4fe59-ed1f-4241-ab71-f8ad8d5fbde4,5406c988-97ab-4575-9791-2331833a3feb
ebe4fe59-ed1f-4241-ab71-f8ad8d5fbde4,366ae729-20e9-42b6-8841-6f20305a053f
ebe4fe59-ed1f-4241-ab71-f8ad8d5fbde4,06cc5f6b-a65f-49fe-90af-a67f977d65b5
ebe4fe59-ed1f-4241-ab71-f8ad8d5fbde4,828ebd35-5fdf-43e2-82cc-c0d481a427be
ebe4fe59-ed1f-4241-ab71-f8ad8d5fbde4,8c814e0b-8190-4c1a-84f7-85dd6508a4c6
ebe4fe59-ed1f-4241-ab71-f8ad8d5fbde4,d31168b9-2292-4871-9add-616e37f023c1
ebe4fe59-ed1f-4241-ab71-f8ad8d5fbde4,f7a62c48-2137-47df-87fb-4f8a4a35bbfd
ebe4fe59-ed1f-4241-ab71-f8ad8d5fbde4,d7f7f3db-f181-457e-8ced-c5624ad13a71
ebe4fe59-ed1f-4241-ab71-f8ad8d5fbde4,a37f3c6b-31b3-4cb9-b6f9-9844b66c12d6
ebe4fe59-ed1f-4241-ab71-f8ad8d5fbde4,8ddc12a3-72c9-4b2b-ae56-144500082035
ebe4fe59-ed1f-4241-ab71-f8ad8d5fbde4,2df8c5a6-2c4c-49bc-ac19-08adadc5f7b8
ebe4fe59-ed1f-4241-ab71-f8ad8d5fbde4,c873950c-6df2-45f6-91ca-128be906a563
ebe4fe59-ed1f-4241-ab71-f8ad8d5fbde4,c825eb1b-1c8c-4dfa-9df7-07077d1f7f56
ebe4fe59-ed1f-4241-ab71-f8ad8d5fbde4,949a6ec9-0bfb-481e-802c-b9381d3ac291
ebe4fe59-ed1f-4241-ab71-f8ad8d5fbde4,986e001a-6c3c-473a-a96f-37da3b1c9ab5
ebe4fe59-ed1f-4241-ab71-f8ad8d5fbde4,29bf85ea-bc91-4d69-9cc4-a1be3b38e493
ebe4fe59-ed1f-4241-ab71-f8ad8d5fbde4,4e962a74-801d-46a2-b902-69e675ea53e1
ebe4fe59-ed1f-4241-ab71-f8ad8d5fbde4,1e03b946-521b-4442-871d-37c191436477
ebe4fe59-ed1f-4241-ab71-f8ad8d5fbde4,31138618-e8e3-4e88-bd54-198c5e2ae922
ebe4fe59-ed1f-4241-ab71-f8ad8d5fbde4,8f662cbd-2d93-4ecc-a858-5ef050662fc6
ebe4fe59-ed1f-4241-ab71-f8ad8d5fbde4,33169def-c18a-4319-ae78-5fc4f4d85c95
ebe4fe59-ed1f-4241-ab71-f8ad8d5fbde4,883b89b9-ed72-496e-922a-1cde11f60c22
ebe4fe59-ed1f-4241-ab71-f8ad8d5fbde4,11ced668-07fe-416b-a4c4-dfd14aa37315
ebe4fe59-ed1f-4241-ab71-f8ad8d5fbde4,3144cfd0-0053-4702-b6bc-d27a02b21373
ebe4fe59-ed1f-4241-ab71-f8ad8d5fbde4,2561f85e-a0c2-496a-a417-461a2f7e95f2
ebe4fe59-ed1f-4241-ab71-f8ad8d5fbde4,545c3fd6-7fca-4381-9fcd-d4e95a45f296
ebe4fe59-ed1f-4241-ab71-f8ad8d5fbde4,de553c0d-af8a-46c6-aed5-69a270307dab
ebe4fe59-ed1f-4241-ab71-f8ad8d5fbde4,926db7d8-e784-4663-adf2-a4276d290ef7
ebe4fe59-ed1f-4241-ab71-f8ad8d5fbde4,d62d8c8d-20ee-40f0-8a37-63038a41114d
ebe4fe59-ed1f-4241-ab71-f8ad8d5fbde4,dd892d35-abb6-4e64-b1b5-4dfcf43e9b8b
ebe4fe59-ed1f-4241-ab71-f8ad8d5fbde4,f71b655b-c53b-4efc-9213-e7f148f8f494
ebe4fe59-ed1f-4241-ab71-f8ad8d5fbde4,68deab0c-3c8a-4a77-a93e-3c2ef2c8a281
ebe4fe59-ed1f-4241-ab71-f8ad8d5fbde4,61c3fdc7-0fcd-4e4d-82ce-f03eb4a618a4
ebe4fe59-ed1f-4241-ab71-f8ad8d5fbde4,83e11abc-1fe6-4642-8e1f-9fbcb22c7744
ebe4fe59-ed1f-4241-ab71-f8ad8d5fbde4,d42d03b1-47f2-493c-9a7e-638fa041c97e
ebe4fe59-ed1f-4241-ab71-f8ad8d5fbde4,916800c5-0dab-4254-b327-b06f0543824d
ebe4fe59-ed1f-4241-ab71-f8ad8d5fbde4,3e92fb43-2e91-4386-b73d-0577e19d75d9
ebe4fe59-ed1f-4241-ab71-f8ad8d5fbde4,2b06c7f0-65f9-42db-a886-e03b61862fb6
ebe4fe59-ed1f-4241-ab71-f8ad8d5fbde4,ac0f367a-7ab5-49c6-b6f0-77b231d3a3b9
ebe4fe59-ed1f-4241-ab71-f8ad8d5fbde4,a31a9d84-f261-438e-a9c4-b7007ba7325a
ebe4fe59-ed1f-4241-ab71-f8ad8d5fbde4,22a9f422-7940-44d8-97b1-73740629cd66
ebe4fe59-ed1f-4241-ab71-f8ad8d5fbde4,2aa31dba-d9bb-464e-8b0c-8cce78f6cd61
ebe4fe59-ed1f-4241-ab71-f8ad8d5fbde4,34960863-e909-47f2-85e2-b1ed246c57da
ebe4fe59-ed1f-4241-ab71-f8ad8d5fbde4,c3159d31-a64a-4d9a-b6cc-646165304a5a
ebe4fe59-ed1f-4241-ab71-f8ad8d5fbde4,cf000ee7-2282-4bdc-9d93-97376fa4ab78
ebe4fe59-ed1f-4241-ab71-f8ad8d5fbde4,88dc921f-92ff-4bb7-91a3-6b217bed3f1f
ebe4fe59-ed1f-4241-ab71-f8ad8d5fbde4,337de7d2-50b7-415e-9805-11af72a33a3e
ebe4fe59-ed1f-4241-ab71-f8ad8d5fbde4,50b2d520-4907-47fb-9deb-01b9f0a60f80
ebe4fe59-ed1f-4241-ab71-f8ad8d5fbde4,8ad5f7f8-b3c0-4e0e-a74d-434acfdee09c
ebe4fe59-ed1f-4241-ab71-f8ad8d5fbde4,a6647f78-6490-48a6-8f38-3a74fd371769
ebe4fe59-ed1f-4241-ab71-f8ad8d5fbde4,35515ac2-9f86-43da-a1e5-f9002f4c1fc0
ebe4fe59-ed1f-4241-ab71-f8ad8d5fbde4,54a20f39-58d4-42ce-b3ad-d826b627b1a4
ebe4fe59-ed1f-4241-ab71-f8ad8d5fbde4,2bf6c830-ebb6-478f-841e-aaab8edcec4d
ebe4fe59-ed1f-4241-ab71-f8ad8d5fbde4,4178a4ef-1c0a-48fc-a569-e7c83cfbd46f
ebe4fe59-ed1f-4241-ab71-f8ad8d5fbde4,b98682ac-fc8a-4570-b840-ea5580431f34
ebe4fe59-ed1f-4241-ab71-f8ad8d5fbde4,f0cf72f8-e25e-49ad-acf8-f26be2ae4527
ebe4fe59-ed1f-4241-ab71-f8ad8d5fbde4,1343e1c5-31f9-4297-b7eb-ed5c114bb32c
ebe4fe59-ed1f-4241-ab71-f8ad8d5fbde4,e25ccca6-48b6-40b3-94e6-fbc5322abedd
ebe4fe59-ed1f-4241-ab71-f8ad8d5fbde4,8fce6009-39c9-47da-88ce-34517b74ec97
ebe4fe59-ed1f-4241-ab71-f8ad8d5fbde4,9add746b-4905-49fa-8f55-170be0513a55
ebe4fe59-ed1f-4241-ab71-f8ad8d5fbde4,8ecb4a42-c120-433a-8d55-42e08fd561fb
ebe4fe59-ed1f-4241-ab71-f8ad8d5fbde4,49ed75e6-43f8-4444-92e3-c920c5ff4b2f
ebe4fe59-ed1f-4241-ab71-f8ad8d5fbde4,7f34c09b-723f-47d0-b75b-c498b5084067
ebe4fe59-ed1f-4241-ab71-f8ad8d5fbde4,964715b5-fdc9-46bd-b670-8e4e7cc56256
ebe4fe59-ed1f-4241-ab71-f8ad8d5fbde4,e75f110b-6b97-4ff4-b6a2-f230b9d87639
ebe4fe59-ed1f-4241-ab71-f8ad8d5fbde4,aa1fbdc2-d5d4-47c2-8db1-ba4a168e6cb2
ebe4fe59-ed1f-4241-ab71-f8ad8d5fbde4,7269e20f-3fbe-4aca-8ca9-629e4a23a29e
ebe4fe59-ed1f-4241-ab71-f8ad8d5fbde4,7506012d-6f01-497b-9bb6-3fcd5721b362
ebe4fe59-ed1f-4241-ab71-f8ad8d5fbde4,77feff39-5c1a-45c3-9ffb-7dd9bc1eda32
ebe4fe59-ed1f-4241-ab71-f8ad8d5fbde4,62114484-51e7-48ff-9f3a-70120693ec86
ebe4fe59-ed1f-4241-ab71-f8ad8d5fbde4,c650314a-7aa9-48ea-8897-2ac33ea650b6
ebe4fe59-ed1f-4241-ab71-f8ad8d5fbde4,07f3573b-489b-4058-bfb5-b5caed78f53d
ebe4fe59-ed1f-4241-ab71-f8ad8d5fbde4,6ceab0a8-c983-4a67-a832-5749b651950f
ebe4fe59-ed1f-4241-ab71-f8ad8d5fbde4,43e1eca6-3f64-44c4-9078-2365d0cd6715
ebe4fe59-ed1f-4241-ab71-f8ad8d5fbde4,1157468a-262e-45ca-9908-671dd0c38214
ebe4fe59-ed1f-4241-ab71-f8ad8d5fbde4,e5ae13b6-b800-4769-8228-5862bc330697
ebe4fe59-ed1f-4241-ab71-f8ad8d5fbde4,754d870e-d41e-4e3a-9334-7bd6511c1261
ebe4fe59-ed1f-4241-ab71-f8ad8d5fbde4,b036650e-2b09-4838-b73d-d173379bfde9
ebe4fe59-ed1f-4241-ab71-f8ad8d5fbde4,2294e905-3887-4c16-825d-6ae4bacbac9f
ebe4fe59-ed1f-4241-ab71-f8ad8d5fbde4,e0d09b7a-24d7-4999-b984-849bbe22b315
ebe4fe59-ed1f-4241-ab71-f8ad8d5fbde4,d0209c99-272f-44d4-95ac-773580cc49e7
ebe4fe59-ed1f-4241-ab71-f8ad8d5fbde4,a6614c23-e471-492c-85ab-5fb93df4fe9f
ebe4fe59-ed1f-4241-ab71-f8ad8d5fbde4,8660b916-74a4-4681-8ebb-29f6dfac253f
ebe4fe59-ed1f-4241-ab71-f8ad8d5fbde4,e5ab09ff-1ebd-4f0e-ad33-1d9a2cbc6cac
ebe4fe59-ed1f-4241-ab71-f8ad8d5fbde4,24ef8edc-f211-4695-b4e9-52f45d1d0518
ebe4fe59-ed1f-4241-ab71-f8ad8d5fbde4,850fe1fc-0117-41e5-aded-118f05efd64b
ebe4fe59-ed1f-4241-ab71-f8ad8d5fbde4,51855b37-3481-4584-baf7-2dd9fb5c3a3f
ebe4fe59-ed1f-4241-ab71-f8ad8d5fbde4,9aae31b0-3130-4d23-9924-a2f8396d98e3
ebe4fe59-ed1f-4241-ab71-f8ad8d5fbde4,502db1d7-409c-499d-9b4b-306c05ae72a9
ebe4fe59-ed1f-4241-ab71-f8ad8d5fbde4,8673f2fa-3e3a-4857-852e-a65181599643
ebe4fe59-ed1f-4241-ab71-f8ad8d5fbde4,6e0075ee-cf72-46c5-b969-9e15ec7e3af5
ebe4fe59-ed1f-4241-ab71-f8ad8d5fbde4,7e6bf90e-4e10-4d2e-ba10-9ad65024947f
ebe4fe59-ed1f-4241-ab71-f8ad8d5fbde4,d251e64b-0d00-41f5-b1a8-666493cfb504
ebe4fe59-ed1f-4241-ab71-f8ad8d5fbde4,80b50ef8-96ea-4fb6-a37b-24de67bf946c
ebe4fe59-ed1f-4241-ab71-f8ad8d5fbde4,0a3fe50b-9277-45c7-88cf-e338009d467d
ebe4fe59-ed1f-4241-ab71-f8ad8d5fbde4,f781feae-f0ae-4568-9595-223221955cac
ebe4fe59-ed1f-4241-ab71-f8ad8d5fbde4,6683aabb-9d5a-4454-b006-f828c5a95a39
ebe4fe59-ed1f-4241-ab71-f8ad8d5fbde4,7dcd2312-1b4e-409c-ac67-f2c562aeecca
ebe4fe59-ed1f-4241-ab71-f8ad8d5fbde4,3e2d97be-d00f-453a-89af-e35c3b1e8719
ebe4fe59-ed1f-4241-ab71-f8ad8d5fbde4,29e9fb72-29dd-4362-a278-80e5beca153e
ebe4fe59-ed1f-4241-ab71-f8ad8d5fbde4,9d9eccd9-67fc-4f71-a8da-94e0dbd79259
ebe4fe59-ed1f-4241-ab71-f8ad8d5fbde4,6e821edf-e26e-40a1-93e3-2c20a9412fb7
ebe4fe59-ed1f-4241-ab71-f8ad8d5fbde4,67cd3f59-43c6-4398-8f02-36bbc707e8c3
ebe4fe59-ed1f-4241-ab71-f8ad8d5fbde4,c1dcd3bb-ec1e-416b-ab92-6205e81f4aaf
ebe4fe59-ed1f-4241-ab71-f8ad8d5fbde4,39cc1231-731e-4ea9-b1bd-93b6c0d660c0
ebe4fe59-ed1f-4241-ab71-f8ad8d5fbde4,66bb73df-60a3-4093-a8ce-0f3d56673316
ebe4fe59-ed1f-4241-ab71-f8ad8d5fbde4,a467b389-e767-4a4a-89c6-da159e3b7208
ebe4fe59-ed1f-4241-ab71-f8ad8d5fbde4,742573f3-b658-4e0c-9183-e1a61ce9c201
ebe4fe59-ed1f-4241-ab71-f8ad8d5fbde4,9288dc96-7c6b-4be6-911e-91c71cf4ae85
ebe4fe59-ed1f-4241-ab71-f8ad8d5fbde4,4f2f4f3d-487e-4144-a03f-5675a4dfe028
ebe4fe59-ed1f-4241-ab71-f8ad8d5fbde4,22d1086b-80cd-45c5-8407-b6f9287842b1
ebe4fe59-ed1f-4241-ab71-f8ad8d5fbde4,446a0158-cc72-46c3-a850-9593fb8b5cf5
ebe4fe59-ed1f-4241-ab71-f8ad8d5fbde4,ad3dce70-faf5-4a7e-9b90-4493c27a4f1d
ebe4fe59-ed1f-4241-ab71-f8ad8d5fbde4,4a4ba199-9481-41a3-b30e-4504e44c9bad
ebe4fe59-ed1f-4241-ab71-f8ad8d5fbde4,b82ecc00-6336-42a4-9266-ee756671a255
ebe4fe59-ed1f-4241-ab71-f8ad8d5fbde4,73b363c6-c734-4f2f-8db7-3bc47c104833
ebe4fe59-ed1f-4241-ab71-f8ad8d5fbde4,94ff19e0-7bd9-462f-a232-602487b83ee3
ebe4fe59-ed1f-4241-ab71-f8ad8d5fbde4,6858b9d4-74a6-41cb-9997-1f72253c9074
ebe4fe59-ed1f-4241-ab71-f8ad8d5fbde4,06670f03-5e3a-44f0-bfba-65d9dd6dc25e
ebe4fe59-ed1f-4241-ab71-f8ad8d5fbde4,f01613a7-8162-4e07-921b-360996b718f1
ebe4fe59-ed1f-4241-ab71-f8ad8d5fbde4,a2ec249c-789d-4fd0-b156-b3ca34cecafd
ebe4fe59-ed1f-4241-ab71-f8ad8d5fbde4,e607b15b-d7c2-4fa2-b1ff-ea1039a84716
ebe4fe59-ed1f-4241-ab71-f8ad8d5fbde4,3ea22688-0f8c-4533-93e9-a4d912ee29b7
ebe4fe59-ed1f-4241-ab71-f8ad8d5fbde4,a565cfee-8d16-47c9-b766-fde13d5a578d
ebe4fe59-ed1f-4241-ab71-f8ad8d5fbde4,6c51bd3f-66f0-4872-a1cc-36e110ef569a
ebe4fe59-ed1f-4241-ab71-f8ad8d5fbde4,06ec0fa1-cb98-44ca-b894-18bd638e4c8b
ebe4fe59-ed1f-4241-ab71-f8ad8d5fbde4,b38c5c33-8dcd-4cc4-9f16-142947bc970d
ebe4fe59-ed1f-4241-ab71-f8ad8d5fbde4,f8406140-e428-4df3-beeb-83ff6f4afed9
ebe4fe59-ed1f-4241-ab71-f8ad8d5fbde4,1e27e946-9812-446d-b1de-10f15c09b209
ebe4fe59-ed1f-4241-ab71-f8ad8d5fbde4,836f225c-e07e-43ef-997d-66276e5867fe
ebe4fe59-ed1f-4241-ab71-f8ad8d5fbde4,bd6e0b72-6e5b-47c0-9520-a1f971c68276
ebe4fe59-ed1f-4241-ab71-f8ad8d5fbde4,60702ca7-42a1-4987-986c-a3ee17498c4a
ebe4fe59-ed1f-4241-ab71-f8ad8d5fbde4,20331205-67dd-433d-ad01-c9e481d2c97b
ebe4fe59-ed1f-4241-ab71-f8ad8d5fbde4,9788c9f9-18fe-4964-948b-fa3e9fa41cdb
ebe4fe59-ed1f-4241-ab71-f8ad8d5fbde4,3dfc04ee-90f5-4552-9db6-9aa2bafb4863
ebe4fe59-ed1f-4241-ab71-f8ad8d5fbde4,214a2145-5c5f-46d7-b2dc-7f7655e55ab9
ebe4fe59-ed1f-4241-ab71-f8ad8d5fbde4,d1714486-168b-4fe7-8346-debe71df568b
ebe4fe59-ed1f-4241-ab71-f8ad8d5fbde4,ad10b4e3-814b-4e82-a82f-3f9442fe66f5
ebe4fe59-ed1f-4241-ab71-f8ad8d5fbde4,f8b6e462-49bb-4e76-b099-c0133274a3bd
ebe4fe59-ed1f-4241-ab71-f8ad8d5fbde4,eeb82e1b-91f6-4b63-969b-973a83942ce3
ebe4fe59-ed1f-4241-ab71-f8ad8d5fbde4,d5649aa4-a6e3-48af-8105-2e0ec5434212
ebe4fe59-ed1f-4241-ab71-f8ad8d5fbde4,ad3e5336-d71d-4c7e-bb9c-b8b14c03a1a2
ebe4fe59-ed1f-4241-ab71-f8ad8d5fbde4,95c56220-63dd-475d-b41f-4b44df8a3a80
ebe4fe59-ed1f-4241-ab71-f8ad8d5fbde4,cf599950-90e3-40fe-85ed-ca9163ef53f2
ebe4fe59-ed1f-4241-ab71-f8ad8d5fbde4,79cd9f01-ae1c-43cb-be24-bdb46521487b
ebe4fe59-ed1f-4241-ab71-f8ad8d5fbde4,7fbab367-1c6a-46ad-8372-310557c4ac13
ebe4fe59-ed1f-4241-ab71-f8ad8d5fbde4,0b792253-46d3-4cbf-b82c-f8e732f797b2
ebe4fe59-ed1f-4241-ab71-f8ad8d5fbde4,cc60b90d-44dc-4072-8b9b-f0f04e8626a1
b48c9642-fae2-4f2e-9525-b5d0f6ce70cf,310deddf-3b76-4ab4-ac58-0b533114d28e
b48c9642-fae2-4f2e-9525-b5d0f6ce70cf,8d53b5b6-de15-4dda-bedf-0fe719318f0d
b48c9642-fae2-4f2e-9525-b5d0f6ce70cf,f2e26f34-1ab0-458e-b16e-e374e6b04551
b48c9642-fae2-4f2e-9525-b5d0f6ce70cf,918c8d8b-7b5a-4fb9-a318-1b2e5cf21b4b
b48c9642-fae2-4f2e-9525-b5d0f6ce70cf,4472419c-1eb6-41e4-b8db-8dfce937324b
b48c9642-fae2-4f2e-9525-b5d0f6ce70cf,351f58fa-1b78-4734-8671-6d720d408b7f
b48c9642-fae2-4f2e-9525-b5d0f6ce70cf,51d425c2-6454-4fbe-bb0c-f3af52829531
b48c9642-fae2-4f2e-9525-b5d0f6ce70cf,40cc591b-3cb0-4ad1-be4f-526c1fba2d39
b48c9642-fae2-4f2e-9525-b5d0f6ce70cf,5b93e3e8-7878-4bbb-a19d-9c5f24c43042
b48c9642-fae2-4f2e-9525-b5d0f6ce70cf,866d8801-91f6-4b3e-8561-0d8fd8259337
b48c9642-fae2-4f2e-9525-b5d0f6ce70cf,4f4b9719-3524-4a00-a74b-44d9e3ee3afb
b48c9642-fae2-4f2e-9525-b5d0f6ce70cf,f807fc0c-3ee2-431f-8d8a-adf3824c843b
b48c9642-fae2-4f2e-9525-b5d0f6ce70cf,9eb1e82e-0daa-4198-b22a-25baf5bb1ce0
b48c9642-fae2-4f2e-9525-b5d0f6ce70cf,d6050df4-1649-4462-aa9b-92d89fcc5b8f
b48c9642-fae2-4f2e-9525-b5d0f6ce70cf,6163b9c8-c32e-48f0-9d62-aac133855b4c
b48c9642-fae2-4f2e-9525-b5d0f6ce70cf,66cece40-6468-4214-99a4-137b00723416
b48c9642-fae2-4f2e-9525-b5d0f6ce70cf,18ba28e1-545d-417b-a65b-617f35af5ff9
b48c9642-fae2-4f2e-9525-b5d0f6ce70cf,6e3a271a-415b-4758-a144-e9b76f0592c7
b48c9642-fae2-4f2e-9525-b5d0f6ce70cf,dbdbda3d-affd-469e-ae41-988780d7e542
b48c9642-fae2-4f2e-9525-b5d0f6ce70cf,b2c4e95d-130a-4230-b137-6de667683f52
b48c9642-fae2-4f2e-9525-b5d0f6ce70cf,a034a9a1-d6c4-49fa-905d-e716a5b5d197
b48c9642-fae2-4f2e-9525-b5d0f6ce70cf,132b63b9-3673-4047-a767-bed235052a2e
b48c9642-fae2-4f2e-9525-b5d0f6ce70cf,59af5df8-04cf-496c-a615-a353b2e96031
b48c9642-fae2-4f2e-9525-b5d0f6ce70cf,faea6673-d730-47bf-a3d3-dc0df145b0d9
b48c9642-fae2-4f2e-9525-b5d0f6ce70cf,520e5c3c-a44a-43b7-b68b-b385a543ac75
b48c9642-fae2-4f2e-9525-b5d0f6ce70cf,59ca0ede-8a28-4dd0-9bec-edc28b3bb77c
b48c9642-fae2-4f2e-9525-b5d0f6ce70cf,738a9f3f-0d33-43d5-9f02-19bfa2020f6a
b48c9642-fae2-4f2e-9525-b5d0f6ce70cf,fc75d94c-f1a6-48ae-aa89-9a89a5e4649b
b48c9642-fae2-4f2e-9525-b5d0f6ce70cf,faa1753e-7ca7-4b88-9e05-c80806524c94
b48c9642-fae2-4f2e-9525-b5d0f6ce70cf,94d9cbe9-5aeb-439b-ad7c-e4d5076818e4
b48c9642-fae2-4f2e-9525-b5d0f6ce70cf,25eaf357-c3ab-4032-9be2-48b62745ef5d
b48c9642-fae2-4f2e-9525-b5d0f6ce70cf,4923789b-0add-4277-986a-8d047cf658c9
b48c9642-fae2-4f2e-9525-b5d0f6ce70cf,e9883f5d-ee9f-4615-af18-6ddd5d5e0b79
b48c9642-fae2-4f2e-9525-b5d0f6ce70cf,e3eae30b-0447-44b1-974d-2988aefe3d48
b48c9642-fae2-4f2e-9525-b5d0f6ce70cf,ea3e66d5-80dd-43b8-b7a9-a01d1fd93222
b48c9642-fae2-4f2e-9525-b5d0f6ce70cf,5406c988-97ab-4575-9791-2331833a3feb
b48c9642-fae2-4f2e-9525-b5d0f6ce70cf,366ae729-20e9-42b6-8841-6f20305a053f
b48c9642-fae2-4f2e-9525-b5d0f6ce70cf,06cc5f6b-a65f-49fe-90af-a67f977d65b5
b48c9642-fae2-4f2e-9525-b5d0f6ce70cf,828ebd35-5fdf-43e2-82cc-c0d481a427be
b48c9642-fae2-4f2e-9525-b5d0f6ce70cf,8c814e0b-8190-4c1a-84f7-85dd6508a4c6
b48c9642-fae2-4f2e-9525-b5d0f6ce70cf,d31168b9-2292-4871-9add-616e37f023c1
b48c9642-fae2-4f2e-9525-b5d0f6ce70cf,f7a62c48-2137-47df-87fb-4f8a4a35bbfd
b48c9642-fae2-4f2e-9525-b5d0f6ce70cf,d7f7f3db-f181-457e-8ced-c5624ad13a71
b48c9642-fae2-4f2e-9525-b5d0f6ce70cf,a37f3c6b-31b3-4cb9-b6f9-9844b66c12d6
b48c9642-fae2-4f2e-9525-b5d0f6ce70cf,8ddc12a3-72c9-4b2b-ae56-144500082035
b48c9642-fae2-4f2e-9525-b5d0f6ce70cf,2df8c5a6-2c4c-49bc-ac19-08adadc5f7b8
b48c9642-fae2-4f2e-9525-b5d0f6ce70cf,c873950c-6df2-45f6-91ca-128be906a563
b48c9642-fae2-4f2e-9525-b5d0f6ce70cf,c825eb1b-1c8c-4dfa-9df7-07077d1f7f56
b48c9642-fae2-4f2e-9525-b5d0f6ce70cf,949a6ec9-0bfb-481e-802c-b9381d3ac291
b48c9642-fae2-4f2e-9525-b5d0f6ce70cf,986e001a-6c3c-473a-a96f-37da3b1c9ab5
b48c9642-fae2-4f2e-9525-b5d0f6ce70cf,29bf85ea-bc91-4d69-9cc4-a1be3b38e493
b48c9642-fae2-4f2e-9525-b5d0f6ce70cf,4e962a74-801d-46a2-b902-69e675ea53e1
b48c9642-fae2-4f2e-9525-b5d0f6ce70cf,1e03b946-521b-4442-871d-37c191436477
b48c9642-fae2-4f2e-9525-b5d0f6ce70cf,31138618-e8e3-4e88-bd54-198c5e2ae922
b48c9642-fae2-4f2e-9525-b5d0f6ce70cf,8f662cbd-2d93-4ecc-a858-5ef050662fc6
b48c9642-fae2-4f2e-9525-b5d0f6ce70cf,33169def-c18a-4319-ae78-5fc4f4d85c95
b48c9642-fae2-4f2e-9525-b5d0f6ce70cf,883b89b9-ed72-496e-922a-1cde11f60c22
b48c9642-fae2-4f2e-9525-b5d0f6ce70cf,11ced668-07fe-416b-a4c4-dfd14aa37315
b48c9642-fae2-4f2e-9525-b5d0f6ce70cf,3144cfd0-0053-4702-b6bc-d27a02b21373
b48c9642-fae2-4f2e-9525-b5d0f6ce70cf,2561f85e-a0c2-496a-a417-461a2f7e95f2
b48c9642-fae2-4f2e-9525-b5d0f6ce70cf,545c3fd6-7fca-4381-9fcd-d4e95a45f296
b48c9642-fae2-4f2e-9525-b5d0f6ce70cf,de553c0d-af8a-46c6-aed5-69a270307dab
b48c9642-fae2-4f2e-9525-b5d0f6ce70cf,926db7d8-e784-4663-adf2-a4276d290ef7
b48c9642-fae2-4f2e-9525-b5d0f6ce70cf,d62d8c8d-20ee-40f0-8a37-63038a41114d
b48c9642-fae2-4f2e-9525-b5d0f6ce70cf,dd892d35-abb6-4e64-b1b5-4dfcf43e9b8b
b48c9642-fae2-4f2e-9525-b5d0f6ce70cf,f71b655b-c53b-4efc-9213-e7f148f8f494
b48c9642-fae2-4f2e-9525-b5d0f6ce70cf,68deab0c-3c8a-4a77-a93e-3c2ef2c8a281
b48c9642-fae2-4f2e-9525-b5d0f6ce70cf,61c3fdc7-0fcd-4e4d-82ce-f03eb4a618a4
b48c9642-fae2-4f2e-9525-b5d0f6ce70cf,83e11abc-1fe6-4642-8e1f-9fbcb22c7744
b48c9642-fae2-4f2e-9525-b5d0f6ce70cf,d42d03b1-47f2-493c-9a7e-638fa041c97e
b48c9642-fae2-4f2e-9525-b5d0f6ce70cf,916800c5-0dab-4254-b327-b06f0543824d
b48c9642-fae2-4f2e-9525-b5d0f6ce70cf,3e92fb43-2e91-4386-b73d-0577e19d75d9
b48c9642-fae2-4f2e-9525-b5d0f6ce70cf,2b06c7f0-65f9-42db-a886-e03b61862fb6
b48c9642-fae2-4f2e-9525-b5d0f6ce70cf,ac0f367a-7ab5-49c6-b6f0-77b231d3a3b9
b48c9642-fae2-4f2e-9525-b5d0f6ce70cf,a31a9d84-f261-438e-a9c4-b7007ba7325a
b48c9642-fae2-4f2e-9525-b5d0f6ce70cf,22a9f422-7940-44d8-97b1-73740629cd66
b48c9642-fae2-4f2e-9525-b5d0f6ce70cf,2aa31dba-d9bb-464e-8b0c-8cce78f6cd61
b48c9642-fae2-4f2e-9525-b5d0f6ce70cf,34960863-e909-47f2-85e2-b1ed246c57da
b48c9642-fae2-4f2e-9525-b5d0f6ce70cf,c3159d31-a64a-4d9a-b6cc-646165304a5a
b48c9642-fae2-4f2e-9525-b5d0f6ce70cf,cf000ee7-2282-4bdc-9d93-97376fa4ab78
b48c9642-fae2-4f2e-9525-b5d0f6ce70cf,88dc921f-92ff-4bb7-91a3-6b217bed3f1f
b48c9642-fae2-4f2e-9525-b5d0f6ce70cf,337de7d2-50b7-415e-9805-11af72a33a3e
b48c9642-fae2-4f2e-9525-b5d0f6ce70cf,50b2d520-4907-47fb-9deb-01b9f0a60f80
b48c9642-fae2-4f2e-9525-b5d0f6ce70cf,8ad5f7f8-b3c0-4e0e-a74d-434acfdee09c
b48c9642-fae2-4f2e-9525-b5d0f6ce70cf,a6647f78-6490-48a6-8f38-3a74fd371769
b48c9642-fae2-4f2e-9525-b5d0f6ce70cf,35515ac2-9f86-43da-a1e5-f9002f4c1fc0
b48c9642-fae2-4f2e-9525-b5d0f6ce70cf,54a20f39-58d4-42ce-b3ad-d826b627b1a4
b48c9642-fae2-4f2e-9525-b5d0f6ce70cf,2bf6c830-ebb6-478f-841e-aaab8edcec4d
b48c9642-fae2-4f2e-9525-b5d0f6ce70cf,4178a4ef-1c0a-48fc-a569-e7c83cfbd46f
b48c9642-fae2-4f2e-9525-b5d0f6ce70cf,b98682ac-fc8a-4570-b840-ea5580431f34
b48c9642-fae2-4f2e-9525-b5d0f6ce70cf,f0cf72f8-e25e-49ad-acf8-f26be2ae4527
b48c9642-fae2-4f2e-9525-b5d0f6ce70cf,1343e1c5-31f9-4297-b7eb-ed5c114bb32c
b48c9642-fae2-4f2e-9525-b5d0f6ce70cf,e25ccca6-48b6-40b3-94e6-fbc5322abedd
b48c9642-fae2-4f2e-9525-b5d0f6ce70cf,8fce6009-39c9-47da-88ce-34517b74ec97
b48c9642-fae2-4f2e-9525-b5d0f6ce70cf,9add746b-4905-49fa-8f55-170be0513a55
b48c9642-fae2-4f2e-9525-b5d0f6ce70cf,8ecb4a42-c120-433a-8d55-42e08fd561fb
b48c9642-fae2-4f2e-9525-b5d0f6ce70cf,49ed75e6-43f8-4444-92e3-c920c5ff4b2f
b48c9642-fae2-4f2e-9525-b5d0f6ce70cf,7f34c09b-723f-47d0-b75b-c498b5084067
b48c9642-fae2-4f2e-9525-b5d0f6ce70cf,964715b5-fdc9-46bd-b670-8e4e7cc56256
b48c9642-fae2-4f2e-9525-b5d0f6ce70cf,e75f110b-6b97-4ff4-b6a2-f230b9d87639
b48c9642-fae2-4f2e-9525-b5d0f6ce70cf,aa1fbdc2-d5d4-47c2-8db1-ba4a168e6cb2
b48c9642-fae2-4f2e-9525-b5d0f6ce70cf,7269e20f-3fbe-4aca-8ca9-629e4a23a29e
b48c9642-fae2-4f2e-9525-b5d0f6ce70cf,7506012d-6f01-497b-9bb6-3fcd5721b362
b48c9642-fae2-4f2e-9525-b5d0f6ce70cf,77feff39-5c1a-45c3-9ffb-7dd9bc1eda32
b48c9642-fae2-4f2e-9525-b5d0f6ce70cf,62114484-51e7-48ff-9f3a-70120693ec86
b48c9642-fae2-4f2e-9525-b5d0f6ce70cf,c650314a-7aa9-48ea-8897-2ac33ea650b6
b48c9642-fae2-4f2e-9525-b5d0f6ce70cf,07f3573b-489b-4058-bfb5-b5caed78f53d
b48c9642-fae2-4f2e-9525-b5d0f6ce70cf,6ceab0a8-c983-4a67-a832-5749b651950f
b48c9642-fae2-4f2e-9525-b5d0f6ce70cf,43e1eca6-3f64-44c4-9078-2365d0cd6715
b48c9642-fae2-4f2e-9525-b5d0f6ce70cf,1157468a-262e-45ca-9908-671dd0c38214
b48c9642-fae2-4f2e-9525-b5d0f6ce70cf,e5ae13b6-b800-4769-8228-5862bc330697
b48c9642-fae2-4f2e-9525-b5d0f6ce70cf,754d870e-d41e-4e3a-9334-7bd6511c1261
b48c9642-fae2-4f2e-9525-b5d0f6ce70cf,b036650e-2b09-4838-b73d-d173379bfde9
b48c9642-fae2-4f2e-9525-b5d0f6ce70cf,2294e905-3887-4c16-825d-6ae4bacbac9f
b48c9642-fae2-4f2e-9525-b5d0f6ce70cf,e0d09b7a-24d7-4999-b984-849bbe22b315
b48c9642-fae2-4f2e-9525-b5d0f6ce70cf,d0209c99-272f-44d4-95ac-773580cc49e7
b48c9642-fae2-4f2e-9525-b5d0f6ce70cf,a6614c23-e471-492c-85ab-5fb93df4fe9f
b48c9642-fae2-4f2e-9525-b5d0f6ce70cf,8660b916-74a4-4681-8ebb-29f6dfac253f
b48c9642-fae2-4f2e-9525-b5d0f6ce70cf,e5ab09ff-1ebd-4f0e-ad33-1d9a2cbc6cac
b48c9642-fae2-4f2e-9525-b5d0f6ce70cf,24ef8edc-f211-4695-b4e9-52f45d1d0518
b48c9642-fae2-4f2e-9525-b5d0f6ce70cf,850fe1fc-0117-41e5-aded-118f05efd64b
b48c9642-fae2-4f2e-9525-b5d0f6ce70cf,51855b37-3481-4584-baf7-2dd9fb5c3a3f
b48c9642-fae2-4f2e-9525-b5d0f6ce70cf,9aae31b0-3130-4d23-9924-a2f8396d98e3
b48c9642-fae2-4f2e-9525-b5d0f6ce70cf,502db1d7-409c-499d-9b4b-306c05ae72a9
b48c9642-fae2-4f2e-9525-b5d0f6ce70cf,8673f2fa-3e3a-4857-852e-a65181599643
b48c9642-fae2-4f2e-9525-b5d0f6ce70cf,6e0075ee-cf72-46c5-b969-9e15ec7e3af5
b48c9642-fae2-4f2e-9525-b5d0f6ce70cf,7e6bf90e-4e10-4d2e-ba10-9ad65024947f
b48c9642-fae2-4f2e-9525-b5d0f6ce70cf,d251e64b-0d00-41f5-b1a8-666493cfb504
b48c9642-fae2-4f2e-9525-b5d0f6ce70cf,80b50ef8-96ea-4fb6-a37b-24de67bf946c
b48c9642-fae2-4f2e-9525-b5d0f6ce70cf,0a3fe50b-9277-45c7-88cf-e338009d467d
b48c9642-fae2-4f2e-9525-b5d0f6ce70cf,f781feae-f0ae-4568-9595-223221955cac
b48c9642-fae2-4f2e-9525-b5d0f6ce70cf,6683aabb-9d5a-4454-b006-f828c5a95a39
b48c9642-fae2-4f2e-9525-b5d0f6ce70cf,7dcd2312-1b4e-409c-ac67-f2c562aeecca
b48c9642-fae2-4f2e-9525-b5d0f6ce70cf,3e2d97be-d00f-453a-89af-e35c3b1e8719
b48c9642-fae2-4f2e-9525-b5d0f6ce70cf,29e9fb72-29dd-4362-a278-80e5beca153e
b48c9642-fae2-4f2e-9525-b5d0f6ce70cf,9d9eccd9-67fc-4f71-a8da-94e0dbd79259
b48c9642-fae2-4f2e-9525-b5d0f6ce70cf,6e821edf-e26e-40a1-93e3-2c20a9412fb7
b48c9642-fae2-4f2e-9525-b5d0f6ce70cf,67cd3f59-43c6-4398-8f02-36bbc707e8c3
b48c9642-fae2-4f2e-9525-b5d0f6ce70cf,c1dcd3bb-ec1e-416b-ab92-6205e81f4aaf
b48c9642-fae2-4f2e-9525-b5d0f6ce70cf,39cc1231-731e-4ea9-b1bd-93b6c0d660c0
b48c9642-fae2-4f2e-9525-b5d0f6ce70cf,66bb73df-60a3-4093-a8ce-0f3d56673316
b48c9642-fae2-4f2e-9525-b5d0f6ce70cf,a467b389-e767-4a4a-89c6-da159e3b7208
b48c9642-fae2-4f2e-9525-b5d0f6ce70cf,742573f3-b658-4e0c-9183-e1a61ce9c201
b48c9642-fae2-4f2e-9525-b5d0f6ce70cf,9288dc96-7c6b-4be6-911e-91c71cf4ae85
b48c9642-fae2-4f2e-9525-b5d0f6ce70cf,4f2f4f3d-487e-4144-a03f-5675a4dfe028
b48c9642-fae2-4f2e-9525-b5d0f6ce70cf,22d1086b-80cd-45c5-8407-b6f9287842b1
b48c9642-fae2-4f2e-9525-b5d0f6ce70cf,446a0158-cc72-46c3-a850-9593fb8b5cf5
b48c9642-fae2-4f2e-9525-b5d0f6ce70cf,ad3dce70-faf5-4a7e-9b90-4493c27a4f1d
b48c9642-fae2-4f2e-9525-b5d0f6ce70cf,4a4ba199-9481-41a3-b30e-4504e44c9bad
b48c9642-fae2-4f2e-9525-b5d0f6ce70cf,b82ecc00-6336-42a4-9266-ee756671a255
b48c9642-fae2-4f2e-9525-b5d0f6ce70cf,73b363c6-c734-4f2f-8db7-3bc47c104833
b48c9642-fae2-4f2e-9525-b5d0f6ce70cf,94ff19e0-7bd9-462f-a232-602487b83ee3
b48c9642-fae2-4f2e-9525-b5d0f6ce70cf,6858b9d4-74a6-41cb-9997-1f72253c9074
b48c9642-fae2-4f2e-9525-b5d0f6ce70cf,06670f03-5e3a-44f0-bfba-65d9dd6dc25e
b48c9642-fae2-4f2e-9525-b5d0f6ce70cf,f01613a7-8162-4e07-921b-360996b718f1
b48c9642-fae2-4f2e-9525-b5d0f6ce70cf,a2ec249c-789d-4fd0-b156-b3ca34cecafd
b48c9642-fae2-4f2e-9525-b5d0f6ce70cf,e607b15b-d7c2-4fa2-b1ff-ea1039a84716
b48c9642-fae2-4f2e-9525-b5d0f6ce70cf,3ea22688-0f8c-4533-93e9-a4d912ee29b7
b48c9642-fae2-4f2e-9525-b5d0f6ce70cf,a565cfee-8d16-47c9-b766-fde13d5a578d
b48c9642-fae2-4f2e-9525-b5d0f6ce70cf,6c51bd3f-66f0-4872-a1cc-36e110ef569a
b48c9642-fae2-4f2e-9525-b5d0f6ce70cf,06ec0fa1-cb98-44ca-b894-18bd638e4c8b
b48c9642-fae2-4f2e-9525-b5d0f6ce70cf,b38c5c33-8dcd-4cc4-9f16-142947bc970d
b48c9642-fae2-4f2e-9525-b5d0f6ce70cf,f8406140-e428-4df3-beeb-83ff6f4afed9
b48c9642-fae2-4f2e-9525-b5d0f6ce70cf,1e27e946-9812-446d-b1de-10f15c09b209
b48c9642-fae2-4f2e-9525-b5d0f6ce70cf,836f225c-e07e-43ef-997d-66276e5867fe
b48c9642-fae2-4f2e-9525-b5d0f6ce70cf,bd6e0b72-6e5b-47c0-9520-a1f971c68276
b48c9642-fae2-4f2e-9525-b5d0f6ce70cf,60702ca7-42a1-4987-986c-a3ee17498c4a
b48c9642-fae2-4f2e-9525-b5d0f6ce70cf,20331205-67dd-433d-ad01-c9e481d2c97b
b48c9642-fae2-4f2e-9525-b5d0f6ce70cf,9788c9f9-18fe-4964-948b-fa3e9fa41cdb
b48c9642-fae2-4f2e-9525-b5d0f6ce70cf,3dfc04ee-90f5-4552-9db6-9aa2bafb4863
b48c9642-fae2-4f2e-9525-b5d0f6ce70cf,214a2145-5c5f-46d7-b2dc-7f7655e55ab9
b48c9642-fae2-4f2e-9525-b5d0f6ce70cf,d1714486-168b-4fe7-8346-debe71df568b
b48c9642-fae2-4f2e-9525-b5d0f6ce70cf,ad10b4e3-814b-4e82-a82f-3f9442fe66f5
b48c9642-fae2-4f2e-9525-b5d0f6ce70cf,f8b6e462-49bb-4e76-b099-c0133274a3bd
b48c9642-fae2-4f2e-9525-b5d0f6ce70cf,eeb82e1b-91f6-4b63-969b-973a83942ce3
b48c9642-fae2-4f2e-9525-b5d0f6ce70cf,d5649aa4-a6e3-48af-8105-2e0ec5434212
b48c9642-fae2-4f2e-9525-b5d0f6ce70cf,ad3e5336-d71d-4c7e-bb9c-b8b14c03a1a2
b48c9642-fae2-4f2e-9525-b5d0f6ce70cf,95c56220-63dd-475d-b41f-4b44df8a3a80
b48c9642-fae2-4f2e-9525-b5d0f6ce70cf,cf599950-90e3-40fe-85ed-ca9163ef53f2
b48c9642-fae2-4f2e-9525-b5d0f6ce70cf,79cd9f01-ae1c-43cb-be24-bdb46521487b
b48c9642-fae2-4f2e-9525-b5d0f6ce70cf,7fbab367-1c6a-46ad-8372-310557c4ac13
b48c9642-fae2-4f2e-9525-b5d0f6ce70cf,0b792253-46d3-4cbf-b82c-f8e732f797b2
b48c9642-fae2-4f2e-9525-b5d0f6ce70cf,cc60b90d-44dc-4072-8b9b-f0f04e8626a1
92c6605e-3bcf-452a-9c95-d955fdf036fc,310deddf-3b76-4ab4-ac58-0b533114d28e
92c6605e-3bcf-452a-9c95-d955fdf036fc,8d53b5b6-de15-4dda-bedf-0fe719318f0d
92c6605e-3bcf-452a-9c95-d955fdf036fc,f2e26f34-1ab0-458e-b16e-e374e6b04551
92c6605e-3bcf-452a-9c95-d955fdf036fc,918c8d8b-7b5a-4fb9-a318-1b2e5cf21b4b
92c6605e-3bcf-452a-9c95-d955fdf036fc,4472419c-1eb6-41e4-b8db-8dfce937324b
92c6605e-3bcf-452a-9c95-d955fdf036fc,351f58fa-1b78-4734-8671-6d720d408b7f
92c6605e-3bcf-452a-9c95-d955fdf036fc,51d425c2-6454-4fbe-bb0c-f3af52829531
92c6605e-3bcf-452a-9c95-d955fdf036fc,40cc591b-3cb0-4ad1-be4f-526c1fba2d39
92c6605e-3bcf-452a-9c95-d955fdf036fc,5b93e3e8-7878-4bbb-a19d-9c5f24c43042
92c6605e-3bcf-452a-9c95-d955fdf036fc,866d8801-91f6-4b3e-8561-0d8fd8259337
92c6605e-3bcf-452a-9c95-d955fdf036fc,4f4b9719-3524-4a00-a74b-44d9e3ee3afb
92c6605e-3bcf-452a-9c95-d955fdf036fc,f807fc0c-3ee2-431f-8d8a-adf3824c843b
92c6605e-3bcf-452a-9c95-d955fdf036fc,9eb1e82e-0daa-4198-b22a-25baf5bb1ce0
92c6605e-3bcf-452a-9c95-d955fdf036fc,d6050df4-1649-4462-aa9b-92d89fcc5b8f
92c6605e-3bcf-452a-9c95-d955fdf036fc,6163b9c8-c32e-48f0-9d62-aac133855b4c
92c6605e-3bcf-452a-9c95-d955fdf036fc,66cece40-6468-4214-99a4-137b00723416
92c6605e-3bcf-452a-9c95-d955fdf036fc,18ba28e1-545d-417b-a65b-617f35af5ff9
92c6605e-3bcf-452a-9c95-d955fdf036fc,6e3a271a-415b-4758-a144-e9b76f0592c7
92c6605e-3bcf-452a-9c95-d955fdf036fc,dbdbda3d-affd-469e-ae41-988780d7e542
92c6605e-3bcf-452a-9c95-d955fdf036fc,b2c4e95d-130a-4230-b137-6de667683f52
92c6605e-3bcf-452a-9c95-d955fdf036fc,a034a9a1-d6c4-49fa-905d-e716a5b5d197
92c6605e-3bcf-452a-9c95-d955fdf036fc,132b63b9-3673-4047-a767-bed235052a2e
92c6605e-3bcf-452a-9c95-d955fdf036fc,59af5df8-04cf-496c-a615-a353b2e96031
92c6605e-3bcf-452a-9c95-d955fdf036fc,faea6673-d730-47bf-a3d3-dc0df145b0d9
92c6605e-3bcf-452a-9c95-d955fdf036fc,520e5c3c-a44a-43b7-b68b-b385a543ac75
92c6605e-3bcf-452a-9c95-d955fdf036fc,59ca0ede-8a28-4dd0-9bec-edc28b3bb77c
92c6605e-3bcf-452a-9c95-d955fdf036fc,738a9f3f-0d33-43d5-9f02-19bfa2020f6a
92c6605e-3bcf-452a-9c95-d955fdf036fc,fc75d94c-f1a6-48ae-aa89-9a89a5e4649b
92c6605e-3bcf-452a-9c95-d955fdf036fc,faa1753e-7ca7-4b88-9e05-c80806524c94
92c6605e-3bcf-452a-9c95-d955fdf036fc,94d9cbe9-5aeb-439b-ad7c-e4d5076818e4
92c6605e-3bcf-452a-9c95-d955fdf036fc,25eaf357-c3ab-4032-9be2-48b62745ef5d
92c6605e-3bcf-452a-9c95-d955fdf036fc,4923789b-0add-4277-986a-8d047cf658c9
92c6605e-3bcf-452a-9c95-d955fdf036fc,e9883f5d-ee9f-4615-af18-6ddd5d5e0b79
92c6605e-3bcf-452a-9c95-d955fdf036fc,e3eae30b-0447-44b1-974d-2988aefe3d48
92c6605e-3bcf-452a-9c95-d955fdf036fc,ea3e66d5-80dd-43b8-b7a9-a01d1fd93222
92c6605e-3bcf-452a-9c95-d955fdf036fc,5406c988-97ab-4575-9791-2331833a3feb
92c6605e-3bcf-452a-9c95-d955fdf036fc,366ae729-20e9-42b6-8841-6f20305a053f
92c6605e-3bcf-452a-9c95-d955fdf036fc,06cc5f6b-a65f-49fe-90af-a67f977d65b5
92c6605e-3bcf-452a-9c95-d955fdf036fc,828ebd35-5fdf-43e2-82cc-c0d481a427be
92c6605e-3bcf-452a-9c95-d955fdf036fc,8c814e0b-8190-4c1a-84f7-85dd6508a4c6
92c6605e-3bcf-452a-9c95-d955fdf036fc,d31168b9-2292-4871-9add-616e37f023c1
92c6605e-3bcf-452a-9c95-d955fdf036fc,f7a62c48-2137-47df-87fb-4f8a4a35bbfd
92c6605e-3bcf-452a-9c95-d955fdf036fc,d7f7f3db-f181-457e-8ced-c5624ad13a71
92c6605e-3bcf-452a-9c95-d955fdf036fc,a37f3c6b-31b3-4cb9-b6f9-9844b66c12d6
92c6605e-3bcf-452a-9c95-d955fdf036fc,8ddc12a3-72c9-4b2b-ae56-144500082035
92c6605e-3bcf-452a-9c95-d955fdf036fc,2df8c5a6-2c4c-49bc-ac19-08adadc5f7b8
92c6605e-3bcf-452a-9c95-d955fdf036fc,c873950c-6df2-45f6-91ca-128be906a563
92c6605e-3bcf-452a-9c95-d955fdf036fc,c825eb1b-1c8c-4dfa-9df7-07077d1f7f56
92c6605e-3bcf-452a-9c95-d955fdf036fc,949a6ec9-0bfb-481e-802c-b9381d3ac291
92c6605e-3bcf-452a-9c95-d955fdf036fc,986e001a-6c3c-473a-a96f-37da3b1c9ab5
92c6605e-3bcf-452a-9c95-d955fdf036fc,29bf85ea-bc91-4d69-9cc4-a1be3b38e493
92c6605e-3bcf-452a-9c95-d955fdf036fc,4e962a74-801d-46a2-b902-69e675ea53e1
92c6605e-3bcf-452a-9c95-d955fdf036fc,1e03b946-521b-4442-871d-37c191436477
92c6605e-3bcf-452a-9c95-d955fdf036fc,31138618-e8e3-4e88-bd54-198c5e2ae922
92c6605e-3bcf-452a-9c95-d955fdf036fc,8f662cbd-2d93-4ecc-a858-5ef050662fc6
92c6605e-3bcf-452a-9c95-d955fdf036fc,33169def-c18a-4319-ae78-5fc4f4d85c95
92c6605e-3bcf-452a-9c95-d955fdf036fc,883b89b9-ed72-496e-922a-1cde11f60c22
92c6605e-3bcf-452a-9c95-d955fdf036fc,11ced668-07fe-416b-a4c4-dfd14aa37315
92c6605e-3bcf-452a-9c95-d955fdf036fc,3144cfd0-0053-4702-b6bc-d27a02b21373
92c6605e-3bcf-452a-9c95-d955fdf036fc,2561f85e-a0c2-496a-a417-461a2f7e95f2
92c6605e-3bcf-452a-9c95-d955fdf036fc,545c3fd6-7fca-4381-9fcd-d4e95a45f296
92c6605e-3bcf-452a-9c95-d955fdf036fc,de553c0d-af8a-46c6-aed5-69a270307dab
92c6605e-3bcf-452a-9c95-d955fdf036fc,926db7d8-e784-4663-adf2-a4276d290ef7
92c6605e-3bcf-452a-9c95-d955fdf036fc,d62d8c8d-20ee-40f0-8a37-63038a41114d
92c6605e-3bcf-452a-9c95-d955fdf036fc,dd892d35-abb6-4e64-b1b5-4dfcf43e9b8b
92c6605e-3bcf-452a-9c95-d955fdf036fc,f71b655b-c53b-4efc-9213-e7f148f8f494
92c6605e-3bcf-452a-9c95-d955fdf036fc,68deab0c-3c8a-4a77-a93e-3c2ef2c8a281
92c6605e-3bcf-452a-9c95-d955fdf036fc,61c3fdc7-0fcd-4e4d-82ce-f03eb4a618a4
92c6605e-3bcf-452a-9c95-d955fdf036fc,83e11abc-1fe6-4642-8e1f-9fbcb22c7744
92c6605e-3bcf-452a-9c95-d955fdf036fc,d42d03b1-47f2-493c-9a7e-638fa041c97e
92c6605e-3bcf-452a-9c95-d955fdf036fc,916800c5-0dab-4254-b327-b06f0543824d
92c6605e-3bcf-452a-9c95-d955fdf036fc,3e92fb43-2e91-4386-b73d-0577e19d75d9
92c6605e-3bcf-452a-9c95-d955fdf036fc,2b06c7f0-65f9-42db-a886-e03b61862fb6
92c6605e-3bcf-452a-9c95-d955fdf036fc,ac0f367a-7ab5-49c6-b6f0-77b231d3a3b9
92c6605e-3bcf-452a-9c95-d955fdf036fc,a31a9d84-f261-438e-a9c4-b7007ba7325a
92c6605e-3bcf-452a-9c95-d955fdf036fc,22a9f422-7940-44d8-97b1-73740629cd66
92c6605e-3bcf-452a-9c95-d955fdf036fc,2aa31dba-d9bb-464e-8b0c-8cce78f6cd61
92c6605e-3bcf-452a-9c95-d955fdf036fc,34960863-e909-47f2-85e2-b1ed246c57da
92c6605e-3bcf-452a-9c95-d955fdf036fc,c3159d31-a64a-4d9a-b6cc-646165304a5a
92c6605e-3bcf-452a-9c95-d955fdf036fc,cf000ee7-2282-4bdc-9d93-97376fa4ab78
92c6605e-3bcf-452a-9c95-d955fdf036fc,88dc921f-92ff-4bb7-91a3-6b217bed3f1f
92c6605e-3bcf-452a-9c95-d955fdf036fc,337de7d2-50b7-415e-9805-11af72a33a3e
92c6605e-3bcf-452a-9c95-d955fdf036fc,50b2d520-4907-47fb-9deb-01b9f0a60f80
92c6605e-3bcf-452a-9c95-d955fdf036fc,8ad5f7f8-b3c0-4e0e-a74d-434acfdee09c
92c6605e-3bcf-452a-9c95-d955fdf036fc,a6647f78-6490-48a6-8f38-3a74fd371769
92c6605e-3bcf-452a-9c95-d955fdf036fc,35515ac2-9f86-43da-a1e5-f9002f4c1fc0
92c6605e-3bcf-452a-9c95-d955fdf036fc,54a20f39-58d4-42ce-b3ad-d826b627b1a4
92c6605e-3bcf-452a-9c95-d955fdf036fc,2bf6c830-ebb6-478f-841e-aaab8edcec4d
92c6605e-3bcf-452a-9c95-d955fdf036fc,4178a4ef-1c0a-48fc-a569-e7c83cfbd46f
92c6605e-3bcf-452a-9c95-d955fdf036fc,b98682ac-fc8a-4570-b840-ea5580431f34
92c6605e-3bcf-452a-9c95-d955fdf036fc,f0cf72f8-e25e-49ad-acf8-f26be2ae4527
92c6605e-3bcf-452a-9c95-d955fdf036fc,1343e1c5-31f9-4297-b7eb-ed5c114bb32c
92c6605e-3bcf-452a-9c95-d955fdf036fc,e25ccca6-48b6-40b3-94e6-fbc5322abedd
92c6605e-3bcf-452a-9c95-d955fdf036fc,8fce6009-39c9-47da-88ce-34517b74ec97
92c6605e-3bcf-452a-9c95-d955fdf036fc,9add746b-4905-49fa-8f55-170be0513a55
92c6605e-3bcf-452a-9c95-d955fdf036fc,8ecb4a42-c120-433a-8d55-42e08fd561fb
92c6605e-3bcf-452a-9c95-d955fdf036fc,49ed75e6-43f8-4444-92e3-c920c5ff4b2f
92c6605e-3bcf-452a-9c95-d955fdf036fc,7f34c09b-723f-47d0-b75b-c498b5084067
92c6605e-3bcf-452a-9c95-d955fdf036fc,964715b5-fdc9-46bd-b670-8e4e7cc56256
92c6605e-3bcf-452a-9c95-d955fdf036fc,e75f110b-6b97-4ff4-b6a2-f230b9d87639
92c6605e-3bcf-452a-9c95-d955fdf036fc,aa1fbdc2-d5d4-47c2-8db1-ba4a168e6cb2
92c6605e-3bcf-452a-9c95-d955fdf036fc,7269e20f-3fbe-4aca-8ca9-629e4a23a29e
92c6605e-3bcf-452a-9c95-d955fdf036fc,7506012d-6f01-497b-9bb6-3fcd5721b362
92c6605e-3bcf-452a-9c95-d955fdf036fc,77feff39-5c1a-45c3-9ffb-7dd9bc1eda32
92c6605e-3bcf-452a-9c95-d955fdf036fc,62114484-51e7-48ff-9f3a-70120693ec86
92c6605e-3bcf-452a-9c95-d955fdf036fc,c650314a-7aa9-48ea-8897-2ac33ea650b6
92c6605e-3bcf-452a-9c95-d955fdf036fc,07f3573b-489b-4058-bfb5-b5caed78f53d
92c6605e-3bcf-452a-9c95-d955fdf036fc,6ceab0a8-c983-4a67-a832-5749b651950f
92c6605e-3bcf-452a-9c95-d955fdf036fc,43e1eca6-3f64-44c4-9078-2365d0cd6715
92c6605e-3bcf-452a-9c95-d955fdf036fc,1157468a-262e-45ca-9908-671dd0c38214
92c6605e-3bcf-452a-9c95-d955fdf036fc,e5ae13b6-b800-4769-8228-5862bc330697
92c6605e-3bcf-452a-9c95-d955fdf036fc,754d870e-d41e-4e3a-9334-7bd6511c1261
92c6605e-3bcf-452a-9c95-d955fdf036fc,b036650e-2b09-4838-b73d-d173379bfde9
92c6605e-3bcf-452a-9c95-d955fdf036fc,2294e905-3887-4c16-825d-6ae4bacbac9f
92c6605e-3bcf-452a-9c95-d955fdf036fc,e0d09b7a-24d7-4999-b984-849bbe22b315
92c6605e-3bcf-452a-9c95-d955fdf036fc,d0209c99-272f-44d4-95ac-773580cc49e7
92c6605e-3bcf-452a-9c95-d955fdf036fc,a6614c23-e471-492c-85ab-5fb93df4fe9f
92c6605e-3bcf-452a-9c95-d955fdf036fc,8660b916-74a4-4681-8ebb-29f6dfac253f
92c6605e-3bcf-452a-9c95-d955fdf036fc,e5ab09ff-1ebd-4f0e-ad33-1d9a2cbc6cac
92c6605e-3bcf-452a-9c95-d955fdf036fc,24ef8edc-f211-4695-b4e9-52f45d1d0518
92c6605e-3bcf-452a-9c95-d955fdf036fc,850fe1fc-0117-41e5-aded-118f05efd64b
92c6605e-3bcf-452a-9c95-d955fdf036fc,51855b37-3481-4584-baf7-2dd9fb5c3a3f
92c6605e-3bcf-452a-9c95-d955fdf036fc,9aae31b0-3130-4d23-9924-a2f8396d98e3
92c6605e-3bcf-452a-9c95-d955fdf036fc,502db1d7-409c-499d-9b4b-306c05ae72a9
92c6605e-3bcf-452a-9c95-d955fdf036fc,8673f2fa-3e3a-4857-852e-a65181599643
92c6605e-3bcf-452a-9c95-d955fdf036fc,6e0075ee-cf72-46c5-b969-9e15ec7e3af5
92c6605e-3bcf-452a-9c95-d955fdf036fc,7e6bf90e-4e10-4d2e-ba10-9ad65024947f
92c6605e-3bcf-452a-9c95-d955fdf036fc,d251e64b-0d00-41f5-b1a8-666493cfb504
92c6605e-3bcf-452a-9c95-d955fdf036fc,80b50ef8-96ea-4fb6-a37b-24de67bf946c
92c6605e-3bcf-452a-9c95-d955fdf036fc,0a3fe50b-9277-45c7-88cf-e338009d467d
92c6605e-3bcf-452a-9c95-d955fdf036fc,f781feae-f0ae-4568-9595-223221955cac
92c6605e-3bcf-452a-9c95-d955fdf036fc,6683aabb-9d5a-4454-b006-f828c5a95a39
92c6605e-3bcf-452a-9c95-d955fdf036fc,7dcd2312-1b4e-409c-ac67-f2c562aeecca
92c6605e-3bcf-452a-9c95-d955fdf036fc,3e2d97be-d00f-453a-89af-e35c3b1e8719
92c6605e-3bcf-452a-9c95-d955fdf036fc,29e9fb72-29dd-4362-a278-80e5beca153e
92c6605e-3bcf-452a-9c95-d955fdf036fc,9d9eccd9-67fc-4f71-a8da-94e0dbd79259
92c6605e-3bcf-452a-9c95-d955fdf036fc,6e821edf-e26e-40a1-93e3-2c20a9412fb7
92c6605e-3bcf-452a-9c95-d955fdf036fc,67cd3f59-43c6-4398-8f02-36bbc707e8c3
92c6605e-3bcf-452a-9c95-d955fdf036fc,c1dcd3bb-ec1e-416b-ab92-6205e81f4aaf
92c6605e-3bcf-452a-9c95-d955fdf036fc,39cc1231-731e-4ea9-b1bd-93b6c0d660c0
92c6605e-3bcf-452a-9c95-d955fdf036fc,66bb73df-60a3-4093-a8ce-0f3d56673316
92c6605e-3bcf-452a-9c95-d955fdf036fc,a467b389-e767-4a4a-89c6-da159e3b7208
92c6605e-3bcf-452a-9c95-d955fdf036fc,742573f3-b658-4e0c-9183-e1a61ce9c201
92c6605e-3bcf-452a-9c95-d955fdf036fc,9288dc96-7c6b-4be6-911e-91c71cf4ae85
92c6605e-3bcf-452a-9c95-d955fdf036fc,4f2f4f3d-487e-4144-a03f-5675a4dfe028
92c6605e-3bcf-452a-9c95-d955fdf036fc,22d1086b-80cd-45c5-8407-b6f9287842b1
92c6605e-3bcf-452a-9c95-d955fdf036fc,446a0158-cc72-46c3-a850-9593fb8b5cf5
92c6605e-3bcf-452a-9c95-d955fdf036fc,ad3dce70-faf5-4a7e-9b90-4493c27a4f1d
92c6605e-3bcf-452a-9c95-d955fdf036fc,4a4ba199-9481-41a3-b30e-4504e44c9bad
92c6605e-3bcf-452a-9c95-d955fdf036fc,b82ecc00-6336-42a4-9266-ee756671a255
92c6605e-3bcf-452a-9c95-d955fdf036fc,73b363c6-c734-4f2f-8db7-3bc47c104833
92c6605e-3bcf-452a-9c95-d955fdf036fc,94ff19e0-7bd9-462f-a232-602487b83ee3
92c6605e-3bcf-452a-9c95-d955fdf036fc,6858b9d4-74a6-41cb-9997-1f72253c9074
92c6605e-3bcf-452a-9c95-d955fdf036fc,06670f03-5e3a-44f0-bfba-65d9dd6dc25e
92c6605e-3bcf-452a-9c95-d955fdf036fc,f01613a7-8162-4e07-921b-360996b718f1
92c6605e-3bcf-452a-9c95-d955fdf036fc,a2ec249c-789d-4fd0-b156-b3ca34cecafd
92c6605e-3bcf-452a-9c95-d955fdf036fc,e607b15b-d7c2-4fa2-b1ff-ea1039a84716
92c6605e-3bcf-452a-9c95-d955fdf036fc,3ea22688-0f8c-4533-93e9-a4d912ee29b7
92c6605e-3bcf-452a-9c95-d955fdf036fc,a565cfee-8d16-47c9-b766-fde13d5a578d
92c6605e-3bcf-452a-9c95-d955fdf036fc,6c51bd3f-66f0-4872-a1cc-36e110ef569a
92c6605e-3bcf-452a-9c95-d955fdf036fc,06ec0fa1-cb98-44ca-b894-18bd638e4c8b
92c6605e-3bcf-452a-9c95-d955fdf036fc,b38c5c33-8dcd-4cc4-9f16-142947bc970d
92c6605e-3bcf-452a-9c95-d955fdf036fc,f8406140-e428-4df3-beeb-83ff6f4afed9
92c6605e-3bcf-452a-9c95-d955fdf036fc,1e27e946-9812-446d-b1de-10f15c09b209
92c6605e-3bcf-452a-9c95-d955fdf036fc,836f225c-e07e-43ef-997d-66276e5867fe
92c6605e-3bcf-452a-9c95-d955fdf036fc,bd6e0b72-6e5b-47c0-9520-a1f971c68276
92c6605e-3bcf-452a-9c95-d955fdf036fc,60702ca7-42a1-4987-986c-a3ee17498c4a
92c6605e-3bcf-452a-9c95-d955fdf036fc,20331205-67dd-433d-ad01-c9e481d2c97b
92c6605e-3bcf-452a-9c95-d955fdf036fc,9788c9f9-18fe-4964-948b-fa3e9fa41cdb
92c6605e-3bcf-452a-9c95-d955fdf036fc,3dfc04ee-90f5-4552-9db6-9aa2bafb4863
92c6605e-3bcf-452a-9c95-d955fdf036fc,214a2145-5c5f-46d7-b2dc-7f7655e55ab9
92c6605e-3bcf-452a-9c95-d955fdf036fc,d1714486-168b-4fe7-8346-debe71df568b
92c6605e-3bcf-452a-9c95-d955fdf036fc,ad10b4e3-814b-4e82-a82f-3f9442fe66f5
92c6605e-3bcf-452a-9c95-d955fdf036fc,f8b6e462-49bb-4e76-b099-c0133274a3bd
92c6605e-3bcf-452a-9c95-d955fdf036fc,eeb82e1b-91f6-4b63-969b-973a83942ce3
92c6605e-3bcf-452a-9c95-d955fdf036fc,d5649aa4-a6e3-48af-8105-2e0ec5434212
92c6605e-3bcf-452a-9c95-d955fdf036fc,ad3e5336-d71d-4c7e-bb9c-b8b14c03a1a2
92c6605e-3bcf-452a-9c95-d955fdf036fc,95c56220-63dd-475d-b41f-4b44df8a3a80
92c6605e-3bcf-452a-9c95-d955fdf036fc,cf599950-90e3-40fe-85ed-ca9163ef53f2
92c6605e-3bcf-452a-9c95-d955fdf036fc,79cd9f01-ae1c-43cb-be24-bdb46521487b
92c6605e-3bcf-452a-9c95-d955fdf036fc,7fbab367-1c6a-46ad-8372-310557c4ac13
92c6605e-3bcf-452a-9c95-d955fdf036fc,0b792253-46d3-4cbf-b82c-f8e732f797b2
92c6605e-3bcf-452a-9c95-d955fdf036fc,cc60b90d-44dc-4072-8b9b-f0f04e8626a1
f1232d73-000d-4f56-9363-cd68e2b647f2,310deddf-3b76-4ab4-ac58-0b533114d28e
f1232d73-000d-4f56-9363-cd68e2b647f2,8d53b5b6-de15-4dda-bedf-0fe719318f0d
f1232d73-000d-4f56-9363-cd68e2b647f2,f2e26f34-1ab0-458e-b16e-e374e6b04551
f1232d73-000d-4f56-9363-cd68e2b647f2,918c8d8b-7b5a-4fb9-a318-1b2e5cf21b4b
f1232d73-000d-4f56-9363-cd68e2b647f2,4472419c-1eb6-41e4-b8db-8dfce937324b
f1232d73-000d-4f56-9363-cd68e2b647f2,351f58fa-1b78-4734-8671-6d720d408b7f
f1232d73-000d-4f56-9363-cd68e2b647f2,51d425c2-6454-4fbe-bb0c-f3af52829531
f1232d73-000d-4f56-9363-cd68e2b647f2,40cc591b-3cb0-4ad1-be4f-526c1fba2d39
f1232d73-000d-4f56-9363-cd68e2b647f2,5b93e3e8-7878-4bbb-a19d-9c5f24c43042
f1232d73-000d-4f56-9363-cd68e2b647f2,866d8801-91f6-4b3e-8561-0d8fd8259337
f1232d73-000d-4f56-9363-cd68e2b647f2,4f4b9719-3524-4a00-a74b-44d9e3ee3afb
f1232d73-000d-4f56-9363-cd68e2b647f2,f807fc0c-3ee2-431f-8d8a-adf3824c843b
f1232d73-000d-4f56-9363-cd68e2b647f2,9eb1e82e-0daa-4198-b22a-25baf5bb1ce0
f1232d73-000d-4f56-9363-cd68e2b647f2,d6050df4-1649-4462-aa9b-92d89fcc5b8f
f1232d73-000d-4f56-9363-cd68e2b647f2,6163b9c8-c32e-48f0-9d62-aac133855b4c
f1232d73-000d-4f56-9363-cd68e2b647f2,66cece40-6468-4214-99a4-137b00723416
f1232d73-000d-4f56-9363-cd68e2b647f2,18ba28e1-545d-417b-a65b-617f35af5ff9
f1232d73-000d-4f56-9363-cd68e2b647f2,6e3a271a-415b-4758-a144-e9b76f0592c7
f1232d73-000d-4f56-9363-cd68e2b647f2,dbdbda3d-affd-469e-ae41-988780d7e542
f1232d73-000d-4f56-9363-cd68e2b647f2,b2c4e95d-130a-4230-b137-6de667683f52
f1232d73-000d-4f56-9363-cd68e2b647f2,a034a9a1-d6c4-49fa-905d-e716a5b5d197
f1232d73-000d-4f56-9363-cd68e2b647f2,132b63b9-3673-4047-a767-bed235052a2e
f1232d73-000d-4f56-9363-cd68e2b647f2,59af5df8-04cf-496c-a615-a353b2e96031
f1232d73-000d-4f56-9363-cd68e2b647f2,faea6673-d730-47bf-a3d3-dc0df145b0d9
f1232d73-000d-4f56-9363-cd68e2b647f2,520e5c3c-a44a-43b7-b68b-b385a543ac75
f1232d73-000d-4f56-9363-cd68e2b647f2,59ca0ede-8a28-4dd0-9bec-edc28b3bb77c
f1232d73-000d-4f56-9363-cd68e2b647f2,738a9f3f-0d33-43d5-9f02-19bfa2020f6a
f1232d73-000d-4f56-9363-cd68e2b647f2,fc75d94c-f1a6-48ae-aa89-9a89a5e4649b
f1232d73-000d-4f56-9363-cd68e2b647f2,faa1753e-7ca7-4b88-9e05-c80806524c94
f1232d73-000d-4f56-9363-cd68e2b647f2,94d9cbe9-5aeb-439b-ad7c-e4d5076818e4
f1232d73-000d-4f56-9363-cd68e2b647f2,25eaf357-c3ab-4032-9be2-48b62745ef5d
f1232d73-000d-4f56-9363-cd68e2b647f2,4923789b-0add-4277-986a-8d047cf658c9
f1232d73-000d-4f56-9363-cd68e2b647f2,e9883f5d-ee9f-4615-af18-6ddd5d5e0b79
f1232d73-000d-4f56-9363-cd68e2b647f2,e3eae30b-0447-44b1-974d-2988aefe3d48
f1232d73-000d-4f56-9363-cd68e2b647f2,ea3e66d5-80dd-43b8-b7a9-a01d1fd93222
f1232d73-000d-4f56-9363-cd68e2b647f2,5406c988-97ab-4575-9791-2331833a3feb
f1232d73-000d-4f56-9363-cd68e2b647f2,366ae729-20e9-42b6-8841-6f20305a053f
f1232d73-000d-4f56-9363-cd68e2b647f2,06cc5f6b-a65f-49fe-90af-a67f977d65b5
f1232d73-000d-4f56-9363-cd68e2b647f2,828ebd35-5fdf-43e2-82cc-c0d481a427be
f1232d73-000d-4f56-9363-cd68e2b647f2,8c814e0b-8190-4c1a-84f7-85dd6508a4c6
f1232d73-000d-4f56-9363-cd68e2b647f2,d31168b9-2292-4871-9add-616e37f023c1
f1232d73-000d-4f56-9363-cd68e2b647f2,f7a62c48-2137-47df-87fb-4f8a4a35bbfd
f1232d73-000d-4f56-9363-cd68e2b647f2,d7f7f3db-f181-457e-8ced-c5624ad13a71
f1232d73-000d-4f56-9363-cd68e2b647f2,a37f3c6b-31b3-4cb9-b6f9-9844b66c12d6
f1232d73-000d-4f56-9363-cd68e2b647f2,8ddc12a3-72c9-4b2b-ae56-144500082035
f1232d73-000d-4f56-9363-cd68e2b647f2,2df8c5a6-2c4c-49bc-ac19-08adadc5f7b8
f1232d73-000d-4f56-9363-cd68e2b647f2,c873950c-6df2-45f6-91ca-128be906a563
f1232d73-000d-4f56-9363-cd68e2b647f2,c825eb1b-1c8c-4dfa-9df7-07077d1f7f56
f1232d73-000d-4f56-9363-cd68e2b647f2,949a6ec9-0bfb-481e-802c-b9381d3ac291
f1232d73-000d-4f56-9363-cd68e2b647f2,986e001a-6c3c-473a-a96f-37da3b1c9ab5
f1232d73-000d-4f56-9363-cd68e2b647f2,29bf85ea-bc91-4d69-9cc4-a1be3b38e493
f1232d73-000d-4f56-9363-cd68e2b647f2,4e962a74-801d-46a2-b902-69e675ea53e1
f1232d73-000d-4f56-9363-cd68e2b647f2,1e03b946-521b-4442-871d-37c191436477
f1232d73-000d-4f56-9363-cd68e2b647f2,31138618-e8e3-4e88-bd54-198c5e2ae922
f1232d73-000d-4f56-9363-cd68e2b647f2,8f662cbd-2d93-4ecc-a858-5ef050662fc6
f1232d73-000d-4f56-9363-cd68e2b647f2,33169def-c18a-4319-ae78-5fc4f4d85c95
f1232d73-000d-4f56-9363-cd68e2b647f2,883b89b9-ed72-496e-922a-1cde11f60c22
f1232d73-000d-4f56-9363-cd68e2b647f2,11ced668-07fe-416b-a4c4-dfd14aa37315
f1232d73-000d-4f56-9363-cd68e2b647f2,3144cfd0-0053-4702-b6bc-d27a02b21373
f1232d73-000d-4f56-9363-cd68e2b647f2,2561f85e-a0c2-496a-a417-461a2f7e95f2
f1232d73-000d-4f56-9363-cd68e2b647f2,545c3fd6-7fca-4381-9fcd-d4e95a45f296
f1232d73-000d-4f56-9363-cd68e2b647f2,de553c0d-af8a-46c6-aed5-69a270307dab
f1232d73-000d-4f56-9363-cd68e2b647f2,926db7d8-e784-4663-adf2-a4276d290ef7
f1232d73-000d-4f56-9363-cd68e2b647f2,d62d8c8d-20ee-40f0-8a37-63038a41114d
f1232d73-000d-4f56-9363-cd68e2b647f2,dd892d35-abb6-4e64-b1b5-4dfcf43e9b8b
f1232d73-000d-4f56-9363-cd68e2b647f2,f71b655b-c53b-4efc-9213-e7f148f8f494
f1232d73-000d-4f56-9363-cd68e2b647f2,68deab0c-3c8a-4a77-a93e-3c2ef2c8a281
f1232d73-000d-4f56-9363-cd68e2b647f2,61c3fdc7-0fcd-4e4d-82ce-f03eb4a618a4
f1232d73-000d-4f56-9363-cd68e2b647f2,83e11abc-1fe6-4642-8e1f-9fbcb22c7744
f1232d73-000d-4f56-9363-cd68e2b647f2,d42d03b1-47f2-493c-9a7e-638fa041c97e
f1232d73-000d-4f56-9363-cd68e2b647f2,916800c5-0dab-4254-b327-b06f0543824d
f1232d73-000d-4f56-9363-cd68e2b647f2,3e92fb43-2e91-4386-b73d-0577e19d75d9
f1232d73-000d-4f56-9363-cd68e2b647f2,2b06c7f0-65f9-42db-a886-e03b61862fb6
f1232d73-000d-4f56-9363-cd68e2b647f2,ac0f367a-7ab5-49c6-b6f0-77b231d3a3b9
f1232d73-000d-4f56-9363-cd68e2b647f2,a31a9d84-f261-438e-a9c4-b7007ba7325a
f1232d73-000d-4f56-9363-cd68e2b647f2,22a9f422-7940-44d8-97b1-73740629cd66
f1232d73-000d-4f56-9363-cd68e2b647f2,2aa31dba-d9bb-464e-8b0c-8cce78f6cd61
f1232d73-000d-4f56-9363-cd68e2b647f2,34960863-e909-47f2-85e2-b1ed246c57da
f1232d73-000d-4f56-9363-cd68e2b647f2,c3159d31-a64a-4d9a-b6cc-646165304a5a
f1232d73-000d-4f56-9363-cd68e2b647f2,cf000ee7-2282-4bdc-9d93-97376fa4ab78
f1232d73-000d-4f56-9363-cd68e2b647f2,88dc921f-92ff-4bb7-91a3-6b217bed3f1f
f1232d73-000d-4f56-9363-cd68e2b647f2,337de7d2-50b7-415e-9805-11af72a33a3e
f1232d73-000d-4f56-9363-cd68e2b647f2,50b2d520-4907-47fb-9deb-01b9f0a60f80
f1232d73-000d-4f56-9363-cd68e2b647f2,8ad5f7f8-b3c0-4e0e-a74d-434acfdee09c
f1232d73-000d-4f56-9363-cd68e2b647f2,a6647f78-6490-48a6-8f38-3a74fd371769
f1232d73-000d-4f56-9363-cd68e2b647f2,35515ac2-9f86-43da-a1e5-f9002f4c1fc0
f1232d73-000d-4f56-9363-cd68e2b647f2,54a20f39-58d4-42ce-b3ad-d826b627b1a4
f1232d73-000d-4f56-9363-cd68e2b647f2,2bf6c830-ebb6-478f-841e-aaab8edcec4d
f1232d73-000d-4f56-9363-cd68e2b647f2,4178a4ef-1c0a-48fc-a569-e7c83cfbd46f
f1232d73-000d-4f56-9363-cd68e2b647f2,b98682ac-fc8a-4570-b840-ea5580431f34
f1232d73-000d-4f56-9363-cd68e2b647f2,f0cf72f8-e25e-49ad-acf8-f26be2ae4527
f1232d73-000d-4f56-9363-cd68e2b647f2,1343e1c5-31f9-4297-b7eb-ed5c114bb32c
f1232d73-000d-4f56-9363-cd68e2b647f2,e25ccca6-48b6-40b3-94e6-fbc5322abedd
f1232d73-000d-4f56-9363-cd68e2b647f2,8fce6009-39c9-47da-88ce-34517b74ec97
f1232d73-000d-4f56-9363-cd68e2b647f2,9add746b-4905-49fa-8f55-170be0513a55
f1232d73-000d-4f56-9363-cd68e2b647f2,8ecb4a42-c120-433a-8d55-42e08fd561fb
f1232d73-000d-4f56-9363-cd68e2b647f2,49ed75e6-43f8-4444-92e3-c920c5ff4b2f
f1232d73-000d-4f56-9363-cd68e2b647f2,7f34c09b-723f-47d0-b75b-c498b5084067
f1232d73-000d-4f56-9363-cd68e2b647f2,964715b5-fdc9-46bd-b670-8e4e7cc56256
f1232d73-000d-4f56-9363-cd68e2b647f2,e75f110b-6b97-4ff4-b6a2-f230b9d87639
f1232d73-000d-4f56-9363-cd68e2b647f2,aa1fbdc2-d5d4-47c2-8db1-ba4a168e6cb2
f1232d73-000d-4f56-9363-cd68e2b647f2,7269e20f-3fbe-4aca-8ca9-629e4a23a29e
f1232d73-000d-4f56-9363-cd68e2b647f2,7506012d-6f01-497b-9bb6-3fcd5721b362
f1232d73-000d-4f56-9363-cd68e2b647f2,77feff39-5c1a-45c3-9ffb-7dd9bc1eda32
f1232d73-000d-4f56-9363-cd68e2b647f2,62114484-51e7-48ff-9f3a-70120693ec86
f1232d73-000d-4f56-9363-cd68e2b647f2,c650314a-7aa9-48ea-8897-2ac33ea650b6
f1232d73-000d-4f56-9363-cd68e2b647f2,07f3573b-489b-4058-bfb5-b5caed78f53d
f1232d73-000d-4f56-9363-cd68e2b647f2,6ceab0a8-c983-4a67-a832-5749b651950f
f1232d73-000d-4f56-9363-cd68e2b647f2,43e1eca6-3f64-44c4-9078-2365d0cd6715
f1232d73-000d-4f56-9363-cd68e2b647f2,1157468a-262e-45ca-9908-671dd0c38214
f1232d73-000d-4f56-9363-cd68e2b647f2,e5ae13b6-b800-4769-8228-5862bc330697
f1232d73-000d-4f56-9363-cd68e2b647f2,754d870e-d41e-4e3a-9334-7bd6511c1261
f1232d73-000d-4f56-9363-cd68e2b647f2,b036650e-2b09-4838-b73d-d173379bfde9
f1232d73-000d-4f56-9363-cd68e2b647f2,2294e905-3887-4c16-825d-6ae4bacbac9f
f1232d73-000d-4f56-9363-cd68e2b647f2,e0d09b7a-24d7-4999-b984-849bbe22b315
f1232d73-000d-4f56-9363-cd68e2b647f2,d0209c99-272f-44d4-95ac-773580cc49e7
f1232d73-000d-4f56-9363-cd68e2b647f2,a6614c23-e471-492c-85ab-5fb93df4fe9f
f1232d73-000d-4f56-9363-cd68e2b647f2,8660b916-74a4-4681-8ebb-29f6dfac253f
f1232d73-000d-4f56-9363-cd68e2b647f2,e5ab09ff-1ebd-4f0e-ad33-1d9a2cbc6cac
f1232d73-000d-4f56-9363-cd68e2b647f2,24ef8edc-f211-4695-b4e9-52f45d1d0518
f1232d73-000d-4f56-9363-cd68e2b647f2,850fe1fc-0117-41e5-aded-118f05efd64b
f1232d73-000d-4f56-9363-cd68e2b647f2,51855b37-3481-4584-baf7-2dd9fb5c3a3f
f1232d73-000d-4f56-9363-cd68e2b647f2,9aae31b0-3130-4d23-9924-a2f8396d98e3
f1232d73-000d-4f56-9363-cd68e2b647f2,502db1d7-409c-499d-9b4b-306c05ae72a9
f1232d73-000d-4f56-9363-cd68e2b647f2,8673f2fa-3e3a-4857-852e-a65181599643
f1232d73-000d-4f56-9363-cd68e2b647f2,6e0075ee-cf72-46c5-b969-9e15ec7e3af5
f1232d73-000d-4f56-9363-cd68e2b647f2,7e6bf90e-4e10-4d2e-ba10-9ad65024947f
f1232d73-000d-4f56-9363-cd68e2b647f2,d251e64b-0d00-41f5-b1a8-666493cfb504
f1232d73-000d-4f56-9363-cd68e2b647f2,80b50ef8-96ea-4fb6-a37b-24de67bf946c
f1232d73-000d-4f56-9363-cd68e2b647f2,0a3fe50b-9277-45c7-88cf-e338009d467d
f1232d73-000d-4f56-9363-cd68e2b647f2,f781feae-f0ae-4568-9595-223221955cac
f1232d73-000d-4f56-9363-cd68e2b647f2,6683aabb-9d5a-4454-b006-f828c5a95a39
f1232d73-000d-4f56-9363-cd68e2b647f2,7dcd2312-1b4e-409c-ac67-f2c562aeecca
f1232d73-000d-4f56-9363-cd68e2b647f2,3e2d97be-d00f-453a-89af-e35c3b1e8719
f1232d73-000d-4f56-9363-cd68e2b647f2,29e9fb72-29dd-4362-a278-80e5beca153e
f1232d73-000d-4f56-9363-cd68e2b647f2,9d9eccd9-67fc-4f71-a8da-94e0dbd79259
f1232d73-000d-4f56-9363-cd68e2b647f2,6e821edf-e26e-40a1-93e3-2c20a9412fb7
f1232d73-000d-4f56-9363-cd68e2b647f2,67cd3f59-43c6-4398-8f02-36bbc707e8c3
f1232d73-000d-4f56-9363-cd68e2b647f2,c1dcd3bb-ec1e-416b-ab92-6205e81f4aaf
f1232d73-000d-4f56-9363-cd68e2b647f2,39cc1231-731e-4ea9-b1bd-93b6c0d660c0
f1232d73-000d-4f56-9363-cd68e2b647f2,66bb73df-60a3-4093-a8ce-0f3d56673316
f1232d73-000d-4f56-9363-cd68e2b647f2,a467b389-e767-4a4a-89c6-da159e3b7208
f1232d73-000d-4f56-9363-cd68e2b647f2,742573f3-b658-4e0c-9183-e1a61ce9c201
f1232d73-000d-4f56-9363-cd68e2b647f2,9288dc96-7c6b-4be6-911e-91c71cf4ae85
f1232d73-000d-4f56-9363-cd68e2b647f2,4f2f4f3d-487e-4144-a03f-5675a4dfe028
f1232d73-000d-4f56-9363-cd68e2b647f2,22d1086b-80cd-45c5-8407-b6f9287842b1
f1232d73-000d-4f56-9363-cd68e2b647f2,446a0158-cc72-46c3-a850-9593fb8b5cf5
f1232d73-000d-4f56-9363-cd68e2b647f2,ad3dce70-faf5-4a7e-9b90-4493c27a4f1d
f1232d73-000d-4f56-9363-cd68e2b647f2,4a4ba199-9481-41a3-b30e-4504e44c9bad
f1232d73-000d-4f56-9363-cd68e2b647f2,b82ecc00-6336-42a4-9266-ee756671a255
f1232d73-000d-4f56-9363-cd68e2b647f2,73b363c6-c734-4f2f-8db7-3bc47c104833
f1232d73-000d-4f56-9363-cd68e2b647f2,94ff19e0-7bd9-462f-a232-602487b83ee3
f1232d73-000d-4f56-9363-cd68e2b647f2,6858b9d4-74a6-41cb-9997-1f72253c9074
f1232d73-000d-4f56-9363-cd68e2b647f2,06670f03-5e3a-44f0-bfba-65d9dd6dc25e
f1232d73-000d-4f56-9363-cd68e2b647f2,f01613a7-8162-4e07-921b-360996b718f1
f1232d73-000d-4f56-9363-cd68e2b647f2,a2ec249c-789d-4fd0-b156-b3ca34cecafd
f1232d73-000d-4f56-9363-cd68e2b647f2,e607b15b-d7c2-4fa2-b1ff-ea1039a84716
f1232d73-000d-4f56-9363-cd68e2b647f2,3ea22688-0f8c-4533-93e9-a4d912ee29b7
f1232d73-000d-4f56-9363-cd68e2b647f2,a565cfee-8d16-47c9-b766-fde13d5a578d
f1232d73-000d-4f56-9363-cd68e2b647f2,6c51bd3f-66f0-4872-a1cc-36e110ef569a
f1232d73-000d-4f56-9363-cd68e2b647f2,06ec0fa1-cb98-44ca-b894-18bd638e4c8b
f1232d73-000d-4f56-9363-cd68e2b647f2,b38c5c33-8dcd-4cc4-9f16-142947bc970d
f1232d73-000d-4f56-9363-cd68e2b647f2,f8406140-e428-4df3-beeb-83ff6f4afed9
f1232d73-000d-4f56-9363-cd68e2b647f2,1e27e946-9812-446d-b1de-10f15c09b209
f1232d73-000d-4f56-9363-cd68e2b647f2,836f225c-e07e-43ef-997d-66276e5867fe
f1232d73-000d-4f56-9363-cd68e2b647f2,bd6e0b72-6e5b-47c0-9520-a1f971c68276
f1232d73-000d-4f56-9363-cd68e2b647f2,60702ca7-42a1-4987-986c-a3ee17498c4a
f1232d73-000d-4f56-9363-cd68e2b647f2,20331205-67dd-433d-ad01-c9e481d2c97b
f1232d73-000d-4f56-9363-cd68e2b647f2,9788c9f9-18fe-4964-948b-fa3e9fa41cdb
f1232d73-000d-4f56-9363-cd68e2b647f2,3dfc04ee-90f5-4552-9db6-9aa2bafb4863
f1232d73-000d-4f56-9363-cd68e2b647f2,214a2145-5c5f-46d7-b2dc-7f7655e55ab9
f1232d73-000d-4f56-9363-cd68e2b647f2,d1714486-168b-4fe7-8346-debe71df568b
f1232d73-000d-4f56-9363-cd68e2b647f2,ad10b4e3-814b-4e82-a82f-3f9442fe66f5
f1232d73-000d-4f56-9363-cd68e2b647f2,f8b6e462-49bb-4e76-b099-c0133274a3bd
f1232d73-000d-4f56-9363-cd68e2b647f2,eeb82e1b-91f6-4b63-969b-973a83942ce3
f1232d73-000d-4f56-9363-cd68e2b647f2,d5649aa4-a6e3-48af-8105-2e0ec5434212
f1232d73-000d-4f56-9363-cd68e2b647f2,ad3e5336-d71d-4c7e-bb9c-b8b14c03a1a2
f1232d73-000d-4f56-9363-cd68e2b647f2,95c56220-63dd-475d-b41f-4b44df8a3a80
f1232d73-000d-4f56-9363-cd68e2b647f2,cf599950-90e3-40fe-85ed-ca9163ef53f2
f1232d73-000d-4f56-9363-cd68e2b647f2,79cd9f01-ae1c-43cb-be24-bdb46521487b
f1232d73-000d-4f56-9363-cd68e2b647f2,7fbab367-1c6a-46ad-8372-310557c4ac13
f1232d73-000d-4f56-9363-cd68e2b647f2,0b792253-46d3-4cbf-b82c-f8e732f797b2
f1232d73-000d-4f56-9363-cd68e2b647f2,cc60b90d-44dc-4072-8b9b-f0f04e8626a1
0ec4ca13-c031-4fa9-bdfe-f3f77e36edde,4923789b-0add-4277-986a-8d047cf658c9
0ec4ca13-c031-4fa9-bdfe-f3f77e36edde,25eaf357-c3ab-4032-9be2-48b62745ef5d
0ec4ca13-c031-4fa9-bdfe-f3f77e36edde,e3eae30b-0447-44b1-974d-2988aefe3d48
0ec4ca13-c031-4fa9-bdfe-f3f77e36edde,828ebd35-5fdf-43e2-82cc-c0d481a427be
0ec4ca13-c031-4fa9-bdfe-f3f77e36edde,ea3e66d5-80dd-43b8-b7a9-a01d1fd93222
0ec4ca13-c031-4fa9-bdfe-f3f77e36edde,5406c988-97ab-4575-9791-2331833a3feb
0ec4ca13-c031-4fa9-bdfe-f3f77e36edde,366ae729-20e9-42b6-8841-6f20305a053f
0ec4ca13-c031-4fa9-bdfe-f3f77e36edde,06cc5f6b-a65f-49fe-90af-a67f977d65b5
0ec4ca13-c031-4fa9-bdfe-f3f77e36edde,8c814e0b-8190-4c1a-84f7-85dd6508a4c6
0ec4ca13-c031-4fa9-bdfe-f3f77e36edde,d31168b9-2292-4871-9add-616e37f023c1
0ec4ca13-c031-4fa9-bdfe-f3f77e36edde,f7a62c48-2137-47df-87fb-4f8a4a35bbfd
0ec4ca13-c031-4fa9-bdfe-f3f77e36edde,d7f7f3db-f181-457e-8ced-c5624ad13a71
0ec4ca13-c031-4fa9-bdfe-f3f77e36edde,8d53b5b6-de15-4dda-bedf-0fe719318f0d
0ec4ca13-c031-4fa9-bdfe-f3f77e36edde,310deddf-3b76-4ab4-ac58-0b533114d28e
0ec4ca13-c031-4fa9-bdfe-f3f77e36edde,a37f3c6b-31b3-4cb9-b6f9-9844b66c12d6
0ec4ca13-c031-4fa9-bdfe-f3f77e36edde,f2e26f34-1ab0-458e-b16e-e374e6b04551
0ec4ca13-c031-4fa9-bdfe-f3f77e36edde,918c8d8b-7b5a-4fb9-a318-1b2e5cf21b4b
0ec4ca13-c031-4fa9-bdfe-f3f77e36edde,4472419c-1eb6-41e4-b8db-8dfce937324b
0ec4ca13-c031-4fa9-bdfe-f3f77e36edde,351f58fa-1b78-4734-8671-6d720d408b7f
0ec4ca13-c031-4fa9-bdfe-f3f77e36edde,51d425c2-6454-4fbe-bb0c-f3af52829531
0ec4ca13-c031-4fa9-bdfe-f3f77e36edde,40cc591b-3cb0-4ad1-be4f-526c1fba2d39
0ec4ca13-c031-4fa9-bdfe-f3f77e36edde,5b93e3e8-7878-4bbb-a19d-9c5f24c43042
0ec4ca13-c031-4fa9-bdfe-f3f77e36edde,866d8801-91f6-4b3e-8561-0d8fd8259337
0ec4ca13-c031-4fa9-bdfe-f3f77e36edde,4f4b9719-3524-4a00-a74b-44d9e3ee3afb
0ec4ca13-c031-4fa9-bdfe-f3f77e36edde,f807fc0c-3ee2-431f-8d8a-adf3824c843b
0ec4ca13-c031-4fa9-bdfe-f3f77e36edde,9eb1e82e-0daa-4198-b22a-25baf5bb1ce0
0ec4ca13-c031-4fa9-bdfe-f3f77e36edde,d6050df4-1649-4462-aa9b-92d89fcc5b8f
0ec4ca13-c031-4fa9-bdfe-f3f77e36edde,6163b9c8-c32e-48f0-9d62-aac133855b4c
0ec4ca13-c031-4fa9-bdfe-f3f77e36edde,66cece40-6468-4214-99a4-137b00723416
0ec4ca13-c031-4fa9-bdfe-f3f77e36edde,18ba28e1-545d-417b-a65b-617f35af5ff9
0ec4ca13-c031-4fa9-bdfe-f3f77e36edde,6e3a271a-415b-4758-a144-e9b76f0592c7
0ec4ca13-c031-4fa9-bdfe-f3f77e36edde,dbdbda3d-affd-469e-ae41-988780d7e542
0ec4ca13-c031-4fa9-bdfe-f3f77e36edde,b2c4e95d-130a-4230-b137-6de667683f52
0ec4ca13-c031-4fa9-bdfe-f3f77e36edde,a034a9a1-d6c4-49fa-905d-e716a5b5d197
0ec4ca13-c031-4fa9-bdfe-f3f77e36edde,132b63b9-3673-4047-a767-bed235052a2e
0ec4ca13-c031-4fa9-bdfe-f3f77e36edde,59af5df8-04cf-496c-a615-a353b2e96031
0ec4ca13-c031-4fa9-bdfe-f3f77e36edde,faea6673-d730-47bf-a3d3-dc0df145b0d9
0ec4ca13-c031-4fa9-bdfe-f3f77e36edde,520e5c3c-a44a-43b7-b68b-b385a543ac75
0ec4ca13-c031-4fa9-bdfe-f3f77e36edde,59ca0ede-8a28-4dd0-9bec-edc28b3bb77c
0ec4ca13-c031-4fa9-bdfe-f3f77e36edde,738a9f3f-0d33-43d5-9f02-19bfa2020f6a
0ec4ca13-c031-4fa9-bdfe-f3f77e36edde,fc75d94c-f1a6-48ae-aa89-9a89a5e4649b
0ec4ca13-c031-4fa9-bdfe-f3f77e36edde,faa1753e-7ca7-4b88-9e05-c80806524c94
0ec4ca13-c031-4fa9-bdfe-f3f77e36edde,94d9cbe9-5aeb-439b-ad7c-e4d5076818e4
0ec4ca13-c031-4fa9-bdfe-f3f77e36edde,e9883f5d-ee9f-4615-af18-6ddd5d5e0b79
0ec4ca13-c031-4fa9-bdfe-f3f77e36edde,ac0f367a-7ab5-49c6-b6f0-77b231d3a3b9
0ec4ca13-c031-4fa9-bdfe-f3f77e36edde,a31a9d84-f261-438e-a9c4-b7007ba7325a
0ec4ca13-c031-4fa9-bdfe-f3f77e36edde,22a9f422-7940-44d8-97b1-73740629cd66
0ec4ca13-c031-4fa9-bdfe-f3f77e36edde,2aa31dba-d9bb-464e-8b0c-8cce78f6cd61
0ec4ca13-c031-4fa9-bdfe-f3f77e36edde,34960863-e909-47f2-85e2-b1ed246c57da
0ec4ca13-c031-4fa9-bdfe-f3f77e36edde,c3159d31-a64a-4d9a-b6cc-646165304a5a
0ec4ca13-c031-4fa9-bdfe-f3f77e36edde,cf000ee7-2282-4bdc-9d93-97376fa4ab78
0ec4ca13-c031-4fa9-bdfe-f3f77e36edde,88dc921f-92ff-4bb7-91a3-6b217bed3f1f
0ec4ca13-c031-4fa9-bdfe-f3f77e36edde,337de7d2-50b7-415e-9805-11af72a33a3e
0ec4ca13-c031-4fa9-bdfe-f3f77e36edde,50b2d520-4907-47fb-9deb-01b9f0a60f80
0ec4ca13-c031-4fa9-bdfe-f3f77e36edde,8ad5f7f8-b3c0-4e0e-a74d-434acfdee09c
0ec4ca13-c031-4fa9-bdfe-f3f77e36edde,a6647f78-6490-48a6-8f38-3a74fd371769
0ec4ca13-c031-4fa9-bdfe-f3f77e36edde,35515ac2-9f86-43da-a1e5-f9002f4c1fc0
0ec4ca13-c031-4fa9-bdfe-f3f77e36edde,54a20f39-58d4-42ce-b3ad-d826b627b1a4
0ec4ca13-c031-4fa9-bdfe-f3f77e36edde,2bf6c830-ebb6-478f-841e-aaab8edcec4d
0ec4ca13-c031-4fa9-bdfe-f3f77e36edde,4178a4ef-1c0a-48fc-a569-e7c83cfbd46f
0ec4ca13-c031-4fa9-bdfe-f3f77e36edde,b98682ac-fc8a-4570-b840-ea5580431f34
0ec4ca13-c031-4fa9-bdfe-f3f77e36edde,f0cf72f8-e25e-49ad-acf8-f26be2ae4527
0ec4ca13-c031-4fa9-bdfe-f3f77e36edde,1343e1c5-31f9-4297-b7eb-ed5c114bb32c
0ec4ca13-c031-4fa9-bdfe-f3f77e36edde,e25ccca6-48b6-40b3-94e6-fbc5322abedd
0ec4ca13-c031-4fa9-bdfe-f3f77e36edde,8fce6009-39c9-47da-88ce-34517b74ec97
0ec4ca13-c031-4fa9-bdfe-f3f77e36edde,9add746b-4905-49fa-8f55-170be0513a55
0ec4ca13-c031-4fa9-bdfe-f3f77e36edde,8ecb4a42-c120-433a-8d55-42e08fd561fb
0ec4ca13-c031-4fa9-bdfe-f3f77e36edde,8ddc12a3-72c9-4b2b-ae56-144500082035
0ec4ca13-c031-4fa9-bdfe-f3f77e36edde,2df8c5a6-2c4c-49bc-ac19-08adadc5f7b8
0ec4ca13-c031-4fa9-bdfe-f3f77e36edde,c873950c-6df2-45f6-91ca-128be906a563
0ec4ca13-c031-4fa9-bdfe-f3f77e36edde,c825eb1b-1c8c-4dfa-9df7-07077d1f7f56
0ec4ca13-c031-4fa9-bdfe-f3f77e36edde,949a6ec9-0bfb-481e-802c-b9381d3ac291
0ec4ca13-c031-4fa9-bdfe-f3f77e36edde,986e001a-6c3c-473a-a96f-37da3b1c9ab5
0ec4ca13-c031-4fa9-bdfe-f3f77e36edde,29bf85ea-bc91-4d69-9cc4-a1be3b38e493
0ec4ca13-c031-4fa9-bdfe-f3f77e36edde,4e962a74-801d-46a2-b902-69e675ea53e1
0ec4ca13-c031-4fa9-bdfe-f3f77e36edde,1e03b946-521b-4442-871d-37c191436477
0ec4ca13-c031-4fa9-bdfe-f3f77e36edde,31138618-e8e3-4e88-bd54-198c5e2ae922
0ec4ca13-c031-4fa9-bdfe-f3f77e36edde,8f662cbd-2d93-4ecc-a858-5ef050662fc6
0ec4ca13-c031-4fa9-bdfe-f3f77e36edde,33169def-c18a-4319-ae78-5fc4f4d85c95
0ec4ca13-c031-4fa9-bdfe-f3f77e36edde,883b89b9-ed72-496e-922a-1cde11f60c22
0ec4ca13-c031-4fa9-bdfe-f3f77e36edde,11ced668-07fe-416b-a4c4-dfd14aa37315
0ec4ca13-c031-4fa9-bdfe-f3f77e36edde,3144cfd0-0053-4702-b6bc-d27a02b21373
0ec4ca13-c031-4fa9-bdfe-f3f77e36edde,2561f85e-a0c2-496a-a417-461a2f7e95f2
0ec4ca13-c031-4fa9-bdfe-f3f77e36edde,545c3fd6-7fca-4381-9fcd-d4e95a45f296
0ec4ca13-c031-4fa9-bdfe-f3f77e36edde,de553c0d-af8a-46c6-aed5-69a270307dab
0ec4ca13-c031-4fa9-bdfe-f3f77e36edde,926db7d8-e784-4663-adf2-a4276d290ef7
0ec4ca13-c031-4fa9-bdfe-f3f77e36edde,d62d8c8d-20ee-40f0-8a37-63038a41114d
0ec4ca13-c031-4fa9-bdfe-f3f77e36edde,dd892d35-abb6-4e64-b1b5-4dfcf43e9b8b
0ec4ca13-c031-4fa9-bdfe-f3f77e36edde,f71b655b-c53b-4efc-9213-e7f148f8f494
0ec4ca13-c031-4fa9-bdfe-f3f77e36edde,68deab0c-3c8a-4a77-a93e-3c2ef2c8a281
0ec4ca13-c031-4fa9-bdfe-f3f77e36edde,61c3fdc7-0fcd-4e4d-82ce-f03eb4a618a4
0ec4ca13-c031-4fa9-bdfe-f3f77e36edde,83e11abc-1fe6-4642-8e1f-9fbcb22c7744
0ec4ca13-c031-4fa9-bdfe-f3f77e36edde,d42d03b1-47f2-493c-9a7e-638fa041c97e
0ec4ca13-c031-4fa9-bdfe-f3f77e36edde,916800c5-0dab-4254-b327-b06f0543824d
0ec4ca13-c031-4fa9-bdfe-f3f77e36edde,3e92fb43-2e91-4386-b73d-0577e19d75d9
0ec4ca13-c031-4fa9-bdfe-f3f77e36edde,2b06c7f0-65f9-42db-a886-e03b61862fb6
0ec4ca13-c031-4fa9-bdfe-f3f77e36edde,964715b5-fdc9-46bd-b670-8e4e7cc56256
0ec4ca13-c031-4fa9-bdfe-f3f77e36edde,e75f110b-6b97-4ff4-b6a2-f230b9d87639
0ec4ca13-c031-4fa9-bdfe-f3f77e36edde,7f34c09b-723f-47d0-b75b-c498b5084067
0ec4ca13-c031-4fa9-bdfe-f3f77e36edde,49ed75e6-43f8-4444-92e3-c920c5ff4b2f
0ec4ca13-c031-4fa9-bdfe-f3f77e36edde,7269e20f-3fbe-4aca-8ca9-629e4a23a29e
0ec4ca13-c031-4fa9-bdfe-f3f77e36edde,aa1fbdc2-d5d4-47c2-8db1-ba4a168e6cb2
0ec4ca13-c031-4fa9-bdfe-f3f77e36edde,7506012d-6f01-497b-9bb6-3fcd5721b362
0ec4ca13-c031-4fa9-bdfe-f3f77e36edde,43e1eca6-3f64-44c4-9078-2365d0cd6715
0ec4ca13-c031-4fa9-bdfe-f3f77e36edde,62114484-51e7-48ff-9f3a-70120693ec86
0ec4ca13-c031-4fa9-bdfe-f3f77e36edde,77feff39-5c1a-45c3-9ffb-7dd9bc1eda32
0ec4ca13-c031-4fa9-bdfe-f3f77e36edde,c650314a-7aa9-48ea-8897-2ac33ea650b6
0ec4ca13-c031-4fa9-bdfe-f3f77e36edde,6ceab0a8-c983-4a67-a832-5749b651950f
0ec4ca13-c031-4fa9-bdfe-f3f77e36edde,07f3573b-489b-4058-bfb5-b5caed78f53d
0ec4ca13-c031-4fa9-bdfe-f3f77e36edde,754d870e-d41e-4e3a-9334-7bd6511c1261
0ec4ca13-c031-4fa9-bdfe-f3f77e36edde,e5ae13b6-b800-4769-8228-5862bc330697
0ec4ca13-c031-4fa9-bdfe-f3f77e36edde,1157468a-262e-45ca-9908-671dd0c38214
0ec4ca13-c031-4fa9-bdfe-f3f77e36edde,b036650e-2b09-4838-b73d-d173379bfde9
0ec4ca13-c031-4fa9-bdfe-f3f77e36edde,2294e905-3887-4c16-825d-6ae4bacbac9f
0ec4ca13-c031-4fa9-bdfe-f3f77e36edde,e0d09b7a-24d7-4999-b984-849bbe22b315
0ec4ca13-c031-4fa9-bdfe-f3f77e36edde,d0209c99-272f-44d4-95ac-773580cc49e7
0ec4ca13-c031-4fa9-bdfe-f3f77e36edde,a6614c23-e471-492c-85ab-5fb93df4fe9f
0ec4ca13-c031-4fa9-bdfe-f3f77e36edde,8660b916-74a4-4681-8ebb-29f6dfac253f
0ec4ca13-c031-4fa9-bdfe-f3f77e36edde,e5ab09ff-1ebd-4f0e-ad33-1d9a2cbc6cac
0ec4ca13-c031-4fa9-bdfe-f3f77e36edde,24ef8edc-f211-4695-b4e9-52f45d1d0518
0ec4ca13-c031-4fa9-bdfe-f3f77e36edde,850fe1fc-0117-41e5-aded-118f05efd64b
0ec4ca13-c031-4fa9-bdfe-f3f77e36edde,51855b37-3481-4584-baf7-2dd9fb5c3a3f
0ec4ca13-c031-4fa9-bdfe-f3f77e36edde,502db1d7-409c-499d-9b4b-306c05ae72a9
0ec4ca13-c031-4fa9-bdfe-f3f77e36edde,9aae31b0-3130-4d23-9924-a2f8396d98e3
0ec4ca13-c031-4fa9-bdfe-f3f77e36edde,8673f2fa-3e3a-4857-852e-a65181599643
0ec4ca13-c031-4fa9-bdfe-f3f77e36edde,6e0075ee-cf72-46c5-b969-9e15ec7e3af5
0ec4ca13-c031-4fa9-bdfe-f3f77e36edde,d251e64b-0d00-41f5-b1a8-666493cfb504
0ec4ca13-c031-4fa9-bdfe-f3f77e36edde,7e6bf90e-4e10-4d2e-ba10-9ad65024947f
0ec4ca13-c031-4fa9-bdfe-f3f77e36edde,0a3fe50b-9277-45c7-88cf-e338009d467d
0ec4ca13-c031-4fa9-bdfe-f3f77e36edde,80b50ef8-96ea-4fb6-a37b-24de67bf946c
0ec4ca13-c031-4fa9-bdfe-f3f77e36edde,7dcd2312-1b4e-409c-ac67-f2c562aeecca
0ec4ca13-c031-4fa9-bdfe-f3f77e36edde,f781feae-f0ae-4568-9595-223221955cac
0ec4ca13-c031-4fa9-bdfe-f3f77e36edde,6683aabb-9d5a-4454-b006-f828c5a95a39
0ec4ca13-c031-4fa9-bdfe-f3f77e36edde,3e2d97be-d00f-453a-89af-e35c3b1e8719
0ec4ca13-c031-4fa9-bdfe-f3f77e36edde,29e9fb72-29dd-4362-a278-80e5beca153e
0ec4ca13-c031-4fa9-bdfe-f3f77e36edde,6e821edf-e26e-40a1-93e3-2c20a9412fb7
0ec4ca13-c031-4fa9-bdfe-f3f77e36edde,9d9eccd9-67fc-4f71-a8da-94e0dbd79259
0ec4ca13-c031-4fa9-bdfe-f3f77e36edde,67cd3f59-43c6-4398-8f02-36bbc707e8c3
0ec4ca13-c031-4fa9-bdfe-f3f77e36edde,39cc1231-731e-4ea9-b1bd-93b6c0d660c0
0ec4ca13-c031-4fa9-bdfe-f3f77e36edde,c1dcd3bb-ec1e-416b-ab92-6205e81f4aaf
0ec4ca13-c031-4fa9-bdfe-f3f77e36edde,66bb73df-60a3-4093-a8ce-0f3d56673316
0ec4ca13-c031-4fa9-bdfe-f3f77e36edde,22d1086b-80cd-45c5-8407-b6f9287842b1
0ec4ca13-c031-4fa9-bdfe-f3f77e36edde,a467b389-e767-4a4a-89c6-da159e3b7208
0ec4ca13-c031-4fa9-bdfe-f3f77e36edde,742573f3-b658-4e0c-9183-e1a61ce9c201
0ec4ca13-c031-4fa9-bdfe-f3f77e36edde,9288dc96-7c6b-4be6-911e-91c71cf4ae85
0ec4ca13-c031-4fa9-bdfe-f3f77e36edde,4f2f4f3d-487e-4144-a03f-5675a4dfe028
0ec4ca13-c031-4fa9-bdfe-f3f77e36edde,446a0158-cc72-46c3-a850-9593fb8b5cf5
0ec4ca13-c031-4fa9-bdfe-f3f77e36edde,ad3dce70-faf5-4a7e-9b90-4493c27a4f1d
0ec4ca13-c031-4fa9-bdfe-f3f77e36edde,b82ecc00-6336-42a4-9266-ee756671a255
0ec4ca13-c031-4fa9-bdfe-f3f77e36edde,4a4ba199-9481-41a3-b30e-4504e44c9bad
0ec4ca13-c031-4fa9-bdfe-f3f77e36edde,73b363c6-c734-4f2f-8db7-3bc47c104833
0ec4ca13-c031-4fa9-bdfe-f3f77e36edde,06670f03-5e3a-44f0-bfba-65d9dd6dc25e
0ec4ca13-c031-4fa9-bdfe-f3f77e36edde,94ff19e0-7bd9-462f-a232-602487b83ee3
0ec4ca13-c031-4fa9-bdfe-f3f77e36edde,6858b9d4-74a6-41cb-9997-1f72253c9074
0ec4ca13-c031-4fa9-bdfe-f3f77e36edde,6c51bd3f-66f0-4872-a1cc-36e110ef569a
0ec4ca13-c031-4fa9-bdfe-f3f77e36edde,e607b15b-d7c2-4fa2-b1ff-ea1039a84716
0ec4ca13-c031-4fa9-bdfe-f3f77e36edde,a565cfee-8d16-47c9-b766-fde13d5a578d
0ec4ca13-c031-4fa9-bdfe-f3f77e36edde,3ea22688-0f8c-4533-93e9-a4d912ee29b7
0ec4ca13-c031-4fa9-bdfe-f3f77e36edde,f01613a7-8162-4e07-921b-360996b718f1
0ec4ca13-c031-4fa9-bdfe-f3f77e36edde,a2ec249c-789d-4fd0-b156-b3ca34cecafd
0ec4ca13-c031-4fa9-bdfe-f3f77e36edde,06ec0fa1-cb98-44ca-b894-18bd638e4c8b
0ec4ca13-c031-4fa9-bdfe-f3f77e36edde,20331205-67dd-433d-ad01-c9e481d2c97b
0ec4ca13-c031-4fa9-bdfe-f3f77e36edde,1e27e946-9812-446d-b1de-10f15c09b209
0ec4ca13-c031-4fa9-bdfe-f3f77e36edde,f8406140-e428-4df3-beeb-83ff6f4afed9
0ec4ca13-c031-4fa9-bdfe-f3f77e36edde,bd6e0b72-6e5b-47c0-9520-a1f971c68276
0ec4ca13-c031-4fa9-bdfe-f3f77e36edde,b38c5c33-8dcd-4cc4-9f16-142947bc970d
0ec4ca13-c031-4fa9-bdfe-f3f77e36edde,836f225c-e07e-43ef-997d-66276e5867fe
0ec4ca13-c031-4fa9-bdfe-f3f77e36edde,60702ca7-42a1-4987-986c-a3ee17498c4a
0ec4ca13-c031-4fa9-bdfe-f3f77e36edde,9788c9f9-18fe-4964-948b-fa3e9fa41cdb
0ec4ca13-c031-4fa9-bdfe-f3f77e36edde,3dfc04ee-90f5-4552-9db6-9aa2bafb4863
0ec4ca13-c031-4fa9-bdfe-f3f77e36edde,214a2145-5c5f-46d7-b2dc-7f7655e55ab9
0ec4ca13-c031-4fa9-bdfe-f3f77e36edde,d1714486-168b-4fe7-8346-debe71df568b
0ec4ca13-c031-4fa9-bdfe-f3f77e36edde,ad10b4e3-814b-4e82-a82f-3f9442fe66f5
0ec4ca13-c031-4fa9-bdfe-f3f77e36edde,f8b6e462-49bb-4e76-b099-c0133274a3bd
0ec4ca13-c031-4fa9-bdfe-f3f77e36edde,d5649aa4-a6e3-48af-8105-2e0ec5434212
0ec4ca13-c031-4fa9-bdfe-f3f77e36edde,eeb82e1b-91f6-4b63-969b-973a83942ce3
0ec4ca13-c031-4fa9-bdfe-f3f77e36edde,ad3e5336-d71d-4c7e-bb9c-b8b14c03a1a2
0ec4ca13-c031-4fa9-bdfe-f3f77e36edde,95c56220-63dd-475d-b41f-4b44df8a3a80
0ec4ca13-c031-4fa9-bdfe-f3f77e36edde,cf599950-90e3-40fe-85ed-ca9163ef53f2
0ec4ca13-c031-4fa9-bdfe-f3f77e36edde,7fbab367-1c6a-46ad-8372-310557c4ac13
0ec4ca13-c031-4fa9-bdfe-f3f77e36edde,79cd9f01-ae1c-43cb-be24-bdb46521487b
0ec4ca13-c031-4fa9-bdfe-f3f77e36edde,0b792253-46d3-4cbf-b82c-f8e732f797b2
0ec4ca13-c031-4fa9-bdfe-f3f77e36edde,cc60b90d-44dc-4072-8b9b-f0f04e8626a1
c9ae3527-9be5-4c14-aa26-1062a721b35d,310deddf-3b76-4ab4-ac58-0b533114d28e
c9ae3527-9be5-4c14-aa26-1062a721b35d,8d53b5b6-de15-4dda-bedf-0fe719318f0d
c9ae3527-9be5-4c14-aa26-1062a721b35d,f2e26f34-1ab0-458e-b16e-e374e6b04551
c9ae3527-9be5-4c14-aa26-1062a721b35d,918c8d8b-7b5a-4fb9-a318-1b2e5cf21b4b
c9ae3527-9be5-4c14-aa26-1062a721b35d,4472419c-1eb6-41e4-b8db-8dfce937324b
c9ae3527-9be5-4c14-aa26-1062a721b35d,351f58fa-1b78-4734-8671-6d720d408b7f
c9ae3527-9be5-4c14-aa26-1062a721b35d,51d425c2-6454-4fbe-bb0c-f3af52829531
c9ae3527-9be5-4c14-aa26-1062a721b35d,40cc591b-3cb0-4ad1-be4f-526c1fba2d39
c9ae3527-9be5-4c14-aa26-1062a721b35d,5b93e3e8-7878-4bbb-a19d-9c5f24c43042
c9ae3527-9be5-4c14-aa26-1062a721b35d,866d8801-91f6-4b3e-8561-0d8fd8259337
c9ae3527-9be5-4c14-aa26-1062a721b35d,4f4b9719-3524-4a00-a74b-44d9e3ee3afb
c9ae3527-9be5-4c14-aa26-1062a721b35d,f807fc0c-3ee2-431f-8d8a-adf3824c843b
c9ae3527-9be5-4c14-aa26-1062a721b35d,9eb1e82e-0daa-4198-b22a-25baf5bb1ce0
c9ae3527-9be5-4c14-aa26-1062a721b35d,d6050df4-1649-4462-aa9b-92d89fcc5b8f
c9ae3527-9be5-4c14-aa26-1062a721b35d,6163b9c8-c32e-48f0-9d62-aac133855b4c
c9ae3527-9be5-4c14-aa26-1062a721b35d,66cece40-6468-4214-99a4-137b00723416
c9ae3527-9be5-4c14-aa26-1062a721b35d,18ba28e1-545d-417b-a65b-617f35af5ff9
c9ae3527-9be5-4c14-aa26-1062a721b35d,6e3a271a-415b-4758-a144-e9b76f0592c7
c9ae3527-9be5-4c14-aa26-1062a721b35d,dbdbda3d-affd-469e-ae41-988780d7e542
c9ae3527-9be5-4c14-aa26-1062a721b35d,b2c4e95d-130a-4230-b137-6de667683f52
c9ae3527-9be5-4c14-aa26-1062a721b35d,a034a9a1-d6c4-49fa-905d-e716a5b5d197
c9ae3527-9be5-4c14-aa26-1062a721b35d,132b63b9-3673-4047-a767-bed235052a2e
c9ae3527-9be5-4c14-aa26-1062a721b35d,59af5df8-04cf-496c-a615-a353b2e96031
c9ae3527-9be5-4c14-aa26-1062a721b35d,faea6673-d730-47bf-a3d3-dc0df145b0d9
c9ae3527-9be5-4c14-aa26-1062a721b35d,520e5c3c-a44a-43b7-b68b-b385a543ac75
c9ae3527-9be5-4c14-aa26-1062a721b35d,59ca0ede-8a28-4dd0-9bec-edc28b3bb77c
c9ae3527-9be5-4c14-aa26-1062a721b35d,738a9f3f-0d33-43d5-9f02-19bfa2020f6a
c9ae3527-9be5-4c14-aa26-1062a721b35d,fc75d94c-f1a6-48ae-aa89-9a89a5e4649b
c9ae3527-9be5-4c14-aa26-1062a721b35d,faa1753e-7ca7-4b88-9e05-c80806524c94
c9ae3527-9be5-4c14-aa26-1062a721b35d,94d9cbe9-5aeb-439b-ad7c-e4d5076818e4
c9ae3527-9be5-4c14-aa26-1062a721b35d,25eaf357-c3ab-4032-9be2-48b62745ef5d
c9ae3527-9be5-4c14-aa26-1062a721b35d,4923789b-0add-4277-986a-8d047cf658c9
c9ae3527-9be5-4c14-aa26-1062a721b35d,e9883f5d-ee9f-4615-af18-6ddd5d5e0b79
c9ae3527-9be5-4c14-aa26-1062a721b35d,e3eae30b-0447-44b1-974d-2988aefe3d48
c9ae3527-9be5-4c14-aa26-1062a721b35d,ea3e66d5-80dd-43b8-b7a9-a01d1fd93222
c9ae3527-9be5-4c14-aa26-1062a721b35d,5406c988-97ab-4575-9791-2331833a3feb
c9ae3527-9be5-4c14-aa26-1062a721b35d,366ae729-20e9-42b6-8841-6f20305a053f
c9ae3527-9be5-4c14-aa26-1062a721b35d,06cc5f6b-a65f-49fe-90af-a67f977d65b5
c9ae3527-9be5-4c14-aa26-1062a721b35d,828ebd35-5fdf-43e2-82cc-c0d481a427be
c9ae3527-9be5-4c14-aa26-1062a721b35d,8c814e0b-8190-4c1a-84f7-85dd6508a4c6
c9ae3527-9be5-4c14-aa26-1062a721b35d,d31168b9-2292-4871-9add-616e37f023c1
c9ae3527-9be5-4c14-aa26-1062a721b35d,f7a62c48-2137-47df-87fb-4f8a4a35bbfd
c9ae3527-9be5-4c14-aa26-1062a721b35d,d7f7f3db-f181-457e-8ced-c5624ad13a71
c9ae3527-9be5-4c14-aa26-1062a721b35d,a37f3c6b-31b3-4cb9-b6f9-9844b66c12d6
c9ae3527-9be5-4c14-aa26-1062a721b35d,8ddc12a3-72c9-4b2b-ae56-144500082035
c9ae3527-9be5-4c14-aa26-1062a721b35d,2df8c5a6-2c4c-49bc-ac19-08adadc5f7b8
c9ae3527-9be5-4c14-aa26-1062a721b35d,c873950c-6df2-45f6-91ca-128be906a563
c9ae3527-9be5-4c14-aa26-1062a721b35d,c825eb1b-1c8c-4dfa-9df7-07077d1f7f56
c9ae3527-9be5-4c14-aa26-1062a721b35d,949a6ec9-0bfb-481e-802c-b9381d3ac291
c9ae3527-9be5-4c14-aa26-1062a721b35d,986e001a-6c3c-473a-a96f-37da3b1c9ab5
c9ae3527-9be5-4c14-aa26-1062a721b35d,29bf85ea-bc91-4d69-9cc4-a1be3b38e493
c9ae3527-9be5-4c14-aa26-1062a721b35d,4e962a74-801d-46a2-b902-69e675ea53e1
c9ae3527-9be5-4c14-aa26-1062a721b35d,1e03b946-521b-4442-871d-37c191436477
c9ae3527-9be5-4c14-aa26-1062a721b35d,31138618-e8e3-4e88-bd54-198c5e2ae922
c9ae3527-9be5-4c14-aa26-1062a721b35d,8f662cbd-2d93-4ecc-a858-5ef050662fc6
c9ae3527-9be5-4c14-aa26-1062a721b35d,33169def-c18a-4319-ae78-5fc4f4d85c95
c9ae3527-9be5-4c14-aa26-1062a721b35d,883b89b9-ed72-496e-922a-1cde11f60c22
c9ae3527-9be5-4c14-aa26-1062a721b35d,11ced668-07fe-416b-a4c4-dfd14aa37315
c9ae3527-9be5-4c14-aa26-1062a721b35d,3144cfd0-0053-4702-b6bc-d27a02b21373
c9ae3527-9be5-4c14-aa26-1062a721b35d,2561f85e-a0c2-496a-a417-461a2f7e95f2
c9ae3527-9be5-4c14-aa26-1062a721b35d,545c3fd6-7fca-4381-9fcd-d4e95a45f296
c9ae3527-9be5-4c14-aa26-1062a721b35d,de553c0d-af8a-46c6-aed5-69a270307dab
c9ae3527-9be5-4c14-aa26-1062a721b35d,926db7d8-e784-4663-adf2-a4276d290ef7
c9ae3527-9be5-4c14-aa26-1062a721b35d,d62d8c8d-20ee-40f0-8a37-63038a41114d
c9ae3527-9be5-4c14-aa26-1062a721b35d,dd892d35-abb6-4e64-b1b5-4dfcf43e9b8b
c9ae3527-9be5-4c14-aa26-1062a721b35d,f71b655b-c53b-4efc-9213-e7f148f8f494
c9ae3527-9be5-4c14-aa26-1062a721b35d,68deab0c-3c8a-4a77-a93e-3c2ef2c8a281
c9ae3527-9be5-4c14-aa26-1062a721b35d,61c3fdc7-0fcd-4e4d-82ce-f03eb4a618a4
c9ae3527-9be5-4c14-aa26-1062a721b35d,83e11abc-1fe6-4642-8e1f-9fbcb22c7744
c9ae3527-9be5-4c14-aa26-1062a721b35d,d42d03b1-47f2-493c-9a7e-638fa041c97e
c9ae3527-9be5-4c14-aa26-1062a721b35d,916800c5-0dab-4254-b327-b06f0543824d
c9ae3527-9be5-4c14-aa26-1062a721b35d,3e92fb43-2e91-4386-b73d-0577e19d75d9
c9ae3527-9be5-4c14-aa26-1062a721b35d,2b06c7f0-65f9-42db-a886-e03b61862fb6
c9ae3527-9be5-4c14-aa26-1062a721b35d,ac0f367a-7ab5-49c6-b6f0-77b231d3a3b9
c9ae3527-9be5-4c14-aa26-1062a721b35d,a31a9d84-f261-438e-a9c4-b7007ba7325a
c9ae3527-9be5-4c14-aa26-1062a721b35d,22a9f422-7940-44d8-97b1-73740629cd66
c9ae3527-9be5-4c14-aa26-1062a721b35d,2aa31dba-d9bb-464e-8b0c-8cce78f6cd61
c9ae3527-9be5-4c14-aa26-1062a721b35d,34960863-e909-47f2-85e2-b1ed246c57da
c9ae3527-9be5-4c14-aa26-1062a721b35d,c3159d31-a64a-4d9a-b6cc-646165304a5a
c9ae3527-9be5-4c14-aa26-1062a721b35d,cf000ee7-2282-4bdc-9d93-97376fa4ab78
c9ae3527-9be5-4c14-aa26-1062a721b35d,88dc921f-92ff-4bb7-91a3-6b217bed3f1f
c9ae3527-9be5-4c14-aa26-1062a721b35d,337de7d2-50b7-415e-9805-11af72a33a3e
c9ae3527-9be5-4c14-aa26-1062a721b35d,50b2d520-4907-47fb-9deb-01b9f0a60f80
c9ae3527-9be5-4c14-aa26-1062a721b35d,8ad5f7f8-b3c0-4e0e-a74d-434acfdee09c
c9ae3527-9be5-4c14-aa26-1062a721b35d,a6647f78-6490-48a6-8f38-3a74fd371769
c9ae3527-9be5-4c14-aa26-1062a721b35d,35515ac2-9f86-43da-a1e5-f9002f4c1fc0
c9ae3527-9be5-4c14-aa26-1062a721b35d,54a20f39-58d4-42ce-b3ad-d826b627b1a4
c9ae3527-9be5-4c14-aa26-1062a721b35d,2bf6c830-ebb6-478f-841e-aaab8edcec4d
c9ae3527-9be5-4c14-aa26-1062a721b35d,4178a4ef-1c0a-48fc-a569-e7c83cfbd46f
c9ae3527-9be5-4c14-aa26-1062a721b35d,b98682ac-fc8a-4570-b840-ea5580431f34
c9ae3527-9be5-4c14-aa26-1062a721b35d,f0cf72f8-e25e-49ad-acf8-f26be2ae4527
c9ae3527-9be5-4c14-aa26-1062a721b35d,1343e1c5-31f9-4297-b7eb-ed5c114bb32c
c9ae3527-9be5-4c14-aa26-1062a721b35d,e25ccca6-48b6-40b3-94e6-fbc5322abedd
c9ae3527-9be5-4c14-aa26-1062a721b35d,8fce6009-39c9-47da-88ce-34517b74ec97
c9ae3527-9be5-4c14-aa26-1062a721b35d,9add746b-4905-49fa-8f55-170be0513a55
c9ae3527-9be5-4c14-aa26-1062a721b35d,8ecb4a42-c120-433a-8d55-42e08fd561fb
c9ae3527-9be5-4c14-aa26-1062a721b35d,49ed75e6-43f8-4444-92e3-c920c5ff4b2f
c9ae3527-9be5-4c14-aa26-1062a721b35d,7f34c09b-723f-47d0-b75b-c498b5084067
c9ae3527-9be5-4c14-aa26-1062a721b35d,964715b5-fdc9-46bd-b670-8e4e7cc56256
c9ae3527-9be5-4c14-aa26-1062a721b35d,e75f110b-6b97-4ff4-b6a2-f230b9d87639
c9ae3527-9be5-4c14-aa26-1062a721b35d,aa1fbdc2-d5d4-47c2-8db1-ba4a168e6cb2
c9ae3527-9be5-4c14-aa26-1062a721b35d,7269e20f-3fbe-4aca-8ca9-629e4a23a29e
c9ae3527-9be5-4c14-aa26-1062a721b35d,7506012d-6f01-497b-9bb6-3fcd5721b362
c9ae3527-9be5-4c14-aa26-1062a721b35d,77feff39-5c1a-45c3-9ffb-7dd9bc1eda32
c9ae3527-9be5-4c14-aa26-1062a721b35d,62114484-51e7-48ff-9f3a-70120693ec86
c9ae3527-9be5-4c14-aa26-1062a721b35d,c650314a-7aa9-48ea-8897-2ac33ea650b6
c9ae3527-9be5-4c14-aa26-1062a721b35d,07f3573b-489b-4058-bfb5-b5caed78f53d
c9ae3527-9be5-4c14-aa26-1062a721b35d,6ceab0a8-c983-4a67-a832-5749b651950f
c9ae3527-9be5-4c14-aa26-1062a721b35d,43e1eca6-3f64-44c4-9078-2365d0cd6715
c9ae3527-9be5-4c14-aa26-1062a721b35d,1157468a-262e-45ca-9908-671dd0c38214
c9ae3527-9be5-4c14-aa26-1062a721b35d,e5ae13b6-b800-4769-8228-5862bc330697
c9ae3527-9be5-4c14-aa26-1062a721b35d,754d870e-d41e-4e3a-9334-7bd6511c1261
c9ae3527-9be5-4c14-aa26-1062a721b35d,b036650e-2b09-4838-b73d-d173379bfde9
c9ae3527-9be5-4c14-aa26-1062a721b35d,2294e905-3887-4c16-825d-6ae4bacbac9f
c9ae3527-9be5-4c14-aa26-1062a721b35d,e0d09b7a-24d7-4999-b984-849bbe22b315
c9ae3527-9be5-4c14-aa26-1062a721b35d,d0209c99-272f-44d4-95ac-773580cc49e7
c9ae3527-9be5-4c14-aa26-1062a721b35d,a6614c23-e471-492c-85ab-5fb93df4fe9f
c9ae3527-9be5-4c14-aa26-1062a721b35d,8660b916-74a4-4681-8ebb-29f6dfac253f
c9ae3527-9be5-4c14-aa26-1062a721b35d,e5ab09ff-1ebd-4f0e-ad33-1d9a2cbc6cac
c9ae3527-9be5-4c14-aa26-1062a721b35d,24ef8edc-f211-4695-b4e9-52f45d1d0518
c9ae3527-9be5-4c14-aa26-1062a721b35d,850fe1fc-0117-41e5-aded-118f05efd64b
c9ae3527-9be5-4c14-aa26-1062a721b35d,51855b37-3481-4584-baf7-2dd9fb5c3a3f
c9ae3527-9be5-4c14-aa26-1062a721b35d,9aae31b0-3130-4d23-9924-a2f8396d98e3
c9ae3527-9be5-4c14-aa26-1062a721b35d,502db1d7-409c-499d-9b4b-306c05ae72a9
c9ae3527-9be5-4c14-aa26-1062a721b35d,8673f2fa-3e3a-4857-852e-a65181599643
c9ae3527-9be5-4c14-aa26-1062a721b35d,6e0075ee-cf72-46c5-b969-9e15ec7e3af5
c9ae3527-9be5-4c14-aa26-1062a721b35d,7e6bf90e-4e10-4d2e-ba10-9ad65024947f
c9ae3527-9be5-4c14-aa26-1062a721b35d,d251e64b-0d00-41f5-b1a8-666493cfb504
c9ae3527-9be5-4c14-aa26-1062a721b35d,80b50ef8-96ea-4fb6-a37b-24de67bf946c
c9ae3527-9be5-4c14-aa26-1062a721b35d,0a3fe50b-9277-45c7-88cf-e338009d467d
c9ae3527-9be5-4c14-aa26-1062a721b35d,f781feae-f0ae-4568-9595-223221955cac
c9ae3527-9be5-4c14-aa26-1062a721b35d,6683aabb-9d5a-4454-b006-f828c5a95a39
c9ae3527-9be5-4c14-aa26-1062a721b35d,7dcd2312-1b4e-409c-ac67-f2c562aeecca
c9ae3527-9be5-4c14-aa26-1062a721b35d,3e2d97be-d00f-453a-89af-e35c3b1e8719
c9ae3527-9be5-4c14-aa26-1062a721b35d,29e9fb72-29dd-4362-a278-80e5beca153e
c9ae3527-9be5-4c14-aa26-1062a721b35d,9d9eccd9-67fc-4f71-a8da-94e0dbd79259
c9ae3527-9be5-4c14-aa26-1062a721b35d,6e821edf-e26e-40a1-93e3-2c20a9412fb7
c9ae3527-9be5-4c14-aa26-1062a721b35d,67cd3f59-43c6-4398-8f02-36bbc707e8c3
c9ae3527-9be5-4c14-aa26-1062a721b35d,c1dcd3bb-ec1e-416b-ab92-6205e81f4aaf
c9ae3527-9be5-4c14-aa26-1062a721b35d,39cc1231-731e-4ea9-b1bd-93b6c0d660c0
c9ae3527-9be5-4c14-aa26-1062a721b35d,66bb73df-60a3-4093-a8ce-0f3d56673316
c9ae3527-9be5-4c14-aa26-1062a721b35d,a467b389-e767-4a4a-89c6-da159e3b7208
c9ae3527-9be5-4c14-aa26-1062a721b35d,742573f3-b658-4e0c-9183-e1a61ce9c201
c9ae3527-9be5-4c14-aa26-1062a721b35d,9288dc96-7c6b-4be6-911e-91c71cf4ae85
c9ae3527-9be5-4c14-aa26-1062a721b35d,4f2f4f3d-487e-4144-a03f-5675a4dfe028
c9ae3527-9be5-4c14-aa26-1062a721b35d,22d1086b-80cd-45c5-8407-b6f9287842b1
c9ae3527-9be5-4c14-aa26-1062a721b35d,446a0158-cc72-46c3-a850-9593fb8b5cf5
c9ae3527-9be5-4c14-aa26-1062a721b35d,ad3dce70-faf5-4a7e-9b90-4493c27a4f1d
c9ae3527-9be5-4c14-aa26-1062a721b35d,4a4ba199-9481-41a3-b30e-4504e44c9bad
c9ae3527-9be5-4c14-aa26-1062a721b35d,b82ecc00-6336-42a4-9266-ee756671a255
c9ae3527-9be5-4c14-aa26-1062a721b35d,73b363c6-c734-4f2f-8db7-3bc47c104833
c9ae3527-9be5-4c14-aa26-1062a721b35d,94ff19e0-7bd9-462f-a232-602487b83ee3
c9ae3527-9be5-4c14-aa26-1062a721b35d,6858b9d4-74a6-41cb-9997-1f72253c9074
c9ae3527-9be5-4c14-aa26-1062a721b35d,06670f03-5e3a-44f0-bfba-65d9dd6dc25e
c9ae3527-9be5-4c14-aa26-1062a721b35d,f01613a7-8162-4e07-921b-360996b718f1
c9ae3527-9be5-4c14-aa26-1062a721b35d,a2ec249c-789d-4fd0-b156-b3ca34cecafd
c9ae3527-9be5-4c14-aa26-1062a721b35d,e607b15b-d7c2-4fa2-b1ff-ea1039a84716
c9ae3527-9be5-4c14-aa26-1062a721b35d,3ea22688-0f8c-4533-93e9-a4d912ee29b7
c9ae3527-9be5-4c14-aa26-1062a721b35d,a565cfee-8d16-47c9-b766-fde13d5a578d
c9ae3527-9be5-4c14-aa26-1062a721b35d,6c51bd3f-66f0-4872-a1cc-36e110ef569a
c9ae3527-9be5-4c14-aa26-1062a721b35d,06ec0fa1-cb98-44ca-b894-18bd638e4c8b
c9ae3527-9be5-4c14-aa26-1062a721b35d,b38c5c33-8dcd-4cc4-9f16-142947bc970d
c9ae3527-9be5-4c14-aa26-1062a721b35d,f8406140-e428-4df3-beeb-83ff6f4afed9
c9ae3527-9be5-4c14-aa26-1062a721b35d,1e27e946-9812-446d-b1de-10f15c09b209
c9ae3527-9be5-4c14-aa26-1062a721b35d,836f225c-e07e-43ef-997d-66276e5867fe
c9ae3527-9be5-4c14-aa26-1062a721b35d,bd6e0b72-6e5b-47c0-9520-a1f971c68276
c9ae3527-9be5-4c14-aa26-1062a721b35d,60702ca7-42a1-4987-986c-a3ee17498c4a
c9ae3527-9be5-4c14-aa26-1062a721b35d,20331205-67dd-433d-ad01-c9e481d2c97b
c9ae3527-9be5-4c14-aa26-1062a721b35d,9788c9f9-18fe-4964-948b-fa3e9fa41cdb
c9ae3527-9be5-4c14-aa26-1062a721b35d,3dfc04ee-90f5-4552-9db6-9aa2bafb4863
c9ae3527-9be5-4c14-aa26-1062a721b35d,214a2145-5c5f-46d7-b2dc-7f7655e55ab9
c9ae3527-9be5-4c14-aa26-1062a721b35d,d1714486-168b-4fe7-8346-debe71df568b
c9ae3527-9be5-4c14-aa26-1062a721b35d,ad10b4e3-814b-4e82-a82f-3f9442fe66f5
c9ae3527-9be5-4c14-aa26-1062a721b35d,f8b6e462-49bb-4e76-b099-c0133274a3bd
c9ae3527-9be5-4c14-aa26-1062a721b35d,eeb82e1b-91f6-4b63-969b-973a83942ce3
c9ae3527-9be5-4c14-aa26-1062a721b35d,d5649aa4-a6e3-48af-8105-2e0ec5434212
c9ae3527-9be5-4c14-aa26-1062a721b35d,ad3e5336-d71d-4c7e-bb9c-b8b14c03a1a2
c9ae3527-9be5-4c14-aa26-1062a721b35d,95c56220-63dd-475d-b41f-4b44df8a3a80
c9ae3527-9be5-4c14-aa26-1062a721b35d,cf599950-90e3-40fe-85ed-ca9163ef53f2
c9ae3527-9be5-4c14-aa26-1062a721b35d,79cd9f01-ae1c-43cb-be24-bdb46521487b
c9ae3527-9be5-4c14-aa26-1062a721b35d,7fbab367-1c6a-46ad-8372-310557c4ac13
c9ae3527-9be5-4c14-aa26-1062a721b35d,0b792253-46d3-4cbf-b82c-f8e732f797b2
c9ae3527-9be5-4c14-aa26-1062a721b35d,cc60b90d-44dc-4072-8b9b-f0f04e8626a1
0eccde79-f73d-454d-946d-34496027d054,310deddf-3b76-4ab4-ac58-0b533114d28e
0eccde79-f73d-454d-946d-34496027d054,8d53b5b6-de15-4dda-bedf-0fe719318f0d
0eccde79-f73d-454d-946d-34496027d054,f2e26f34-1ab0-458e-b16e-e374e6b04551
0eccde79-f73d-454d-946d-34496027d054,918c8d8b-7b5a-4fb9-a318-1b2e5cf21b4b
0eccde79-f73d-454d-946d-34496027d054,4472419c-1eb6-41e4-b8db-8dfce937324b
0eccde79-f73d-454d-946d-34496027d054,351f58fa-1b78-4734-8671-6d720d408b7f
0eccde79-f73d-454d-946d-34496027d054,51d425c2-6454-4fbe-bb0c-f3af52829531
0eccde79-f73d-454d-946d-34496027d054,40cc591b-3cb0-4ad1-be4f-526c1fba2d39
0eccde79-f73d-454d-946d-34496027d054,5b93e3e8-7878-4bbb-a19d-9c5f24c43042
0eccde79-f73d-454d-946d-34496027d054,866d8801-91f6-4b3e-8561-0d8fd8259337
0eccde79-f73d-454d-946d-34496027d054,4f4b9719-3524-4a00-a74b-44d9e3ee3afb
0eccde79-f73d-454d-946d-34496027d054,f807fc0c-3ee2-431f-8d8a-adf3824c843b
0eccde79-f73d-454d-946d-34496027d054,9eb1e82e-0daa-4198-b22a-25baf5bb1ce0
0eccde79-f73d-454d-946d-34496027d054,d6050df4-1649-4462-aa9b-92d89fcc5b8f
0eccde79-f73d-454d-946d-34496027d054,6163b9c8-c32e-48f0-9d62-aac133855b4c
0eccde79-f73d-454d-946d-34496027d054,66cece40-6468-4214-99a4-137b00723416
0eccde79-f73d-454d-946d-34496027d054,18ba28e1-545d-417b-a65b-617f35af5ff9
0eccde79-f73d-454d-946d-34496027d054,6e3a271a-415b-4758-a144-e9b76f0592c7
0eccde79-f73d-454d-946d-34496027d054,dbdbda3d-affd-469e-ae41-988780d7e542
0eccde79-f73d-454d-946d-34496027d054,b2c4e95d-130a-4230-b137-6de667683f52
0eccde79-f73d-454d-946d-34496027d054,a034a9a1-d6c4-49fa-905d-e716a5b5d197
0eccde79-f73d-454d-946d-34496027d054,132b63b9-3673-4047-a767-bed235052a2e
0eccde79-f73d-454d-946d-34496027d054,59af5df8-04cf-496c-a615-a353b2e96031
0eccde79-f73d-454d-946d-34496027d054,faea6673-d730-47bf-a3d3-dc0df145b0d9
0eccde79-f73d-454d-946d-34496027d054,520e5c3c-a44a-43b7-b68b-b385a543ac75
0eccde79-f73d-454d-946d-34496027d054,59ca0ede-8a28-4dd0-9bec-edc28b3bb77c
0eccde79-f73d-454d-946d-34496027d054,738a9f3f-0d33-43d5-9f02-19bfa2020f6a
0eccde79-f73d-454d-946d-34496027d054,fc75d94c-f1a6-48ae-aa89-9a89a5e4649b
0eccde79-f73d-454d-946d-34496027d054,faa1753e-7ca7-4b88-9e05-c80806524c94
0eccde79-f73d-454d-946d-34496027d054,94d9cbe9-5aeb-439b-ad7c-e4d5076818e4
0eccde79-f73d-454d-946d-34496027d054,25eaf357-c3ab-4032-9be2-48b62745ef5d
0eccde79-f73d-454d-946d-34496027d054,4923789b-0add-4277-986a-8d047cf658c9
0eccde79-f73d-454d-946d-34496027d054,e9883f5d-ee9f-4615-af18-6ddd5d5e0b79
0eccde79-f73d-454d-946d-34496027d054,e3eae30b-0447-44b1-974d-2988aefe3d48
0eccde79-f73d-454d-946d-34496027d054,ea3e66d5-80dd-43b8-b7a9-a01d1fd93222
0eccde79-f73d-454d-946d-34496027d054,5406c988-97ab-4575-9791-2331833a3feb
0eccde79-f73d-454d-946d-34496027d054,366ae729-20e9-42b6-8841-6f20305a053f
0eccde79-f73d-454d-946d-34496027d054,06cc5f6b-a65f-49fe-90af-a67f977d65b5
0eccde79-f73d-454d-946d-34496027d054,828ebd35-5fdf-43e2-82cc-c0d481a427be
0eccde79-f73d-454d-946d-34496027d054,8c814e0b-8190-4c1a-84f7-85dd6508a4c6
0eccde79-f73d-454d-946d-34496027d054,d31168b9-2292-4871-9add-616e37f023c1
0eccde79-f73d-454d-946d-34496027d054,f7a62c48-2137-47df-87fb-4f8a4a35bbfd
0eccde79-f73d-454d-946d-34496027d054,d7f7f3db-f181-457e-8ced-c5624ad13a71
0eccde79-f73d-454d-946d-34496027d054,a37f3c6b-31b3-4cb9-b6f9-9844b66c12d6
0eccde79-f73d-454d-946d-34496027d054,8ddc12a3-72c9-4b2b-ae56-144500082035
0eccde79-f73d-454d-946d-34496027d054,2df8c5a6-2c4c-49bc-ac19-08adadc5f7b8
0eccde79-f73d-454d-946d-34496027d054,c873950c-6df2-45f6-91ca-128be906a563
0eccde79-f73d-454d-946d-34496027d054,c825eb1b-1c8c-4dfa-9df7-07077d1f7f56
0eccde79-f73d-454d-946d-34496027d054,949a6ec9-0bfb-481e-802c-b9381d3ac291
0eccde79-f73d-454d-946d-34496027d054,986e001a-6c3c-473a-a96f-37da3b1c9ab5
0eccde79-f73d-454d-946d-34496027d054,29bf85ea-bc91-4d69-9cc4-a1be3b38e493
0eccde79-f73d-454d-946d-34496027d054,4e962a74-801d-46a2-b902-69e675ea53e1
0eccde79-f73d-454d-946d-34496027d054,1e03b946-521b-4442-871d-37c191436477
0eccde79-f73d-454d-946d-34496027d054,31138618-e8e3-4e88-bd54-198c5e2ae922
0eccde79-f73d-454d-946d-34496027d054,8f662cbd-2d93-4ecc-a858-5ef050662fc6
0eccde79-f73d-454d-946d-34496027d054,33169def-c18a-4319-ae78-5fc4f4d85c95
0eccde79-f73d-454d-946d-34496027d054,883b89b9-ed72-496e-922a-1cde11f60c22
0eccde79-f73d-454d-946d-34496027d054,11ced668-07fe-416b-a4c4-dfd14aa37315
0eccde79-f73d-454d-946d-34496027d054,3144cfd0-0053-4702-b6bc-d27a02b21373
0eccde79-f73d-454d-946d-34496027d054,2561f85e-a0c2-496a-a417-461a2f7e95f2
0eccde79-f73d-454d-946d-34496027d054,545c3fd6-7fca-4381-9fcd-d4e95a45f296
0eccde79-f73d-454d-946d-34496027d054,de553c0d-af8a-46c6-aed5-69a270307dab
0eccde79-f73d-454d-946d-34496027d054,926db7d8-e784-4663-adf2-a4276d290ef7
0eccde79-f73d-454d-946d-34496027d054,d62d8c8d-20ee-40f0-8a37-63038a41114d
0eccde79-f73d-454d-946d-34496027d054,dd892d35-abb6-4e64-b1b5-4dfcf43e9b8b
0eccde79-f73d-454d-946d-34496027d054,f71b655b-c53b-4efc-9213-e7f148f8f494
0eccde79-f73d-454d-946d-34496027d054,68deab0c-3c8a-4a77-a93e-3c2ef2c8a281
0eccde79-f73d-454d-946d-34496027d054,61c3fdc7-0fcd-4e4d-82ce-f03eb4a618a4
0eccde79-f73d-454d-946d-34496027d054,83e11abc-1fe6-4642-8e1f-9fbcb22c7744
0eccde79-f73d-454d-946d-34496027d054,d42d03b1-47f2-493c-9a7e-638fa041c97e
0eccde79-f73d-454d-946d-34496027d054,916800c5-0dab-4254-b327-b06f0543824d
0eccde79-f73d-454d-946d-34496027d054,3e92fb43-2e91-4386-b73d-0577e19d75d9
0eccde79-f73d-454d-946d-34496027d054,2b06c7f0-65f9-42db-a886-e03b61862fb6
0eccde79-f73d-454d-946d-34496027d054,ac0f367a-7ab5-49c6-b6f0-77b231d3a3b9
0eccde79-f73d-454d-946d-34496027d054,a31a9d84-f261-438e-a9c4-b7007ba7325a
0eccde79-f73d-454d-946d-34496027d054,22a9f422-7940-44d8-97b1-73740629cd66
0eccde79-f73d-454d-946d-34496027d054,2aa31dba-d9bb-464e-8b0c-8cce78f6cd61
0eccde79-f73d-454d-946d-34496027d054,34960863-e909-47f2-85e2-b1ed246c57da
0eccde79-f73d-454d-946d-34496027d054,c3159d31-a64a-4d9a-b6cc-646165304a5a
0eccde79-f73d-454d-946d-34496027d054,cf000ee7-2282-4bdc-9d93-97376fa4ab78
0eccde79-f73d-454d-946d-34496027d054,88dc921f-92ff-4bb7-91a3-6b217bed3f1f
0eccde79-f73d-454d-946d-34496027d054,337de7d2-50b7-415e-9805-11af72a33a3e
0eccde79-f73d-454d-946d-34496027d054,50b2d520-4907-47fb-9deb-01b9f0a60f80
0eccde79-f73d-454d-946d-34496027d054,8ad5f7f8-b3c0-4e0e-a74d-434acfdee09c
0eccde79-f73d-454d-946d-34496027d054,a6647f78-6490-48a6-8f38-3a74fd371769
0eccde79-f73d-454d-946d-34496027d054,35515ac2-9f86-43da-a1e5-f9002f4c1fc0
0eccde79-f73d-454d-946d-34496027d054,54a20f39-58d4-42ce-b3ad-d826b627b1a4
0eccde79-f73d-454d-946d-34496027d054,2bf6c830-ebb6-478f-841e-aaab8edcec4d
0eccde79-f73d-454d-946d-34496027d054,4178a4ef-1c0a-48fc-a569-e7c83cfbd46f
0eccde79-f73d-454d-946d-34496027d054,b98682ac-fc8a-4570-b840-ea5580431f34
0eccde79-f73d-454d-946d-34496027d054,f0cf72f8-e25e-49ad-acf8-f26be2ae4527
0eccde79-f73d-454d-946d-34496027d054,1343e1c5-31f9-4297-b7eb-ed5c114bb32c
0eccde79-f73d-454d-946d-34496027d054,e25ccca6-48b6-40b3-94e6-fbc5322abedd
0eccde79-f73d-454d-946d-34496027d054,8fce6009-39c9-47da-88ce-34517b74ec97
0eccde79-f73d-454d-946d-34496027d054,9add746b-4905-49fa-8f55-170be0513a55
0eccde79-f73d-454d-946d-34496027d054,8ecb4a42-c120-433a-8d55-42e08fd561fb
0eccde79-f73d-454d-946d-34496027d054,49ed75e6-43f8-4444-92e3-c920c5ff4b2f
0eccde79-f73d-454d-946d-34496027d054,7f34c09b-723f-47d0-b75b-c498b5084067
0eccde79-f73d-454d-946d-34496027d054,964715b5-fdc9-46bd-b670-8e4e7cc56256
0eccde79-f73d-454d-946d-34496027d054,e75f110b-6b97-4ff4-b6a2-f230b9d87639
0eccde79-f73d-454d-946d-34496027d054,aa1fbdc2-d5d4-47c2-8db1-ba4a168e6cb2
0eccde79-f73d-454d-946d-34496027d054,7269e20f-3fbe-4aca-8ca9-629e4a23a29e
0eccde79-f73d-454d-946d-34496027d054,7506012d-6f01-497b-9bb6-3fcd5721b362
0eccde79-f73d-454d-946d-34496027d054,77feff39-5c1a-45c3-9ffb-7dd9bc1eda32
0eccde79-f73d-454d-946d-34496027d054,62114484-51e7-48ff-9f3a-70120693ec86
0eccde79-f73d-454d-946d-34496027d054,c650314a-7aa9-48ea-8897-2ac33ea650b6
0eccde79-f73d-454d-946d-34496027d054,07f3573b-489b-4058-bfb5-b5caed78f53d
0eccde79-f73d-454d-946d-34496027d054,6ceab0a8-c983-4a67-a832-5749b651950f
0eccde79-f73d-454d-946d-34496027d054,43e1eca6-3f64-44c4-9078-2365d0cd6715
0eccde79-f73d-454d-946d-34496027d054,1157468a-262e-45ca-9908-671dd0c38214
0eccde79-f73d-454d-946d-34496027d054,e5ae13b6-b800-4769-8228-5862bc330697
0eccde79-f73d-454d-946d-34496027d054,754d870e-d41e-4e3a-9334-7bd6511c1261
0eccde79-f73d-454d-946d-34496027d054,b036650e-2b09-4838-b73d-d173379bfde9
0eccde79-f73d-454d-946d-34496027d054,2294e905-3887-4c16-825d-6ae4bacbac9f
0eccde79-f73d-454d-946d-34496027d054,e0d09b7a-24d7-4999-b984-849bbe22b315
0eccde79-f73d-454d-946d-34496027d054,d0209c99-272f-44d4-95ac-773580cc49e7
0eccde79-f73d-454d-946d-34496027d054,a6614c23-e471-492c-85ab-5fb93df4fe9f
0eccde79-f73d-454d-946d-34496027d054,8660b916-74a4-4681-8ebb-29f6dfac253f
0eccde79-f73d-454d-946d-34496027d054,e5ab09ff-1ebd-4f0e-ad33-1d9a2cbc6cac
0eccde79-f73d-454d-946d-34496027d054,24ef8edc-f211-4695-b4e9-52f45d1d0518
0eccde79-f73d-454d-946d-34496027d054,850fe1fc-0117-41e5-aded-118f05efd64b
0eccde79-f73d-454d-946d-34496027d054,51855b37-3481-4584-baf7-2dd9fb5c3a3f
0eccde79-f73d-454d-946d-34496027d054,9aae31b0-3130-4d23-9924-a2f8396d98e3
0eccde79-f73d-454d-946d-34496027d054,502db1d7-409c-499d-9b4b-306c05ae72a9
0eccde79-f73d-454d-946d-34496027d054,8673f2fa-3e3a-4857-852e-a65181599643
0eccde79-f73d-454d-946d-34496027d054,6e0075ee-cf72-46c5-b969-9e15ec7e3af5
0eccde79-f73d-454d-946d-34496027d054,7e6bf90e-4e10-4d2e-ba10-9ad65024947f
0eccde79-f73d-454d-946d-34496027d054,d251e64b-0d00-41f5-b1a8-666493cfb504
0eccde79-f73d-454d-946d-34496027d054,80b50ef8-96ea-4fb6-a37b-24de67bf946c
0eccde79-f73d-454d-946d-34496027d054,0a3fe50b-9277-45c7-88cf-e338009d467d
0eccde79-f73d-454d-946d-34496027d054,f781feae-f0ae-4568-9595-223221955cac
0eccde79-f73d-454d-946d-34496027d054,6683aabb-9d5a-4454-b006-f828c5a95a39
0eccde79-f73d-454d-946d-34496027d054,7dcd2312-1b4e-409c-ac67-f2c562aeecca
0eccde79-f73d-454d-946d-34496027d054,3e2d97be-d00f-453a-89af-e35c3b1e8719
0eccde79-f73d-454d-946d-34496027d054,29e9fb72-29dd-4362-a278-80e5beca153e
0eccde79-f73d-454d-946d-34496027d054,9d9eccd9-67fc-4f71-a8da-94e0dbd79259
0eccde79-f73d-454d-946d-34496027d054,6e821edf-e26e-40a1-93e3-2c20a9412fb7
0eccde79-f73d-454d-946d-34496027d054,67cd3f59-43c6-4398-8f02-36bbc707e8c3
0eccde79-f73d-454d-946d-34496027d054,c1dcd3bb-ec1e-416b-ab92-6205e81f4aaf
0eccde79-f73d-454d-946d-34496027d054,39cc1231-731e-4ea9-b1bd-93b6c0d660c0
0eccde79-f73d-454d-946d-34496027d054,66bb73df-60a3-4093-a8ce-0f3d56673316
0eccde79-f73d-454d-946d-34496027d054,a467b389-e767-4a4a-89c6-da159e3b7208
0eccde79-f73d-454d-946d-34496027d054,742573f3-b658-4e0c-9183-e1a61ce9c201
0eccde79-f73d-454d-946d-34496027d054,9288dc96-7c6b-4be6-911e-91c71cf4ae85
0eccde79-f73d-454d-946d-34496027d054,4f2f4f3d-487e-4144-a03f-5675a4dfe028
0eccde79-f73d-454d-946d-34496027d054,22d1086b-80cd-45c5-8407-b6f9287842b1
0eccde79-f73d-454d-946d-34496027d054,446a0158-cc72-46c3-a850-9593fb8b5cf5
0eccde79-f73d-454d-946d-34496027d054,ad3dce70-faf5-4a7e-9b90-4493c27a4f1d
0eccde79-f73d-454d-946d-34496027d054,4a4ba199-9481-41a3-b30e-4504e44c9bad
0eccde79-f73d-454d-946d-34496027d054,b82ecc00-6336-42a4-9266-ee756671a255
0eccde79-f73d-454d-946d-34496027d054,73b363c6-c734-4f2f-8db7-3bc47c104833
0eccde79-f73d-454d-946d-34496027d054,94ff19e0-7bd9-462f-a232-602487b83ee3
0eccde79-f73d-454d-946d-34496027d054,6858b9d4-74a6-41cb-9997-1f72253c9074
0eccde79-f73d-454d-946d-34496027d054,06670f03-5e3a-44f0-bfba-65d9dd6dc25e
0eccde79-f73d-454d-946d-34496027d054,f01613a7-8162-4e07-921b-360996b718f1
0eccde79-f73d-454d-946d-34496027d054,a2ec249c-789d-4fd0-b156-b3ca34cecafd
0eccde79-f73d-454d-946d-34496027d054,e607b15b-d7c2-4fa2-b1ff-ea1039a84716
0eccde79-f73d-454d-946d-34496027d054,3ea22688-0f8c-4533-93e9-a4d912ee29b7
0eccde79-f73d-454d-946d-34496027d054,a565cfee-8d16-47c9-b766-fde13d5a578d
0eccde79-f73d-454d-946d-34496027d054,6c51bd3f-66f0-4872-a1cc-36e110ef569a
0eccde79-f73d-454d-946d-34496027d054,06ec0fa1-cb98-44ca-b894-18bd638e4c8b
0eccde79-f73d-454d-946d-34496027d054,b38c5c33-8dcd-4cc4-9f16-142947bc970d
0eccde79-f73d-454d-946d-34496027d054,f8406140-e428-4df3-beeb-83ff6f4afed9
0eccde79-f73d-454d-946d-34496027d054,1e27e946-9812-446d-b1de-10f15c09b209
0eccde79-f73d-454d-946d-34496027d054,836f225c-e07e-43ef-997d-66276e5867fe
0eccde79-f73d-454d-946d-34496027d054,bd6e0b72-6e5b-47c0-9520-a1f971c68276
0eccde79-f73d-454d-946d-34496027d054,60702ca7-42a1-4987-986c-a3ee17498c4a
0eccde79-f73d-454d-946d-34496027d054,20331205-67dd-433d-ad01-c9e481d2c97b
0eccde79-f73d-454d-946d-34496027d054,9788c9f9-18fe-4964-948b-fa3e9fa41cdb
0eccde79-f73d-454d-946d-34496027d054,3dfc04ee-90f5-4552-9db6-9aa2bafb4863
0eccde79-f73d-454d-946d-34496027d054,214a2145-5c5f-46d7-b2dc-7f7655e55ab9
0eccde79-f73d-454d-946d-34496027d054,d1714486-168b-4fe7-8346-debe71df568b
0eccde79-f73d-454d-946d-34496027d054,ad10b4e3-814b-4e82-a82f-3f9442fe66f5
0eccde79-f73d-454d-946d-34496027d054,f8b6e462-49bb-4e76-b099-c0133274a3bd
0eccde79-f73d-454d-946d-34496027d054,eeb82e1b-91f6-4b63-969b-973a83942ce3
0eccde79-f73d-454d-946d-34496027d054,d5649aa4-a6e3-48af-8105-2e0ec5434212
0eccde79-f73d-454d-946d-34496027d054,ad3e5336-d71d-4c7e-bb9c-b8b14c03a1a2
0eccde79-f73d-454d-946d-34496027d054,95c56220-63dd-475d-b41f-4b44df8a3a80
0eccde79-f73d-454d-946d-34496027d054,cf599950-90e3-40fe-85ed-ca9163ef53f2
0eccde79-f73d-454d-946d-34496027d054,79cd9f01-ae1c-43cb-be24-bdb46521487b
0eccde79-f73d-454d-946d-34496027d054,7fbab367-1c6a-46ad-8372-310557c4ac13
0eccde79-f73d-454d-946d-34496027d054,0b792253-46d3-4cbf-b82c-f8e732f797b2
0eccde79-f73d-454d-946d-34496027d054,cc60b90d-44dc-4072-8b9b-f0f04e8626a1
bf13758d-ac4c-46ea-bd48-cf8ec9d68677,310deddf-3b76-4ab4-ac58-0b533114d28e
bf13758d-ac4c-46ea-bd48-cf8ec9d68677,8d53b5b6-de15-4dda-bedf-0fe719318f0d
bf13758d-ac4c-46ea-bd48-cf8ec9d68677,f2e26f34-1ab0-458e-b16e-e374e6b04551
bf13758d-ac4c-46ea-bd48-cf8ec9d68677,918c8d8b-7b5a-4fb9-a318-1b2e5cf21b4b
bf13758d-ac4c-46ea-bd48-cf8ec9d68677,4472419c-1eb6-41e4-b8db-8dfce937324b
bf13758d-ac4c-46ea-bd48-cf8ec9d68677,351f58fa-1b78-4734-8671-6d720d408b7f
bf13758d-ac4c-46ea-bd48-cf8ec9d68677,51d425c2-6454-4fbe-bb0c-f3af52829531
bf13758d-ac4c-46ea-bd48-cf8ec9d68677,40cc591b-3cb0-4ad1-be4f-526c1fba2d39
bf13758d-ac4c-46ea-bd48-cf8ec9d68677,5b93e3e8-7878-4bbb-a19d-9c5f24c43042
bf13758d-ac4c-46ea-bd48-cf8ec9d68677,866d8801-91f6-4b3e-8561-0d8fd8259337
bf13758d-ac4c-46ea-bd48-cf8ec9d68677,4f4b9719-3524-4a00-a74b-44d9e3ee3afb
bf13758d-ac4c-46ea-bd48-cf8ec9d68677,f807fc0c-3ee2-431f-8d8a-adf3824c843b
bf13758d-ac4c-46ea-bd48-cf8ec9d68677,9eb1e82e-0daa-4198-b22a-25baf5bb1ce0
bf13758d-ac4c-46ea-bd48-cf8ec9d68677,d6050df4-1649-4462-aa9b-92d89fcc5b8f
bf13758d-ac4c-46ea-bd48-cf8ec9d68677,6163b9c8-c32e-48f0-9d62-aac133855b4c
bf13758d-ac4c-46ea-bd48-cf8ec9d68677,66cece40-6468-4214-99a4-137b00723416
bf13758d-ac4c-46ea-bd48-cf8ec9d68677,18ba28e1-545d-417b-a65b-617f35af5ff9
bf13758d-ac4c-46ea-bd48-cf8ec9d68677,6e3a271a-415b-4758-a144-e9b76f0592c7
bf13758d-ac4c-46ea-bd48-cf8ec9d68677,dbdbda3d-affd-469e-ae41-988780d7e542
bf13758d-ac4c-46ea-bd48-cf8ec9d68677,b2c4e95d-130a-4230-b137-6de667683f52
bf13758d-ac4c-46ea-bd48-cf8ec9d68677,a034a9a1-d6c4-49fa-905d-e716a5b5d197
bf13758d-ac4c-46ea-bd48-cf8ec9d68677,132b63b9-3673-4047-a767-bed235052a2e
bf13758d-ac4c-46ea-bd48-cf8ec9d68677,59af5df8-04cf-496c-a615-a353b2e96031
bf13758d-ac4c-46ea-bd48-cf8ec9d68677,faea6673-d730-47bf-a3d3-dc0df145b0d9
bf13758d-ac4c-46ea-bd48-cf8ec9d68677,520e5c3c-a44a-43b7-b68b-b385a543ac75
bf13758d-ac4c-46ea-bd48-cf8ec9d68677,59ca0ede-8a28-4dd0-9bec-edc28b3bb77c
bf13758d-ac4c-46ea-bd48-cf8ec9d68677,738a9f3f-0d33-43d5-9f02-19bfa2020f6a
bf13758d-ac4c-46ea-bd48-cf8ec9d68677,fc75d94c-f1a6-48ae-aa89-9a89a5e4649b
bf13758d-ac4c-46ea-bd48-cf8ec9d68677,faa1753e-7ca7-4b88-9e05-c80806524c94
bf13758d-ac4c-46ea-bd48-cf8ec9d68677,94d9cbe9-5aeb-439b-ad7c-e4d5076818e4
bf13758d-ac4c-46ea-bd48-cf8ec9d68677,25eaf357-c3ab-4032-9be2-48b62745ef5d
bf13758d-ac4c-46ea-bd48-cf8ec9d68677,4923789b-0add-4277-986a-8d047cf658c9
bf13758d-ac4c-46ea-bd48-cf8ec9d68677,e9883f5d-ee9f-4615-af18-6ddd5d5e0b79
bf13758d-ac4c-46ea-bd48-cf8ec9d68677,e3eae30b-0447-44b1-974d-2988aefe3d48
bf13758d-ac4c-46ea-bd48-cf8ec9d68677,ea3e66d5-80dd-43b8-b7a9-a01d1fd93222
bf13758d-ac4c-46ea-bd48-cf8ec9d68677,5406c988-97ab-4575-9791-2331833a3feb
bf13758d-ac4c-46ea-bd48-cf8ec9d68677,366ae729-20e9-42b6-8841-6f20305a053f
bf13758d-ac4c-46ea-bd48-cf8ec9d68677,06cc5f6b-a65f-49fe-90af-a67f977d65b5
bf13758d-ac4c-46ea-bd48-cf8ec9d68677,828ebd35-5fdf-43e2-82cc-c0d481a427be
bf13758d-ac4c-46ea-bd48-cf8ec9d68677,8c814e0b-8190-4c1a-84f7-85dd6508a4c6
bf13758d-ac4c-46ea-bd48-cf8ec9d68677,d31168b9-2292-4871-9add-616e37f023c1
bf13758d-ac4c-46ea-bd48-cf8ec9d68677,f7a62c48-2137-47df-87fb-4f8a4a35bbfd
bf13758d-ac4c-46ea-bd48-cf8ec9d68677,d7f7f3db-f181-457e-8ced-c5624ad13a71
bf13758d-ac4c-46ea-bd48-cf8ec9d68677,a37f3c6b-31b3-4cb9-b6f9-9844b66c12d6
bf13758d-ac4c-46ea-bd48-cf8ec9d68677,8ddc12a3-72c9-4b2b-ae56-144500082035
bf13758d-ac4c-46ea-bd48-cf8ec9d68677,2df8c5a6-2c4c-49bc-ac19-08adadc5f7b8
bf13758d-ac4c-46ea-bd48-cf8ec9d68677,c873950c-6df2-45f6-91ca-128be906a563
bf13758d-ac4c-46ea-bd48-cf8ec9d68677,c825eb1b-1c8c-4dfa-9df7-07077d1f7f56
bf13758d-ac4c-46ea-bd48-cf8ec9d68677,949a6ec9-0bfb-481e-802c-b9381d3ac291
bf13758d-ac4c-46ea-bd48-cf8ec9d68677,986e001a-6c3c-473a-a96f-37da3b1c9ab5
bf13758d-ac4c-46ea-bd48-cf8ec9d68677,29bf85ea-bc91-4d69-9cc4-a1be3b38e493
bf13758d-ac4c-46ea-bd48-cf8ec9d68677,4e962a74-801d-46a2-b902-69e675ea53e1
bf13758d-ac4c-46ea-bd48-cf8ec9d68677,1e03b946-521b-4442-871d-37c191436477
bf13758d-ac4c-46ea-bd48-cf8ec9d68677,31138618-e8e3-4e88-bd54-198c5e2ae922
bf13758d-ac4c-46ea-bd48-cf8ec9d68677,8f662cbd-2d93-4ecc-a858-5ef050662fc6
bf13758d-ac4c-46ea-bd48-cf8ec9d68677,33169def-c18a-4319-ae78-5fc4f4d85c95
bf13758d-ac4c-46ea-bd48-cf8ec9d68677,883b89b9-ed72-496e-922a-1cde11f60c22
bf13758d-ac4c-46ea-bd48-cf8ec9d68677,11ced668-07fe-416b-a4c4-dfd14aa37315
bf13758d-ac4c-46ea-bd48-cf8ec9d68677,3144cfd0-0053-4702-b6bc-d27a02b21373
bf13758d-ac4c-46ea-bd48-cf8ec9d68677,2561f85e-a0c2-496a-a417-461a2f7e95f2
bf13758d-ac4c-46ea-bd48-cf8ec9d68677,545c3fd6-7fca-4381-9fcd-d4e95a45f296
bf13758d-ac4c-46ea-bd48-cf8ec9d68677,de553c0d-af8a-46c6-aed5-69a270307dab
bf13758d-ac4c-46ea-bd48-cf8ec9d68677,926db7d8-e784-4663-adf2-a4276d290ef7
bf13758d-ac4c-46ea-bd48-cf8ec9d68677,d62d8c8d-20ee-40f0-8a37-63038a41114d
bf13758d-ac4c-46ea-bd48-cf8ec9d68677,dd892d35-abb6-4e64-b1b5-4dfcf43e9b8b
bf13758d-ac4c-46ea-bd48-cf8ec9d68677,f71b655b-c53b-4efc-9213-e7f148f8f494
bf13758d-ac4c-46ea-bd48-cf8ec9d68677,68deab0c-3c8a-4a77-a93e-3c2ef2c8a281
bf13758d-ac4c-46ea-bd48-cf8ec9d68677,61c3fdc7-0fcd-4e4d-82ce-f03eb4a618a4
bf13758d-ac4c-46ea-bd48-cf8ec9d68677,83e11abc-1fe6-4642-8e1f-9fbcb22c7744
bf13758d-ac4c-46ea-bd48-cf8ec9d68677,d42d03b1-47f2-493c-9a7e-638fa041c97e
bf13758d-ac4c-46ea-bd48-cf8ec9d68677,916800c5-0dab-4254-b327-b06f0543824d
bf13758d-ac4c-46ea-bd48-cf8ec9d68677,3e92fb43-2e91-4386-b73d-0577e19d75d9
bf13758d-ac4c-46ea-bd48-cf8ec9d68677,2b06c7f0-65f9-42db-a886-e03b61862fb6
bf13758d-ac4c-46ea-bd48-cf8ec9d68677,ac0f367a-7ab5-49c6-b6f0-77b231d3a3b9
bf13758d-ac4c-46ea-bd48-cf8ec9d68677,a31a9d84-f261-438e-a9c4-b7007ba7325a
bf13758d-ac4c-46ea-bd48-cf8ec9d68677,22a9f422-7940-44d8-97b1-73740629cd66
bf13758d-ac4c-46ea-bd48-cf8ec9d68677,2aa31dba-d9bb-464e-8b0c-8cce78f6cd61
bf13758d-ac4c-46ea-bd48-cf8ec9d68677,34960863-e909-47f2-85e2-b1ed246c57da
bf13758d-ac4c-46ea-bd48-cf8ec9d68677,c3159d31-a64a-4d9a-b6cc-646165304a5a
bf13758d-ac4c-46ea-bd48-cf8ec9d68677,cf000ee7-2282-4bdc-9d93-97376fa4ab78
bf13758d-ac4c-46ea-bd48-cf8ec9d68677,88dc921f-92ff-4bb7-91a3-6b217bed3f1f
bf13758d-ac4c-46ea-bd48-cf8ec9d68677,337de7d2-50b7-415e-9805-11af72a33a3e
bf13758d-ac4c-46ea-bd48-cf8ec9d68677,50b2d520-4907-47fb-9deb-01b9f0a60f80
bf13758d-ac4c-46ea-bd48-cf8ec9d68677,8ad5f7f8-b3c0-4e0e-a74d-434acfdee09c
bf13758d-ac4c-46ea-bd48-cf8ec9d68677,a6647f78-6490-48a6-8f38-3a74fd371769
bf13758d-ac4c-46ea-bd48-cf8ec9d68677,35515ac2-9f86-43da-a1e5-f9002f4c1fc0
bf13758d-ac4c-46ea-bd48-cf8ec9d68677,54a20f39-58d4-42ce-b3ad-d826b627b1a4
bf13758d-ac4c-46ea-bd48-cf8ec9d68677,2bf6c830-ebb6-478f-841e-aaab8edcec4d
bf13758d-ac4c-46ea-bd48-cf8ec9d68677,4178a4ef-1c0a-48fc-a569-e7c83cfbd46f
bf13758d-ac4c-46ea-bd48-cf8ec9d68677,b98682ac-fc8a-4570-b840-ea5580431f34
bf13758d-ac4c-46ea-bd48-cf8ec9d68677,f0cf72f8-e25e-49ad-acf8-f26be2ae4527
bf13758d-ac4c-46ea-bd48-cf8ec9d68677,1343e1c5-31f9-4297-b7eb-ed5c114bb32c
bf13758d-ac4c-46ea-bd48-cf8ec9d68677,e25ccca6-48b6-40b3-94e6-fbc5322abedd
bf13758d-ac4c-46ea-bd48-cf8ec9d68677,8fce6009-39c9-47da-88ce-34517b74ec97
bf13758d-ac4c-46ea-bd48-cf8ec9d68677,9add746b-4905-49fa-8f55-170be0513a55
bf13758d-ac4c-46ea-bd48-cf8ec9d68677,8ecb4a42-c120-433a-8d55-42e08fd561fb
bf13758d-ac4c-46ea-bd48-cf8ec9d68677,49ed75e6-43f8-4444-92e3-c920c5ff4b2f
bf13758d-ac4c-46ea-bd48-cf8ec9d68677,7f34c09b-723f-47d0-b75b-c498b5084067
bf13758d-ac4c-46ea-bd48-cf8ec9d68677,964715b5-fdc9-46bd-b670-8e4e7cc56256
bf13758d-ac4c-46ea-bd48-cf8ec9d68677,e75f110b-6b97-4ff4-b6a2-f230b9d87639
bf13758d-ac4c-46ea-bd48-cf8ec9d68677,aa1fbdc2-d5d4-47c2-8db1-ba4a168e6cb2
bf13758d-ac4c-46ea-bd48-cf8ec9d68677,7269e20f-3fbe-4aca-8ca9-629e4a23a29e
bf13758d-ac4c-46ea-bd48-cf8ec9d68677,7506012d-6f01-497b-9bb6-3fcd5721b362
bf13758d-ac4c-46ea-bd48-cf8ec9d68677,77feff39-5c1a-45c3-9ffb-7dd9bc1eda32
bf13758d-ac4c-46ea-bd48-cf8ec9d68677,62114484-51e7-48ff-9f3a-70120693ec86
bf13758d-ac4c-46ea-bd48-cf8ec9d68677,c650314a-7aa9-48ea-8897-2ac33ea650b6
bf13758d-ac4c-46ea-bd48-cf8ec9d68677,07f3573b-489b-4058-bfb5-b5caed78f53d
bf13758d-ac4c-46ea-bd48-cf8ec9d68677,6ceab0a8-c983-4a67-a832-5749b651950f
bf13758d-ac4c-46ea-bd48-cf8ec9d68677,43e1eca6-3f64-44c4-9078-2365d0cd6715
bf13758d-ac4c-46ea-bd48-cf8ec9d68677,1157468a-262e-45ca-9908-671dd0c38214
bf13758d-ac4c-46ea-bd48-cf8ec9d68677,e5ae13b6-b800-4769-8228-5862bc330697
bf13758d-ac4c-46ea-bd48-cf8ec9d68677,754d870e-d41e-4e3a-9334-7bd6511c1261
bf13758d-ac4c-46ea-bd48-cf8ec9d68677,b036650e-2b09-4838-b73d-d173379bfde9
bf13758d-ac4c-46ea-bd48-cf8ec9d68677,2294e905-3887-4c16-825d-6ae4bacbac9f
bf13758d-ac4c-46ea-bd48-cf8ec9d68677,e0d09b7a-24d7-4999-b984-849bbe22b315
bf13758d-ac4c-46ea-bd48-cf8ec9d68677,d0209c99-272f-44d4-95ac-773580cc49e7
bf13758d-ac4c-46ea-bd48-cf8ec9d68677,a6614c23-e471-492c-85ab-5fb93df4fe9f
bf13758d-ac4c-46ea-bd48-cf8ec9d68677,8660b916-74a4-4681-8ebb-29f6dfac253f
bf13758d-ac4c-46ea-bd48-cf8ec9d68677,e5ab09ff-1ebd-4f0e-ad33-1d9a2cbc6cac
bf13758d-ac4c-46ea-bd48-cf8ec9d68677,24ef8edc-f211-4695-b4e9-52f45d1d0518
bf13758d-ac4c-46ea-bd48-cf8ec9d68677,850fe1fc-0117-41e5-aded-118f05efd64b
bf13758d-ac4c-46ea-bd48-cf8ec9d68677,51855b37-3481-4584-baf7-2dd9fb5c3a3f
bf13758d-ac4c-46ea-bd48-cf8ec9d68677,9aae31b0-3130-4d23-9924-a2f8396d98e3
bf13758d-ac4c-46ea-bd48-cf8ec9d68677,502db1d7-409c-499d-9b4b-306c05ae72a9
bf13758d-ac4c-46ea-bd48-cf8ec9d68677,8673f2fa-3e3a-4857-852e-a65181599643
bf13758d-ac4c-46ea-bd48-cf8ec9d68677,6e0075ee-cf72-46c5-b969-9e15ec7e3af5
bf13758d-ac4c-46ea-bd48-cf8ec9d68677,7e6bf90e-4e10-4d2e-ba10-9ad65024947f
bf13758d-ac4c-46ea-bd48-cf8ec9d68677,d251e64b-0d00-41f5-b1a8-666493cfb504
bf13758d-ac4c-46ea-bd48-cf8ec9d68677,80b50ef8-96ea-4fb6-a37b-24de67bf946c
bf13758d-ac4c-46ea-bd48-cf8ec9d68677,0a3fe50b-9277-45c7-88cf-e338009d467d
bf13758d-ac4c-46ea-bd48-cf8ec9d68677,f781feae-f0ae-4568-9595-223221955cac
bf13758d-ac4c-46ea-bd48-cf8ec9d68677,6683aabb-9d5a-4454-b006-f828c5a95a39
bf13758d-ac4c-46ea-bd48-cf8ec9d68677,7dcd2312-1b4e-409c-ac67-f2c562aeecca
bf13758d-ac4c-46ea-bd48-cf8ec9d68677,3e2d97be-d00f-453a-89af-e35c3b1e8719
bf13758d-ac4c-46ea-bd48-cf8ec9d68677,29e9fb72-29dd-4362-a278-80e5beca153e
bf13758d-ac4c-46ea-bd48-cf8ec9d68677,9d9eccd9-67fc-4f71-a8da-94e0dbd79259
bf13758d-ac4c-46ea-bd48-cf8ec9d68677,6e821edf-e26e-40a1-93e3-2c20a9412fb7
bf13758d-ac4c-46ea-bd48-cf8ec9d68677,67cd3f59-43c6-4398-8f02-36bbc707e8c3
bf13758d-ac4c-46ea-bd48-cf8ec9d68677,c1dcd3bb-ec1e-416b-ab92-6205e81f4aaf
bf13758d-ac4c-46ea-bd48-cf8ec9d68677,39cc1231-731e-4ea9-b1bd-93b6c0d660c0
bf13758d-ac4c-46ea-bd48-cf8ec9d68677,66bb73df-60a3-4093-a8ce-0f3d56673316
bf13758d-ac4c-46ea-bd48-cf8ec9d68677,a467b389-e767-4a4a-89c6-da159e3b7208
bf13758d-ac4c-46ea-bd48-cf8ec9d68677,742573f3-b658-4e0c-9183-e1a61ce9c201
bf13758d-ac4c-46ea-bd48-cf8ec9d68677,9288dc96-7c6b-4be6-911e-91c71cf4ae85
bf13758d-ac4c-46ea-bd48-cf8ec9d68677,4f2f4f3d-487e-4144-a03f-5675a4dfe028
bf13758d-ac4c-46ea-bd48-cf8ec9d68677,22d1086b-80cd-45c5-8407-b6f9287842b1
bf13758d-ac4c-46ea-bd48-cf8ec9d68677,446a0158-cc72-46c3-a850-9593fb8b5cf5
bf13758d-ac4c-46ea-bd48-cf8ec9d68677,ad3dce70-faf5-4a7e-9b90-4493c27a4f1d
bf13758d-ac4c-46ea-bd48-cf8ec9d68677,4a4ba199-9481-41a3-b30e-4504e44c9bad
bf13758d-ac4c-46ea-bd48-cf8ec9d68677,b82ecc00-6336-42a4-9266-ee756671a255
bf13758d-ac4c-46ea-bd48-cf8ec9d68677,73b363c6-c734-4f2f-8db7-3bc47c104833
bf13758d-ac4c-46ea-bd48-cf8ec9d68677,94ff19e0-7bd9-462f-a232-602487b83ee3
bf13758d-ac4c-46ea-bd48-cf8ec9d68677,6858b9d4-74a6-41cb-9997-1f72253c9074
bf13758d-ac4c-46ea-bd48-cf8ec9d68677,06670f03-5e3a-44f0-bfba-65d9dd6dc25e
bf13758d-ac4c-46ea-bd48-cf8ec9d68677,f01613a7-8162-4e07-921b-360996b718f1
bf13758d-ac4c-46ea-bd48-cf8ec9d68677,a2ec249c-789d-4fd0-b156-b3ca34cecafd
bf13758d-ac4c-46ea-bd48-cf8ec9d68677,e607b15b-d7c2-4fa2-b1ff-ea1039a84716
bf13758d-ac4c-46ea-bd48-cf8ec9d68677,3ea22688-0f8c-4533-93e9-a4d912ee29b7
bf13758d-ac4c-46ea-bd48-cf8ec9d68677,a565cfee-8d16-47c9-b766-fde13d5a578d
bf13758d-ac4c-46ea-bd48-cf8ec9d68677,6c51bd3f-66f0-4872-a1cc-36e110ef569a
bf13758d-ac4c-46ea-bd48-cf8ec9d68677,06ec0fa1-cb98-44ca-b894-18bd638e4c8b
bf13758d-ac4c-46ea-bd48-cf8ec9d68677,b38c5c33-8dcd-4cc4-9f16-142947bc970d
bf13758d-ac4c-46ea-bd48-cf8ec9d68677,f8406140-e428-4df3-beeb-83ff6f4afed9
bf13758d-ac4c-46ea-bd48-cf8ec9d68677,1e27e946-9812-446d-b1de-10f15c09b209
bf13758d-ac4c-46ea-bd48-cf8ec9d68677,836f225c-e07e-43ef-997d-66276e5867fe
bf13758d-ac4c-46ea-bd48-cf8ec9d68677,bd6e0b72-6e5b-47c0-9520-a1f971c68276
bf13758d-ac4c-46ea-bd48-cf8ec9d68677,60702ca7-42a1-4987-986c-a3ee17498c4a
bf13758d-ac4c-46ea-bd48-cf8ec9d68677,20331205-67dd-433d-ad01-c9e481d2c97b
bf13758d-ac4c-46ea-bd48-cf8ec9d68677,9788c9f9-18fe-4964-948b-fa3e9fa41cdb
bf13758d-ac4c-46ea-bd48-cf8ec9d68677,3dfc04ee-90f5-4552-9db6-9aa2bafb4863
bf13758d-ac4c-46ea-bd48-cf8ec9d68677,214a2145-5c5f-46d7-b2dc-7f7655e55ab9
bf13758d-ac4c-46ea-bd48-cf8ec9d68677,d1714486-168b-4fe7-8346-debe71df568b
bf13758d-ac4c-46ea-bd48-cf8ec9d68677,ad10b4e3-814b-4e82-a82f-3f9442fe66f5
bf13758d-ac4c-46ea-bd48-cf8ec9d68677,f8b6e462-49bb-4e76-b099-c0133274a3bd
bf13758d-ac4c-46ea-bd48-cf8ec9d68677,eeb82e1b-91f6-4b63-969b-973a83942ce3
bf13758d-ac4c-46ea-bd48-cf8ec9d68677,d5649aa4-a6e3-48af-8105-2e0ec5434212
bf13758d-ac4c-46ea-bd48-cf8ec9d68677,ad3e5336-d71d-4c7e-bb9c-b8b14c03a1a2
bf13758d-ac4c-46ea-bd48-cf8ec9d68677,95c56220-63dd-475d-b41f-4b44df8a3a80
bf13758d-ac4c-46ea-bd48-cf8ec9d68677,cf599950-90e3-40fe-85ed-ca9163ef53f2
bf13758d-ac4c-46ea-bd48-cf8ec9d68677,79cd9f01-ae1c-43cb-be24-bdb46521487b
bf13758d-ac4c-46ea-bd48-cf8ec9d68677,7fbab367-1c6a-46ad-8372-310557c4ac13
bf13758d-ac4c-46ea-bd48-cf8ec9d68677,0b792253-46d3-4cbf-b82c-f8e732f797b2
bf13758d-ac4c-46ea-bd48-cf8ec9d68677,cc60b90d-44dc-4072-8b9b-f0f04e8626a1
de8cc531-e5d9-4bd4-a8f1-30dbfb34326c,310deddf-3b76-4ab4-ac58-0b533114d28e
de8cc531-e5d9-4bd4-a8f1-30dbfb34326c,8d53b5b6-de15-4dda-bedf-0fe719318f0d
de8cc531-e5d9-4bd4-a8f1-30dbfb34326c,f2e26f34-1ab0-458e-b16e-e374e6b04551
de8cc531-e5d9-4bd4-a8f1-30dbfb34326c,918c8d8b-7b5a-4fb9-a318-1b2e5cf21b4b
de8cc531-e5d9-4bd4-a8f1-30dbfb34326c,4472419c-1eb6-41e4-b8db-8dfce937324b
de8cc531-e5d9-4bd4-a8f1-30dbfb34326c,351f58fa-1b78-4734-8671-6d720d408b7f
de8cc531-e5d9-4bd4-a8f1-30dbfb34326c,51d425c2-6454-4fbe-bb0c-f3af52829531
de8cc531-e5d9-4bd4-a8f1-30dbfb34326c,40cc591b-3cb0-4ad1-be4f-526c1fba2d39
de8cc531-e5d9-4bd4-a8f1-30dbfb34326c,5b93e3e8-7878-4bbb-a19d-9c5f24c43042
de8cc531-e5d9-4bd4-a8f1-30dbfb34326c,866d8801-91f6-4b3e-8561-0d8fd8259337
de8cc531-e5d9-4bd4-a8f1-30dbfb34326c,4f4b9719-3524-4a00-a74b-44d9e3ee3afb
de8cc531-e5d9-4bd4-a8f1-30dbfb34326c,f807fc0c-3ee2-431f-8d8a-adf3824c843b
de8cc531-e5d9-4bd4-a8f1-30dbfb34326c,9eb1e82e-0daa-4198-b22a-25baf5bb1ce0
de8cc531-e5d9-4bd4-a8f1-30dbfb34326c,d6050df4-1649-4462-aa9b-92d89fcc5b8f
de8cc531-e5d9-4bd4-a8f1-30dbfb34326c,6163b9c8-c32e-48f0-9d62-aac133855b4c
de8cc531-e5d9-4bd4-a8f1-30dbfb34326c,66cece40-6468-4214-99a4-137b00723416
de8cc531-e5d9-4bd4-a8f1-30dbfb34326c,18ba28e1-545d-417b-a65b-617f35af5ff9
de8cc531-e5d9-4bd4-a8f1-30dbfb34326c,6e3a271a-415b-4758-a144-e9b76f0592c7
de8cc531-e5d9-4bd4-a8f1-30dbfb34326c,dbdbda3d-affd-469e-ae41-988780d7e542
de8cc531-e5d9-4bd4-a8f1-30dbfb34326c,b2c4e95d-130a-4230-b137-6de667683f52
de8cc531-e5d9-4bd4-a8f1-30dbfb34326c,a034a9a1-d6c4-49fa-905d-e716a5b5d197
de8cc531-e5d9-4bd4-a8f1-30dbfb34326c,132b63b9-3673-4047-a767-bed235052a2e
de8cc531-e5d9-4bd4-a8f1-30dbfb34326c,59af5df8-04cf-496c-a615-a353b2e96031
de8cc531-e5d9-4bd4-a8f1-30dbfb34326c,faea6673-d730-47bf-a3d3-dc0df145b0d9
de8cc531-e5d9-4bd4-a8f1-30dbfb34326c,520e5c3c-a44a-43b7-b68b-b385a543ac75
de8cc531-e5d9-4bd4-a8f1-30dbfb34326c,59ca0ede-8a28-4dd0-9bec-edc28b3bb77c
de8cc531-e5d9-4bd4-a8f1-30dbfb34326c,738a9f3f-0d33-43d5-9f02-19bfa2020f6a
de8cc531-e5d9-4bd4-a8f1-30dbfb34326c,fc75d94c-f1a6-48ae-aa89-9a89a5e4649b
de8cc531-e5d9-4bd4-a8f1-30dbfb34326c,faa1753e-7ca7-4b88-9e05-c80806524c94
de8cc531-e5d9-4bd4-a8f1-30dbfb34326c,94d9cbe9-5aeb-439b-ad7c-e4d5076818e4
de8cc531-e5d9-4bd4-a8f1-30dbfb34326c,25eaf357-c3ab-4032-9be2-48b62745ef5d
de8cc531-e5d9-4bd4-a8f1-30dbfb34326c,4923789b-0add-4277-986a-8d047cf658c9
de8cc531-e5d9-4bd4-a8f1-30dbfb34326c,e9883f5d-ee9f-4615-af18-6ddd5d5e0b79
de8cc531-e5d9-4bd4-a8f1-30dbfb34326c,e3eae30b-0447-44b1-974d-2988aefe3d48
de8cc531-e5d9-4bd4-a8f1-30dbfb34326c,ea3e66d5-80dd-43b8-b7a9-a01d1fd93222
de8cc531-e5d9-4bd4-a8f1-30dbfb34326c,5406c988-97ab-4575-9791-2331833a3feb
de8cc531-e5d9-4bd4-a8f1-30dbfb34326c,366ae729-20e9-42b6-8841-6f20305a053f
de8cc531-e5d9-4bd4-a8f1-30dbfb34326c,06cc5f6b-a65f-49fe-90af-a67f977d65b5
de8cc531-e5d9-4bd4-a8f1-30dbfb34326c,828ebd35-5fdf-43e2-82cc-c0d481a427be
de8cc531-e5d9-4bd4-a8f1-30dbfb34326c,8c814e0b-8190-4c1a-84f7-85dd6508a4c6
de8cc531-e5d9-4bd4-a8f1-30dbfb34326c,d31168b9-2292-4871-9add-616e37f023c1
de8cc531-e5d9-4bd4-a8f1-30dbfb34326c,f7a62c48-2137-47df-87fb-4f8a4a35bbfd
de8cc531-e5d9-4bd4-a8f1-30dbfb34326c,d7f7f3db-f181-457e-8ced-c5624ad13a71
de8cc531-e5d9-4bd4-a8f1-30dbfb34326c,a37f3c6b-31b3-4cb9-b6f9-9844b66c12d6
de8cc531-e5d9-4bd4-a8f1-30dbfb34326c,8ddc12a3-72c9-4b2b-ae56-144500082035
de8cc531-e5d9-4bd4-a8f1-30dbfb34326c,2df8c5a6-2c4c-49bc-ac19-08adadc5f7b8
de8cc531-e5d9-4bd4-a8f1-30dbfb34326c,c873950c-6df2-45f6-91ca-128be906a563
de8cc531-e5d9-4bd4-a8f1-30dbfb34326c,c825eb1b-1c8c-4dfa-9df7-07077d1f7f56
de8cc531-e5d9-4bd4-a8f1-30dbfb34326c,949a6ec9-0bfb-481e-802c-b9381d3ac291
de8cc531-e5d9-4bd4-a8f1-30dbfb34326c,986e001a-6c3c-473a-a96f-37da3b1c9ab5
de8cc531-e5d9-4bd4-a8f1-30dbfb34326c,29bf85ea-bc91-4d69-9cc4-a1be3b38e493
de8cc531-e5d9-4bd4-a8f1-30dbfb34326c,4e962a74-801d-46a2-b902-69e675ea53e1
de8cc531-e5d9-4bd4-a8f1-30dbfb34326c,1e03b946-521b-4442-871d-37c191436477
de8cc531-e5d9-4bd4-a8f1-30dbfb34326c,31138618-e8e3-4e88-bd54-198c5e2ae922
de8cc531-e5d9-4bd4-a8f1-30dbfb34326c,8f662cbd-2d93-4ecc-a858-5ef050662fc6
de8cc531-e5d9-4bd4-a8f1-30dbfb34326c,33169def-c18a-4319-ae78-5fc4f4d85c95
de8cc531-e5d9-4bd4-a8f1-30dbfb34326c,883b89b9-ed72-496e-922a-1cde11f60c22
de8cc531-e5d9-4bd4-a8f1-30dbfb34326c,11ced668-07fe-416b-a4c4-dfd14aa37315
de8cc531-e5d9-4bd4-a8f1-30dbfb34326c,3144cfd0-0053-4702-b6bc-d27a02b21373
de8cc531-e5d9-4bd4-a8f1-30dbfb34326c,2561f85e-a0c2-496a-a417-461a2f7e95f2
de8cc531-e5d9-4bd4-a8f1-30dbfb34326c,545c3fd6-7fca-4381-9fcd-d4e95a45f296
de8cc531-e5d9-4bd4-a8f1-30dbfb34326c,de553c0d-af8a-46c6-aed5-69a270307dab
de8cc531-e5d9-4bd4-a8f1-30dbfb34326c,926db7d8-e784-4663-adf2-a4276d290ef7
de8cc531-e5d9-4bd4-a8f1-30dbfb34326c,d62d8c8d-20ee-40f0-8a37-63038a41114d
de8cc531-e5d9-4bd4-a8f1-30dbfb34326c,dd892d35-abb6-4e64-b1b5-4dfcf43e9b8b
de8cc531-e5d9-4bd4-a8f1-30dbfb34326c,f71b655b-c53b-4efc-9213-e7f148f8f494
de8cc531-e5d9-4bd4-a8f1-30dbfb34326c,68deab0c-3c8a-4a77-a93e-3c2ef2c8a281
de8cc531-e5d9-4bd4-a8f1-30dbfb34326c,61c3fdc7-0fcd-4e4d-82ce-f03eb4a618a4
de8cc531-e5d9-4bd4-a8f1-30dbfb34326c,83e11abc-1fe6-4642-8e1f-9fbcb22c7744
de8cc531-e5d9-4bd4-a8f1-30dbfb34326c,d42d03b1-47f2-493c-9a7e-638fa041c97e
de8cc531-e5d9-4bd4-a8f1-30dbfb34326c,916800c5-0dab-4254-b327-b06f0543824d
de8cc531-e5d9-4bd4-a8f1-30dbfb34326c,3e92fb43-2e91-4386-b73d-0577e19d75d9
de8cc531-e5d9-4bd4-a8f1-30dbfb34326c,2b06c7f0-65f9-42db-a886-e03b61862fb6
de8cc531-e5d9-4bd4-a8f1-30dbfb34326c,ac0f367a-7ab5-49c6-b6f0-77b231d3a3b9
de8cc531-e5d9-4bd4-a8f1-30dbfb34326c,a31a9d84-f261-438e-a9c4-b7007ba7325a
de8cc531-e5d9-4bd4-a8f1-30dbfb34326c,22a9f422-7940-44d8-97b1-73740629cd66
de8cc531-e5d9-4bd4-a8f1-30dbfb34326c,2aa31dba-d9bb-464e-8b0c-8cce78f6cd61
de8cc531-e5d9-4bd4-a8f1-30dbfb34326c,34960863-e909-47f2-85e2-b1ed246c57da
de8cc531-e5d9-4bd4-a8f1-30dbfb34326c,c3159d31-a64a-4d9a-b6cc-646165304a5a
de8cc531-e5d9-4bd4-a8f1-30dbfb34326c,cf000ee7-2282-4bdc-9d93-97376fa4ab78
de8cc531-e5d9-4bd4-a8f1-30dbfb34326c,88dc921f-92ff-4bb7-91a3-6b217bed3f1f
de8cc531-e5d9-4bd4-a8f1-30dbfb34326c,337de7d2-50b7-415e-9805-11af72a33a3e
de8cc531-e5d9-4bd4-a8f1-30dbfb34326c,50b2d520-4907-47fb-9deb-01b9f0a60f80
de8cc531-e5d9-4bd4-a8f1-30dbfb34326c,8ad5f7f8-b3c0-4e0e-a74d-434acfdee09c
de8cc531-e5d9-4bd4-a8f1-30dbfb34326c,a6647f78-6490-48a6-8f38-3a74fd371769
de8cc531-e5d9-4bd4-a8f1-30dbfb34326c,35515ac2-9f86-43da-a1e5-f9002f4c1fc0
de8cc531-e5d9-4bd4-a8f1-30dbfb34326c,54a20f39-58d4-42ce-b3ad-d826b627b1a4
de8cc531-e5d9-4bd4-a8f1-30dbfb34326c,2bf6c830-ebb6-478f-841e-aaab8edcec4d
de8cc531-e5d9-4bd4-a8f1-30dbfb34326c,4178a4ef-1c0a-48fc-a569-e7c83cfbd46f
de8cc531-e5d9-4bd4-a8f1-30dbfb34326c,b98682ac-fc8a-4570-b840-ea5580431f34
de8cc531-e5d9-4bd4-a8f1-30dbfb34326c,f0cf72f8-e25e-49ad-acf8-f26be2ae4527
de8cc531-e5d9-4bd4-a8f1-30dbfb34326c,1343e1c5-31f9-4297-b7eb-ed5c114bb32c
de8cc531-e5d9-4bd4-a8f1-30dbfb34326c,e25ccca6-48b6-40b3-94e6-fbc5322abedd
de8cc531-e5d9-4bd4-a8f1-30dbfb34326c,8fce6009-39c9-47da-88ce-34517b74ec97
de8cc531-e5d9-4bd4-a8f1-30dbfb34326c,9add746b-4905-49fa-8f55-170be0513a55
de8cc531-e5d9-4bd4-a8f1-30dbfb34326c,8ecb4a42-c120-433a-8d55-42e08fd561fb
de8cc531-e5d9-4bd4-a8f1-30dbfb34326c,49ed75e6-43f8-4444-92e3-c920c5ff4b2f
de8cc531-e5d9-4bd4-a8f1-30dbfb34326c,7f34c09b-723f-47d0-b75b-c498b5084067
de8cc531-e5d9-4bd4-a8f1-30dbfb34326c,964715b5-fdc9-46bd-b670-8e4e7cc56256
de8cc531-e5d9-4bd4-a8f1-30dbfb34326c,e75f110b-6b97-4ff4-b6a2-f230b9d87639
de8cc531-e5d9-4bd4-a8f1-30dbfb34326c,aa1fbdc2-d5d4-47c2-8db1-ba4a168e6cb2
de8cc531-e5d9-4bd4-a8f1-30dbfb34326c,7269e20f-3fbe-4aca-8ca9-629e4a23a29e
de8cc531-e5d9-4bd4-a8f1-30dbfb34326c,7506012d-6f01-497b-9bb6-3fcd5721b362
de8cc531-e5d9-4bd4-a8f1-30dbfb34326c,77feff39-5c1a-45c3-9ffb-7dd9bc1eda32
de8cc531-e5d9-4bd4-a8f1-30dbfb34326c,62114484-51e7-48ff-9f3a-70120693ec86
de8cc531-e5d9-4bd4-a8f1-30dbfb34326c,c650314a-7aa9-48ea-8897-2ac33ea650b6
de8cc531-e5d9-4bd4-a8f1-30dbfb34326c,07f3573b-489b-4058-bfb5-b5caed78f53d
de8cc531-e5d9-4bd4-a8f1-30dbfb34326c,6ceab0a8-c983-4a67-a832-5749b651950f
de8cc531-e5d9-4bd4-a8f1-30dbfb34326c,43e1eca6-3f64-44c4-9078-2365d0cd6715
de8cc531-e5d9-4bd4-a8f1-30dbfb34326c,1157468a-262e-45ca-9908-671dd0c38214
de8cc531-e5d9-4bd4-a8f1-30dbfb34326c,e5ae13b6-b800-4769-8228-5862bc330697
de8cc531-e5d9-4bd4-a8f1-30dbfb34326c,754d870e-d41e-4e3a-9334-7bd6511c1261
de8cc531-e5d9-4bd4-a8f1-30dbfb34326c,b036650e-2b09-4838-b73d-d173379bfde9
de8cc531-e5d9-4bd4-a8f1-30dbfb34326c,2294e905-3887-4c16-825d-6ae4bacbac9f
de8cc531-e5d9-4bd4-a8f1-30dbfb34326c,e0d09b7a-24d7-4999-b984-849bbe22b315
de8cc531-e5d9-4bd4-a8f1-30dbfb34326c,d0209c99-272f-44d4-95ac-773580cc49e7
de8cc531-e5d9-4bd4-a8f1-30dbfb34326c,a6614c23-e471-492c-85ab-5fb93df4fe9f
de8cc531-e5d9-4bd4-a8f1-30dbfb34326c,8660b916-74a4-4681-8ebb-29f6dfac253f
de8cc531-e5d9-4bd4-a8f1-30dbfb34326c,e5ab09ff-1ebd-4f0e-ad33-1d9a2cbc6cac
de8cc531-e5d9-4bd4-a8f1-30dbfb34326c,24ef8edc-f211-4695-b4e9-52f45d1d0518
de8cc531-e5d9-4bd4-a8f1-30dbfb34326c,850fe1fc-0117-41e5-aded-118f05efd64b
de8cc531-e5d9-4bd4-a8f1-30dbfb34326c,51855b37-3481-4584-baf7-2dd9fb5c3a3f
de8cc531-e5d9-4bd4-a8f1-30dbfb34326c,9aae31b0-3130-4d23-9924-a2f8396d98e3
de8cc531-e5d9-4bd4-a8f1-30dbfb34326c,502db1d7-409c-499d-9b4b-306c05ae72a9
de8cc531-e5d9-4bd4-a8f1-30dbfb34326c,8673f2fa-3e3a-4857-852e-a65181599643
de8cc531-e5d9-4bd4-a8f1-30dbfb34326c,6e0075ee-cf72-46c5-b969-9e15ec7e3af5
de8cc531-e5d9-4bd4-a8f1-30dbfb34326c,7e6bf90e-4e10-4d2e-ba10-9ad65024947f
de8cc531-e5d9-4bd4-a8f1-30dbfb34326c,d251e64b-0d00-41f5-b1a8-666493cfb504
de8cc531-e5d9-4bd4-a8f1-30dbfb34326c,80b50ef8-96ea-4fb6-a37b-24de67bf946c
de8cc531-e5d9-4bd4-a8f1-30dbfb34326c,0a3fe50b-9277-45c7-88cf-e338009d467d
de8cc531-e5d9-4bd4-a8f1-30dbfb34326c,f781feae-f0ae-4568-9595-223221955cac
de8cc531-e5d9-4bd4-a8f1-30dbfb34326c,6683aabb-9d5a-4454-b006-f828c5a95a39
de8cc531-e5d9-4bd4-a8f1-30dbfb34326c,7dcd2312-1b4e-409c-ac67-f2c562aeecca
de8cc531-e5d9-4bd4-a8f1-30dbfb34326c,3e2d97be-d00f-453a-89af-e35c3b1e8719
de8cc531-e5d9-4bd4-a8f1-30dbfb34326c,29e9fb72-29dd-4362-a278-80e5beca153e
de8cc531-e5d9-4bd4-a8f1-30dbfb34326c,9d9eccd9-67fc-4f71-a8da-94e0dbd79259
de8cc531-e5d9-4bd4-a8f1-30dbfb34326c,6e821edf-e26e-40a1-93e3-2c20a9412fb7
de8cc531-e5d9-4bd4-a8f1-30dbfb34326c,67cd3f59-43c6-4398-8f02-36bbc707e8c3
de8cc531-e5d9-4bd4-a8f1-30dbfb34326c,c1dcd3bb-ec1e-416b-ab92-6205e81f4aaf
de8cc531-e5d9-4bd4-a8f1-30dbfb34326c,39cc1231-731e-4ea9-b1bd-93b6c0d660c0
de8cc531-e5d9-4bd4-a8f1-30dbfb34326c,66bb73df-60a3-4093-a8ce-0f3d56673316
de8cc531-e5d9-4bd4-a8f1-30dbfb34326c,a467b389-e767-4a4a-89c6-da159e3b7208
de8cc531-e5d9-4bd4-a8f1-30dbfb34326c,742573f3-b658-4e0c-9183-e1a61ce9c201
de8cc531-e5d9-4bd4-a8f1-30dbfb34326c,9288dc96-7c6b-4be6-911e-91c71cf4ae85
de8cc531-e5d9-4bd4-a8f1-30dbfb34326c,4f2f4f3d-487e-4144-a03f-5675a4dfe028
de8cc531-e5d9-4bd4-a8f1-30dbfb34326c,22d1086b-80cd-45c5-8407-b6f9287842b1
de8cc531-e5d9-4bd4-a8f1-30dbfb34326c,446a0158-cc72-46c3-a850-9593fb8b5cf5
de8cc531-e5d9-4bd4-a8f1-30dbfb34326c,ad3dce70-faf5-4a7e-9b90-4493c27a4f1d
de8cc531-e5d9-4bd4-a8f1-30dbfb34326c,4a4ba199-9481-41a3-b30e-4504e44c9bad
de8cc531-e5d9-4bd4-a8f1-30dbfb34326c,b82ecc00-6336-42a4-9266-ee756671a255
de8cc531-e5d9-4bd4-a8f1-30dbfb34326c,73b363c6-c734-4f2f-8db7-3bc47c104833
de8cc531-e5d9-4bd4-a8f1-30dbfb34326c,94ff19e0-7bd9-462f-a232-602487b83ee3
de8cc531-e5d9-4bd4-a8f1-30dbfb34326c,6858b9d4-74a6-41cb-9997-1f72253c9074
de8cc531-e5d9-4bd4-a8f1-30dbfb34326c,06670f03-5e3a-44f0-bfba-65d9dd6dc25e
de8cc531-e5d9-4bd4-a8f1-30dbfb34326c,f01613a7-8162-4e07-921b-360996b718f1
de8cc531-e5d9-4bd4-a8f1-30dbfb34326c,a2ec249c-789d-4fd0-b156-b3ca34cecafd
de8cc531-e5d9-4bd4-a8f1-30dbfb34326c,e607b15b-d7c2-4fa2-b1ff-ea1039a84716
de8cc531-e5d9-4bd4-a8f1-30dbfb34326c,3ea22688-0f8c-4533-93e9-a4d912ee29b7
de8cc531-e5d9-4bd4-a8f1-30dbfb34326c,a565cfee-8d16-47c9-b766-fde13d5a578d
de8cc531-e5d9-4bd4-a8f1-30dbfb34326c,6c51bd3f-66f0-4872-a1cc-36e110ef569a
de8cc531-e5d9-4bd4-a8f1-30dbfb34326c,06ec0fa1-cb98-44ca-b894-18bd638e4c8b
de8cc531-e5d9-4bd4-a8f1-30dbfb34326c,b38c5c33-8dcd-4cc4-9f16-142947bc970d
de8cc531-e5d9-4bd4-a8f1-30dbfb34326c,f8406140-e428-4df3-beeb-83ff6f4afed9
de8cc531-e5d9-4bd4-a8f1-30dbfb34326c,1e27e946-9812-446d-b1de-10f15c09b209
de8cc531-e5d9-4bd4-a8f1-30dbfb34326c,836f225c-e07e-43ef-997d-66276e5867fe
de8cc531-e5d9-4bd4-a8f1-30dbfb34326c,bd6e0b72-6e5b-47c0-9520-a1f971c68276
de8cc531-e5d9-4bd4-a8f1-30dbfb34326c,60702ca7-42a1-4987-986c-a3ee17498c4a
de8cc531-e5d9-4bd4-a8f1-30dbfb34326c,20331205-67dd-433d-ad01-c9e481d2c97b
de8cc531-e5d9-4bd4-a8f1-30dbfb34326c,9788c9f9-18fe-4964-948b-fa3e9fa41cdb
de8cc531-e5d9-4bd4-a8f1-30dbfb34326c,3dfc04ee-90f5-4552-9db6-9aa2bafb4863
de8cc531-e5d9-4bd4-a8f1-30dbfb34326c,214a2145-5c5f-46d7-b2dc-7f7655e55ab9
de8cc531-e5d9-4bd4-a8f1-30dbfb34326c,d1714486-168b-4fe7-8346-debe71df568b
de8cc531-e5d9-4bd4-a8f1-30dbfb34326c,ad10b4e3-814b-4e82-a82f-3f9442fe66f5
de8cc531-e5d9-4bd4-a8f1-30dbfb34326c,f8b6e462-49bb-4e76-b099-c0133274a3bd
de8cc531-e5d9-4bd4-a8f1-30dbfb34326c,eeb82e1b-91f6-4b63-969b-973a83942ce3
de8cc531-e5d9-4bd4-a8f1-30dbfb34326c,d5649aa4-a6e3-48af-8105-2e0ec5434212
de8cc531-e5d9-4bd4-a8f1-30dbfb34326c,ad3e5336-d71d-4c7e-bb9c-b8b14c03a1a2
de8cc531-e5d9-4bd4-a8f1-30dbfb34326c,95c56220-63dd-475d-b41f-4b44df8a3a80
de8cc531-e5d9-4bd4-a8f1-30dbfb34326c,cf599950-90e3-40fe-85ed-ca9163ef53f2
de8cc531-e5d9-4bd4-a8f1-30dbfb34326c,79cd9f01-ae1c-43cb-be24-bdb46521487b
de8cc531-e5d9-4bd4-a8f1-30dbfb34326c,7fbab367-1c6a-46ad-8372-310557c4ac13
de8cc531-e5d9-4bd4-a8f1-30dbfb34326c,0b792253-46d3-4cbf-b82c-f8e732f797b2
de8cc531-e5d9-4bd4-a8f1-30dbfb34326c,cc60b90d-44dc-4072-8b9b-f0f04e8626a1
30c94b4a-00ec-4e91-8ae2-6357ca325667,310deddf-3b76-4ab4-ac58-0b533114d28e
30c94b4a-00ec-4e91-8ae2-6357ca325667,8d53b5b6-de15-4dda-bedf-0fe719318f0d
30c94b4a-00ec-4e91-8ae2-6357ca325667,f2e26f34-1ab0-458e-b16e-e374e6b04551
30c94b4a-00ec-4e91-8ae2-6357ca325667,918c8d8b-7b5a-4fb9-a318-1b2e5cf21b4b
30c94b4a-00ec-4e91-8ae2-6357ca325667,4472419c-1eb6-41e4-b8db-8dfce937324b
30c94b4a-00ec-4e91-8ae2-6357ca325667,351f58fa-1b78-4734-8671-6d720d408b7f
30c94b4a-00ec-4e91-8ae2-6357ca325667,51d425c2-6454-4fbe-bb0c-f3af52829531
30c94b4a-00ec-4e91-8ae2-6357ca325667,40cc591b-3cb0-4ad1-be4f-526c1fba2d39
30c94b4a-00ec-4e91-8ae2-6357ca325667,5b93e3e8-7878-4bbb-a19d-9c5f24c43042
30c94b4a-00ec-4e91-8ae2-6357ca325667,866d8801-91f6-4b3e-8561-0d8fd8259337
30c94b4a-00ec-4e91-8ae2-6357ca325667,4f4b9719-3524-4a00-a74b-44d9e3ee3afb
30c94b4a-00ec-4e91-8ae2-6357ca325667,f807fc0c-3ee2-431f-8d8a-adf3824c843b
30c94b4a-00ec-4e91-8ae2-6357ca325667,9eb1e82e-0daa-4198-b22a-25baf5bb1ce0
30c94b4a-00ec-4e91-8ae2-6357ca325667,d6050df4-1649-4462-aa9b-92d89fcc5b8f
30c94b4a-00ec-4e91-8ae2-6357ca325667,6163b9c8-c32e-48f0-9d62-aac133855b4c
30c94b4a-00ec-4e91-8ae2-6357ca325667,66cece40-6468-4214-99a4-137b00723416
30c94b4a-00ec-4e91-8ae2-6357ca325667,18ba28e1-545d-417b-a65b-617f35af5ff9
30c94b4a-00ec-4e91-8ae2-6357ca325667,6e3a271a-415b-4758-a144-e9b76f0592c7
30c94b4a-00ec-4e91-8ae2-6357ca325667,dbdbda3d-affd-469e-ae41-988780d7e542
30c94b4a-00ec-4e91-8ae2-6357ca325667,b2c4e95d-130a-4230-b137-6de667683f52
30c94b4a-00ec-4e91-8ae2-6357ca325667,a034a9a1-d6c4-49fa-905d-e716a5b5d197
30c94b4a-00ec-4e91-8ae2-6357ca325667,132b63b9-3673-4047-a767-bed235052a2e
30c94b4a-00ec-4e91-8ae2-6357ca325667,59af5df8-04cf-496c-a615-a353b2e96031
30c94b4a-00ec-4e91-8ae2-6357ca325667,faea6673-d730-47bf-a3d3-dc0df145b0d9
30c94b4a-00ec-4e91-8ae2-6357ca325667,520e5c3c-a44a-43b7-b68b-b385a543ac75
30c94b4a-00ec-4e91-8ae2-6357ca325667,59ca0ede-8a28-4dd0-9bec-edc28b3bb77c
30c94b4a-00ec-4e91-8ae2-6357ca325667,738a9f3f-0d33-43d5-9f02-19bfa2020f6a
30c94b4a-00ec-4e91-8ae2-6357ca325667,fc75d94c-f1a6-48ae-aa89-9a89a5e4649b
30c94b4a-00ec-4e91-8ae2-6357ca325667,faa1753e-7ca7-4b88-9e05-c80806524c94
30c94b4a-00ec-4e91-8ae2-6357ca325667,94d9cbe9-5aeb-439b-ad7c-e4d5076818e4
30c94b4a-00ec-4e91-8ae2-6357ca325667,25eaf357-c3ab-4032-9be2-48b62745ef5d
30c94b4a-00ec-4e91-8ae2-6357ca325667,4923789b-0add-4277-986a-8d047cf658c9
30c94b4a-00ec-4e91-8ae2-6357ca325667,e9883f5d-ee9f-4615-af18-6ddd5d5e0b79
30c94b4a-00ec-4e91-8ae2-6357ca325667,e3eae30b-0447-44b1-974d-2988aefe3d48
30c94b4a-00ec-4e91-8ae2-6357ca325667,ea3e66d5-80dd-43b8-b7a9-a01d1fd93222
30c94b4a-00ec-4e91-8ae2-6357ca325667,5406c988-97ab-4575-9791-2331833a3feb
30c94b4a-00ec-4e91-8ae2-6357ca325667,366ae729-20e9-42b6-8841-6f20305a053f
30c94b4a-00ec-4e91-8ae2-6357ca325667,06cc5f6b-a65f-49fe-90af-a67f977d65b5
30c94b4a-00ec-4e91-8ae2-6357ca325667,828ebd35-5fdf-43e2-82cc-c0d481a427be
30c94b4a-00ec-4e91-8ae2-6357ca325667,8c814e0b-8190-4c1a-84f7-85dd6508a4c6
30c94b4a-00ec-4e91-8ae2-6357ca325667,d31168b9-2292-4871-9add-616e37f023c1
30c94b4a-00ec-4e91-8ae2-6357ca325667,f7a62c48-2137-47df-87fb-4f8a4a35bbfd
30c94b4a-00ec-4e91-8ae2-6357ca325667,d7f7f3db-f181-457e-8ced-c5624ad13a71
30c94b4a-00ec-4e91-8ae2-6357ca325667,a37f3c6b-31b3-4cb9-b6f9-9844b66c12d6
30c94b4a-00ec-4e91-8ae2-6357ca325667,8ddc12a3-72c9-4b2b-ae56-144500082035
30c94b4a-00ec-4e91-8ae2-6357ca325667,2df8c5a6-2c4c-49bc-ac19-08adadc5f7b8
30c94b4a-00ec-4e91-8ae2-6357ca325667,c873950c-6df2-45f6-91ca-128be906a563
30c94b4a-00ec-4e91-8ae2-6357ca325667,c825eb1b-1c8c-4dfa-9df7-07077d1f7f56
30c94b4a-00ec-4e91-8ae2-6357ca325667,949a6ec9-0bfb-481e-802c-b9381d3ac291
30c94b4a-00ec-4e91-8ae2-6357ca325667,986e001a-6c3c-473a-a96f-37da3b1c9ab5
30c94b4a-00ec-4e91-8ae2-6357ca325667,29bf85ea-bc91-4d69-9cc4-a1be3b38e493
30c94b4a-00ec-4e91-8ae2-6357ca325667,4e962a74-801d-46a2-b902-69e675ea53e1
30c94b4a-00ec-4e91-8ae2-6357ca325667,1e03b946-521b-4442-871d-37c191436477
30c94b4a-00ec-4e91-8ae2-6357ca325667,31138618-e8e3-4e88-bd54-198c5e2ae922
30c94b4a-00ec-4e91-8ae2-6357ca325667,8f662cbd-2d93-4ecc-a858-5ef050662fc6
30c94b4a-00ec-4e91-8ae2-6357ca325667,33169def-c18a-4319-ae78-5fc4f4d85c95
30c94b4a-00ec-4e91-8ae2-6357ca325667,883b89b9-ed72-496e-922a-1cde11f60c22
30c94b4a-00ec-4e91-8ae2-6357ca325667,11ced668-07fe-416b-a4c4-dfd14aa37315
30c94b4a-00ec-4e91-8ae2-6357ca325667,3144cfd0-0053-4702-b6bc-d27a02b21373
30c94b4a-00ec-4e91-8ae2-6357ca325667,2561f85e-a0c2-496a-a417-461a2f7e95f2
30c94b4a-00ec-4e91-8ae2-6357ca325667,545c3fd6-7fca-4381-9fcd-d4e95a45f296
30c94b4a-00ec-4e91-8ae2-6357ca325667,de553c0d-af8a-46c6-aed5-69a270307dab
30c94b4a-00ec-4e91-8ae2-6357ca325667,926db7d8-e784-4663-adf2-a4276d290ef7
30c94b4a-00ec-4e91-8ae2-6357ca325667,d62d8c8d-20ee-40f0-8a37-63038a41114d
30c94b4a-00ec-4e91-8ae2-6357ca325667,dd892d35-abb6-4e64-b1b5-4dfcf43e9b8b
30c94b4a-00ec-4e91-8ae2-6357ca325667,f71b655b-c53b-4efc-9213-e7f148f8f494
30c94b4a-00ec-4e91-8ae2-6357ca325667,68deab0c-3c8a-4a77-a93e-3c2ef2c8a281
30c94b4a-00ec-4e91-8ae2-6357ca325667,61c3fdc7-0fcd-4e4d-82ce-f03eb4a618a4
30c94b4a-00ec-4e91-8ae2-6357ca325667,83e11abc-1fe6-4642-8e1f-9fbcb22c7744
30c94b4a-00ec-4e91-8ae2-6357ca325667,d42d03b1-47f2-493c-9a7e-638fa041c97e
30c94b4a-00ec-4e91-8ae2-6357ca325667,916800c5-0dab-4254-b327-b06f0543824d
30c94b4a-00ec-4e91-8ae2-6357ca325667,3e92fb43-2e91-4386-b73d-0577e19d75d9
30c94b4a-00ec-4e91-8ae2-6357ca325667,2b06c7f0-65f9-42db-a886-e03b61862fb6
30c94b4a-00ec-4e91-8ae2-6357ca325667,ac0f367a-7ab5-49c6-b6f0-77b231d3a3b9
30c94b4a-00ec-4e91-8ae2-6357ca325667,a31a9d84-f261-438e-a9c4-b7007ba7325a
30c94b4a-00ec-4e91-8ae2-6357ca325667,22a9f422-7940-44d8-97b1-73740629cd66
30c94b4a-00ec-4e91-8ae2-6357ca325667,2aa31dba-d9bb-464e-8b0c-8cce78f6cd61
30c94b4a-00ec-4e91-8ae2-6357ca325667,34960863-e909-47f2-85e2-b1ed246c57da
30c94b4a-00ec-4e91-8ae2-6357ca325667,c3159d31-a64a-4d9a-b6cc-646165304a5a
30c94b4a-00ec-4e91-8ae2-6357ca325667,cf000ee7-2282-4bdc-9d93-97376fa4ab78
30c94b4a-00ec-4e91-8ae2-6357ca325667,88dc921f-92ff-4bb7-91a3-6b217bed3f1f
30c94b4a-00ec-4e91-8ae2-6357ca325667,337de7d2-50b7-415e-9805-11af72a33a3e
30c94b4a-00ec-4e91-8ae2-6357ca325667,50b2d520-4907-47fb-9deb-01b9f0a60f80
30c94b4a-00ec-4e91-8ae2-6357ca325667,8ad5f7f8-b3c0-4e0e-a74d-434acfdee09c
30c94b4a-00ec-4e91-8ae2-6357ca325667,a6647f78-6490-48a6-8f38-3a74fd371769
30c94b4a-00ec-4e91-8ae2-6357ca325667,35515ac2-9f86-43da-a1e5-f9002f4c1fc0
30c94b4a-00ec-4e91-8ae2-6357ca325667,54a20f39-58d4-42ce-b3ad-d826b627b1a4
30c94b4a-00ec-4e91-8ae2-6357ca325667,2bf6c830-ebb6-478f-841e-aaab8edcec4d
30c94b4a-00ec-4e91-8ae2-6357ca325667,4178a4ef-1c0a-48fc-a569-e7c83cfbd46f
30c94b4a-00ec-4e91-8ae2-6357ca325667,b98682ac-fc8a-4570-b840-ea5580431f34
30c94b4a-00ec-4e91-8ae2-6357ca325667,f0cf72f8-e25e-49ad-acf8-f26be2ae4527
30c94b4a-00ec-4e91-8ae2-6357ca325667,1343e1c5-31f9-4297-b7eb-ed5c114bb32c
30c94b4a-00ec-4e91-8ae2-6357ca325667,e25ccca6-48b6-40b3-94e6-fbc5322abedd
30c94b4a-00ec-4e91-8ae2-6357ca325667,8fce6009-39c9-47da-88ce-34517b74ec97
30c94b4a-00ec-4e91-8ae2-6357ca325667,9add746b-4905-49fa-8f55-170be0513a55
30c94b4a-00ec-4e91-8ae2-6357ca325667,8ecb4a42-c120-433a-8d55-42e08fd561fb
30c94b4a-00ec-4e91-8ae2-6357ca325667,49ed75e6-43f8-4444-92e3-c920c5ff4b2f
30c94b4a-00ec-4e91-8ae2-6357ca325667,7f34c09b-723f-47d0-b75b-c498b5084067
30c94b4a-00ec-4e91-8ae2-6357ca325667,964715b5-fdc9-46bd-b670-8e4e7cc56256
30c94b4a-00ec-4e91-8ae2-6357ca325667,e75f110b-6b97-4ff4-b6a2-f230b9d87639
30c94b4a-00ec-4e91-8ae2-6357ca325667,aa1fbdc2-d5d4-47c2-8db1-ba4a168e6cb2
30c94b4a-00ec-4e91-8ae2-6357ca325667,7269e20f-3fbe-4aca-8ca9-629e4a23a29e
30c94b4a-00ec-4e91-8ae2-6357ca325667,7506012d-6f01-497b-9bb6-3fcd5721b362
30c94b4a-00ec-4e91-8ae2-6357ca325667,77feff39-5c1a-45c3-9ffb-7dd9bc1eda32
30c94b4a-00ec-4e91-8ae2-6357ca325667,62114484-51e7-48ff-9f3a-70120693ec86
30c94b4a-00ec-4e91-8ae2-6357ca325667,c650314a-7aa9-48ea-8897-2ac33ea650b6
30c94b4a-00ec-4e91-8ae2-6357ca325667,07f3573b-489b-4058-bfb5-b5caed78f53d
30c94b4a-00ec-4e91-8ae2-6357ca325667,6ceab0a8-c983-4a67-a832-5749b651950f
30c94b4a-00ec-4e91-8ae2-6357ca325667,43e1eca6-3f64-44c4-9078-2365d0cd6715
30c94b4a-00ec-4e91-8ae2-6357ca325667,1157468a-262e-45ca-9908-671dd0c38214
30c94b4a-00ec-4e91-8ae2-6357ca325667,e5ae13b6-b800-4769-8228-5862bc330697
30c94b4a-00ec-4e91-8ae2-6357ca325667,754d870e-d41e-4e3a-9334-7bd6511c1261
30c94b4a-00ec-4e91-8ae2-6357ca325667,b036650e-2b09-4838-b73d-d173379bfde9
30c94b4a-00ec-4e91-8ae2-6357ca325667,2294e905-3887-4c16-825d-6ae4bacbac9f
30c94b4a-00ec-4e91-8ae2-6357ca325667,e0d09b7a-24d7-4999-b984-849bbe22b315
30c94b4a-00ec-4e91-8ae2-6357ca325667,d0209c99-272f-44d4-95ac-773580cc49e7
30c94b4a-00ec-4e91-8ae2-6357ca325667,a6614c23-e471-492c-85ab-5fb93df4fe9f
30c94b4a-00ec-4e91-8ae2-6357ca325667,8660b916-74a4-4681-8ebb-29f6dfac253f
30c94b4a-00ec-4e91-8ae2-6357ca325667,e5ab09ff-1ebd-4f0e-ad33-1d9a2cbc6cac
30c94b4a-00ec-4e91-8ae2-6357ca325667,24ef8edc-f211-4695-b4e9-52f45d1d0518
30c94b4a-00ec-4e91-8ae2-6357ca325667,850fe1fc-0117-41e5-aded-118f05efd64b
30c94b4a-00ec-4e91-8ae2-6357ca325667,51855b37-3481-4584-baf7-2dd9fb5c3a3f
30c94b4a-00ec-4e91-8ae2-6357ca325667,9aae31b0-3130-4d23-9924-a2f8396d98e3
30c94b4a-00ec-4e91-8ae2-6357ca325667,502db1d7-409c-499d-9b4b-306c05ae72a9
30c94b4a-00ec-4e91-8ae2-6357ca325667,8673f2fa-3e3a-4857-852e-a65181599643
30c94b4a-00ec-4e91-8ae2-6357ca325667,6e0075ee-cf72-46c5-b969-9e15ec7e3af5
30c94b4a-00ec-4e91-8ae2-6357ca325667,7e6bf90e-4e10-4d2e-ba10-9ad65024947f
30c94b4a-00ec-4e91-8ae2-6357ca325667,d251e64b-0d00-41f5-b1a8-666493cfb504
30c94b4a-00ec-4e91-8ae2-6357ca325667,80b50ef8-96ea-4fb6-a37b-24de67bf946c
30c94b4a-00ec-4e91-8ae2-6357ca325667,0a3fe50b-9277-45c7-88cf-e338009d467d
30c94b4a-00ec-4e91-8ae2-6357ca325667,f781feae-f0ae-4568-9595-223221955cac
30c94b4a-00ec-4e91-8ae2-6357ca325667,6683aabb-9d5a-4454-b006-f828c5a95a39
30c94b4a-00ec-4e91-8ae2-6357ca325667,7dcd2312-1b4e-409c-ac67-f2c562aeecca
30c94b4a-00ec-4e91-8ae2-6357ca325667,3e2d97be-d00f-453a-89af-e35c3b1e8719
30c94b4a-00ec-4e91-8ae2-6357ca325667,29e9fb72-29dd-4362-a278-80e5beca153e
30c94b4a-00ec-4e91-8ae2-6357ca325667,9d9eccd9-67fc-4f71-a8da-94e0dbd79259
30c94b4a-00ec-4e91-8ae2-6357ca325667,6e821edf-e26e-40a1-93e3-2c20a9412fb7
30c94b4a-00ec-4e91-8ae2-6357ca325667,67cd3f59-43c6-4398-8f02-36bbc707e8c3
30c94b4a-00ec-4e91-8ae2-6357ca325667,c1dcd3bb-ec1e-416b-ab92-6205e81f4aaf
30c94b4a-00ec-4e91-8ae2-6357ca325667,39cc1231-731e-4ea9-b1bd-93b6c0d660c0
30c94b4a-00ec-4e91-8ae2-6357ca325667,66bb73df-60a3-4093-a8ce-0f3d56673316
30c94b4a-00ec-4e91-8ae2-6357ca325667,a467b389-e767-4a4a-89c6-da159e3b7208
30c94b4a-00ec-4e91-8ae2-6357ca325667,742573f3-b658-4e0c-9183-e1a61ce9c201
30c94b4a-00ec-4e91-8ae2-6357ca325667,9288dc96-7c6b-4be6-911e-91c71cf4ae85
30c94b4a-00ec-4e91-8ae2-6357ca325667,4f2f4f3d-487e-4144-a03f-5675a4dfe028
30c94b4a-00ec-4e91-8ae2-6357ca325667,22d1086b-80cd-45c5-8407-b6f9287842b1
30c94b4a-00ec-4e91-8ae2-6357ca325667,446a0158-cc72-46c3-a850-9593fb8b5cf5
30c94b4a-00ec-4e91-8ae2-6357ca325667,ad3dce70-faf5-4a7e-9b90-4493c27a4f1d
30c94b4a-00ec-4e91-8ae2-6357ca325667,4a4ba199-9481-41a3-b30e-4504e44c9bad
30c94b4a-00ec-4e91-8ae2-6357ca325667,b82ecc00-6336-42a4-9266-ee756671a255
30c94b4a-00ec-4e91-8ae2-6357ca325667,73b363c6-c734-4f2f-8db7-3bc47c104833
30c94b4a-00ec-4e91-8ae2-6357ca325667,94ff19e0-7bd9-462f-a232-602487b83ee3
30c94b4a-00ec-4e91-8ae2-6357ca325667,6858b9d4-74a6-41cb-9997-1f72253c9074
30c94b4a-00ec-4e91-8ae2-6357ca325667,06670f03-5e3a-44f0-bfba-65d9dd6dc25e
30c94b4a-00ec-4e91-8ae2-6357ca325667,f01613a7-8162-4e07-921b-360996b718f1
30c94b4a-00ec-4e91-8ae2-6357ca325667,a2ec249c-789d-4fd0-b156-b3ca34cecafd
30c94b4a-00ec-4e91-8ae2-6357ca325667,e607b15b-d7c2-4fa2-b1ff-ea1039a84716
30c94b4a-00ec-4e91-8ae2-6357ca325667,3ea22688-0f8c-4533-93e9-a4d912ee29b7
30c94b4a-00ec-4e91-8ae2-6357ca325667,a565cfee-8d16-47c9-b766-fde13d5a578d
30c94b4a-00ec-4e91-8ae2-6357ca325667,6c51bd3f-66f0-4872-a1cc-36e110ef569a
30c94b4a-00ec-4e91-8ae2-6357ca325667,06ec0fa1-cb98-44ca-b894-18bd638e4c8b
30c94b4a-00ec-4e91-8ae2-6357ca325667,b38c5c33-8dcd-4cc4-9f16-142947bc970d
30c94b4a-00ec-4e91-8ae2-6357ca325667,f8406140-e428-4df3-beeb-83ff6f4afed9
30c94b4a-00ec-4e91-8ae2-6357ca325667,1e27e946-9812-446d-b1de-10f15c09b209
30c94b4a-00ec-4e91-8ae2-6357ca325667,836f225c-e07e-43ef-997d-66276e5867fe
30c94b4a-00ec-4e91-8ae2-6357ca325667,bd6e0b72-6e5b-47c0-9520-a1f971c68276
30c94b4a-00ec-4e91-8ae2-6357ca325667,60702ca7-42a1-4987-986c-a3ee17498c4a
30c94b4a-00ec-4e91-8ae2-6357ca325667,20331205-67dd-433d-ad01-c9e481d2c97b
30c94b4a-00ec-4e91-8ae2-6357ca325667,9788c9f9-18fe-4964-948b-fa3e9fa41cdb
30c94b4a-00ec-4e91-8ae2-6357ca325667,3dfc04ee-90f5-4552-9db6-9aa2bafb4863
30c94b4a-00ec-4e91-8ae2-6357ca325667,214a2145-5c5f-46d7-b2dc-7f7655e55ab9
30c94b4a-00ec-4e91-8ae2-6357ca325667,d1714486-168b-4fe7-8346-debe71df568b
30c94b4a-00ec-4e91-8ae2-6357ca325667,ad10b4e3-814b-4e82-a82f-3f9442fe66f5
30c94b4a-00ec-4e91-8ae2-6357ca325667,f8b6e462-49bb-4e76-b099-c0133274a3bd
30c94b4a-00ec-4e91-8ae2-6357ca325667,eeb82e1b-91f6-4b63-969b-973a83942ce3
30c94b4a-00ec-4e91-8ae2-6357ca325667,d5649aa4-a6e3-48af-8105-2e0ec5434212
30c94b4a-00ec-4e91-8ae2-6357ca325667,ad3e5336-d71d-4c7e-bb9c-b8b14c03a1a2
30c94b4a-00ec-4e91-8ae2-6357ca325667,95c56220-63dd-475d-b41f-4b44df8a3a80
30c94b4a-00ec-4e91-8ae2-6357ca325667,cf599950-90e3-40fe-85ed-ca9163ef53f2
30c94b4a-00ec-4e91-8ae2-6357ca325667,79cd9f01-ae1c-43cb-be24-bdb46521487b
30c94b4a-00ec-4e91-8ae2-6357ca325667,7fbab367-1c6a-46ad-8372-310557c4ac13
30c94b4a-00ec-4e91-8ae2-6357ca325667,0b792253-46d3-4cbf-b82c-f8e732f797b2
30c94b4a-00ec-4e91-8ae2-6357ca325667,cc60b90d-44dc-4072-8b9b-f0f04e8626a1
15a546e4-deec-4728-9b05-5e53a69a32dc,310deddf-3b76-4ab4-ac58-0b533114d28e
15a546e4-deec-4728-9b05-5e53a69a32dc,8d53b5b6-de15-4dda-bedf-0fe719318f0d
15a546e4-deec-4728-9b05-5e53a69a32dc,f2e26f34-1ab0-458e-b16e-e374e6b04551
15a546e4-deec-4728-9b05-5e53a69a32dc,918c8d8b-7b5a-4fb9-a318-1b2e5cf21b4b
15a546e4-deec-4728-9b05-5e53a69a32dc,4472419c-1eb6-41e4-b8db-8dfce937324b
15a546e4-deec-4728-9b05-5e53a69a32dc,351f58fa-1b78-4734-8671-6d720d408b7f
15a546e4-deec-4728-9b05-5e53a69a32dc,51d425c2-6454-4fbe-bb0c-f3af52829531
15a546e4-deec-4728-9b05-5e53a69a32dc,40cc591b-3cb0-4ad1-be4f-526c1fba2d39
15a546e4-deec-4728-9b05-5e53a69a32dc,5b93e3e8-7878-4bbb-a19d-9c5f24c43042
15a546e4-deec-4728-9b05-5e53a69a32dc,866d8801-91f6-4b3e-8561-0d8fd8259337
15a546e4-deec-4728-9b05-5e53a69a32dc,4f4b9719-3524-4a00-a74b-44d9e3ee3afb
15a546e4-deec-4728-9b05-5e53a69a32dc,f807fc0c-3ee2-431f-8d8a-adf3824c843b
15a546e4-deec-4728-9b05-5e53a69a32dc,9eb1e82e-0daa-4198-b22a-25baf5bb1ce0
15a546e4-deec-4728-9b05-5e53a69a32dc,d6050df4-1649-4462-aa9b-92d89fcc5b8f
15a546e4-deec-4728-9b05-5e53a69a32dc,6163b9c8-c32e-48f0-9d62-aac133855b4c
15a546e4-deec-4728-9b05-5e53a69a32dc,66cece40-6468-4214-99a4-137b00723416
15a546e4-deec-4728-9b05-5e53a69a32dc,18ba28e1-545d-417b-a65b-617f35af5ff9
15a546e4-deec-4728-9b05-5e53a69a32dc,6e3a271a-415b-4758-a144-e9b76f0592c7
15a546e4-deec-4728-9b05-5e53a69a32dc,dbdbda3d-affd-469e-ae41-988780d7e542
15a546e4-deec-4728-9b05-5e53a69a32dc,b2c4e95d-130a-4230-b137-6de667683f52
15a546e4-deec-4728-9b05-5e53a69a32dc,a034a9a1-d6c4-49fa-905d-e716a5b5d197
15a546e4-deec-4728-9b05-5e53a69a32dc,132b63b9-3673-4047-a767-bed235052a2e
15a546e4-deec-4728-9b05-5e53a69a32dc,59af5df8-04cf-496c-a615-a353b2e96031
15a546e4-deec-4728-9b05-5e53a69a32dc,faea6673-d730-47bf-a3d3-dc0df145b0d9
15a546e4-deec-4728-9b05-5e53a69a32dc,520e5c3c-a44a-43b7-b68b-b385a543ac75
15a546e4-deec-4728-9b05-5e53a69a32dc,59ca0ede-8a28-4dd0-9bec-edc28b3bb77c
15a546e4-deec-4728-9b05-5e53a69a32dc,738a9f3f-0d33-43d5-9f02-19bfa2020f6a
15a546e4-deec-4728-9b05-5e53a69a32dc,fc75d94c-f1a6-48ae-aa89-9a89a5e4649b
15a546e4-deec-4728-9b05-5e53a69a32dc,faa1753e-7ca7-4b88-9e05-c80806524c94
15a546e4-deec-4728-9b05-5e53a69a32dc,94d9cbe9-5aeb-439b-ad7c-e4d5076818e4
15a546e4-deec-4728-9b05-5e53a69a32dc,25eaf357-c3ab-4032-9be2-48b62745ef5d
15a546e4-deec-4728-9b05-5e53a69a32dc,4923789b-0add-4277-986a-8d047cf658c9
15a546e4-deec-4728-9b05-5e53a69a32dc,e9883f5d-ee9f-4615-af18-6ddd5d5e0b79
15a546e4-deec-4728-9b05-5e53a69a32dc,e3eae30b-0447-44b1-974d-2988aefe3d48
15a546e4-deec-4728-9b05-5e53a69a32dc,ea3e66d5-80dd-43b8-b7a9-a01d1fd93222
15a546e4-deec-4728-9b05-5e53a69a32dc,5406c988-97ab-4575-9791-2331833a3feb
15a546e4-deec-4728-9b05-5e53a69a32dc,366ae729-20e9-42b6-8841-6f20305a053f
15a546e4-deec-4728-9b05-5e53a69a32dc,06cc5f6b-a65f-49fe-90af-a67f977d65b5
15a546e4-deec-4728-9b05-5e53a69a32dc,828ebd35-5fdf-43e2-82cc-c0d481a427be
15a546e4-deec-4728-9b05-5e53a69a32dc,8c814e0b-8190-4c1a-84f7-85dd6508a4c6
15a546e4-deec-4728-9b05-5e53a69a32dc,d31168b9-2292-4871-9add-616e37f023c1
15a546e4-deec-4728-9b05-5e53a69a32dc,f7a62c48-2137-47df-87fb-4f8a4a35bbfd
15a546e4-deec-4728-9b05-5e53a69a32dc,d7f7f3db-f181-457e-8ced-c5624ad13a71
15a546e4-deec-4728-9b05-5e53a69a32dc,a37f3c6b-31b3-4cb9-b6f9-9844b66c12d6
15a546e4-deec-4728-9b05-5e53a69a32dc,8ddc12a3-72c9-4b2b-ae56-144500082035
15a546e4-deec-4728-9b05-5e53a69a32dc,2df8c5a6-2c4c-49bc-ac19-08adadc5f7b8
15a546e4-deec-4728-9b05-5e53a69a32dc,c873950c-6df2-45f6-91ca-128be906a563
15a546e4-deec-4728-9b05-5e53a69a32dc,c825eb1b-1c8c-4dfa-9df7-07077d1f7f56
15a546e4-deec-4728-9b05-5e53a69a32dc,949a6ec9-0bfb-481e-802c-b9381d3ac291
15a546e4-deec-4728-9b05-5e53a69a32dc,986e001a-6c3c-473a-a96f-37da3b1c9ab5
15a546e4-deec-4728-9b05-5e53a69a32dc,29bf85ea-bc91-4d69-9cc4-a1be3b38e493
15a546e4-deec-4728-9b05-5e53a69a32dc,4e962a74-801d-46a2-b902-69e675ea53e1
15a546e4-deec-4728-9b05-5e53a69a32dc,1e03b946-521b-4442-871d-37c191436477
15a546e4-deec-4728-9b05-5e53a69a32dc,31138618-e8e3-4e88-bd54-198c5e2ae922
15a546e4-deec-4728-9b05-5e53a69a32dc,8f662cbd-2d93-4ecc-a858-5ef050662fc6
15a546e4-deec-4728-9b05-5e53a69a32dc,33169def-c18a-4319-ae78-5fc4f4d85c95
15a546e4-deec-4728-9b05-5e53a69a32dc,883b89b9-ed72-496e-922a-1cde11f60c22
15a546e4-deec-4728-9b05-5e53a69a32dc,11ced668-07fe-416b-a4c4-dfd14aa37315
15a546e4-deec-4728-9b05-5e53a69a32dc,3144cfd0-0053-4702-b6bc-d27a02b21373
15a546e4-deec-4728-9b05-5e53a69a32dc,2561f85e-a0c2-496a-a417-461a2f7e95f2
15a546e4-deec-4728-9b05-5e53a69a32dc,545c3fd6-7fca-4381-9fcd-d4e95a45f296
15a546e4-deec-4728-9b05-5e53a69a32dc,de553c0d-af8a-46c6-aed5-69a270307dab
15a546e4-deec-4728-9b05-5e53a69a32dc,926db7d8-e784-4663-adf2-a4276d290ef7
15a546e4-deec-4728-9b05-5e53a69a32dc,d62d8c8d-20ee-40f0-8a37-63038a41114d
15a546e4-deec-4728-9b05-5e53a69a32dc,dd892d35-abb6-4e64-b1b5-4dfcf43e9b8b
15a546e4-deec-4728-9b05-5e53a69a32dc,f71b655b-c53b-4efc-9213-e7f148f8f494
15a546e4-deec-4728-9b05-5e53a69a32dc,68deab0c-3c8a-4a77-a93e-3c2ef2c8a281
15a546e4-deec-4728-9b05-5e53a69a32dc,61c3fdc7-0fcd-4e4d-82ce-f03eb4a618a4
15a546e4-deec-4728-9b05-5e53a69a32dc,83e11abc-1fe6-4642-8e1f-9fbcb22c7744
15a546e4-deec-4728-9b05-5e53a69a32dc,d42d03b1-47f2-493c-9a7e-638fa041c97e
15a546e4-deec-4728-9b05-5e53a69a32dc,916800c5-0dab-4254-b327-b06f0543824d
15a546e4-deec-4728-9b05-5e53a69a32dc,3e92fb43-2e91-4386-b73d-0577e19d75d9
15a546e4-deec-4728-9b05-5e53a69a32dc,2b06c7f0-65f9-42db-a886-e03b61862fb6
15a546e4-deec-4728-9b05-5e53a69a32dc,ac0f367a-7ab5-49c6-b6f0-77b231d3a3b9
15a546e4-deec-4728-9b05-5e53a69a32dc,a31a9d84-f261-438e-a9c4-b7007ba7325a
15a546e4-deec-4728-9b05-5e53a69a32dc,22a9f422-7940-44d8-97b1-73740629cd66
15a546e4-deec-4728-9b05-5e53a69a32dc,2aa31dba-d9bb-464e-8b0c-8cce78f6cd61
15a546e4-deec-4728-9b05-5e53a69a32dc,34960863-e909-47f2-85e2-b1ed246c57da
15a546e4-deec-4728-9b05-5e53a69a32dc,c3159d31-a64a-4d9a-b6cc-646165304a5a
15a546e4-deec-4728-9b05-5e53a69a32dc,cf000ee7-2282-4bdc-9d93-97376fa4ab78
15a546e4-deec-4728-9b05-5e53a69a32dc,88dc921f-92ff-4bb7-91a3-6b217bed3f1f
15a546e4-deec-4728-9b05-5e53a69a32dc,337de7d2-50b7-415e-9805-11af72a33a3e
15a546e4-deec-4728-9b05-5e53a69a32dc,50b2d520-4907-47fb-9deb-01b9f0a60f80
15a546e4-deec-4728-9b05-5e53a69a32dc,8ad5f7f8-b3c0-4e0e-a74d-434acfdee09c
15a546e4-deec-4728-9b05-5e53a69a32dc,a6647f78-6490-48a6-8f38-3a74fd371769
15a546e4-deec-4728-9b05-5e53a69a32dc,35515ac2-9f86-43da-a1e5-f9002f4c1fc0
15a546e4-deec-4728-9b05-5e53a69a32dc,54a20f39-58d4-42ce-b3ad-d826b627b1a4
15a546e4-deec-4728-9b05-5e53a69a32dc,2bf6c830-ebb6-478f-841e-aaab8edcec4d
15a546e4-deec-4728-9b05-5e53a69a32dc,4178a4ef-1c0a-48fc-a569-e7c83cfbd46f
15a546e4-deec-4728-9b05-5e53a69a32dc,b98682ac-fc8a-4570-b840-ea5580431f34
15a546e4-deec-4728-9b05-5e53a69a32dc,f0cf72f8-e25e-49ad-acf8-f26be2ae4527
15a546e4-deec-4728-9b05-5e53a69a32dc,1343e1c5-31f9-4297-b7eb-ed5c114bb32c
15a546e4-deec-4728-9b05-5e53a69a32dc,e25ccca6-48b6-40b3-94e6-fbc5322abedd
15a546e4-deec-4728-9b05-5e53a69a32dc,8fce6009-39c9-47da-88ce-34517b74ec97
15a546e4-deec-4728-9b05-5e53a69a32dc,9add746b-4905-49fa-8f55-170be0513a55
15a546e4-deec-4728-9b05-5e53a69a32dc,8ecb4a42-c120-433a-8d55-42e08fd561fb
15a546e4-deec-4728-9b05-5e53a69a32dc,49ed75e6-43f8-4444-92e3-c920c5ff4b2f
15a546e4-deec-4728-9b05-5e53a69a32dc,7f34c09b-723f-47d0-b75b-c498b5084067
15a546e4-deec-4728-9b05-5e53a69a32dc,964715b5-fdc9-46bd-b670-8e4e7cc56256
15a546e4-deec-4728-9b05-5e53a69a32dc,e75f110b-6b97-4ff4-b6a2-f230b9d87639
15a546e4-deec-4728-9b05-5e53a69a32dc,aa1fbdc2-d5d4-47c2-8db1-ba4a168e6cb2
15a546e4-deec-4728-9b05-5e53a69a32dc,7269e20f-3fbe-4aca-8ca9-629e4a23a29e
15a546e4-deec-4728-9b05-5e53a69a32dc,7506012d-6f01-497b-9bb6-3fcd5721b362
15a546e4-deec-4728-9b05-5e53a69a32dc,77feff39-5c1a-45c3-9ffb-7dd9bc1eda32
15a546e4-deec-4728-9b05-5e53a69a32dc,62114484-51e7-48ff-9f3a-70120693ec86
15a546e4-deec-4728-9b05-5e53a69a32dc,c650314a-7aa9-48ea-8897-2ac33ea650b6
15a546e4-deec-4728-9b05-5e53a69a32dc,07f3573b-489b-4058-bfb5-b5caed78f53d
15a546e4-deec-4728-9b05-5e53a69a32dc,6ceab0a8-c983-4a67-a832-5749b651950f
15a546e4-deec-4728-9b05-5e53a69a32dc,43e1eca6-3f64-44c4-9078-2365d0cd6715
15a546e4-deec-4728-9b05-5e53a69a32dc,1157468a-262e-45ca-9908-671dd0c38214
15a546e4-deec-4728-9b05-5e53a69a32dc,e5ae13b6-b800-4769-8228-5862bc330697
15a546e4-deec-4728-9b05-5e53a69a32dc,754d870e-d41e-4e3a-9334-7bd6511c1261
15a546e4-deec-4728-9b05-5e53a69a32dc,b036650e-2b09-4838-b73d-d173379bfde9
15a546e4-deec-4728-9b05-5e53a69a32dc,2294e905-3887-4c16-825d-6ae4bacbac9f
15a546e4-deec-4728-9b05-5e53a69a32dc,e0d09b7a-24d7-4999-b984-849bbe22b315
15a546e4-deec-4728-9b05-5e53a69a32dc,d0209c99-272f-44d4-95ac-773580cc49e7
15a546e4-deec-4728-9b05-5e53a69a32dc,a6614c23-e471-492c-85ab-5fb93df4fe9f
15a546e4-deec-4728-9b05-5e53a69a32dc,8660b916-74a4-4681-8ebb-29f6dfac253f
15a546e4-deec-4728-9b05-5e53a69a32dc,e5ab09ff-1ebd-4f0e-ad33-1d9a2cbc6cac
15a546e4-deec-4728-9b05-5e53a69a32dc,24ef8edc-f211-4695-b4e9-52f45d1d0518
15a546e4-deec-4728-9b05-5e53a69a32dc,850fe1fc-0117-41e5-aded-118f05efd64b
15a546e4-deec-4728-9b05-5e53a69a32dc,51855b37-3481-4584-baf7-2dd9fb5c3a3f
15a546e4-deec-4728-9b05-5e53a69a32dc,9aae31b0-3130-4d23-9924-a2f8396d98e3
15a546e4-deec-4728-9b05-5e53a69a32dc,502db1d7-409c-499d-9b4b-306c05ae72a9
15a546e4-deec-4728-9b05-5e53a69a32dc,8673f2fa-3e3a-4857-852e-a65181599643
15a546e4-deec-4728-9b05-5e53a69a32dc,6e0075ee-cf72-46c5-b969-9e15ec7e3af5
15a546e4-deec-4728-9b05-5e53a69a32dc,7e6bf90e-4e10-4d2e-ba10-9ad65024947f
15a546e4-deec-4728-9b05-5e53a69a32dc,d251e64b-0d00-41f5-b1a8-666493cfb504
15a546e4-deec-4728-9b05-5e53a69a32dc,80b50ef8-96ea-4fb6-a37b-24de67bf946c
15a546e4-deec-4728-9b05-5e53a69a32dc,0a3fe50b-9277-45c7-88cf-e338009d467d
15a546e4-deec-4728-9b05-5e53a69a32dc,f781feae-f0ae-4568-9595-223221955cac
15a546e4-deec-4728-9b05-5e53a69a32dc,6683aabb-9d5a-4454-b006-f828c5a95a39
15a546e4-deec-4728-9b05-5e53a69a32dc,7dcd2312-1b4e-409c-ac67-f2c562aeecca
15a546e4-deec-4728-9b05-5e53a69a32dc,3e2d97be-d00f-453a-89af-e35c3b1e8719
15a546e4-deec-4728-9b05-5e53a69a32dc,29e9fb72-29dd-4362-a278-80e5beca153e
15a546e4-deec-4728-9b05-5e53a69a32dc,9d9eccd9-67fc-4f71-a8da-94e0dbd79259
15a546e4-deec-4728-9b05-5e53a69a32dc,6e821edf-e26e-40a1-93e3-2c20a9412fb7
15a546e4-deec-4728-9b05-5e53a69a32dc,67cd3f59-43c6-4398-8f02-36bbc707e8c3
15a546e4-deec-4728-9b05-5e53a69a32dc,c1dcd3bb-ec1e-416b-ab92-6205e81f4aaf
15a546e4-deec-4728-9b05-5e53a69a32dc,39cc1231-731e-4ea9-b1bd-93b6c0d660c0
15a546e4-deec-4728-9b05-5e53a69a32dc,66bb73df-60a3-4093-a8ce-0f3d56673316
15a546e4-deec-4728-9b05-5e53a69a32dc,a467b389-e767-4a4a-89c6-da159e3b7208
15a546e4-deec-4728-9b05-5e53a69a32dc,742573f3-b658-4e0c-9183-e1a61ce9c201
15a546e4-deec-4728-9b05-5e53a69a32dc,9288dc96-7c6b-4be6-911e-91c71cf4ae85
15a546e4-deec-4728-9b05-5e53a69a32dc,4f2f4f3d-487e-4144-a03f-5675a4dfe028
15a546e4-deec-4728-9b05-5e53a69a32dc,22d1086b-80cd-45c5-8407-b6f9287842b1
15a546e4-deec-4728-9b05-5e53a69a32dc,446a0158-cc72-46c3-a850-9593fb8b5cf5
15a546e4-deec-4728-9b05-5e53a69a32dc,ad3dce70-faf5-4a7e-9b90-4493c27a4f1d
15a546e4-deec-4728-9b05-5e53a69a32dc,4a4ba199-9481-41a3-b30e-4504e44c9bad
15a546e4-deec-4728-9b05-5e53a69a32dc,b82ecc00-6336-42a4-9266-ee756671a255
15a546e4-deec-4728-9b05-5e53a69a32dc,73b363c6-c734-4f2f-8db7-3bc47c104833
15a546e4-deec-4728-9b05-5e53a69a32dc,94ff19e0-7bd9-462f-a232-602487b83ee3
15a546e4-deec-4728-9b05-5e53a69a32dc,6858b9d4-74a6-41cb-9997-1f72253c9074
15a546e4-deec-4728-9b05-5e53a69a32dc,06670f03-5e3a-44f0-bfba-65d9dd6dc25e
15a546e4-deec-4728-9b05-5e53a69a32dc,f01613a7-8162-4e07-921b-360996b718f1
15a546e4-deec-4728-9b05-5e53a69a32dc,a2ec249c-789d-4fd0-b156-b3ca34cecafd
15a546e4-deec-4728-9b05-5e53a69a32dc,e607b15b-d7c2-4fa2-b1ff-ea1039a84716
15a546e4-deec-4728-9b05-5e53a69a32dc,3ea22688-0f8c-4533-93e9-a4d912ee29b7
15a546e4-deec-4728-9b05-5e53a69a32dc,a565cfee-8d16-47c9-b766-fde13d5a578d
15a546e4-deec-4728-9b05-5e53a69a32dc,6c51bd3f-66f0-4872-a1cc-36e110ef569a
15a546e4-deec-4728-9b05-5e53a69a32dc,06ec0fa1-cb98-44ca-b894-18bd638e4c8b
15a546e4-deec-4728-9b05-5e53a69a32dc,b38c5c33-8dcd-4cc4-9f16-142947bc970d
15a546e4-deec-4728-9b05-5e53a69a32dc,f8406140-e428-4df3-beeb-83ff6f4afed9
15a546e4-deec-4728-9b05-5e53a69a32dc,1e27e946-9812-446d-b1de-10f15c09b209
15a546e4-deec-4728-9b05-5e53a69a32dc,836f225c-e07e-43ef-997d-66276e5867fe
15a546e4-deec-4728-9b05-5e53a69a32dc,bd6e0b72-6e5b-47c0-9520-a1f971c68276
15a546e4-deec-4728-9b05-5e53a69a32dc,60702ca7-42a1-4987-986c-a3ee17498c4a
15a546e4-deec-4728-9b05-5e53a69a32dc,20331205-67dd-433d-ad01-c9e481d2c97b
15a546e4-deec-4728-9b05-5e53a69a32dc,9788c9f9-18fe-4964-948b-fa3e9fa41cdb
15a546e4-deec-4728-9b05-5e53a69a32dc,3dfc04ee-90f5-4552-9db6-9aa2bafb4863
15a546e4-deec-4728-9b05-5e53a69a32dc,214a2145-5c5f-46d7-b2dc-7f7655e55ab9
15a546e4-deec-4728-9b05-5e53a69a32dc,d1714486-168b-4fe7-8346-debe71df568b
15a546e4-deec-4728-9b05-5e53a69a32dc,ad10b4e3-814b-4e82-a82f-3f9442fe66f5
15a546e4-deec-4728-9b05-5e53a69a32dc,f8b6e462-49bb-4e76-b099-c0133274a3bd
15a546e4-deec-4728-9b05-5e53a69a32dc,eeb82e1b-91f6-4b63-969b-973a83942ce3
15a546e4-deec-4728-9b05-5e53a69a32dc,d5649aa4-a6e3-48af-8105-2e0ec5434212
15a546e4-deec-4728-9b05-5e53a69a32dc,ad3e5336-d71d-4c7e-bb9c-b8b14c03a1a2
15a546e4-deec-4728-9b05-5e53a69a32dc,95c56220-63dd-475d-b41f-4b44df8a3a80
15a546e4-deec-4728-9b05-5e53a69a32dc,cf599950-90e3-40fe-85ed-ca9163ef53f2
15a546e4-deec-4728-9b05-5e53a69a32dc,79cd9f01-ae1c-43cb-be24-bdb46521487b
15a546e4-deec-4728-9b05-5e53a69a32dc,7fbab367-1c6a-46ad-8372-310557c4ac13
15a546e4-deec-4728-9b05-5e53a69a32dc,0b792253-46d3-4cbf-b82c-f8e732f797b2
15a546e4-deec-4728-9b05-5e53a69a32dc,cc60b90d-44dc-4072-8b9b-f0f04e8626a1
4369b1c9-68b7-4702-9300-5b6337a8494b,f2e26f34-1ab0-458e-b16e-e374e6b04551
4369b1c9-68b7-4702-9300-5b6337a8494b,8d53b5b6-de15-4dda-bedf-0fe719318f0d
4369b1c9-68b7-4702-9300-5b6337a8494b,4472419c-1eb6-41e4-b8db-8dfce937324b
4369b1c9-68b7-4702-9300-5b6337a8494b,351f58fa-1b78-4734-8671-6d720d408b7f
4369b1c9-68b7-4702-9300-5b6337a8494b,51d425c2-6454-4fbe-bb0c-f3af52829531
4369b1c9-68b7-4702-9300-5b6337a8494b,310deddf-3b76-4ab4-ac58-0b533114d28e
4369b1c9-68b7-4702-9300-5b6337a8494b,a37f3c6b-31b3-4cb9-b6f9-9844b66c12d6
4369b1c9-68b7-4702-9300-5b6337a8494b,866d8801-91f6-4b3e-8561-0d8fd8259337
4369b1c9-68b7-4702-9300-5b6337a8494b,40cc591b-3cb0-4ad1-be4f-526c1fba2d39
4369b1c9-68b7-4702-9300-5b6337a8494b,5b93e3e8-7878-4bbb-a19d-9c5f24c43042
4369b1c9-68b7-4702-9300-5b6337a8494b,66cece40-6468-4214-99a4-137b00723416
4369b1c9-68b7-4702-9300-5b6337a8494b,18ba28e1-545d-417b-a65b-617f35af5ff9
4369b1c9-68b7-4702-9300-5b6337a8494b,6e3a271a-415b-4758-a144-e9b76f0592c7
4369b1c9-68b7-4702-9300-5b6337a8494b,dbdbda3d-affd-469e-ae41-988780d7e542
4369b1c9-68b7-4702-9300-5b6337a8494b,b2c4e95d-130a-4230-b137-6de667683f52
4369b1c9-68b7-4702-9300-5b6337a8494b,6163b9c8-c32e-48f0-9d62-aac133855b4c
4369b1c9-68b7-4702-9300-5b6337a8494b,4f4b9719-3524-4a00-a74b-44d9e3ee3afb
4369b1c9-68b7-4702-9300-5b6337a8494b,f807fc0c-3ee2-431f-8d8a-adf3824c843b
4369b1c9-68b7-4702-9300-5b6337a8494b,9eb1e82e-0daa-4198-b22a-25baf5bb1ce0
4369b1c9-68b7-4702-9300-5b6337a8494b,d6050df4-1649-4462-aa9b-92d89fcc5b8f
4369b1c9-68b7-4702-9300-5b6337a8494b,59af5df8-04cf-496c-a615-a353b2e96031
4369b1c9-68b7-4702-9300-5b6337a8494b,faea6673-d730-47bf-a3d3-dc0df145b0d9
4369b1c9-68b7-4702-9300-5b6337a8494b,520e5c3c-a44a-43b7-b68b-b385a543ac75
4369b1c9-68b7-4702-9300-5b6337a8494b,59ca0ede-8a28-4dd0-9bec-edc28b3bb77c
4369b1c9-68b7-4702-9300-5b6337a8494b,738a9f3f-0d33-43d5-9f02-19bfa2020f6a
4369b1c9-68b7-4702-9300-5b6337a8494b,fc75d94c-f1a6-48ae-aa89-9a89a5e4649b
4369b1c9-68b7-4702-9300-5b6337a8494b,faa1753e-7ca7-4b88-9e05-c80806524c94
4369b1c9-68b7-4702-9300-5b6337a8494b,a034a9a1-d6c4-49fa-905d-e716a5b5d197
4369b1c9-68b7-4702-9300-5b6337a8494b,132b63b9-3673-4047-a767-bed235052a2e
4369b1c9-68b7-4702-9300-5b6337a8494b,4923789b-0add-4277-986a-8d047cf658c9
4369b1c9-68b7-4702-9300-5b6337a8494b,e9883f5d-ee9f-4615-af18-6ddd5d5e0b79
4369b1c9-68b7-4702-9300-5b6337a8494b,94d9cbe9-5aeb-439b-ad7c-e4d5076818e4
4369b1c9-68b7-4702-9300-5b6337a8494b,25eaf357-c3ab-4032-9be2-48b62745ef5d
4369b1c9-68b7-4702-9300-5b6337a8494b,ea3e66d5-80dd-43b8-b7a9-a01d1fd93222
4369b1c9-68b7-4702-9300-5b6337a8494b,5406c988-97ab-4575-9791-2331833a3feb
4369b1c9-68b7-4702-9300-5b6337a8494b,366ae729-20e9-42b6-8841-6f20305a053f
4369b1c9-68b7-4702-9300-5b6337a8494b,06cc5f6b-a65f-49fe-90af-a67f977d65b5
4369b1c9-68b7-4702-9300-5b6337a8494b,828ebd35-5fdf-43e2-82cc-c0d481a427be
4369b1c9-68b7-4702-9300-5b6337a8494b,e3eae30b-0447-44b1-974d-2988aefe3d48
4369b1c9-68b7-4702-9300-5b6337a8494b,d31168b9-2292-4871-9add-616e37f023c1
4369b1c9-68b7-4702-9300-5b6337a8494b,8c814e0b-8190-4c1a-84f7-85dd6508a4c6
4369b1c9-68b7-4702-9300-5b6337a8494b,f7a62c48-2137-47df-87fb-4f8a4a35bbfd
4369b1c9-68b7-4702-9300-5b6337a8494b,d7f7f3db-f181-457e-8ced-c5624ad13a71
4369b1c9-68b7-4702-9300-5b6337a8494b,918c8d8b-7b5a-4fb9-a318-1b2e5cf21b4b
4369b1c9-68b7-4702-9300-5b6337a8494b,31138618-e8e3-4e88-bd54-198c5e2ae922
4369b1c9-68b7-4702-9300-5b6337a8494b,8f662cbd-2d93-4ecc-a858-5ef050662fc6
4369b1c9-68b7-4702-9300-5b6337a8494b,33169def-c18a-4319-ae78-5fc4f4d85c95
4369b1c9-68b7-4702-9300-5b6337a8494b,883b89b9-ed72-496e-922a-1cde11f60c22
4369b1c9-68b7-4702-9300-5b6337a8494b,8ddc12a3-72c9-4b2b-ae56-144500082035
4369b1c9-68b7-4702-9300-5b6337a8494b,1e03b946-521b-4442-871d-37c191436477
4369b1c9-68b7-4702-9300-5b6337a8494b,2df8c5a6-2c4c-49bc-ac19-08adadc5f7b8
4369b1c9-68b7-4702-9300-5b6337a8494b,c873950c-6df2-45f6-91ca-128be906a563
4369b1c9-68b7-4702-9300-5b6337a8494b,c825eb1b-1c8c-4dfa-9df7-07077d1f7f56
4369b1c9-68b7-4702-9300-5b6337a8494b,949a6ec9-0bfb-481e-802c-b9381d3ac291
4369b1c9-68b7-4702-9300-5b6337a8494b,986e001a-6c3c-473a-a96f-37da3b1c9ab5
4369b1c9-68b7-4702-9300-5b6337a8494b,29bf85ea-bc91-4d69-9cc4-a1be3b38e493
4369b1c9-68b7-4702-9300-5b6337a8494b,4e962a74-801d-46a2-b902-69e675ea53e1
4369b1c9-68b7-4702-9300-5b6337a8494b,545c3fd6-7fca-4381-9fcd-d4e95a45f296
4369b1c9-68b7-4702-9300-5b6337a8494b,de553c0d-af8a-46c6-aed5-69a270307dab
4369b1c9-68b7-4702-9300-5b6337a8494b,11ced668-07fe-416b-a4c4-dfd14aa37315
4369b1c9-68b7-4702-9300-5b6337a8494b,3144cfd0-0053-4702-b6bc-d27a02b21373
4369b1c9-68b7-4702-9300-5b6337a8494b,2561f85e-a0c2-496a-a417-461a2f7e95f2
4369b1c9-68b7-4702-9300-5b6337a8494b,d62d8c8d-20ee-40f0-8a37-63038a41114d
4369b1c9-68b7-4702-9300-5b6337a8494b,dd892d35-abb6-4e64-b1b5-4dfcf43e9b8b
4369b1c9-68b7-4702-9300-5b6337a8494b,f71b655b-c53b-4efc-9213-e7f148f8f494
4369b1c9-68b7-4702-9300-5b6337a8494b,68deab0c-3c8a-4a77-a93e-3c2ef2c8a281
4369b1c9-68b7-4702-9300-5b6337a8494b,61c3fdc7-0fcd-4e4d-82ce-f03eb4a618a4
4369b1c9-68b7-4702-9300-5b6337a8494b,926db7d8-e784-4663-adf2-a4276d290ef7
4369b1c9-68b7-4702-9300-5b6337a8494b,916800c5-0dab-4254-b327-b06f0543824d
4369b1c9-68b7-4702-9300-5b6337a8494b,3e92fb43-2e91-4386-b73d-0577e19d75d9
4369b1c9-68b7-4702-9300-5b6337a8494b,83e11abc-1fe6-4642-8e1f-9fbcb22c7744
4369b1c9-68b7-4702-9300-5b6337a8494b,d42d03b1-47f2-493c-9a7e-638fa041c97e
4369b1c9-68b7-4702-9300-5b6337a8494b,2b06c7f0-65f9-42db-a886-e03b61862fb6
4369b1c9-68b7-4702-9300-5b6337a8494b,2aa31dba-d9bb-464e-8b0c-8cce78f6cd61
4369b1c9-68b7-4702-9300-5b6337a8494b,34960863-e909-47f2-85e2-b1ed246c57da
4369b1c9-68b7-4702-9300-5b6337a8494b,c3159d31-a64a-4d9a-b6cc-646165304a5a
4369b1c9-68b7-4702-9300-5b6337a8494b,cf000ee7-2282-4bdc-9d93-97376fa4ab78
4369b1c9-68b7-4702-9300-5b6337a8494b,88dc921f-92ff-4bb7-91a3-6b217bed3f1f
4369b1c9-68b7-4702-9300-5b6337a8494b,337de7d2-50b7-415e-9805-11af72a33a3e
4369b1c9-68b7-4702-9300-5b6337a8494b,ac0f367a-7ab5-49c6-b6f0-77b231d3a3b9
4369b1c9-68b7-4702-9300-5b6337a8494b,a31a9d84-f261-438e-a9c4-b7007ba7325a
4369b1c9-68b7-4702-9300-5b6337a8494b,22a9f422-7940-44d8-97b1-73740629cd66
4369b1c9-68b7-4702-9300-5b6337a8494b,a6647f78-6490-48a6-8f38-3a74fd371769
4369b1c9-68b7-4702-9300-5b6337a8494b,35515ac2-9f86-43da-a1e5-f9002f4c1fc0
4369b1c9-68b7-4702-9300-5b6337a8494b,54a20f39-58d4-42ce-b3ad-d826b627b1a4
4369b1c9-68b7-4702-9300-5b6337a8494b,2bf6c830-ebb6-478f-841e-aaab8edcec4d
4369b1c9-68b7-4702-9300-5b6337a8494b,50b2d520-4907-47fb-9deb-01b9f0a60f80
4369b1c9-68b7-4702-9300-5b6337a8494b,8ad5f7f8-b3c0-4e0e-a74d-434acfdee09c
4369b1c9-68b7-4702-9300-5b6337a8494b,e25ccca6-48b6-40b3-94e6-fbc5322abedd
4369b1c9-68b7-4702-9300-5b6337a8494b,8fce6009-39c9-47da-88ce-34517b74ec97
4369b1c9-68b7-4702-9300-5b6337a8494b,9add746b-4905-49fa-8f55-170be0513a55
4369b1c9-68b7-4702-9300-5b6337a8494b,8ecb4a42-c120-433a-8d55-42e08fd561fb
4369b1c9-68b7-4702-9300-5b6337a8494b,4178a4ef-1c0a-48fc-a569-e7c83cfbd46f
4369b1c9-68b7-4702-9300-5b6337a8494b,b98682ac-fc8a-4570-b840-ea5580431f34
4369b1c9-68b7-4702-9300-5b6337a8494b,f0cf72f8-e25e-49ad-acf8-f26be2ae4527
4369b1c9-68b7-4702-9300-5b6337a8494b,1343e1c5-31f9-4297-b7eb-ed5c114bb32c
4369b1c9-68b7-4702-9300-5b6337a8494b,49ed75e6-43f8-4444-92e3-c920c5ff4b2f
4369b1c9-68b7-4702-9300-5b6337a8494b,7f34c09b-723f-47d0-b75b-c498b5084067
4369b1c9-68b7-4702-9300-5b6337a8494b,964715b5-fdc9-46bd-b670-8e4e7cc56256
4369b1c9-68b7-4702-9300-5b6337a8494b,e75f110b-6b97-4ff4-b6a2-f230b9d87639
4369b1c9-68b7-4702-9300-5b6337a8494b,aa1fbdc2-d5d4-47c2-8db1-ba4a168e6cb2
4369b1c9-68b7-4702-9300-5b6337a8494b,7269e20f-3fbe-4aca-8ca9-629e4a23a29e
4369b1c9-68b7-4702-9300-5b6337a8494b,7506012d-6f01-497b-9bb6-3fcd5721b362
4369b1c9-68b7-4702-9300-5b6337a8494b,c650314a-7aa9-48ea-8897-2ac33ea650b6
4369b1c9-68b7-4702-9300-5b6337a8494b,6ceab0a8-c983-4a67-a832-5749b651950f
4369b1c9-68b7-4702-9300-5b6337a8494b,77feff39-5c1a-45c3-9ffb-7dd9bc1eda32
4369b1c9-68b7-4702-9300-5b6337a8494b,07f3573b-489b-4058-bfb5-b5caed78f53d
4369b1c9-68b7-4702-9300-5b6337a8494b,62114484-51e7-48ff-9f3a-70120693ec86
4369b1c9-68b7-4702-9300-5b6337a8494b,43e1eca6-3f64-44c4-9078-2365d0cd6715
4369b1c9-68b7-4702-9300-5b6337a8494b,1157468a-262e-45ca-9908-671dd0c38214
4369b1c9-68b7-4702-9300-5b6337a8494b,e5ae13b6-b800-4769-8228-5862bc330697
4369b1c9-68b7-4702-9300-5b6337a8494b,754d870e-d41e-4e3a-9334-7bd6511c1261
4369b1c9-68b7-4702-9300-5b6337a8494b,b036650e-2b09-4838-b73d-d173379bfde9
4369b1c9-68b7-4702-9300-5b6337a8494b,2294e905-3887-4c16-825d-6ae4bacbac9f
4369b1c9-68b7-4702-9300-5b6337a8494b,e0d09b7a-24d7-4999-b984-849bbe22b315
4369b1c9-68b7-4702-9300-5b6337a8494b,d0209c99-272f-44d4-95ac-773580cc49e7
4369b1c9-68b7-4702-9300-5b6337a8494b,a6614c23-e471-492c-85ab-5fb93df4fe9f
4369b1c9-68b7-4702-9300-5b6337a8494b,8660b916-74a4-4681-8ebb-29f6dfac253f
4369b1c9-68b7-4702-9300-5b6337a8494b,e5ab09ff-1ebd-4f0e-ad33-1d9a2cbc6cac
4369b1c9-68b7-4702-9300-5b6337a8494b,24ef8edc-f211-4695-b4e9-52f45d1d0518
4369b1c9-68b7-4702-9300-5b6337a8494b,850fe1fc-0117-41e5-aded-118f05efd64b
4369b1c9-68b7-4702-9300-5b6337a8494b,51855b37-3481-4584-baf7-2dd9fb5c3a3f
4369b1c9-68b7-4702-9300-5b6337a8494b,9aae31b0-3130-4d23-9924-a2f8396d98e3
4369b1c9-68b7-4702-9300-5b6337a8494b,502db1d7-409c-499d-9b4b-306c05ae72a9
4369b1c9-68b7-4702-9300-5b6337a8494b,8673f2fa-3e3a-4857-852e-a65181599643
4369b1c9-68b7-4702-9300-5b6337a8494b,6e0075ee-cf72-46c5-b969-9e15ec7e3af5
4369b1c9-68b7-4702-9300-5b6337a8494b,7e6bf90e-4e10-4d2e-ba10-9ad65024947f
4369b1c9-68b7-4702-9300-5b6337a8494b,d251e64b-0d00-41f5-b1a8-666493cfb504
4369b1c9-68b7-4702-9300-5b6337a8494b,0a3fe50b-9277-45c7-88cf-e338009d467d
4369b1c9-68b7-4702-9300-5b6337a8494b,80b50ef8-96ea-4fb6-a37b-24de67bf946c
4369b1c9-68b7-4702-9300-5b6337a8494b,f781feae-f0ae-4568-9595-223221955cac
4369b1c9-68b7-4702-9300-5b6337a8494b,6683aabb-9d5a-4454-b006-f828c5a95a39
4369b1c9-68b7-4702-9300-5b6337a8494b,7dcd2312-1b4e-409c-ac67-f2c562aeecca
4369b1c9-68b7-4702-9300-5b6337a8494b,3e2d97be-d00f-453a-89af-e35c3b1e8719
4369b1c9-68b7-4702-9300-5b6337a8494b,29e9fb72-29dd-4362-a278-80e5beca153e
4369b1c9-68b7-4702-9300-5b6337a8494b,6e821edf-e26e-40a1-93e3-2c20a9412fb7
4369b1c9-68b7-4702-9300-5b6337a8494b,9d9eccd9-67fc-4f71-a8da-94e0dbd79259
4369b1c9-68b7-4702-9300-5b6337a8494b,67cd3f59-43c6-4398-8f02-36bbc707e8c3
4369b1c9-68b7-4702-9300-5b6337a8494b,39cc1231-731e-4ea9-b1bd-93b6c0d660c0
4369b1c9-68b7-4702-9300-5b6337a8494b,c1dcd3bb-ec1e-416b-ab92-6205e81f4aaf
4369b1c9-68b7-4702-9300-5b6337a8494b,66bb73df-60a3-4093-a8ce-0f3d56673316
4369b1c9-68b7-4702-9300-5b6337a8494b,22d1086b-80cd-45c5-8407-b6f9287842b1
4369b1c9-68b7-4702-9300-5b6337a8494b,9288dc96-7c6b-4be6-911e-91c71cf4ae85
4369b1c9-68b7-4702-9300-5b6337a8494b,a467b389-e767-4a4a-89c6-da159e3b7208
4369b1c9-68b7-4702-9300-5b6337a8494b,4f2f4f3d-487e-4144-a03f-5675a4dfe028
4369b1c9-68b7-4702-9300-5b6337a8494b,742573f3-b658-4e0c-9183-e1a61ce9c201
4369b1c9-68b7-4702-9300-5b6337a8494b,446a0158-cc72-46c3-a850-9593fb8b5cf5
4369b1c9-68b7-4702-9300-5b6337a8494b,4a4ba199-9481-41a3-b30e-4504e44c9bad
4369b1c9-68b7-4702-9300-5b6337a8494b,ad3dce70-faf5-4a7e-9b90-4493c27a4f1d
4369b1c9-68b7-4702-9300-5b6337a8494b,b82ecc00-6336-42a4-9266-ee756671a255
4369b1c9-68b7-4702-9300-5b6337a8494b,73b363c6-c734-4f2f-8db7-3bc47c104833
4369b1c9-68b7-4702-9300-5b6337a8494b,06670f03-5e3a-44f0-bfba-65d9dd6dc25e
4369b1c9-68b7-4702-9300-5b6337a8494b,94ff19e0-7bd9-462f-a232-602487b83ee3
4369b1c9-68b7-4702-9300-5b6337a8494b,6858b9d4-74a6-41cb-9997-1f72253c9074
4369b1c9-68b7-4702-9300-5b6337a8494b,6c51bd3f-66f0-4872-a1cc-36e110ef569a
4369b1c9-68b7-4702-9300-5b6337a8494b,f01613a7-8162-4e07-921b-360996b718f1
4369b1c9-68b7-4702-9300-5b6337a8494b,3ea22688-0f8c-4533-93e9-a4d912ee29b7
4369b1c9-68b7-4702-9300-5b6337a8494b,e607b15b-d7c2-4fa2-b1ff-ea1039a84716
4369b1c9-68b7-4702-9300-5b6337a8494b,a2ec249c-789d-4fd0-b156-b3ca34cecafd
4369b1c9-68b7-4702-9300-5b6337a8494b,a565cfee-8d16-47c9-b766-fde13d5a578d
4369b1c9-68b7-4702-9300-5b6337a8494b,06ec0fa1-cb98-44ca-b894-18bd638e4c8b
4369b1c9-68b7-4702-9300-5b6337a8494b,b38c5c33-8dcd-4cc4-9f16-142947bc970d
4369b1c9-68b7-4702-9300-5b6337a8494b,bd6e0b72-6e5b-47c0-9520-a1f971c68276
4369b1c9-68b7-4702-9300-5b6337a8494b,1e27e946-9812-446d-b1de-10f15c09b209
4369b1c9-68b7-4702-9300-5b6337a8494b,f8406140-e428-4df3-beeb-83ff6f4afed9
4369b1c9-68b7-4702-9300-5b6337a8494b,20331205-67dd-433d-ad01-c9e481d2c97b
4369b1c9-68b7-4702-9300-5b6337a8494b,60702ca7-42a1-4987-986c-a3ee17498c4a
4369b1c9-68b7-4702-9300-5b6337a8494b,836f225c-e07e-43ef-997d-66276e5867fe
4369b1c9-68b7-4702-9300-5b6337a8494b,3dfc04ee-90f5-4552-9db6-9aa2bafb4863
4369b1c9-68b7-4702-9300-5b6337a8494b,9788c9f9-18fe-4964-948b-fa3e9fa41cdb
4369b1c9-68b7-4702-9300-5b6337a8494b,ad10b4e3-814b-4e82-a82f-3f9442fe66f5
4369b1c9-68b7-4702-9300-5b6337a8494b,d1714486-168b-4fe7-8346-debe71df568b
4369b1c9-68b7-4702-9300-5b6337a8494b,214a2145-5c5f-46d7-b2dc-7f7655e55ab9
4369b1c9-68b7-4702-9300-5b6337a8494b,f8b6e462-49bb-4e76-b099-c0133274a3bd
4369b1c9-68b7-4702-9300-5b6337a8494b,eeb82e1b-91f6-4b63-969b-973a83942ce3
4369b1c9-68b7-4702-9300-5b6337a8494b,d5649aa4-a6e3-48af-8105-2e0ec5434212
4369b1c9-68b7-4702-9300-5b6337a8494b,ad3e5336-d71d-4c7e-bb9c-b8b14c03a1a2
4369b1c9-68b7-4702-9300-5b6337a8494b,95c56220-63dd-475d-b41f-4b44df8a3a80
4369b1c9-68b7-4702-9300-5b6337a8494b,cf599950-90e3-40fe-85ed-ca9163ef53f2
4369b1c9-68b7-4702-9300-5b6337a8494b,79cd9f01-ae1c-43cb-be24-bdb46521487b
4369b1c9-68b7-4702-9300-5b6337a8494b,7fbab367-1c6a-46ad-8372-310557c4ac13
4369b1c9-68b7-4702-9300-5b6337a8494b,0b792253-46d3-4cbf-b82c-f8e732f797b2
4369b1c9-68b7-4702-9300-5b6337a8494b,cc60b90d-44dc-4072-8b9b-f0f04e8626a1
c4c2b43a-d6fc-4c8f-bc01-49c9d21d4fb8,310deddf-3b76-4ab4-ac58-0b533114d28e
c4c2b43a-d6fc-4c8f-bc01-49c9d21d4fb8,8d53b5b6-de15-4dda-bedf-0fe719318f0d
c4c2b43a-d6fc-4c8f-bc01-49c9d21d4fb8,f2e26f34-1ab0-458e-b16e-e374e6b04551
c4c2b43a-d6fc-4c8f-bc01-49c9d21d4fb8,918c8d8b-7b5a-4fb9-a318-1b2e5cf21b4b
c4c2b43a-d6fc-4c8f-bc01-49c9d21d4fb8,4472419c-1eb6-41e4-b8db-8dfce937324b
c4c2b43a-d6fc-4c8f-bc01-49c9d21d4fb8,351f58fa-1b78-4734-8671-6d720d408b7f
c4c2b43a-d6fc-4c8f-bc01-49c9d21d4fb8,51d425c2-6454-4fbe-bb0c-f3af52829531
c4c2b43a-d6fc-4c8f-bc01-49c9d21d4fb8,40cc591b-3cb0-4ad1-be4f-526c1fba2d39
c4c2b43a-d6fc-4c8f-bc01-49c9d21d4fb8,5b93e3e8-7878-4bbb-a19d-9c5f24c43042
c4c2b43a-d6fc-4c8f-bc01-49c9d21d4fb8,866d8801-91f6-4b3e-8561-0d8fd8259337
c4c2b43a-d6fc-4c8f-bc01-49c9d21d4fb8,4f4b9719-3524-4a00-a74b-44d9e3ee3afb
c4c2b43a-d6fc-4c8f-bc01-49c9d21d4fb8,f807fc0c-3ee2-431f-8d8a-adf3824c843b
c4c2b43a-d6fc-4c8f-bc01-49c9d21d4fb8,9eb1e82e-0daa-4198-b22a-25baf5bb1ce0
c4c2b43a-d6fc-4c8f-bc01-49c9d21d4fb8,d6050df4-1649-4462-aa9b-92d89fcc5b8f
c4c2b43a-d6fc-4c8f-bc01-49c9d21d4fb8,6163b9c8-c32e-48f0-9d62-aac133855b4c
c4c2b43a-d6fc-4c8f-bc01-49c9d21d4fb8,66cece40-6468-4214-99a4-137b00723416
c4c2b43a-d6fc-4c8f-bc01-49c9d21d4fb8,18ba28e1-545d-417b-a65b-617f35af5ff9
c4c2b43a-d6fc-4c8f-bc01-49c9d21d4fb8,6e3a271a-415b-4758-a144-e9b76f0592c7
c4c2b43a-d6fc-4c8f-bc01-49c9d21d4fb8,dbdbda3d-affd-469e-ae41-988780d7e542
c4c2b43a-d6fc-4c8f-bc01-49c9d21d4fb8,b2c4e95d-130a-4230-b137-6de667683f52
c4c2b43a-d6fc-4c8f-bc01-49c9d21d4fb8,a034a9a1-d6c4-49fa-905d-e716a5b5d197
c4c2b43a-d6fc-4c8f-bc01-49c9d21d4fb8,132b63b9-3673-4047-a767-bed235052a2e
c4c2b43a-d6fc-4c8f-bc01-49c9d21d4fb8,59af5df8-04cf-496c-a615-a353b2e96031
c4c2b43a-d6fc-4c8f-bc01-49c9d21d4fb8,faea6673-d730-47bf-a3d3-dc0df145b0d9
c4c2b43a-d6fc-4c8f-bc01-49c9d21d4fb8,520e5c3c-a44a-43b7-b68b-b385a543ac75
c4c2b43a-d6fc-4c8f-bc01-49c9d21d4fb8,59ca0ede-8a28-4dd0-9bec-edc28b3bb77c
c4c2b43a-d6fc-4c8f-bc01-49c9d21d4fb8,738a9f3f-0d33-43d5-9f02-19bfa2020f6a
c4c2b43a-d6fc-4c8f-bc01-49c9d21d4fb8,fc75d94c-f1a6-48ae-aa89-9a89a5e4649b
c4c2b43a-d6fc-4c8f-bc01-49c9d21d4fb8,faa1753e-7ca7-4b88-9e05-c80806524c94
c4c2b43a-d6fc-4c8f-bc01-49c9d21d4fb8,94d9cbe9-5aeb-439b-ad7c-e4d5076818e4
c4c2b43a-d6fc-4c8f-bc01-49c9d21d4fb8,25eaf357-c3ab-4032-9be2-48b62745ef5d
c4c2b43a-d6fc-4c8f-bc01-49c9d21d4fb8,4923789b-0add-4277-986a-8d047cf658c9
c4c2b43a-d6fc-4c8f-bc01-49c9d21d4fb8,e9883f5d-ee9f-4615-af18-6ddd5d5e0b79
c4c2b43a-d6fc-4c8f-bc01-49c9d21d4fb8,e3eae30b-0447-44b1-974d-2988aefe3d48
c4c2b43a-d6fc-4c8f-bc01-49c9d21d4fb8,ea3e66d5-80dd-43b8-b7a9-a01d1fd93222
c4c2b43a-d6fc-4c8f-bc01-49c9d21d4fb8,5406c988-97ab-4575-9791-2331833a3feb
c4c2b43a-d6fc-4c8f-bc01-49c9d21d4fb8,366ae729-20e9-42b6-8841-6f20305a053f
c4c2b43a-d6fc-4c8f-bc01-49c9d21d4fb8,06cc5f6b-a65f-49fe-90af-a67f977d65b5
c4c2b43a-d6fc-4c8f-bc01-49c9d21d4fb8,828ebd35-5fdf-43e2-82cc-c0d481a427be
c4c2b43a-d6fc-4c8f-bc01-49c9d21d4fb8,8c814e0b-8190-4c1a-84f7-85dd6508a4c6
c4c2b43a-d6fc-4c8f-bc01-49c9d21d4fb8,d31168b9-2292-4871-9add-616e37f023c1
c4c2b43a-d6fc-4c8f-bc01-49c9d21d4fb8,f7a62c48-2137-47df-87fb-4f8a4a35bbfd
c4c2b43a-d6fc-4c8f-bc01-49c9d21d4fb8,d7f7f3db-f181-457e-8ced-c5624ad13a71
c4c2b43a-d6fc-4c8f-bc01-49c9d21d4fb8,a37f3c6b-31b3-4cb9-b6f9-9844b66c12d6
c4c2b43a-d6fc-4c8f-bc01-49c9d21d4fb8,8ddc12a3-72c9-4b2b-ae56-144500082035
c4c2b43a-d6fc-4c8f-bc01-49c9d21d4fb8,2df8c5a6-2c4c-49bc-ac19-08adadc5f7b8
c4c2b43a-d6fc-4c8f-bc01-49c9d21d4fb8,c873950c-6df2-45f6-91ca-128be906a563
c4c2b43a-d6fc-4c8f-bc01-49c9d21d4fb8,c825eb1b-1c8c-4dfa-9df7-07077d1f7f56
c4c2b43a-d6fc-4c8f-bc01-49c9d21d4fb8,949a6ec9-0bfb-481e-802c-b9381d3ac291
c4c2b43a-d6fc-4c8f-bc01-49c9d21d4fb8,986e001a-6c3c-473a-a96f-37da3b1c9ab5
c4c2b43a-d6fc-4c8f-bc01-49c9d21d4fb8,29bf85ea-bc91-4d69-9cc4-a1be3b38e493
c4c2b43a-d6fc-4c8f-bc01-49c9d21d4fb8,4e962a74-801d-46a2-b902-69e675ea53e1
c4c2b43a-d6fc-4c8f-bc01-49c9d21d4fb8,1e03b946-521b-4442-871d-37c191436477
c4c2b43a-d6fc-4c8f-bc01-49c9d21d4fb8,31138618-e8e3-4e88-bd54-198c5e2ae922
c4c2b43a-d6fc-4c8f-bc01-49c9d21d4fb8,8f662cbd-2d93-4ecc-a858-5ef050662fc6
c4c2b43a-d6fc-4c8f-bc01-49c9d21d4fb8,33169def-c18a-4319-ae78-5fc4f4d85c95
c4c2b43a-d6fc-4c8f-bc01-49c9d21d4fb8,883b89b9-ed72-496e-922a-1cde11f60c22
c4c2b43a-d6fc-4c8f-bc01-49c9d21d4fb8,11ced668-07fe-416b-a4c4-dfd14aa37315
c4c2b43a-d6fc-4c8f-bc01-49c9d21d4fb8,3144cfd0-0053-4702-b6bc-d27a02b21373
c4c2b43a-d6fc-4c8f-bc01-49c9d21d4fb8,2561f85e-a0c2-496a-a417-461a2f7e95f2
c4c2b43a-d6fc-4c8f-bc01-49c9d21d4fb8,545c3fd6-7fca-4381-9fcd-d4e95a45f296
c4c2b43a-d6fc-4c8f-bc01-49c9d21d4fb8,de553c0d-af8a-46c6-aed5-69a270307dab
c4c2b43a-d6fc-4c8f-bc01-49c9d21d4fb8,926db7d8-e784-4663-adf2-a4276d290ef7
c4c2b43a-d6fc-4c8f-bc01-49c9d21d4fb8,d62d8c8d-20ee-40f0-8a37-63038a41114d
c4c2b43a-d6fc-4c8f-bc01-49c9d21d4fb8,dd892d35-abb6-4e64-b1b5-4dfcf43e9b8b
c4c2b43a-d6fc-4c8f-bc01-49c9d21d4fb8,f71b655b-c53b-4efc-9213-e7f148f8f494
c4c2b43a-d6fc-4c8f-bc01-49c9d21d4fb8,68deab0c-3c8a-4a77-a93e-3c2ef2c8a281
c4c2b43a-d6fc-4c8f-bc01-49c9d21d4fb8,61c3fdc7-0fcd-4e4d-82ce-f03eb4a618a4
c4c2b43a-d6fc-4c8f-bc01-49c9d21d4fb8,83e11abc-1fe6-4642-8e1f-9fbcb22c7744
c4c2b43a-d6fc-4c8f-bc01-49c9d21d4fb8,d42d03b1-47f2-493c-9a7e-638fa041c97e
c4c2b43a-d6fc-4c8f-bc01-49c9d21d4fb8,916800c5-0dab-4254-b327-b06f0543824d
c4c2b43a-d6fc-4c8f-bc01-49c9d21d4fb8,3e92fb43-2e91-4386-b73d-0577e19d75d9
c4c2b43a-d6fc-4c8f-bc01-49c9d21d4fb8,2b06c7f0-65f9-42db-a886-e03b61862fb6
c4c2b43a-d6fc-4c8f-bc01-49c9d21d4fb8,ac0f367a-7ab5-49c6-b6f0-77b231d3a3b9
c4c2b43a-d6fc-4c8f-bc01-49c9d21d4fb8,a31a9d84-f261-438e-a9c4-b7007ba7325a
c4c2b43a-d6fc-4c8f-bc01-49c9d21d4fb8,22a9f422-7940-44d8-97b1-73740629cd66
c4c2b43a-d6fc-4c8f-bc01-49c9d21d4fb8,2aa31dba-d9bb-464e-8b0c-8cce78f6cd61
c4c2b43a-d6fc-4c8f-bc01-49c9d21d4fb8,34960863-e909-47f2-85e2-b1ed246c57da
c4c2b43a-d6fc-4c8f-bc01-49c9d21d4fb8,c3159d31-a64a-4d9a-b6cc-646165304a5a
c4c2b43a-d6fc-4c8f-bc01-49c9d21d4fb8,cf000ee7-2282-4bdc-9d93-97376fa4ab78
c4c2b43a-d6fc-4c8f-bc01-49c9d21d4fb8,88dc921f-92ff-4bb7-91a3-6b217bed3f1f
c4c2b43a-d6fc-4c8f-bc01-49c9d21d4fb8,337de7d2-50b7-415e-9805-11af72a33a3e
c4c2b43a-d6fc-4c8f-bc01-49c9d21d4fb8,50b2d520-4907-47fb-9deb-01b9f0a60f80
c4c2b43a-d6fc-4c8f-bc01-49c9d21d4fb8,8ad5f7f8-b3c0-4e0e-a74d-434acfdee09c
c4c2b43a-d6fc-4c8f-bc01-49c9d21d4fb8,a6647f78-6490-48a6-8f38-3a74fd371769
c4c2b43a-d6fc-4c8f-bc01-49c9d21d4fb8,35515ac2-9f86-43da-a1e5-f9002f4c1fc0
c4c2b43a-d6fc-4c8f-bc01-49c9d21d4fb8,54a20f39-58d4-42ce-b3ad-d826b627b1a4
c4c2b43a-d6fc-4c8f-bc01-49c9d21d4fb8,2bf6c830-ebb6-478f-841e-aaab8edcec4d
c4c2b43a-d6fc-4c8f-bc01-49c9d21d4fb8,4178a4ef-1c0a-48fc-a569-e7c83cfbd46f
c4c2b43a-d6fc-4c8f-bc01-49c9d21d4fb8,b98682ac-fc8a-4570-b840-ea5580431f34
c4c2b43a-d6fc-4c8f-bc01-49c9d21d4fb8,f0cf72f8-e25e-49ad-acf8-f26be2ae4527
c4c2b43a-d6fc-4c8f-bc01-49c9d21d4fb8,1343e1c5-31f9-4297-b7eb-ed5c114bb32c
c4c2b43a-d6fc-4c8f-bc01-49c9d21d4fb8,e25ccca6-48b6-40b3-94e6-fbc5322abedd
c4c2b43a-d6fc-4c8f-bc01-49c9d21d4fb8,8fce6009-39c9-47da-88ce-34517b74ec97
c4c2b43a-d6fc-4c8f-bc01-49c9d21d4fb8,9add746b-4905-49fa-8f55-170be0513a55
c4c2b43a-d6fc-4c8f-bc01-49c9d21d4fb8,8ecb4a42-c120-433a-8d55-42e08fd561fb
c4c2b43a-d6fc-4c8f-bc01-49c9d21d4fb8,49ed75e6-43f8-4444-92e3-c920c5ff4b2f
c4c2b43a-d6fc-4c8f-bc01-49c9d21d4fb8,7f34c09b-723f-47d0-b75b-c498b5084067
c4c2b43a-d6fc-4c8f-bc01-49c9d21d4fb8,964715b5-fdc9-46bd-b670-8e4e7cc56256
c4c2b43a-d6fc-4c8f-bc01-49c9d21d4fb8,e75f110b-6b97-4ff4-b6a2-f230b9d87639
c4c2b43a-d6fc-4c8f-bc01-49c9d21d4fb8,aa1fbdc2-d5d4-47c2-8db1-ba4a168e6cb2
c4c2b43a-d6fc-4c8f-bc01-49c9d21d4fb8,7269e20f-3fbe-4aca-8ca9-629e4a23a29e
c4c2b43a-d6fc-4c8f-bc01-49c9d21d4fb8,7506012d-6f01-497b-9bb6-3fcd5721b362
c4c2b43a-d6fc-4c8f-bc01-49c9d21d4fb8,77feff39-5c1a-45c3-9ffb-7dd9bc1eda32
c4c2b43a-d6fc-4c8f-bc01-49c9d21d4fb8,62114484-51e7-48ff-9f3a-70120693ec86
c4c2b43a-d6fc-4c8f-bc01-49c9d21d4fb8,c650314a-7aa9-48ea-8897-2ac33ea650b6
c4c2b43a-d6fc-4c8f-bc01-49c9d21d4fb8,07f3573b-489b-4058-bfb5-b5caed78f53d
c4c2b43a-d6fc-4c8f-bc01-49c9d21d4fb8,6ceab0a8-c983-4a67-a832-5749b651950f
c4c2b43a-d6fc-4c8f-bc01-49c9d21d4fb8,43e1eca6-3f64-44c4-9078-2365d0cd6715
c4c2b43a-d6fc-4c8f-bc01-49c9d21d4fb8,1157468a-262e-45ca-9908-671dd0c38214
c4c2b43a-d6fc-4c8f-bc01-49c9d21d4fb8,e5ae13b6-b800-4769-8228-5862bc330697
c4c2b43a-d6fc-4c8f-bc01-49c9d21d4fb8,754d870e-d41e-4e3a-9334-7bd6511c1261
c4c2b43a-d6fc-4c8f-bc01-49c9d21d4fb8,b036650e-2b09-4838-b73d-d173379bfde9
c4c2b43a-d6fc-4c8f-bc01-49c9d21d4fb8,2294e905-3887-4c16-825d-6ae4bacbac9f
c4c2b43a-d6fc-4c8f-bc01-49c9d21d4fb8,e0d09b7a-24d7-4999-b984-849bbe22b315
c4c2b43a-d6fc-4c8f-bc01-49c9d21d4fb8,d0209c99-272f-44d4-95ac-773580cc49e7
c4c2b43a-d6fc-4c8f-bc01-49c9d21d4fb8,a6614c23-e471-492c-85ab-5fb93df4fe9f
c4c2b43a-d6fc-4c8f-bc01-49c9d21d4fb8,8660b916-74a4-4681-8ebb-29f6dfac253f
c4c2b43a-d6fc-4c8f-bc01-49c9d21d4fb8,e5ab09ff-1ebd-4f0e-ad33-1d9a2cbc6cac
c4c2b43a-d6fc-4c8f-bc01-49c9d21d4fb8,24ef8edc-f211-4695-b4e9-52f45d1d0518
c4c2b43a-d6fc-4c8f-bc01-49c9d21d4fb8,850fe1fc-0117-41e5-aded-118f05efd64b
c4c2b43a-d6fc-4c8f-bc01-49c9d21d4fb8,51855b37-3481-4584-baf7-2dd9fb5c3a3f
c4c2b43a-d6fc-4c8f-bc01-49c9d21d4fb8,9aae31b0-3130-4d23-9924-a2f8396d98e3
c4c2b43a-d6fc-4c8f-bc01-49c9d21d4fb8,502db1d7-409c-499d-9b4b-306c05ae72a9
c4c2b43a-d6fc-4c8f-bc01-49c9d21d4fb8,8673f2fa-3e3a-4857-852e-a65181599643
c4c2b43a-d6fc-4c8f-bc01-49c9d21d4fb8,6e0075ee-cf72-46c5-b969-9e15ec7e3af5
c4c2b43a-d6fc-4c8f-bc01-49c9d21d4fb8,7e6bf90e-4e10-4d2e-ba10-9ad65024947f
c4c2b43a-d6fc-4c8f-bc01-49c9d21d4fb8,d251e64b-0d00-41f5-b1a8-666493cfb504
c4c2b43a-d6fc-4c8f-bc01-49c9d21d4fb8,80b50ef8-96ea-4fb6-a37b-24de67bf946c
c4c2b43a-d6fc-4c8f-bc01-49c9d21d4fb8,0a3fe50b-9277-45c7-88cf-e338009d467d
c4c2b43a-d6fc-4c8f-bc01-49c9d21d4fb8,f781feae-f0ae-4568-9595-223221955cac
c4c2b43a-d6fc-4c8f-bc01-49c9d21d4fb8,6683aabb-9d5a-4454-b006-f828c5a95a39
c4c2b43a-d6fc-4c8f-bc01-49c9d21d4fb8,7dcd2312-1b4e-409c-ac67-f2c562aeecca
c4c2b43a-d6fc-4c8f-bc01-49c9d21d4fb8,3e2d97be-d00f-453a-89af-e35c3b1e8719
c4c2b43a-d6fc-4c8f-bc01-49c9d21d4fb8,29e9fb72-29dd-4362-a278-80e5beca153e
c4c2b43a-d6fc-4c8f-bc01-49c9d21d4fb8,9d9eccd9-67fc-4f71-a8da-94e0dbd79259
c4c2b43a-d6fc-4c8f-bc01-49c9d21d4fb8,6e821edf-e26e-40a1-93e3-2c20a9412fb7
c4c2b43a-d6fc-4c8f-bc01-49c9d21d4fb8,67cd3f59-43c6-4398-8f02-36bbc707e8c3
c4c2b43a-d6fc-4c8f-bc01-49c9d21d4fb8,c1dcd3bb-ec1e-416b-ab92-6205e81f4aaf
c4c2b43a-d6fc-4c8f-bc01-49c9d21d4fb8,39cc1231-731e-4ea9-b1bd-93b6c0d660c0
c4c2b43a-d6fc-4c8f-bc01-49c9d21d4fb8,66bb73df-60a3-4093-a8ce-0f3d56673316
c4c2b43a-d6fc-4c8f-bc01-49c9d21d4fb8,a467b389-e767-4a4a-89c6-da159e3b7208
c4c2b43a-d6fc-4c8f-bc01-49c9d21d4fb8,742573f3-b658-4e0c-9183-e1a61ce9c201
c4c2b43a-d6fc-4c8f-bc01-49c9d21d4fb8,9288dc96-7c6b-4be6-911e-91c71cf4ae85
c4c2b43a-d6fc-4c8f-bc01-49c9d21d4fb8,4f2f4f3d-487e-4144-a03f-5675a4dfe028
c4c2b43a-d6fc-4c8f-bc01-49c9d21d4fb8,22d1086b-80cd-45c5-8407-b6f9287842b1
c4c2b43a-d6fc-4c8f-bc01-49c9d21d4fb8,446a0158-cc72-46c3-a850-9593fb8b5cf5
c4c2b43a-d6fc-4c8f-bc01-49c9d21d4fb8,ad3dce70-faf5-4a7e-9b90-4493c27a4f1d
c4c2b43a-d6fc-4c8f-bc01-49c9d21d4fb8,4a4ba199-9481-41a3-b30e-4504e44c9bad
c4c2b43a-d6fc-4c8f-bc01-49c9d21d4fb8,b82ecc00-6336-42a4-9266-ee756671a255
c4c2b43a-d6fc-4c8f-bc01-49c9d21d4fb8,73b363c6-c734-4f2f-8db7-3bc47c104833
c4c2b43a-d6fc-4c8f-bc01-49c9d21d4fb8,94ff19e0-7bd9-462f-a232-602487b83ee3
c4c2b43a-d6fc-4c8f-bc01-49c9d21d4fb8,6858b9d4-74a6-41cb-9997-1f72253c9074
c4c2b43a-d6fc-4c8f-bc01-49c9d21d4fb8,06670f03-5e3a-44f0-bfba-65d9dd6dc25e
c4c2b43a-d6fc-4c8f-bc01-49c9d21d4fb8,f01613a7-8162-4e07-921b-360996b718f1
c4c2b43a-d6fc-4c8f-bc01-49c9d21d4fb8,a2ec249c-789d-4fd0-b156-b3ca34cecafd
c4c2b43a-d6fc-4c8f-bc01-49c9d21d4fb8,e607b15b-d7c2-4fa2-b1ff-ea1039a84716
c4c2b43a-d6fc-4c8f-bc01-49c9d21d4fb8,3ea22688-0f8c-4533-93e9-a4d912ee29b7
c4c2b43a-d6fc-4c8f-bc01-49c9d21d4fb8,a565cfee-8d16-47c9-b766-fde13d5a578d
c4c2b43a-d6fc-4c8f-bc01-49c9d21d4fb8,6c51bd3f-66f0-4872-a1cc-36e110ef569a
c4c2b43a-d6fc-4c8f-bc01-49c9d21d4fb8,06ec0fa1-cb98-44ca-b894-18bd638e4c8b
c4c2b43a-d6fc-4c8f-bc01-49c9d21d4fb8,b38c5c33-8dcd-4cc4-9f16-142947bc970d
c4c2b43a-d6fc-4c8f-bc01-49c9d21d4fb8,f8406140-e428-4df3-beeb-83ff6f4afed9
c4c2b43a-d6fc-4c8f-bc01-49c9d21d4fb8,1e27e946-9812-446d-b1de-10f15c09b209
c4c2b43a-d6fc-4c8f-bc01-49c9d21d4fb8,836f225c-e07e-43ef-997d-66276e5867fe
c4c2b43a-d6fc-4c8f-bc01-49c9d21d4fb8,bd6e0b72-6e5b-47c0-9520-a1f971c68276
c4c2b43a-d6fc-4c8f-bc01-49c9d21d4fb8,60702ca7-42a1-4987-986c-a3ee17498c4a
c4c2b43a-d6fc-4c8f-bc01-49c9d21d4fb8,20331205-67dd-433d-ad01-c9e481d2c97b
c4c2b43a-d6fc-4c8f-bc01-49c9d21d4fb8,9788c9f9-18fe-4964-948b-fa3e9fa41cdb
c4c2b43a-d6fc-4c8f-bc01-49c9d21d4fb8,3dfc04ee-90f5-4552-9db6-9aa2bafb4863
c4c2b43a-d6fc-4c8f-bc01-49c9d21d4fb8,214a2145-5c5f-46d7-b2dc-7f7655e55ab9
c4c2b43a-d6fc-4c8f-bc01-49c9d21d4fb8,d1714486-168b-4fe7-8346-debe71df568b
c4c2b43a-d6fc-4c8f-bc01-49c9d21d4fb8,ad10b4e3-814b-4e82-a82f-3f9442fe66f5
c4c2b43a-d6fc-4c8f-bc01-49c9d21d4fb8,f8b6e462-49bb-4e76-b099-c0133274a3bd
c4c2b43a-d6fc-4c8f-bc01-49c9d21d4fb8,eeb82e1b-91f6-4b63-969b-973a83942ce3
c4c2b43a-d6fc-4c8f-bc01-49c9d21d4fb8,d5649aa4-a6e3-48af-8105-2e0ec5434212
c4c2b43a-d6fc-4c8f-bc01-49c9d21d4fb8,ad3e5336-d71d-4c7e-bb9c-b8b14c03a1a2
c4c2b43a-d6fc-4c8f-bc01-49c9d21d4fb8,95c56220-63dd-475d-b41f-4b44df8a3a80
c4c2b43a-d6fc-4c8f-bc01-49c9d21d4fb8,cf599950-90e3-40fe-85ed-ca9163ef53f2
c4c2b43a-d6fc-4c8f-bc01-49c9d21d4fb8,79cd9f01-ae1c-43cb-be24-bdb46521487b
c4c2b43a-d6fc-4c8f-bc01-49c9d21d4fb8,7fbab367-1c6a-46ad-8372-310557c4ac13
c4c2b43a-d6fc-4c8f-bc01-49c9d21d4fb8,0b792253-46d3-4cbf-b82c-f8e732f797b2
c4c2b43a-d6fc-4c8f-bc01-49c9d21d4fb8,cc60b90d-44dc-4072-8b9b-f0f04e8626a1
6700dbee-2af7-4f11-b149-656176bfe349,310deddf-3b76-4ab4-ac58-0b533114d28e
6700dbee-2af7-4f11-b149-656176bfe349,8d53b5b6-de15-4dda-bedf-0fe719318f0d
6700dbee-2af7-4f11-b149-656176bfe349,f2e26f34-1ab0-458e-b16e-e374e6b04551
6700dbee-2af7-4f11-b149-656176bfe349,918c8d8b-7b5a-4fb9-a318-1b2e5cf21b4b
6700dbee-2af7-4f11-b149-656176bfe349,4472419c-1eb6-41e4-b8db-8dfce937324b
6700dbee-2af7-4f11-b149-656176bfe349,351f58fa-1b78-4734-8671-6d720d408b7f
6700dbee-2af7-4f11-b149-656176bfe349,51d425c2-6454-4fbe-bb0c-f3af52829531
6700dbee-2af7-4f11-b149-656176bfe349,40cc591b-3cb0-4ad1-be4f-526c1fba2d39
6700dbee-2af7-4f11-b149-656176bfe349,5b93e3e8-7878-4bbb-a19d-9c5f24c43042
6700dbee-2af7-4f11-b149-656176bfe349,866d8801-91f6-4b3e-8561-0d8fd8259337
6700dbee-2af7-4f11-b149-656176bfe349,4f4b9719-3524-4a00-a74b-44d9e3ee3afb
6700dbee-2af7-4f11-b149-656176bfe349,f807fc0c-3ee2-431f-8d8a-adf3824c843b
6700dbee-2af7-4f11-b149-656176bfe349,9eb1e82e-0daa-4198-b22a-25baf5bb1ce0
6700dbee-2af7-4f11-b149-656176bfe349,d6050df4-1649-4462-aa9b-92d89fcc5b8f
6700dbee-2af7-4f11-b149-656176bfe349,6163b9c8-c32e-48f0-9d62-aac133855b4c
6700dbee-2af7-4f11-b149-656176bfe349,66cece40-6468-4214-99a4-137b00723416
6700dbee-2af7-4f11-b149-656176bfe349,18ba28e1-545d-417b-a65b-617f35af5ff9
6700dbee-2af7-4f11-b149-656176bfe349,6e3a271a-415b-4758-a144-e9b76f0592c7
6700dbee-2af7-4f11-b149-656176bfe349,dbdbda3d-affd-469e-ae41-988780d7e542
6700dbee-2af7-4f11-b149-656176bfe349,b2c4e95d-130a-4230-b137-6de667683f52
6700dbee-2af7-4f11-b149-656176bfe349,a034a9a1-d6c4-49fa-905d-e716a5b5d197
6700dbee-2af7-4f11-b149-656176bfe349,132b63b9-3673-4047-a767-bed235052a2e
6700dbee-2af7-4f11-b149-656176bfe349,59af5df8-04cf-496c-a615-a353b2e96031
6700dbee-2af7-4f11-b149-656176bfe349,faea6673-d730-47bf-a3d3-dc0df145b0d9
6700dbee-2af7-4f11-b149-656176bfe349,520e5c3c-a44a-43b7-b68b-b385a543ac75
6700dbee-2af7-4f11-b149-656176bfe349,59ca0ede-8a28-4dd0-9bec-edc28b3bb77c
6700dbee-2af7-4f11-b149-656176bfe349,738a9f3f-0d33-43d5-9f02-19bfa2020f6a
6700dbee-2af7-4f11-b149-656176bfe349,fc75d94c-f1a6-48ae-aa89-9a89a5e4649b
6700dbee-2af7-4f11-b149-656176bfe349,faa1753e-7ca7-4b88-9e05-c80806524c94
6700dbee-2af7-4f11-b149-656176bfe349,94d9cbe9-5aeb-439b-ad7c-e4d5076818e4
6700dbee-2af7-4f11-b149-656176bfe349,25eaf357-c3ab-4032-9be2-48b62745ef5d
6700dbee-2af7-4f11-b149-656176bfe349,4923789b-0add-4277-986a-8d047cf658c9
6700dbee-2af7-4f11-b149-656176bfe349,e9883f5d-ee9f-4615-af18-6ddd5d5e0b79
6700dbee-2af7-4f11-b149-656176bfe349,e3eae30b-0447-44b1-974d-2988aefe3d48
6700dbee-2af7-4f11-b149-656176bfe349,ea3e66d5-80dd-43b8-b7a9-a01d1fd93222
6700dbee-2af7-4f11-b149-656176bfe349,5406c988-97ab-4575-9791-2331833a3feb
6700dbee-2af7-4f11-b149-656176bfe349,366ae729-20e9-42b6-8841-6f20305a053f
6700dbee-2af7-4f11-b149-656176bfe349,06cc5f6b-a65f-49fe-90af-a67f977d65b5
6700dbee-2af7-4f11-b149-656176bfe349,828ebd35-5fdf-43e2-82cc-c0d481a427be
6700dbee-2af7-4f11-b149-656176bfe349,8c814e0b-8190-4c1a-84f7-85dd6508a4c6
6700dbee-2af7-4f11-b149-656176bfe349,d31168b9-2292-4871-9add-616e37f023c1
6700dbee-2af7-4f11-b149-656176bfe349,f7a62c48-2137-47df-87fb-4f8a4a35bbfd
6700dbee-2af7-4f11-b149-656176bfe349,d7f7f3db-f181-457e-8ced-c5624ad13a71
6700dbee-2af7-4f11-b149-656176bfe349,a37f3c6b-31b3-4cb9-b6f9-9844b66c12d6
6700dbee-2af7-4f11-b149-656176bfe349,8ddc12a3-72c9-4b2b-ae56-144500082035
6700dbee-2af7-4f11-b149-656176bfe349,2df8c5a6-2c4c-49bc-ac19-08adadc5f7b8
6700dbee-2af7-4f11-b149-656176bfe349,c873950c-6df2-45f6-91ca-128be906a563
6700dbee-2af7-4f11-b149-656176bfe349,c825eb1b-1c8c-4dfa-9df7-07077d1f7f56
6700dbee-2af7-4f11-b149-656176bfe349,949a6ec9-0bfb-481e-802c-b9381d3ac291
6700dbee-2af7-4f11-b149-656176bfe349,986e001a-6c3c-473a-a96f-37da3b1c9ab5
6700dbee-2af7-4f11-b149-656176bfe349,29bf85ea-bc91-4d69-9cc4-a1be3b38e493
6700dbee-2af7-4f11-b149-656176bfe349,4e962a74-801d-46a2-b902-69e675ea53e1
6700dbee-2af7-4f11-b149-656176bfe349,1e03b946-521b-4442-871d-37c191436477
6700dbee-2af7-4f11-b149-656176bfe349,31138618-e8e3-4e88-bd54-198c5e2ae922
6700dbee-2af7-4f11-b149-656176bfe349,8f662cbd-2d93-4ecc-a858-5ef050662fc6
6700dbee-2af7-4f11-b149-656176bfe349,33169def-c18a-4319-ae78-5fc4f4d85c95
6700dbee-2af7-4f11-b149-656176bfe349,883b89b9-ed72-496e-922a-1cde11f60c22
6700dbee-2af7-4f11-b149-656176bfe349,11ced668-07fe-416b-a4c4-dfd14aa37315
6700dbee-2af7-4f11-b149-656176bfe349,3144cfd0-0053-4702-b6bc-d27a02b21373
6700dbee-2af7-4f11-b149-656176bfe349,2561f85e-a0c2-496a-a417-461a2f7e95f2
6700dbee-2af7-4f11-b149-656176bfe349,545c3fd6-7fca-4381-9fcd-d4e95a45f296
6700dbee-2af7-4f11-b149-656176bfe349,de553c0d-af8a-46c6-aed5-69a270307dab
6700dbee-2af7-4f11-b149-656176bfe349,926db7d8-e784-4663-adf2-a4276d290ef7
6700dbee-2af7-4f11-b149-656176bfe349,d62d8c8d-20ee-40f0-8a37-63038a41114d
6700dbee-2af7-4f11-b149-656176bfe349,dd892d35-abb6-4e64-b1b5-4dfcf43e9b8b
6700dbee-2af7-4f11-b149-656176bfe349,f71b655b-c53b-4efc-9213-e7f148f8f494
6700dbee-2af7-4f11-b149-656176bfe349,68deab0c-3c8a-4a77-a93e-3c2ef2c8a281
6700dbee-2af7-4f11-b149-656176bfe349,61c3fdc7-0fcd-4e4d-82ce-f03eb4a618a4
6700dbee-2af7-4f11-b149-656176bfe349,83e11abc-1fe6-4642-8e1f-9fbcb22c7744
6700dbee-2af7-4f11-b149-656176bfe349,d42d03b1-47f2-493c-9a7e-638fa041c97e
6700dbee-2af7-4f11-b149-656176bfe349,916800c5-0dab-4254-b327-b06f0543824d
6700dbee-2af7-4f11-b149-656176bfe349,3e92fb43-2e91-4386-b73d-0577e19d75d9
6700dbee-2af7-4f11-b149-656176bfe349,2b06c7f0-65f9-42db-a886-e03b61862fb6
6700dbee-2af7-4f11-b149-656176bfe349,ac0f367a-7ab5-49c6-b6f0-77b231d3a3b9
6700dbee-2af7-4f11-b149-656176bfe349,a31a9d84-f261-438e-a9c4-b7007ba7325a
6700dbee-2af7-4f11-b149-656176bfe349,22a9f422-7940-44d8-97b1-73740629cd66
6700dbee-2af7-4f11-b149-656176bfe349,2aa31dba-d9bb-464e-8b0c-8cce78f6cd61
6700dbee-2af7-4f11-b149-656176bfe349,34960863-e909-47f2-85e2-b1ed246c57da
6700dbee-2af7-4f11-b149-656176bfe349,c3159d31-a64a-4d9a-b6cc-646165304a5a
6700dbee-2af7-4f11-b149-656176bfe349,cf000ee7-2282-4bdc-9d93-97376fa4ab78
6700dbee-2af7-4f11-b149-656176bfe349,88dc921f-92ff-4bb7-91a3-6b217bed3f1f
6700dbee-2af7-4f11-b149-656176bfe349,337de7d2-50b7-415e-9805-11af72a33a3e
6700dbee-2af7-4f11-b149-656176bfe349,50b2d520-4907-47fb-9deb-01b9f0a60f80
6700dbee-2af7-4f11-b149-656176bfe349,8ad5f7f8-b3c0-4e0e-a74d-434acfdee09c
6700dbee-2af7-4f11-b149-656176bfe349,a6647f78-6490-48a6-8f38-3a74fd371769
6700dbee-2af7-4f11-b149-656176bfe349,35515ac2-9f86-43da-a1e5-f9002f4c1fc0
6700dbee-2af7-4f11-b149-656176bfe349,54a20f39-58d4-42ce-b3ad-d826b627b1a4
6700dbee-2af7-4f11-b149-656176bfe349,2bf6c830-ebb6-478f-841e-aaab8edcec4d
6700dbee-2af7-4f11-b149-656176bfe349,4178a4ef-1c0a-48fc-a569-e7c83cfbd46f
6700dbee-2af7-4f11-b149-656176bfe349,b98682ac-fc8a-4570-b840-ea5580431f34
6700dbee-2af7-4f11-b149-656176bfe349,f0cf72f8-e25e-49ad-acf8-f26be2ae4527
6700dbee-2af7-4f11-b149-656176bfe349,1343e1c5-31f9-4297-b7eb-ed5c114bb32c
6700dbee-2af7-4f11-b149-656176bfe349,e25ccca6-48b6-40b3-94e6-fbc5322abedd
6700dbee-2af7-4f11-b149-656176bfe349,8fce6009-39c9-47da-88ce-34517b74ec97
6700dbee-2af7-4f11-b149-656176bfe349,9add746b-4905-49fa-8f55-170be0513a55
6700dbee-2af7-4f11-b149-656176bfe349,8ecb4a42-c120-433a-8d55-42e08fd561fb
6700dbee-2af7-4f11-b149-656176bfe349,49ed75e6-43f8-4444-92e3-c920c5ff4b2f
6700dbee-2af7-4f11-b149-656176bfe349,7f34c09b-723f-47d0-b75b-c498b5084067
6700dbee-2af7-4f11-b149-656176bfe349,964715b5-fdc9-46bd-b670-8e4e7cc56256
6700dbee-2af7-4f11-b149-656176bfe349,e75f110b-6b97-4ff4-b6a2-f230b9d87639
6700dbee-2af7-4f11-b149-656176bfe349,aa1fbdc2-d5d4-47c2-8db1-ba4a168e6cb2
6700dbee-2af7-4f11-b149-656176bfe349,7269e20f-3fbe-4aca-8ca9-629e4a23a29e
6700dbee-2af7-4f11-b149-656176bfe349,7506012d-6f01-497b-9bb6-3fcd5721b362
6700dbee-2af7-4f11-b149-656176bfe349,77feff39-5c1a-45c3-9ffb-7dd9bc1eda32
6700dbee-2af7-4f11-b149-656176bfe349,62114484-51e7-48ff-9f3a-70120693ec86
6700dbee-2af7-4f11-b149-656176bfe349,c650314a-7aa9-48ea-8897-2ac33ea650b6
6700dbee-2af7-4f11-b149-656176bfe349,07f3573b-489b-4058-bfb5-b5caed78f53d
6700dbee-2af7-4f11-b149-656176bfe349,6ceab0a8-c983-4a67-a832-5749b651950f
6700dbee-2af7-4f11-b149-656176bfe349,43e1eca6-3f64-44c4-9078-2365d0cd6715
6700dbee-2af7-4f11-b149-656176bfe349,1157468a-262e-45ca-9908-671dd0c38214
6700dbee-2af7-4f11-b149-656176bfe349,e5ae13b6-b800-4769-8228-5862bc330697
6700dbee-2af7-4f11-b149-656176bfe349,754d870e-d41e-4e3a-9334-7bd6511c1261
6700dbee-2af7-4f11-b149-656176bfe349,b036650e-2b09-4838-b73d-d173379bfde9
6700dbee-2af7-4f11-b149-656176bfe349,2294e905-3887-4c16-825d-6ae4bacbac9f
6700dbee-2af7-4f11-b149-656176bfe349,e0d09b7a-24d7-4999-b984-849bbe22b315
6700dbee-2af7-4f11-b149-656176bfe349,d0209c99-272f-44d4-95ac-773580cc49e7
6700dbee-2af7-4f11-b149-656176bfe349,a6614c23-e471-492c-85ab-5fb93df4fe9f
6700dbee-2af7-4f11-b149-656176bfe349,8660b916-74a4-4681-8ebb-29f6dfac253f
6700dbee-2af7-4f11-b149-656176bfe349,e5ab09ff-1ebd-4f0e-ad33-1d9a2cbc6cac
6700dbee-2af7-4f11-b149-656176bfe349,24ef8edc-f211-4695-b4e9-52f45d1d0518
6700dbee-2af7-4f11-b149-656176bfe349,850fe1fc-0117-41e5-aded-118f05efd64b
6700dbee-2af7-4f11-b149-656176bfe349,51855b37-3481-4584-baf7-2dd9fb5c3a3f
6700dbee-2af7-4f11-b149-656176bfe349,9aae31b0-3130-4d23-9924-a2f8396d98e3
6700dbee-2af7-4f11-b149-656176bfe349,502db1d7-409c-499d-9b4b-306c05ae72a9
6700dbee-2af7-4f11-b149-656176bfe349,8673f2fa-3e3a-4857-852e-a65181599643
6700dbee-2af7-4f11-b149-656176bfe349,6e0075ee-cf72-46c5-b969-9e15ec7e3af5
6700dbee-2af7-4f11-b149-656176bfe349,7e6bf90e-4e10-4d2e-ba10-9ad65024947f
6700dbee-2af7-4f11-b149-656176bfe349,d251e64b-0d00-41f5-b1a8-666493cfb504
6700dbee-2af7-4f11-b149-656176bfe349,80b50ef8-96ea-4fb6-a37b-24de67bf946c
6700dbee-2af7-4f11-b149-656176bfe349,0a3fe50b-9277-45c7-88cf-e338009d467d
6700dbee-2af7-4f11-b149-656176bfe349,f781feae-f0ae-4568-9595-223221955cac
6700dbee-2af7-4f11-b149-656176bfe349,6683aabb-9d5a-4454-b006-f828c5a95a39
6700dbee-2af7-4f11-b149-656176bfe349,7dcd2312-1b4e-409c-ac67-f2c562aeecca
6700dbee-2af7-4f11-b149-656176bfe349,3e2d97be-d00f-453a-89af-e35c3b1e8719
6700dbee-2af7-4f11-b149-656176bfe349,29e9fb72-29dd-4362-a278-80e5beca153e
6700dbee-2af7-4f11-b149-656176bfe349,9d9eccd9-67fc-4f71-a8da-94e0dbd79259
6700dbee-2af7-4f11-b149-656176bfe349,6e821edf-e26e-40a1-93e3-2c20a9412fb7
6700dbee-2af7-4f11-b149-656176bfe349,67cd3f59-43c6-4398-8f02-36bbc707e8c3
6700dbee-2af7-4f11-b149-656176bfe349,c1dcd3bb-ec1e-416b-ab92-6205e81f4aaf
6700dbee-2af7-4f11-b149-656176bfe349,39cc1231-731e-4ea9-b1bd-93b6c0d660c0
6700dbee-2af7-4f11-b149-656176bfe349,66bb73df-60a3-4093-a8ce-0f3d56673316
6700dbee-2af7-4f11-b149-656176bfe349,a467b389-e767-4a4a-89c6-da159e3b7208
6700dbee-2af7-4f11-b149-656176bfe349,742573f3-b658-4e0c-9183-e1a61ce9c201
6700dbee-2af7-4f11-b149-656176bfe349,9288dc96-7c6b-4be6-911e-91c71cf4ae85
6700dbee-2af7-4f11-b149-656176bfe349,4f2f4f3d-487e-4144-a03f-5675a4dfe028
6700dbee-2af7-4f11-b149-656176bfe349,22d1086b-80cd-45c5-8407-b6f9287842b1
6700dbee-2af7-4f11-b149-656176bfe349,446a0158-cc72-46c3-a850-9593fb8b5cf5
6700dbee-2af7-4f11-b149-656176bfe349,ad3dce70-faf5-4a7e-9b90-4493c27a4f1d
6700dbee-2af7-4f11-b149-656176bfe349,4a4ba199-9481-41a3-b30e-4504e44c9bad
6700dbee-2af7-4f11-b149-656176bfe349,b82ecc00-6336-42a4-9266-ee756671a255
6700dbee-2af7-4f11-b149-656176bfe349,73b363c6-c734-4f2f-8db7-3bc47c104833
6700dbee-2af7-4f11-b149-656176bfe349,94ff19e0-7bd9-462f-a232-602487b83ee3
6700dbee-2af7-4f11-b149-656176bfe349,6858b9d4-74a6-41cb-9997-1f72253c9074
6700dbee-2af7-4f11-b149-656176bfe349,06670f03-5e3a-44f0-bfba-65d9dd6dc25e
6700dbee-2af7-4f11-b149-656176bfe349,f01613a7-8162-4e07-921b-360996b718f1
6700dbee-2af7-4f11-b149-656176bfe349,a2ec249c-789d-4fd0-b156-b3ca34cecafd
6700dbee-2af7-4f11-b149-656176bfe349,e607b15b-d7c2-4fa2-b1ff-ea1039a84716
6700dbee-2af7-4f11-b149-656176bfe349,3ea22688-0f8c-4533-93e9-a4d912ee29b7
6700dbee-2af7-4f11-b149-656176bfe349,a565cfee-8d16-47c9-b766-fde13d5a578d
6700dbee-2af7-4f11-b149-656176bfe349,6c51bd3f-66f0-4872-a1cc-36e110ef569a
6700dbee-2af7-4f11-b149-656176bfe349,06ec0fa1-cb98-44ca-b894-18bd638e4c8b
6700dbee-2af7-4f11-b149-656176bfe349,b38c5c33-8dcd-4cc4-9f16-142947bc970d
6700dbee-2af7-4f11-b149-656176bfe349,f8406140-e428-4df3-beeb-83ff6f4afed9
6700dbee-2af7-4f11-b149-656176bfe349,1e27e946-9812-446d-b1de-10f15c09b209
6700dbee-2af7-4f11-b149-656176bfe349,836f225c-e07e-43ef-997d-66276e5867fe
6700dbee-2af7-4f11-b149-656176bfe349,bd6e0b72-6e5b-47c0-9520-a1f971c68276
6700dbee-2af7-4f11-b149-656176bfe349,60702ca7-42a1-4987-986c-a3ee17498c4a
6700dbee-2af7-4f11-b149-656176bfe349,20331205-67dd-433d-ad01-c9e481d2c97b
6700dbee-2af7-4f11-b149-656176bfe349,9788c9f9-18fe-4964-948b-fa3e9fa41cdb
6700dbee-2af7-4f11-b149-656176bfe349,3dfc04ee-90f5-4552-9db6-9aa2bafb4863
6700dbee-2af7-4f11-b149-656176bfe349,214a2145-5c5f-46d7-b2dc-7f7655e55ab9
6700dbee-2af7-4f11-b149-656176bfe349,d1714486-168b-4fe7-8346-debe71df568b
6700dbee-2af7-4f11-b149-656176bfe349,ad10b4e3-814b-4e82-a82f-3f9442fe66f5
6700dbee-2af7-4f11-b149-656176bfe349,f8b6e462-49bb-4e76-b099-c0133274a3bd
6700dbee-2af7-4f11-b149-656176bfe349,eeb82e1b-91f6-4b63-969b-973a83942ce3
6700dbee-2af7-4f11-b149-656176bfe349,d5649aa4-a6e3-48af-8105-2e0ec5434212
6700dbee-2af7-4f11-b149-656176bfe349,ad3e5336-d71d-4c7e-bb9c-b8b14c03a1a2
6700dbee-2af7-4f11-b149-656176bfe349,95c56220-63dd-475d-b41f-4b44df8a3a80
6700dbee-2af7-4f11-b149-656176bfe349,cf599950-90e3-40fe-85ed-ca9163ef53f2
6700dbee-2af7-4f11-b149-656176bfe349,79cd9f01-ae1c-43cb-be24-bdb46521487b
6700dbee-2af7-4f11-b149-656176bfe349,7fbab367-1c6a-46ad-8372-310557c4ac13
6700dbee-2af7-4f11-b149-656176bfe349,0b792253-46d3-4cbf-b82c-f8e732f797b2
6700dbee-2af7-4f11-b149-656176bfe349,cc60b90d-44dc-4072-8b9b-f0f04e8626a1
80e81a45-5fdb-4f96-a6d8-e64968cbb0da,310deddf-3b76-4ab4-ac58-0b533114d28e
80e81a45-5fdb-4f96-a6d8-e64968cbb0da,8d53b5b6-de15-4dda-bedf-0fe719318f0d
80e81a45-5fdb-4f96-a6d8-e64968cbb0da,f2e26f34-1ab0-458e-b16e-e374e6b04551
80e81a45-5fdb-4f96-a6d8-e64968cbb0da,918c8d8b-7b5a-4fb9-a318-1b2e5cf21b4b
80e81a45-5fdb-4f96-a6d8-e64968cbb0da,4472419c-1eb6-41e4-b8db-8dfce937324b
80e81a45-5fdb-4f96-a6d8-e64968cbb0da,351f58fa-1b78-4734-8671-6d720d408b7f
80e81a45-5fdb-4f96-a6d8-e64968cbb0da,51d425c2-6454-4fbe-bb0c-f3af52829531
80e81a45-5fdb-4f96-a6d8-e64968cbb0da,40cc591b-3cb0-4ad1-be4f-526c1fba2d39
80e81a45-5fdb-4f96-a6d8-e64968cbb0da,5b93e3e8-7878-4bbb-a19d-9c5f24c43042
80e81a45-5fdb-4f96-a6d8-e64968cbb0da,866d8801-91f6-4b3e-8561-0d8fd8259337
80e81a45-5fdb-4f96-a6d8-e64968cbb0da,4f4b9719-3524-4a00-a74b-44d9e3ee3afb
80e81a45-5fdb-4f96-a6d8-e64968cbb0da,f807fc0c-3ee2-431f-8d8a-adf3824c843b
80e81a45-5fdb-4f96-a6d8-e64968cbb0da,9eb1e82e-0daa-4198-b22a-25baf5bb1ce0
80e81a45-5fdb-4f96-a6d8-e64968cbb0da,d6050df4-1649-4462-aa9b-92d89fcc5b8f
80e81a45-5fdb-4f96-a6d8-e64968cbb0da,6163b9c8-c32e-48f0-9d62-aac133855b4c
80e81a45-5fdb-4f96-a6d8-e64968cbb0da,66cece40-6468-4214-99a4-137b00723416
80e81a45-5fdb-4f96-a6d8-e64968cbb0da,18ba28e1-545d-417b-a65b-617f35af5ff9
80e81a45-5fdb-4f96-a6d8-e64968cbb0da,6e3a271a-415b-4758-a144-e9b76f0592c7
80e81a45-5fdb-4f96-a6d8-e64968cbb0da,dbdbda3d-affd-469e-ae41-988780d7e542
80e81a45-5fdb-4f96-a6d8-e64968cbb0da,b2c4e95d-130a-4230-b137-6de667683f52
80e81a45-5fdb-4f96-a6d8-e64968cbb0da,a034a9a1-d6c4-49fa-905d-e716a5b5d197
80e81a45-5fdb-4f96-a6d8-e64968cbb0da,132b63b9-3673-4047-a767-bed235052a2e
80e81a45-5fdb-4f96-a6d8-e64968cbb0da,59af5df8-04cf-496c-a615-a353b2e96031
80e81a45-5fdb-4f96-a6d8-e64968cbb0da,faea6673-d730-47bf-a3d3-dc0df145b0d9
80e81a45-5fdb-4f96-a6d8-e64968cbb0da,520e5c3c-a44a-43b7-b68b-b385a543ac75
80e81a45-5fdb-4f96-a6d8-e64968cbb0da,59ca0ede-8a28-4dd0-9bec-edc28b3bb77c
80e81a45-5fdb-4f96-a6d8-e64968cbb0da,738a9f3f-0d33-43d5-9f02-19bfa2020f6a
80e81a45-5fdb-4f96-a6d8-e64968cbb0da,fc75d94c-f1a6-48ae-aa89-9a89a5e4649b
80e81a45-5fdb-4f96-a6d8-e64968cbb0da,faa1753e-7ca7-4b88-9e05-c80806524c94
80e81a45-5fdb-4f96-a6d8-e64968cbb0da,94d9cbe9-5aeb-439b-ad7c-e4d5076818e4
80e81a45-5fdb-4f96-a6d8-e64968cbb0da,25eaf357-c3ab-4032-9be2-48b62745ef5d
80e81a45-5fdb-4f96-a6d8-e64968cbb0da,4923789b-0add-4277-986a-8d047cf658c9
80e81a45-5fdb-4f96-a6d8-e64968cbb0da,e9883f5d-ee9f-4615-af18-6ddd5d5e0b79
80e81a45-5fdb-4f96-a6d8-e64968cbb0da,e3eae30b-0447-44b1-974d-2988aefe3d48
80e81a45-5fdb-4f96-a6d8-e64968cbb0da,ea3e66d5-80dd-43b8-b7a9-a01d1fd93222
80e81a45-5fdb-4f96-a6d8-e64968cbb0da,5406c988-97ab-4575-9791-2331833a3feb
80e81a45-5fdb-4f96-a6d8-e64968cbb0da,366ae729-20e9-42b6-8841-6f20305a053f
80e81a45-5fdb-4f96-a6d8-e64968cbb0da,06cc5f6b-a65f-49fe-90af-a67f977d65b5
80e81a45-5fdb-4f96-a6d8-e64968cbb0da,828ebd35-5fdf-43e2-82cc-c0d481a427be
80e81a45-5fdb-4f96-a6d8-e64968cbb0da,8c814e0b-8190-4c1a-84f7-85dd6508a4c6
80e81a45-5fdb-4f96-a6d8-e64968cbb0da,d31168b9-2292-4871-9add-616e37f023c1
80e81a45-5fdb-4f96-a6d8-e64968cbb0da,f7a62c48-2137-47df-87fb-4f8a4a35bbfd
80e81a45-5fdb-4f96-a6d8-e64968cbb0da,d7f7f3db-f181-457e-8ced-c5624ad13a71
80e81a45-5fdb-4f96-a6d8-e64968cbb0da,a37f3c6b-31b3-4cb9-b6f9-9844b66c12d6
80e81a45-5fdb-4f96-a6d8-e64968cbb0da,8ddc12a3-72c9-4b2b-ae56-144500082035
80e81a45-5fdb-4f96-a6d8-e64968cbb0da,2df8c5a6-2c4c-49bc-ac19-08adadc5f7b8
80e81a45-5fdb-4f96-a6d8-e64968cbb0da,c873950c-6df2-45f6-91ca-128be906a563
80e81a45-5fdb-4f96-a6d8-e64968cbb0da,c825eb1b-1c8c-4dfa-9df7-07077d1f7f56
80e81a45-5fdb-4f96-a6d8-e64968cbb0da,949a6ec9-0bfb-481e-802c-b9381d3ac291
80e81a45-5fdb-4f96-a6d8-e64968cbb0da,986e001a-6c3c-473a-a96f-37da3b1c9ab5
80e81a45-5fdb-4f96-a6d8-e64968cbb0da,29bf85ea-bc91-4d69-9cc4-a1be3b38e493
80e81a45-5fdb-4f96-a6d8-e64968cbb0da,4e962a74-801d-46a2-b902-69e675ea53e1
80e81a45-5fdb-4f96-a6d8-e64968cbb0da,1e03b946-521b-4442-871d-37c191436477
80e81a45-5fdb-4f96-a6d8-e64968cbb0da,31138618-e8e3-4e88-bd54-198c5e2ae922
80e81a45-5fdb-4f96-a6d8-e64968cbb0da,8f662cbd-2d93-4ecc-a858-5ef050662fc6
80e81a45-5fdb-4f96-a6d8-e64968cbb0da,33169def-c18a-4319-ae78-5fc4f4d85c95
80e81a45-5fdb-4f96-a6d8-e64968cbb0da,883b89b9-ed72-496e-922a-1cde11f60c22
80e81a45-5fdb-4f96-a6d8-e64968cbb0da,11ced668-07fe-416b-a4c4-dfd14aa37315
80e81a45-5fdb-4f96-a6d8-e64968cbb0da,3144cfd0-0053-4702-b6bc-d27a02b21373
80e81a45-5fdb-4f96-a6d8-e64968cbb0da,2561f85e-a0c2-496a-a417-461a2f7e95f2
80e81a45-5fdb-4f96-a6d8-e64968cbb0da,545c3fd6-7fca-4381-9fcd-d4e95a45f296
80e81a45-5fdb-4f96-a6d8-e64968cbb0da,de553c0d-af8a-46c6-aed5-69a270307dab
80e81a45-5fdb-4f96-a6d8-e64968cbb0da,926db7d8-e784-4663-adf2-a4276d290ef7
80e81a45-5fdb-4f96-a6d8-e64968cbb0da,d62d8c8d-20ee-40f0-8a37-63038a41114d
80e81a45-5fdb-4f96-a6d8-e64968cbb0da,dd892d35-abb6-4e64-b1b5-4dfcf43e9b8b
80e81a45-5fdb-4f96-a6d8-e64968cbb0da,f71b655b-c53b-4efc-9213-e7f148f8f494
80e81a45-5fdb-4f96-a6d8-e64968cbb0da,68deab0c-3c8a-4a77-a93e-3c2ef2c8a281
80e81a45-5fdb-4f96-a6d8-e64968cbb0da,61c3fdc7-0fcd-4e4d-82ce-f03eb4a618a4
80e81a45-5fdb-4f96-a6d8-e64968cbb0da,83e11abc-1fe6-4642-8e1f-9fbcb22c7744
80e81a45-5fdb-4f96-a6d8-e64968cbb0da,d42d03b1-47f2-493c-9a7e-638fa041c97e
80e81a45-5fdb-4f96-a6d8-e64968cbb0da,916800c5-0dab-4254-b327-b06f0543824d
80e81a45-5fdb-4f96-a6d8-e64968cbb0da,3e92fb43-2e91-4386-b73d-0577e19d75d9
80e81a45-5fdb-4f96-a6d8-e64968cbb0da,2b06c7f0-65f9-42db-a886-e03b61862fb6
80e81a45-5fdb-4f96-a6d8-e64968cbb0da,ac0f367a-7ab5-49c6-b6f0-77b231d3a3b9
80e81a45-5fdb-4f96-a6d8-e64968cbb0da,a31a9d84-f261-438e-a9c4-b7007ba7325a
80e81a45-5fdb-4f96-a6d8-e64968cbb0da,22a9f422-7940-44d8-97b1-73740629cd66
80e81a45-5fdb-4f96-a6d8-e64968cbb0da,2aa31dba-d9bb-464e-8b0c-8cce78f6cd61
80e81a45-5fdb-4f96-a6d8-e64968cbb0da,34960863-e909-47f2-85e2-b1ed246c57da
80e81a45-5fdb-4f96-a6d8-e64968cbb0da,c3159d31-a64a-4d9a-b6cc-646165304a5a
80e81a45-5fdb-4f96-a6d8-e64968cbb0da,cf000ee7-2282-4bdc-9d93-97376fa4ab78
80e81a45-5fdb-4f96-a6d8-e64968cbb0da,88dc921f-92ff-4bb7-91a3-6b217bed3f1f
80e81a45-5fdb-4f96-a6d8-e64968cbb0da,337de7d2-50b7-415e-9805-11af72a33a3e
80e81a45-5fdb-4f96-a6d8-e64968cbb0da,50b2d520-4907-47fb-9deb-01b9f0a60f80
80e81a45-5fdb-4f96-a6d8-e64968cbb0da,8ad5f7f8-b3c0-4e0e-a74d-434acfdee09c
80e81a45-5fdb-4f96-a6d8-e64968cbb0da,a6647f78-6490-48a6-8f38-3a74fd371769
80e81a45-5fdb-4f96-a6d8-e64968cbb0da,35515ac2-9f86-43da-a1e5-f9002f4c1fc0
80e81a45-5fdb-4f96-a6d8-e64968cbb0da,54a20f39-58d4-42ce-b3ad-d826b627b1a4
80e81a45-5fdb-4f96-a6d8-e64968cbb0da,2bf6c830-ebb6-478f-841e-aaab8edcec4d
80e81a45-5fdb-4f96-a6d8-e64968cbb0da,4178a4ef-1c0a-48fc-a569-e7c83cfbd46f
80e81a45-5fdb-4f96-a6d8-e64968cbb0da,b98682ac-fc8a-4570-b840-ea5580431f34
80e81a45-5fdb-4f96-a6d8-e64968cbb0da,f0cf72f8-e25e-49ad-acf8-f26be2ae4527
80e81a45-5fdb-4f96-a6d8-e64968cbb0da,1343e1c5-31f9-4297-b7eb-ed5c114bb32c
80e81a45-5fdb-4f96-a6d8-e64968cbb0da,e25ccca6-48b6-40b3-94e6-fbc5322abedd
80e81a45-5fdb-4f96-a6d8-e64968cbb0da,8fce6009-39c9-47da-88ce-34517b74ec97
80e81a45-5fdb-4f96-a6d8-e64968cbb0da,9add746b-4905-49fa-8f55-170be0513a55
80e81a45-5fdb-4f96-a6d8-e64968cbb0da,8ecb4a42-c120-433a-8d55-42e08fd561fb
80e81a45-5fdb-4f96-a6d8-e64968cbb0da,49ed75e6-43f8-4444-92e3-c920c5ff4b2f
80e81a45-5fdb-4f96-a6d8-e64968cbb0da,7f34c09b-723f-47d0-b75b-c498b5084067
80e81a45-5fdb-4f96-a6d8-e64968cbb0da,964715b5-fdc9-46bd-b670-8e4e7cc56256
80e81a45-5fdb-4f96-a6d8-e64968cbb0da,e75f110b-6b97-4ff4-b6a2-f230b9d87639
80e81a45-5fdb-4f96-a6d8-e64968cbb0da,aa1fbdc2-d5d4-47c2-8db1-ba4a168e6cb2
80e81a45-5fdb-4f96-a6d8-e64968cbb0da,7269e20f-3fbe-4aca-8ca9-629e4a23a29e
80e81a45-5fdb-4f96-a6d8-e64968cbb0da,7506012d-6f01-497b-9bb6-3fcd5721b362
80e81a45-5fdb-4f96-a6d8-e64968cbb0da,77feff39-5c1a-45c3-9ffb-7dd9bc1eda32
80e81a45-5fdb-4f96-a6d8-e64968cbb0da,62114484-51e7-48ff-9f3a-70120693ec86
80e81a45-5fdb-4f96-a6d8-e64968cbb0da,c650314a-7aa9-48ea-8897-2ac33ea650b6
80e81a45-5fdb-4f96-a6d8-e64968cbb0da,07f3573b-489b-4058-bfb5-b5caed78f53d
80e81a45-5fdb-4f96-a6d8-e64968cbb0da,6ceab0a8-c983-4a67-a832-5749b651950f
80e81a45-5fdb-4f96-a6d8-e64968cbb0da,43e1eca6-3f64-44c4-9078-2365d0cd6715
80e81a45-5fdb-4f96-a6d8-e64968cbb0da,1157468a-262e-45ca-9908-671dd0c38214
80e81a45-5fdb-4f96-a6d8-e64968cbb0da,e5ae13b6-b800-4769-8228-5862bc330697
80e81a45-5fdb-4f96-a6d8-e64968cbb0da,754d870e-d41e-4e3a-9334-7bd6511c1261
80e81a45-5fdb-4f96-a6d8-e64968cbb0da,b036650e-2b09-4838-b73d-d173379bfde9
80e81a45-5fdb-4f96-a6d8-e64968cbb0da,2294e905-3887-4c16-825d-6ae4bacbac9f
80e81a45-5fdb-4f96-a6d8-e64968cbb0da,e0d09b7a-24d7-4999-b984-849bbe22b315
80e81a45-5fdb-4f96-a6d8-e64968cbb0da,d0209c99-272f-44d4-95ac-773580cc49e7
80e81a45-5fdb-4f96-a6d8-e64968cbb0da,a6614c23-e471-492c-85ab-5fb93df4fe9f
80e81a45-5fdb-4f96-a6d8-e64968cbb0da,8660b916-74a4-4681-8ebb-29f6dfac253f
80e81a45-5fdb-4f96-a6d8-e64968cbb0da,e5ab09ff-1ebd-4f0e-ad33-1d9a2cbc6cac
80e81a45-5fdb-4f96-a6d8-e64968cbb0da,24ef8edc-f211-4695-b4e9-52f45d1d0518
80e81a45-5fdb-4f96-a6d8-e64968cbb0da,850fe1fc-0117-41e5-aded-118f05efd64b
80e81a45-5fdb-4f96-a6d8-e64968cbb0da,51855b37-3481-4584-baf7-2dd9fb5c3a3f
80e81a45-5fdb-4f96-a6d8-e64968cbb0da,9aae31b0-3130-4d23-9924-a2f8396d98e3
80e81a45-5fdb-4f96-a6d8-e64968cbb0da,502db1d7-409c-499d-9b4b-306c05ae72a9
80e81a45-5fdb-4f96-a6d8-e64968cbb0da,8673f2fa-3e3a-4857-852e-a65181599643
80e81a45-5fdb-4f96-a6d8-e64968cbb0da,6e0075ee-cf72-46c5-b969-9e15ec7e3af5
80e81a45-5fdb-4f96-a6d8-e64968cbb0da,7e6bf90e-4e10-4d2e-ba10-9ad65024947f
80e81a45-5fdb-4f96-a6d8-e64968cbb0da,d251e64b-0d00-41f5-b1a8-666493cfb504
80e81a45-5fdb-4f96-a6d8-e64968cbb0da,80b50ef8-96ea-4fb6-a37b-24de67bf946c
80e81a45-5fdb-4f96-a6d8-e64968cbb0da,0a3fe50b-9277-45c7-88cf-e338009d467d
80e81a45-5fdb-4f96-a6d8-e64968cbb0da,f781feae-f0ae-4568-9595-223221955cac
80e81a45-5fdb-4f96-a6d8-e64968cbb0da,6683aabb-9d5a-4454-b006-f828c5a95a39
80e81a45-5fdb-4f96-a6d8-e64968cbb0da,7dcd2312-1b4e-409c-ac67-f2c562aeecca
80e81a45-5fdb-4f96-a6d8-e64968cbb0da,3e2d97be-d00f-453a-89af-e35c3b1e8719
80e81a45-5fdb-4f96-a6d8-e64968cbb0da,29e9fb72-29dd-4362-a278-80e5beca153e
80e81a45-5fdb-4f96-a6d8-e64968cbb0da,9d9eccd9-67fc-4f71-a8da-94e0dbd79259
80e81a45-5fdb-4f96-a6d8-e64968cbb0da,6e821edf-e26e-40a1-93e3-2c20a9412fb7
80e81a45-5fdb-4f96-a6d8-e64968cbb0da,67cd3f59-43c6-4398-8f02-36bbc707e8c3
80e81a45-5fdb-4f96-a6d8-e64968cbb0da,c1dcd3bb-ec1e-416b-ab92-6205e81f4aaf
80e81a45-5fdb-4f96-a6d8-e64968cbb0da,39cc1231-731e-4ea9-b1bd-93b6c0d660c0
80e81a45-5fdb-4f96-a6d8-e64968cbb0da,66bb73df-60a3-4093-a8ce-0f3d56673316
80e81a45-5fdb-4f96-a6d8-e64968cbb0da,a467b389-e767-4a4a-89c6-da159e3b7208
80e81a45-5fdb-4f96-a6d8-e64968cbb0da,742573f3-b658-4e0c-9183-e1a61ce9c201
80e81a45-5fdb-4f96-a6d8-e64968cbb0da,9288dc96-7c6b-4be6-911e-91c71cf4ae85
80e81a45-5fdb-4f96-a6d8-e64968cbb0da,4f2f4f3d-487e-4144-a03f-5675a4dfe028
80e81a45-5fdb-4f96-a6d8-e64968cbb0da,22d1086b-80cd-45c5-8407-b6f9287842b1
80e81a45-5fdb-4f96-a6d8-e64968cbb0da,446a0158-cc72-46c3-a850-9593fb8b5cf5
80e81a45-5fdb-4f96-a6d8-e64968cbb0da,ad3dce70-faf5-4a7e-9b90-4493c27a4f1d
80e81a45-5fdb-4f96-a6d8-e64968cbb0da,4a4ba199-9481-41a3-b30e-4504e44c9bad
80e81a45-5fdb-4f96-a6d8-e64968cbb0da,b82ecc00-6336-42a4-9266-ee756671a255
80e81a45-5fdb-4f96-a6d8-e64968cbb0da,73b363c6-c734-4f2f-8db7-3bc47c104833
80e81a45-5fdb-4f96-a6d8-e64968cbb0da,94ff19e0-7bd9-462f-a232-602487b83ee3
80e81a45-5fdb-4f96-a6d8-e64968cbb0da,6858b9d4-74a6-41cb-9997-1f72253c9074
80e81a45-5fdb-4f96-a6d8-e64968cbb0da,06670f03-5e3a-44f0-bfba-65d9dd6dc25e
80e81a45-5fdb-4f96-a6d8-e64968cbb0da,f01613a7-8162-4e07-921b-360996b718f1
80e81a45-5fdb-4f96-a6d8-e64968cbb0da,a2ec249c-789d-4fd0-b156-b3ca34cecafd
80e81a45-5fdb-4f96-a6d8-e64968cbb0da,e607b15b-d7c2-4fa2-b1ff-ea1039a84716
80e81a45-5fdb-4f96-a6d8-e64968cbb0da,3ea22688-0f8c-4533-93e9-a4d912ee29b7
80e81a45-5fdb-4f96-a6d8-e64968cbb0da,a565cfee-8d16-47c9-b766-fde13d5a578d
80e81a45-5fdb-4f96-a6d8-e64968cbb0da,6c51bd3f-66f0-4872-a1cc-36e110ef569a
80e81a45-5fdb-4f96-a6d8-e64968cbb0da,06ec0fa1-cb98-44ca-b894-18bd638e4c8b
80e81a45-5fdb-4f96-a6d8-e64968cbb0da,b38c5c33-8dcd-4cc4-9f16-142947bc970d
80e81a45-5fdb-4f96-a6d8-e64968cbb0da,f8406140-e428-4df3-beeb-83ff6f4afed9
80e81a45-5fdb-4f96-a6d8-e64968cbb0da,1e27e946-9812-446d-b1de-10f15c09b209
80e81a45-5fdb-4f96-a6d8-e64968cbb0da,836f225c-e07e-43ef-997d-66276e5867fe
80e81a45-5fdb-4f96-a6d8-e64968cbb0da,bd6e0b72-6e5b-47c0-9520-a1f971c68276
80e81a45-5fdb-4f96-a6d8-e64968cbb0da,60702ca7-42a1-4987-986c-a3ee17498c4a
80e81a45-5fdb-4f96-a6d8-e64968cbb0da,20331205-67dd-433d-ad01-c9e481d2c97b
80e81a45-5fdb-4f96-a6d8-e64968cbb0da,9788c9f9-18fe-4964-948b-fa3e9fa41cdb
80e81a45-5fdb-4f96-a6d8-e64968cbb0da,3dfc04ee-90f5-4552-9db6-9aa2bafb4863
80e81a45-5fdb-4f96-a6d8-e64968cbb0da,214a2145-5c5f-46d7-b2dc-7f7655e55ab9
80e81a45-5fdb-4f96-a6d8-e64968cbb0da,d1714486-168b-4fe7-8346-debe71df568b
80e81a45-5fdb-4f96-a6d8-e64968cbb0da,ad10b4e3-814b-4e82-a82f-3f9442fe66f5
80e81a45-5fdb-4f96-a6d8-e64968cbb0da,f8b6e462-49bb-4e76-b099-c0133274a3bd
80e81a45-5fdb-4f96-a6d8-e64968cbb0da,eeb82e1b-91f6-4b63-969b-973a83942ce3
80e81a45-5fdb-4f96-a6d8-e64968cbb0da,d5649aa4-a6e3-48af-8105-2e0ec5434212
80e81a45-5fdb-4f96-a6d8-e64968cbb0da,ad3e5336-d71d-4c7e-bb9c-b8b14c03a1a2
80e81a45-5fdb-4f96-a6d8-e64968cbb0da,95c56220-63dd-475d-b41f-4b44df8a3a80
80e81a45-5fdb-4f96-a6d8-e64968cbb0da,cf599950-90e3-40fe-85ed-ca9163ef53f2
80e81a45-5fdb-4f96-a6d8-e64968cbb0da,79cd9f01-ae1c-43cb-be24-bdb46521487b
80e81a45-5fdb-4f96-a6d8-e64968cbb0da,7fbab367-1c6a-46ad-8372-310557c4ac13
80e81a45-5fdb-4f96-a6d8-e64968cbb0da,0b792253-46d3-4cbf-b82c-f8e732f797b2
80e81a45-5fdb-4f96-a6d8-e64968cbb0da,cc60b90d-44dc-4072-8b9b-f0f04e8626a1
dc7dd95f-7475-4e3c-86a4-b6e498e127ac,25eaf357-c3ab-4032-9be2-48b62745ef5d
dc7dd95f-7475-4e3c-86a4-b6e498e127ac,4923789b-0add-4277-986a-8d047cf658c9
dc7dd95f-7475-4e3c-86a4-b6e498e127ac,828ebd35-5fdf-43e2-82cc-c0d481a427be
dc7dd95f-7475-4e3c-86a4-b6e498e127ac,ea3e66d5-80dd-43b8-b7a9-a01d1fd93222
dc7dd95f-7475-4e3c-86a4-b6e498e127ac,e3eae30b-0447-44b1-974d-2988aefe3d48
dc7dd95f-7475-4e3c-86a4-b6e498e127ac,5406c988-97ab-4575-9791-2331833a3feb
dc7dd95f-7475-4e3c-86a4-b6e498e127ac,366ae729-20e9-42b6-8841-6f20305a053f
dc7dd95f-7475-4e3c-86a4-b6e498e127ac,06cc5f6b-a65f-49fe-90af-a67f977d65b5
dc7dd95f-7475-4e3c-86a4-b6e498e127ac,8c814e0b-8190-4c1a-84f7-85dd6508a4c6
dc7dd95f-7475-4e3c-86a4-b6e498e127ac,d31168b9-2292-4871-9add-616e37f023c1
dc7dd95f-7475-4e3c-86a4-b6e498e127ac,8d53b5b6-de15-4dda-bedf-0fe719318f0d
dc7dd95f-7475-4e3c-86a4-b6e498e127ac,d7f7f3db-f181-457e-8ced-c5624ad13a71
dc7dd95f-7475-4e3c-86a4-b6e498e127ac,f7a62c48-2137-47df-87fb-4f8a4a35bbfd
dc7dd95f-7475-4e3c-86a4-b6e498e127ac,4472419c-1eb6-41e4-b8db-8dfce937324b
dc7dd95f-7475-4e3c-86a4-b6e498e127ac,351f58fa-1b78-4734-8671-6d720d408b7f
dc7dd95f-7475-4e3c-86a4-b6e498e127ac,51d425c2-6454-4fbe-bb0c-f3af52829531
dc7dd95f-7475-4e3c-86a4-b6e498e127ac,f2e26f34-1ab0-458e-b16e-e374e6b04551
dc7dd95f-7475-4e3c-86a4-b6e498e127ac,310deddf-3b76-4ab4-ac58-0b533114d28e
dc7dd95f-7475-4e3c-86a4-b6e498e127ac,a37f3c6b-31b3-4cb9-b6f9-9844b66c12d6
dc7dd95f-7475-4e3c-86a4-b6e498e127ac,918c8d8b-7b5a-4fb9-a318-1b2e5cf21b4b
dc7dd95f-7475-4e3c-86a4-b6e498e127ac,866d8801-91f6-4b3e-8561-0d8fd8259337
dc7dd95f-7475-4e3c-86a4-b6e498e127ac,40cc591b-3cb0-4ad1-be4f-526c1fba2d39
dc7dd95f-7475-4e3c-86a4-b6e498e127ac,5b93e3e8-7878-4bbb-a19d-9c5f24c43042
dc7dd95f-7475-4e3c-86a4-b6e498e127ac,dbdbda3d-affd-469e-ae41-988780d7e542
dc7dd95f-7475-4e3c-86a4-b6e498e127ac,b2c4e95d-130a-4230-b137-6de667683f52
dc7dd95f-7475-4e3c-86a4-b6e498e127ac,4f4b9719-3524-4a00-a74b-44d9e3ee3afb
dc7dd95f-7475-4e3c-86a4-b6e498e127ac,f807fc0c-3ee2-431f-8d8a-adf3824c843b
dc7dd95f-7475-4e3c-86a4-b6e498e127ac,9eb1e82e-0daa-4198-b22a-25baf5bb1ce0
dc7dd95f-7475-4e3c-86a4-b6e498e127ac,d6050df4-1649-4462-aa9b-92d89fcc5b8f
dc7dd95f-7475-4e3c-86a4-b6e498e127ac,6163b9c8-c32e-48f0-9d62-aac133855b4c
dc7dd95f-7475-4e3c-86a4-b6e498e127ac,66cece40-6468-4214-99a4-137b00723416
dc7dd95f-7475-4e3c-86a4-b6e498e127ac,18ba28e1-545d-417b-a65b-617f35af5ff9
dc7dd95f-7475-4e3c-86a4-b6e498e127ac,6e3a271a-415b-4758-a144-e9b76f0592c7
dc7dd95f-7475-4e3c-86a4-b6e498e127ac,fc75d94c-f1a6-48ae-aa89-9a89a5e4649b
dc7dd95f-7475-4e3c-86a4-b6e498e127ac,faa1753e-7ca7-4b88-9e05-c80806524c94
dc7dd95f-7475-4e3c-86a4-b6e498e127ac,faea6673-d730-47bf-a3d3-dc0df145b0d9
dc7dd95f-7475-4e3c-86a4-b6e498e127ac,520e5c3c-a44a-43b7-b68b-b385a543ac75
dc7dd95f-7475-4e3c-86a4-b6e498e127ac,a034a9a1-d6c4-49fa-905d-e716a5b5d197
dc7dd95f-7475-4e3c-86a4-b6e498e127ac,132b63b9-3673-4047-a767-bed235052a2e
dc7dd95f-7475-4e3c-86a4-b6e498e127ac,59af5df8-04cf-496c-a615-a353b2e96031
dc7dd95f-7475-4e3c-86a4-b6e498e127ac,59ca0ede-8a28-4dd0-9bec-edc28b3bb77c
dc7dd95f-7475-4e3c-86a4-b6e498e127ac,738a9f3f-0d33-43d5-9f02-19bfa2020f6a
dc7dd95f-7475-4e3c-86a4-b6e498e127ac,e9883f5d-ee9f-4615-af18-6ddd5d5e0b79
dc7dd95f-7475-4e3c-86a4-b6e498e127ac,94d9cbe9-5aeb-439b-ad7c-e4d5076818e4
dc7dd95f-7475-4e3c-86a4-b6e498e127ac,8ddc12a3-72c9-4b2b-ae56-144500082035
dc7dd95f-7475-4e3c-86a4-b6e498e127ac,3e92fb43-2e91-4386-b73d-0577e19d75d9
dc7dd95f-7475-4e3c-86a4-b6e498e127ac,916800c5-0dab-4254-b327-b06f0543824d
dc7dd95f-7475-4e3c-86a4-b6e498e127ac,d42d03b1-47f2-493c-9a7e-638fa041c97e
dc7dd95f-7475-4e3c-86a4-b6e498e127ac,83e11abc-1fe6-4642-8e1f-9fbcb22c7744
dc7dd95f-7475-4e3c-86a4-b6e498e127ac,68deab0c-3c8a-4a77-a93e-3c2ef2c8a281
dc7dd95f-7475-4e3c-86a4-b6e498e127ac,61c3fdc7-0fcd-4e4d-82ce-f03eb4a618a4
dc7dd95f-7475-4e3c-86a4-b6e498e127ac,cf000ee7-2282-4bdc-9d93-97376fa4ab78
dc7dd95f-7475-4e3c-86a4-b6e498e127ac,88dc921f-92ff-4bb7-91a3-6b217bed3f1f
dc7dd95f-7475-4e3c-86a4-b6e498e127ac,337de7d2-50b7-415e-9805-11af72a33a3e
dc7dd95f-7475-4e3c-86a4-b6e498e127ac,ac0f367a-7ab5-49c6-b6f0-77b231d3a3b9
dc7dd95f-7475-4e3c-86a4-b6e498e127ac,a31a9d84-f261-438e-a9c4-b7007ba7325a
dc7dd95f-7475-4e3c-86a4-b6e498e127ac,22a9f422-7940-44d8-97b1-73740629cd66
dc7dd95f-7475-4e3c-86a4-b6e498e127ac,2aa31dba-d9bb-464e-8b0c-8cce78f6cd61
dc7dd95f-7475-4e3c-86a4-b6e498e127ac,34960863-e909-47f2-85e2-b1ed246c57da
dc7dd95f-7475-4e3c-86a4-b6e498e127ac,c3159d31-a64a-4d9a-b6cc-646165304a5a
dc7dd95f-7475-4e3c-86a4-b6e498e127ac,2bf6c830-ebb6-478f-841e-aaab8edcec4d
dc7dd95f-7475-4e3c-86a4-b6e498e127ac,a6647f78-6490-48a6-8f38-3a74fd371769
dc7dd95f-7475-4e3c-86a4-b6e498e127ac,50b2d520-4907-47fb-9deb-01b9f0a60f80
dc7dd95f-7475-4e3c-86a4-b6e498e127ac,8ad5f7f8-b3c0-4e0e-a74d-434acfdee09c
dc7dd95f-7475-4e3c-86a4-b6e498e127ac,35515ac2-9f86-43da-a1e5-f9002f4c1fc0
dc7dd95f-7475-4e3c-86a4-b6e498e127ac,54a20f39-58d4-42ce-b3ad-d826b627b1a4
dc7dd95f-7475-4e3c-86a4-b6e498e127ac,8ecb4a42-c120-433a-8d55-42e08fd561fb
dc7dd95f-7475-4e3c-86a4-b6e498e127ac,e25ccca6-48b6-40b3-94e6-fbc5322abedd
dc7dd95f-7475-4e3c-86a4-b6e498e127ac,8fce6009-39c9-47da-88ce-34517b74ec97
dc7dd95f-7475-4e3c-86a4-b6e498e127ac,4178a4ef-1c0a-48fc-a569-e7c83cfbd46f
dc7dd95f-7475-4e3c-86a4-b6e498e127ac,b98682ac-fc8a-4570-b840-ea5580431f34
dc7dd95f-7475-4e3c-86a4-b6e498e127ac,f0cf72f8-e25e-49ad-acf8-f26be2ae4527
dc7dd95f-7475-4e3c-86a4-b6e498e127ac,1343e1c5-31f9-4297-b7eb-ed5c114bb32c
dc7dd95f-7475-4e3c-86a4-b6e498e127ac,9add746b-4905-49fa-8f55-170be0513a55
dc7dd95f-7475-4e3c-86a4-b6e498e127ac,33169def-c18a-4319-ae78-5fc4f4d85c95
dc7dd95f-7475-4e3c-86a4-b6e498e127ac,883b89b9-ed72-496e-922a-1cde11f60c22
dc7dd95f-7475-4e3c-86a4-b6e498e127ac,31138618-e8e3-4e88-bd54-198c5e2ae922
dc7dd95f-7475-4e3c-86a4-b6e498e127ac,2b06c7f0-65f9-42db-a886-e03b61862fb6
dc7dd95f-7475-4e3c-86a4-b6e498e127ac,2df8c5a6-2c4c-49bc-ac19-08adadc5f7b8
dc7dd95f-7475-4e3c-86a4-b6e498e127ac,c873950c-6df2-45f6-91ca-128be906a563
dc7dd95f-7475-4e3c-86a4-b6e498e127ac,c825eb1b-1c8c-4dfa-9df7-07077d1f7f56
dc7dd95f-7475-4e3c-86a4-b6e498e127ac,949a6ec9-0bfb-481e-802c-b9381d3ac291
dc7dd95f-7475-4e3c-86a4-b6e498e127ac,986e001a-6c3c-473a-a96f-37da3b1c9ab5
dc7dd95f-7475-4e3c-86a4-b6e498e127ac,29bf85ea-bc91-4d69-9cc4-a1be3b38e493
dc7dd95f-7475-4e3c-86a4-b6e498e127ac,4e962a74-801d-46a2-b902-69e675ea53e1
dc7dd95f-7475-4e3c-86a4-b6e498e127ac,1e03b946-521b-4442-871d-37c191436477
dc7dd95f-7475-4e3c-86a4-b6e498e127ac,8f662cbd-2d93-4ecc-a858-5ef050662fc6
dc7dd95f-7475-4e3c-86a4-b6e498e127ac,545c3fd6-7fca-4381-9fcd-d4e95a45f296
dc7dd95f-7475-4e3c-86a4-b6e498e127ac,11ced668-07fe-416b-a4c4-dfd14aa37315
dc7dd95f-7475-4e3c-86a4-b6e498e127ac,3144cfd0-0053-4702-b6bc-d27a02b21373
dc7dd95f-7475-4e3c-86a4-b6e498e127ac,2561f85e-a0c2-496a-a417-461a2f7e95f2
dc7dd95f-7475-4e3c-86a4-b6e498e127ac,de553c0d-af8a-46c6-aed5-69a270307dab
dc7dd95f-7475-4e3c-86a4-b6e498e127ac,dd892d35-abb6-4e64-b1b5-4dfcf43e9b8b
dc7dd95f-7475-4e3c-86a4-b6e498e127ac,926db7d8-e784-4663-adf2-a4276d290ef7
dc7dd95f-7475-4e3c-86a4-b6e498e127ac,d62d8c8d-20ee-40f0-8a37-63038a41114d
dc7dd95f-7475-4e3c-86a4-b6e498e127ac,f71b655b-c53b-4efc-9213-e7f148f8f494
dc7dd95f-7475-4e3c-86a4-b6e498e127ac,964715b5-fdc9-46bd-b670-8e4e7cc56256
dc7dd95f-7475-4e3c-86a4-b6e498e127ac,49ed75e6-43f8-4444-92e3-c920c5ff4b2f
dc7dd95f-7475-4e3c-86a4-b6e498e127ac,e75f110b-6b97-4ff4-b6a2-f230b9d87639
dc7dd95f-7475-4e3c-86a4-b6e498e127ac,7f34c09b-723f-47d0-b75b-c498b5084067
dc7dd95f-7475-4e3c-86a4-b6e498e127ac,7506012d-6f01-497b-9bb6-3fcd5721b362
dc7dd95f-7475-4e3c-86a4-b6e498e127ac,7269e20f-3fbe-4aca-8ca9-629e4a23a29e
dc7dd95f-7475-4e3c-86a4-b6e498e127ac,aa1fbdc2-d5d4-47c2-8db1-ba4a168e6cb2
dc7dd95f-7475-4e3c-86a4-b6e498e127ac,43e1eca6-3f64-44c4-9078-2365d0cd6715
dc7dd95f-7475-4e3c-86a4-b6e498e127ac,62114484-51e7-48ff-9f3a-70120693ec86
dc7dd95f-7475-4e3c-86a4-b6e498e127ac,07f3573b-489b-4058-bfb5-b5caed78f53d
dc7dd95f-7475-4e3c-86a4-b6e498e127ac,6ceab0a8-c983-4a67-a832-5749b651950f
dc7dd95f-7475-4e3c-86a4-b6e498e127ac,c650314a-7aa9-48ea-8897-2ac33ea650b6
dc7dd95f-7475-4e3c-86a4-b6e498e127ac,77feff39-5c1a-45c3-9ffb-7dd9bc1eda32
dc7dd95f-7475-4e3c-86a4-b6e498e127ac,754d870e-d41e-4e3a-9334-7bd6511c1261
dc7dd95f-7475-4e3c-86a4-b6e498e127ac,e5ae13b6-b800-4769-8228-5862bc330697
dc7dd95f-7475-4e3c-86a4-b6e498e127ac,1157468a-262e-45ca-9908-671dd0c38214
dc7dd95f-7475-4e3c-86a4-b6e498e127ac,b036650e-2b09-4838-b73d-d173379bfde9
dc7dd95f-7475-4e3c-86a4-b6e498e127ac,2294e905-3887-4c16-825d-6ae4bacbac9f
dc7dd95f-7475-4e3c-86a4-b6e498e127ac,e0d09b7a-24d7-4999-b984-849bbe22b315
dc7dd95f-7475-4e3c-86a4-b6e498e127ac,d0209c99-272f-44d4-95ac-773580cc49e7
dc7dd95f-7475-4e3c-86a4-b6e498e127ac,a6614c23-e471-492c-85ab-5fb93df4fe9f
dc7dd95f-7475-4e3c-86a4-b6e498e127ac,8660b916-74a4-4681-8ebb-29f6dfac253f
dc7dd95f-7475-4e3c-86a4-b6e498e127ac,e5ab09ff-1ebd-4f0e-ad33-1d9a2cbc6cac
dc7dd95f-7475-4e3c-86a4-b6e498e127ac,24ef8edc-f211-4695-b4e9-52f45d1d0518
dc7dd95f-7475-4e3c-86a4-b6e498e127ac,850fe1fc-0117-41e5-aded-118f05efd64b
dc7dd95f-7475-4e3c-86a4-b6e498e127ac,51855b37-3481-4584-baf7-2dd9fb5c3a3f
dc7dd95f-7475-4e3c-86a4-b6e498e127ac,6e0075ee-cf72-46c5-b969-9e15ec7e3af5
dc7dd95f-7475-4e3c-86a4-b6e498e127ac,8673f2fa-3e3a-4857-852e-a65181599643
dc7dd95f-7475-4e3c-86a4-b6e498e127ac,502db1d7-409c-499d-9b4b-306c05ae72a9
dc7dd95f-7475-4e3c-86a4-b6e498e127ac,9aae31b0-3130-4d23-9924-a2f8396d98e3
dc7dd95f-7475-4e3c-86a4-b6e498e127ac,d251e64b-0d00-41f5-b1a8-666493cfb504
dc7dd95f-7475-4e3c-86a4-b6e498e127ac,7e6bf90e-4e10-4d2e-ba10-9ad65024947f
dc7dd95f-7475-4e3c-86a4-b6e498e127ac,0a3fe50b-9277-45c7-88cf-e338009d467d
dc7dd95f-7475-4e3c-86a4-b6e498e127ac,80b50ef8-96ea-4fb6-a37b-24de67bf946c
dc7dd95f-7475-4e3c-86a4-b6e498e127ac,6683aabb-9d5a-4454-b006-f828c5a95a39
dc7dd95f-7475-4e3c-86a4-b6e498e127ac,7dcd2312-1b4e-409c-ac67-f2c562aeecca
dc7dd95f-7475-4e3c-86a4-b6e498e127ac,f781feae-f0ae-4568-9595-223221955cac
dc7dd95f-7475-4e3c-86a4-b6e498e127ac,3e2d97be-d00f-453a-89af-e35c3b1e8719
dc7dd95f-7475-4e3c-86a4-b6e498e127ac,29e9fb72-29dd-4362-a278-80e5beca153e
dc7dd95f-7475-4e3c-86a4-b6e498e127ac,9d9eccd9-67fc-4f71-a8da-94e0dbd79259
dc7dd95f-7475-4e3c-86a4-b6e498e127ac,6e821edf-e26e-40a1-93e3-2c20a9412fb7
dc7dd95f-7475-4e3c-86a4-b6e498e127ac,67cd3f59-43c6-4398-8f02-36bbc707e8c3
dc7dd95f-7475-4e3c-86a4-b6e498e127ac,39cc1231-731e-4ea9-b1bd-93b6c0d660c0
dc7dd95f-7475-4e3c-86a4-b6e498e127ac,c1dcd3bb-ec1e-416b-ab92-6205e81f4aaf
dc7dd95f-7475-4e3c-86a4-b6e498e127ac,66bb73df-60a3-4093-a8ce-0f3d56673316
dc7dd95f-7475-4e3c-86a4-b6e498e127ac,a467b389-e767-4a4a-89c6-da159e3b7208
dc7dd95f-7475-4e3c-86a4-b6e498e127ac,9288dc96-7c6b-4be6-911e-91c71cf4ae85
dc7dd95f-7475-4e3c-86a4-b6e498e127ac,22d1086b-80cd-45c5-8407-b6f9287842b1
dc7dd95f-7475-4e3c-86a4-b6e498e127ac,742573f3-b658-4e0c-9183-e1a61ce9c201
dc7dd95f-7475-4e3c-86a4-b6e498e127ac,4f2f4f3d-487e-4144-a03f-5675a4dfe028
dc7dd95f-7475-4e3c-86a4-b6e498e127ac,446a0158-cc72-46c3-a850-9593fb8b5cf5
dc7dd95f-7475-4e3c-86a4-b6e498e127ac,b82ecc00-6336-42a4-9266-ee756671a255
dc7dd95f-7475-4e3c-86a4-b6e498e127ac,4a4ba199-9481-41a3-b30e-4504e44c9bad
dc7dd95f-7475-4e3c-86a4-b6e498e127ac,73b363c6-c734-4f2f-8db7-3bc47c104833
dc7dd95f-7475-4e3c-86a4-b6e498e127ac,ad3dce70-faf5-4a7e-9b90-4493c27a4f1d
dc7dd95f-7475-4e3c-86a4-b6e498e127ac,94ff19e0-7bd9-462f-a232-602487b83ee3
dc7dd95f-7475-4e3c-86a4-b6e498e127ac,06670f03-5e3a-44f0-bfba-65d9dd6dc25e
dc7dd95f-7475-4e3c-86a4-b6e498e127ac,6858b9d4-74a6-41cb-9997-1f72253c9074
dc7dd95f-7475-4e3c-86a4-b6e498e127ac,6c51bd3f-66f0-4872-a1cc-36e110ef569a
dc7dd95f-7475-4e3c-86a4-b6e498e127ac,e607b15b-d7c2-4fa2-b1ff-ea1039a84716
dc7dd95f-7475-4e3c-86a4-b6e498e127ac,f01613a7-8162-4e07-921b-360996b718f1
dc7dd95f-7475-4e3c-86a4-b6e498e127ac,3ea22688-0f8c-4533-93e9-a4d912ee29b7
dc7dd95f-7475-4e3c-86a4-b6e498e127ac,a565cfee-8d16-47c9-b766-fde13d5a578d
dc7dd95f-7475-4e3c-86a4-b6e498e127ac,a2ec249c-789d-4fd0-b156-b3ca34cecafd
dc7dd95f-7475-4e3c-86a4-b6e498e127ac,06ec0fa1-cb98-44ca-b894-18bd638e4c8b
dc7dd95f-7475-4e3c-86a4-b6e498e127ac,b38c5c33-8dcd-4cc4-9f16-142947bc970d
dc7dd95f-7475-4e3c-86a4-b6e498e127ac,60702ca7-42a1-4987-986c-a3ee17498c4a
dc7dd95f-7475-4e3c-86a4-b6e498e127ac,f8406140-e428-4df3-beeb-83ff6f4afed9
dc7dd95f-7475-4e3c-86a4-b6e498e127ac,bd6e0b72-6e5b-47c0-9520-a1f971c68276
dc7dd95f-7475-4e3c-86a4-b6e498e127ac,1e27e946-9812-446d-b1de-10f15c09b209
dc7dd95f-7475-4e3c-86a4-b6e498e127ac,20331205-67dd-433d-ad01-c9e481d2c97b
dc7dd95f-7475-4e3c-86a4-b6e498e127ac,836f225c-e07e-43ef-997d-66276e5867fe
dc7dd95f-7475-4e3c-86a4-b6e498e127ac,3dfc04ee-90f5-4552-9db6-9aa2bafb4863
dc7dd95f-7475-4e3c-86a4-b6e498e127ac,9788c9f9-18fe-4964-948b-fa3e9fa41cdb
dc7dd95f-7475-4e3c-86a4-b6e498e127ac,214a2145-5c5f-46d7-b2dc-7f7655e55ab9
dc7dd95f-7475-4e3c-86a4-b6e498e127ac,ad10b4e3-814b-4e82-a82f-3f9442fe66f5
dc7dd95f-7475-4e3c-86a4-b6e498e127ac,d1714486-168b-4fe7-8346-debe71df568b
dc7dd95f-7475-4e3c-86a4-b6e498e127ac,f8b6e462-49bb-4e76-b099-c0133274a3bd
dc7dd95f-7475-4e3c-86a4-b6e498e127ac,ad3e5336-d71d-4c7e-bb9c-b8b14c03a1a2
dc7dd95f-7475-4e3c-86a4-b6e498e127ac,d5649aa4-a6e3-48af-8105-2e0ec5434212
dc7dd95f-7475-4e3c-86a4-b6e498e127ac,eeb82e1b-91f6-4b63-969b-973a83942ce3
dc7dd95f-7475-4e3c-86a4-b6e498e127ac,95c56220-63dd-475d-b41f-4b44df8a3a80
dc7dd95f-7475-4e3c-86a4-b6e498e127ac,79cd9f01-ae1c-43cb-be24-bdb46521487b
dc7dd95f-7475-4e3c-86a4-b6e498e127ac,cf599950-90e3-40fe-85ed-ca9163ef53f2
dc7dd95f-7475-4e3c-86a4-b6e498e127ac,7fbab367-1c6a-46ad-8372-310557c4ac13
dc7dd95f-7475-4e3c-86a4-b6e498e127ac,0b792253-46d3-4cbf-b82c-f8e732f797b2
dc7dd95f-7475-4e3c-86a4-b6e498e127ac,cc60b90d-44dc-4072-8b9b-f0f04e8626a1
ff3722ca-c59e-4166-b4da-2bf0b1e9c088,310deddf-3b76-4ab4-ac58-0b533114d28e
ff3722ca-c59e-4166-b4da-2bf0b1e9c088,8d53b5b6-de15-4dda-bedf-0fe719318f0d
ff3722ca-c59e-4166-b4da-2bf0b1e9c088,f2e26f34-1ab0-458e-b16e-e374e6b04551
ff3722ca-c59e-4166-b4da-2bf0b1e9c088,918c8d8b-7b5a-4fb9-a318-1b2e5cf21b4b
ff3722ca-c59e-4166-b4da-2bf0b1e9c088,4472419c-1eb6-41e4-b8db-8dfce937324b
ff3722ca-c59e-4166-b4da-2bf0b1e9c088,351f58fa-1b78-4734-8671-6d720d408b7f
ff3722ca-c59e-4166-b4da-2bf0b1e9c088,51d425c2-6454-4fbe-bb0c-f3af52829531
ff3722ca-c59e-4166-b4da-2bf0b1e9c088,40cc591b-3cb0-4ad1-be4f-526c1fba2d39
ff3722ca-c59e-4166-b4da-2bf0b1e9c088,5b93e3e8-7878-4bbb-a19d-9c5f24c43042
ff3722ca-c59e-4166-b4da-2bf0b1e9c088,866d8801-91f6-4b3e-8561-0d8fd8259337
ff3722ca-c59e-4166-b4da-2bf0b1e9c088,4f4b9719-3524-4a00-a74b-44d9e3ee3afb
ff3722ca-c59e-4166-b4da-2bf0b1e9c088,f807fc0c-3ee2-431f-8d8a-adf3824c843b
ff3722ca-c59e-4166-b4da-2bf0b1e9c088,9eb1e82e-0daa-4198-b22a-25baf5bb1ce0
ff3722ca-c59e-4166-b4da-2bf0b1e9c088,d6050df4-1649-4462-aa9b-92d89fcc5b8f
ff3722ca-c59e-4166-b4da-2bf0b1e9c088,6163b9c8-c32e-48f0-9d62-aac133855b4c
ff3722ca-c59e-4166-b4da-2bf0b1e9c088,66cece40-6468-4214-99a4-137b00723416
ff3722ca-c59e-4166-b4da-2bf0b1e9c088,18ba28e1-545d-417b-a65b-617f35af5ff9
ff3722ca-c59e-4166-b4da-2bf0b1e9c088,6e3a271a-415b-4758-a144-e9b76f0592c7
ff3722ca-c59e-4166-b4da-2bf0b1e9c088,dbdbda3d-affd-469e-ae41-988780d7e542
ff3722ca-c59e-4166-b4da-2bf0b1e9c088,b2c4e95d-130a-4230-b137-6de667683f52
ff3722ca-c59e-4166-b4da-2bf0b1e9c088,a034a9a1-d6c4-49fa-905d-e716a5b5d197
ff3722ca-c59e-4166-b4da-2bf0b1e9c088,132b63b9-3673-4047-a767-bed235052a2e
ff3722ca-c59e-4166-b4da-2bf0b1e9c088,59af5df8-04cf-496c-a615-a353b2e96031
ff3722ca-c59e-4166-b4da-2bf0b1e9c088,faea6673-d730-47bf-a3d3-dc0df145b0d9
ff3722ca-c59e-4166-b4da-2bf0b1e9c088,520e5c3c-a44a-43b7-b68b-b385a543ac75
ff3722ca-c59e-4166-b4da-2bf0b1e9c088,59ca0ede-8a28-4dd0-9bec-edc28b3bb77c
ff3722ca-c59e-4166-b4da-2bf0b1e9c088,738a9f3f-0d33-43d5-9f02-19bfa2020f6a
ff3722ca-c59e-4166-b4da-2bf0b1e9c088,fc75d94c-f1a6-48ae-aa89-9a89a5e4649b
ff3722ca-c59e-4166-b4da-2bf0b1e9c088,faa1753e-7ca7-4b88-9e05-c80806524c94
ff3722ca-c59e-4166-b4da-2bf0b1e9c088,94d9cbe9-5aeb-439b-ad7c-e4d5076818e4
ff3722ca-c59e-4166-b4da-2bf0b1e9c088,25eaf357-c3ab-4032-9be2-48b62745ef5d
ff3722ca-c59e-4166-b4da-2bf0b1e9c088,4923789b-0add-4277-986a-8d047cf658c9
ff3722ca-c59e-4166-b4da-2bf0b1e9c088,e9883f5d-ee9f-4615-af18-6ddd5d5e0b79
ff3722ca-c59e-4166-b4da-2bf0b1e9c088,e3eae30b-0447-44b1-974d-2988aefe3d48
ff3722ca-c59e-4166-b4da-2bf0b1e9c088,ea3e66d5-80dd-43b8-b7a9-a01d1fd93222
ff3722ca-c59e-4166-b4da-2bf0b1e9c088,5406c988-97ab-4575-9791-2331833a3feb
ff3722ca-c59e-4166-b4da-2bf0b1e9c088,366ae729-20e9-42b6-8841-6f20305a053f
ff3722ca-c59e-4166-b4da-2bf0b1e9c088,06cc5f6b-a65f-49fe-90af-a67f977d65b5
ff3722ca-c59e-4166-b4da-2bf0b1e9c088,828ebd35-5fdf-43e2-82cc-c0d481a427be
ff3722ca-c59e-4166-b4da-2bf0b1e9c088,8c814e0b-8190-4c1a-84f7-85dd6508a4c6
ff3722ca-c59e-4166-b4da-2bf0b1e9c088,d31168b9-2292-4871-9add-616e37f023c1
ff3722ca-c59e-4166-b4da-2bf0b1e9c088,f7a62c48-2137-47df-87fb-4f8a4a35bbfd
ff3722ca-c59e-4166-b4da-2bf0b1e9c088,d7f7f3db-f181-457e-8ced-c5624ad13a71
ff3722ca-c59e-4166-b4da-2bf0b1e9c088,a37f3c6b-31b3-4cb9-b6f9-9844b66c12d6
ff3722ca-c59e-4166-b4da-2bf0b1e9c088,8ddc12a3-72c9-4b2b-ae56-144500082035
ff3722ca-c59e-4166-b4da-2bf0b1e9c088,2df8c5a6-2c4c-49bc-ac19-08adadc5f7b8
ff3722ca-c59e-4166-b4da-2bf0b1e9c088,c873950c-6df2-45f6-91ca-128be906a563
ff3722ca-c59e-4166-b4da-2bf0b1e9c088,c825eb1b-1c8c-4dfa-9df7-07077d1f7f56
ff3722ca-c59e-4166-b4da-2bf0b1e9c088,949a6ec9-0bfb-481e-802c-b9381d3ac291
ff3722ca-c59e-4166-b4da-2bf0b1e9c088,986e001a-6c3c-473a-a96f-37da3b1c9ab5
ff3722ca-c59e-4166-b4da-2bf0b1e9c088,29bf85ea-bc91-4d69-9cc4-a1be3b38e493
ff3722ca-c59e-4166-b4da-2bf0b1e9c088,4e962a74-801d-46a2-b902-69e675ea53e1
ff3722ca-c59e-4166-b4da-2bf0b1e9c088,1e03b946-521b-4442-871d-37c191436477
ff3722ca-c59e-4166-b4da-2bf0b1e9c088,31138618-e8e3-4e88-bd54-198c5e2ae922
ff3722ca-c59e-4166-b4da-2bf0b1e9c088,8f662cbd-2d93-4ecc-a858-5ef050662fc6
ff3722ca-c59e-4166-b4da-2bf0b1e9c088,33169def-c18a-4319-ae78-5fc4f4d85c95
ff3722ca-c59e-4166-b4da-2bf0b1e9c088,883b89b9-ed72-496e-922a-1cde11f60c22
ff3722ca-c59e-4166-b4da-2bf0b1e9c088,11ced668-07fe-416b-a4c4-dfd14aa37315
ff3722ca-c59e-4166-b4da-2bf0b1e9c088,3144cfd0-0053-4702-b6bc-d27a02b21373
ff3722ca-c59e-4166-b4da-2bf0b1e9c088,2561f85e-a0c2-496a-a417-461a2f7e95f2
ff3722ca-c59e-4166-b4da-2bf0b1e9c088,545c3fd6-7fca-4381-9fcd-d4e95a45f296
ff3722ca-c59e-4166-b4da-2bf0b1e9c088,de553c0d-af8a-46c6-aed5-69a270307dab
ff3722ca-c59e-4166-b4da-2bf0b1e9c088,926db7d8-e784-4663-adf2-a4276d290ef7
ff3722ca-c59e-4166-b4da-2bf0b1e9c088,d62d8c8d-20ee-40f0-8a37-63038a41114d
ff3722ca-c59e-4166-b4da-2bf0b1e9c088,dd892d35-abb6-4e64-b1b5-4dfcf43e9b8b
ff3722ca-c59e-4166-b4da-2bf0b1e9c088,f71b655b-c53b-4efc-9213-e7f148f8f494
ff3722ca-c59e-4166-b4da-2bf0b1e9c088,68deab0c-3c8a-4a77-a93e-3c2ef2c8a281
ff3722ca-c59e-4166-b4da-2bf0b1e9c088,61c3fdc7-0fcd-4e4d-82ce-f03eb4a618a4
ff3722ca-c59e-4166-b4da-2bf0b1e9c088,83e11abc-1fe6-4642-8e1f-9fbcb22c7744
ff3722ca-c59e-4166-b4da-2bf0b1e9c088,d42d03b1-47f2-493c-9a7e-638fa041c97e
ff3722ca-c59e-4166-b4da-2bf0b1e9c088,916800c5-0dab-4254-b327-b06f0543824d
ff3722ca-c59e-4166-b4da-2bf0b1e9c088,3e92fb43-2e91-4386-b73d-0577e19d75d9
ff3722ca-c59e-4166-b4da-2bf0b1e9c088,2b06c7f0-65f9-42db-a886-e03b61862fb6
ff3722ca-c59e-4166-b4da-2bf0b1e9c088,ac0f367a-7ab5-49c6-b6f0-77b231d3a3b9
ff3722ca-c59e-4166-b4da-2bf0b1e9c088,a31a9d84-f261-438e-a9c4-b7007ba7325a
ff3722ca-c59e-4166-b4da-2bf0b1e9c088,22a9f422-7940-44d8-97b1-73740629cd66
ff3722ca-c59e-4166-b4da-2bf0b1e9c088,2aa31dba-d9bb-464e-8b0c-8cce78f6cd61
ff3722ca-c59e-4166-b4da-2bf0b1e9c088,34960863-e909-47f2-85e2-b1ed246c57da
ff3722ca-c59e-4166-b4da-2bf0b1e9c088,c3159d31-a64a-4d9a-b6cc-646165304a5a
ff3722ca-c59e-4166-b4da-2bf0b1e9c088,cf000ee7-2282-4bdc-9d93-97376fa4ab78
ff3722ca-c59e-4166-b4da-2bf0b1e9c088,88dc921f-92ff-4bb7-91a3-6b217bed3f1f
ff3722ca-c59e-4166-b4da-2bf0b1e9c088,337de7d2-50b7-415e-9805-11af72a33a3e
ff3722ca-c59e-4166-b4da-2bf0b1e9c088,50b2d520-4907-47fb-9deb-01b9f0a60f80
ff3722ca-c59e-4166-b4da-2bf0b1e9c088,8ad5f7f8-b3c0-4e0e-a74d-434acfdee09c
ff3722ca-c59e-4166-b4da-2bf0b1e9c088,a6647f78-6490-48a6-8f38-3a74fd371769
ff3722ca-c59e-4166-b4da-2bf0b1e9c088,35515ac2-9f86-43da-a1e5-f9002f4c1fc0
ff3722ca-c59e-4166-b4da-2bf0b1e9c088,54a20f39-58d4-42ce-b3ad-d826b627b1a4
ff3722ca-c59e-4166-b4da-2bf0b1e9c088,2bf6c830-ebb6-478f-841e-aaab8edcec4d
ff3722ca-c59e-4166-b4da-2bf0b1e9c088,4178a4ef-1c0a-48fc-a569-e7c83cfbd46f
ff3722ca-c59e-4166-b4da-2bf0b1e9c088,b98682ac-fc8a-4570-b840-ea5580431f34
ff3722ca-c59e-4166-b4da-2bf0b1e9c088,f0cf72f8-e25e-49ad-acf8-f26be2ae4527
ff3722ca-c59e-4166-b4da-2bf0b1e9c088,1343e1c5-31f9-4297-b7eb-ed5c114bb32c
ff3722ca-c59e-4166-b4da-2bf0b1e9c088,e25ccca6-48b6-40b3-94e6-fbc5322abedd
ff3722ca-c59e-4166-b4da-2bf0b1e9c088,8fce6009-39c9-47da-88ce-34517b74ec97
ff3722ca-c59e-4166-b4da-2bf0b1e9c088,9add746b-4905-49fa-8f55-170be0513a55
ff3722ca-c59e-4166-b4da-2bf0b1e9c088,8ecb4a42-c120-433a-8d55-42e08fd561fb
ff3722ca-c59e-4166-b4da-2bf0b1e9c088,49ed75e6-43f8-4444-92e3-c920c5ff4b2f
ff3722ca-c59e-4166-b4da-2bf0b1e9c088,7f34c09b-723f-47d0-b75b-c498b5084067
ff3722ca-c59e-4166-b4da-2bf0b1e9c088,964715b5-fdc9-46bd-b670-8e4e7cc56256
ff3722ca-c59e-4166-b4da-2bf0b1e9c088,e75f110b-6b97-4ff4-b6a2-f230b9d87639
ff3722ca-c59e-4166-b4da-2bf0b1e9c088,aa1fbdc2-d5d4-47c2-8db1-ba4a168e6cb2
ff3722ca-c59e-4166-b4da-2bf0b1e9c088,7269e20f-3fbe-4aca-8ca9-629e4a23a29e
ff3722ca-c59e-4166-b4da-2bf0b1e9c088,7506012d-6f01-497b-9bb6-3fcd5721b362
ff3722ca-c59e-4166-b4da-2bf0b1e9c088,77feff39-5c1a-45c3-9ffb-7dd9bc1eda32
ff3722ca-c59e-4166-b4da-2bf0b1e9c088,62114484-51e7-48ff-9f3a-70120693ec86
ff3722ca-c59e-4166-b4da-2bf0b1e9c088,c650314a-7aa9-48ea-8897-2ac33ea650b6
ff3722ca-c59e-4166-b4da-2bf0b1e9c088,07f3573b-489b-4058-bfb5-b5caed78f53d
ff3722ca-c59e-4166-b4da-2bf0b1e9c088,6ceab0a8-c983-4a67-a832-5749b651950f
ff3722ca-c59e-4166-b4da-2bf0b1e9c088,43e1eca6-3f64-44c4-9078-2365d0cd6715
ff3722ca-c59e-4166-b4da-2bf0b1e9c088,1157468a-262e-45ca-9908-671dd0c38214
ff3722ca-c59e-4166-b4da-2bf0b1e9c088,e5ae13b6-b800-4769-8228-5862bc330697
ff3722ca-c59e-4166-b4da-2bf0b1e9c088,754d870e-d41e-4e3a-9334-7bd6511c1261
ff3722ca-c59e-4166-b4da-2bf0b1e9c088,b036650e-2b09-4838-b73d-d173379bfde9
ff3722ca-c59e-4166-b4da-2bf0b1e9c088,2294e905-3887-4c16-825d-6ae4bacbac9f
ff3722ca-c59e-4166-b4da-2bf0b1e9c088,e0d09b7a-24d7-4999-b984-849bbe22b315
ff3722ca-c59e-4166-b4da-2bf0b1e9c088,d0209c99-272f-44d4-95ac-773580cc49e7
ff3722ca-c59e-4166-b4da-2bf0b1e9c088,a6614c23-e471-492c-85ab-5fb93df4fe9f
ff3722ca-c59e-4166-b4da-2bf0b1e9c088,8660b916-74a4-4681-8ebb-29f6dfac253f
ff3722ca-c59e-4166-b4da-2bf0b1e9c088,e5ab09ff-1ebd-4f0e-ad33-1d9a2cbc6cac
ff3722ca-c59e-4166-b4da-2bf0b1e9c088,24ef8edc-f211-4695-b4e9-52f45d1d0518
ff3722ca-c59e-4166-b4da-2bf0b1e9c088,850fe1fc-0117-41e5-aded-118f05efd64b
ff3722ca-c59e-4166-b4da-2bf0b1e9c088,51855b37-3481-4584-baf7-2dd9fb5c3a3f
ff3722ca-c59e-4166-b4da-2bf0b1e9c088,9aae31b0-3130-4d23-9924-a2f8396d98e3
ff3722ca-c59e-4166-b4da-2bf0b1e9c088,502db1d7-409c-499d-9b4b-306c05ae72a9
ff3722ca-c59e-4166-b4da-2bf0b1e9c088,8673f2fa-3e3a-4857-852e-a65181599643
ff3722ca-c59e-4166-b4da-2bf0b1e9c088,6e0075ee-cf72-46c5-b969-9e15ec7e3af5
ff3722ca-c59e-4166-b4da-2bf0b1e9c088,7e6bf90e-4e10-4d2e-ba10-9ad65024947f
ff3722ca-c59e-4166-b4da-2bf0b1e9c088,d251e64b-0d00-41f5-b1a8-666493cfb504
ff3722ca-c59e-4166-b4da-2bf0b1e9c088,80b50ef8-96ea-4fb6-a37b-24de67bf946c
ff3722ca-c59e-4166-b4da-2bf0b1e9c088,0a3fe50b-9277-45c7-88cf-e338009d467d
ff3722ca-c59e-4166-b4da-2bf0b1e9c088,f781feae-f0ae-4568-9595-223221955cac
ff3722ca-c59e-4166-b4da-2bf0b1e9c088,6683aabb-9d5a-4454-b006-f828c5a95a39
ff3722ca-c59e-4166-b4da-2bf0b1e9c088,7dcd2312-1b4e-409c-ac67-f2c562aeecca
ff3722ca-c59e-4166-b4da-2bf0b1e9c088,3e2d97be-d00f-453a-89af-e35c3b1e8719
ff3722ca-c59e-4166-b4da-2bf0b1e9c088,29e9fb72-29dd-4362-a278-80e5beca153e
ff3722ca-c59e-4166-b4da-2bf0b1e9c088,9d9eccd9-67fc-4f71-a8da-94e0dbd79259
ff3722ca-c59e-4166-b4da-2bf0b1e9c088,6e821edf-e26e-40a1-93e3-2c20a9412fb7
ff3722ca-c59e-4166-b4da-2bf0b1e9c088,67cd3f59-43c6-4398-8f02-36bbc707e8c3
ff3722ca-c59e-4166-b4da-2bf0b1e9c088,c1dcd3bb-ec1e-416b-ab92-6205e81f4aaf
ff3722ca-c59e-4166-b4da-2bf0b1e9c088,39cc1231-731e-4ea9-b1bd-93b6c0d660c0
ff3722ca-c59e-4166-b4da-2bf0b1e9c088,66bb73df-60a3-4093-a8ce-0f3d56673316
ff3722ca-c59e-4166-b4da-2bf0b1e9c088,a467b389-e767-4a4a-89c6-da159e3b7208
ff3722ca-c59e-4166-b4da-2bf0b1e9c088,9288dc96-7c6b-4be6-911e-91c71cf4ae85
ff3722ca-c59e-4166-b4da-2bf0b1e9c088,742573f3-b658-4e0c-9183-e1a61ce9c201
ff3722ca-c59e-4166-b4da-2bf0b1e9c088,4f2f4f3d-487e-4144-a03f-5675a4dfe028
ff3722ca-c59e-4166-b4da-2bf0b1e9c088,22d1086b-80cd-45c5-8407-b6f9287842b1
ff3722ca-c59e-4166-b4da-2bf0b1e9c088,446a0158-cc72-46c3-a850-9593fb8b5cf5
ff3722ca-c59e-4166-b4da-2bf0b1e9c088,ad3dce70-faf5-4a7e-9b90-4493c27a4f1d
ff3722ca-c59e-4166-b4da-2bf0b1e9c088,4a4ba199-9481-41a3-b30e-4504e44c9bad
ff3722ca-c59e-4166-b4da-2bf0b1e9c088,b82ecc00-6336-42a4-9266-ee756671a255
ff3722ca-c59e-4166-b4da-2bf0b1e9c088,73b363c6-c734-4f2f-8db7-3bc47c104833
ff3722ca-c59e-4166-b4da-2bf0b1e9c088,94ff19e0-7bd9-462f-a232-602487b83ee3
ff3722ca-c59e-4166-b4da-2bf0b1e9c088,6858b9d4-74a6-41cb-9997-1f72253c9074
ff3722ca-c59e-4166-b4da-2bf0b1e9c088,06670f03-5e3a-44f0-bfba-65d9dd6dc25e
ff3722ca-c59e-4166-b4da-2bf0b1e9c088,f01613a7-8162-4e07-921b-360996b718f1
ff3722ca-c59e-4166-b4da-2bf0b1e9c088,a2ec249c-789d-4fd0-b156-b3ca34cecafd
ff3722ca-c59e-4166-b4da-2bf0b1e9c088,e607b15b-d7c2-4fa2-b1ff-ea1039a84716
ff3722ca-c59e-4166-b4da-2bf0b1e9c088,3ea22688-0f8c-4533-93e9-a4d912ee29b7
ff3722ca-c59e-4166-b4da-2bf0b1e9c088,a565cfee-8d16-47c9-b766-fde13d5a578d
ff3722ca-c59e-4166-b4da-2bf0b1e9c088,6c51bd3f-66f0-4872-a1cc-36e110ef569a
ff3722ca-c59e-4166-b4da-2bf0b1e9c088,06ec0fa1-cb98-44ca-b894-18bd638e4c8b
ff3722ca-c59e-4166-b4da-2bf0b1e9c088,b38c5c33-8dcd-4cc4-9f16-142947bc970d
ff3722ca-c59e-4166-b4da-2bf0b1e9c088,f8406140-e428-4df3-beeb-83ff6f4afed9
ff3722ca-c59e-4166-b4da-2bf0b1e9c088,1e27e946-9812-446d-b1de-10f15c09b209
ff3722ca-c59e-4166-b4da-2bf0b1e9c088,836f225c-e07e-43ef-997d-66276e5867fe
ff3722ca-c59e-4166-b4da-2bf0b1e9c088,bd6e0b72-6e5b-47c0-9520-a1f971c68276
ff3722ca-c59e-4166-b4da-2bf0b1e9c088,60702ca7-42a1-4987-986c-a3ee17498c4a
ff3722ca-c59e-4166-b4da-2bf0b1e9c088,20331205-67dd-433d-ad01-c9e481d2c97b
ff3722ca-c59e-4166-b4da-2bf0b1e9c088,9788c9f9-18fe-4964-948b-fa3e9fa41cdb
ff3722ca-c59e-4166-b4da-2bf0b1e9c088,3dfc04ee-90f5-4552-9db6-9aa2bafb4863
ff3722ca-c59e-4166-b4da-2bf0b1e9c088,214a2145-5c5f-46d7-b2dc-7f7655e55ab9
ff3722ca-c59e-4166-b4da-2bf0b1e9c088,d1714486-168b-4fe7-8346-debe71df568b
ff3722ca-c59e-4166-b4da-2bf0b1e9c088,ad10b4e3-814b-4e82-a82f-3f9442fe66f5
ff3722ca-c59e-4166-b4da-2bf0b1e9c088,f8b6e462-49bb-4e76-b099-c0133274a3bd
ff3722ca-c59e-4166-b4da-2bf0b1e9c088,eeb82e1b-91f6-4b63-969b-973a83942ce3
ff3722ca-c59e-4166-b4da-2bf0b1e9c088,d5649aa4-a6e3-48af-8105-2e0ec5434212
ff3722ca-c59e-4166-b4da-2bf0b1e9c088,ad3e5336-d71d-4c7e-bb9c-b8b14c03a1a2
ff3722ca-c59e-4166-b4da-2bf0b1e9c088,95c56220-63dd-475d-b41f-4b44df8a3a80
ff3722ca-c59e-4166-b4da-2bf0b1e9c088,cf599950-90e3-40fe-85ed-ca9163ef53f2
ff3722ca-c59e-4166-b4da-2bf0b1e9c088,79cd9f01-ae1c-43cb-be24-bdb46521487b
ff3722ca-c59e-4166-b4da-2bf0b1e9c088,7fbab367-1c6a-46ad-8372-310557c4ac13
ff3722ca-c59e-4166-b4da-2bf0b1e9c088,0b792253-46d3-4cbf-b82c-f8e732f797b2
ff3722ca-c59e-4166-b4da-2bf0b1e9c088,cc60b90d-44dc-4072-8b9b-f0f04e8626a1
309efd4e-2a4e-4ef6-95a9-f2e1760275d2,310deddf-3b76-4ab4-ac58-0b533114d28e
309efd4e-2a4e-4ef6-95a9-f2e1760275d2,8d53b5b6-de15-4dda-bedf-0fe719318f0d
309efd4e-2a4e-4ef6-95a9-f2e1760275d2,f2e26f34-1ab0-458e-b16e-e374e6b04551
309efd4e-2a4e-4ef6-95a9-f2e1760275d2,918c8d8b-7b5a-4fb9-a318-1b2e5cf21b4b
309efd4e-2a4e-4ef6-95a9-f2e1760275d2,4472419c-1eb6-41e4-b8db-8dfce937324b
309efd4e-2a4e-4ef6-95a9-f2e1760275d2,351f58fa-1b78-4734-8671-6d720d408b7f
309efd4e-2a4e-4ef6-95a9-f2e1760275d2,51d425c2-6454-4fbe-bb0c-f3af52829531
309efd4e-2a4e-4ef6-95a9-f2e1760275d2,40cc591b-3cb0-4ad1-be4f-526c1fba2d39
309efd4e-2a4e-4ef6-95a9-f2e1760275d2,5b93e3e8-7878-4bbb-a19d-9c5f24c43042
309efd4e-2a4e-4ef6-95a9-f2e1760275d2,866d8801-91f6-4b3e-8561-0d8fd8259337
309efd4e-2a4e-4ef6-95a9-f2e1760275d2,4f4b9719-3524-4a00-a74b-44d9e3ee3afb
309efd4e-2a4e-4ef6-95a9-f2e1760275d2,f807fc0c-3ee2-431f-8d8a-adf3824c843b
309efd4e-2a4e-4ef6-95a9-f2e1760275d2,9eb1e82e-0daa-4198-b22a-25baf5bb1ce0
309efd4e-2a4e-4ef6-95a9-f2e1760275d2,d6050df4-1649-4462-aa9b-92d89fcc5b8f
309efd4e-2a4e-4ef6-95a9-f2e1760275d2,6163b9c8-c32e-48f0-9d62-aac133855b4c
309efd4e-2a4e-4ef6-95a9-f2e1760275d2,66cece40-6468-4214-99a4-137b00723416
309efd4e-2a4e-4ef6-95a9-f2e1760275d2,18ba28e1-545d-417b-a65b-617f35af5ff9
309efd4e-2a4e-4ef6-95a9-f2e1760275d2,6e3a271a-415b-4758-a144-e9b76f0592c7
309efd4e-2a4e-4ef6-95a9-f2e1760275d2,dbdbda3d-affd-469e-ae41-988780d7e542
309efd4e-2a4e-4ef6-95a9-f2e1760275d2,b2c4e95d-130a-4230-b137-6de667683f52
309efd4e-2a4e-4ef6-95a9-f2e1760275d2,a034a9a1-d6c4-49fa-905d-e716a5b5d197
309efd4e-2a4e-4ef6-95a9-f2e1760275d2,132b63b9-3673-4047-a767-bed235052a2e
309efd4e-2a4e-4ef6-95a9-f2e1760275d2,59af5df8-04cf-496c-a615-a353b2e96031
309efd4e-2a4e-4ef6-95a9-f2e1760275d2,faea6673-d730-47bf-a3d3-dc0df145b0d9
309efd4e-2a4e-4ef6-95a9-f2e1760275d2,520e5c3c-a44a-43b7-b68b-b385a543ac75
309efd4e-2a4e-4ef6-95a9-f2e1760275d2,59ca0ede-8a28-4dd0-9bec-edc28b3bb77c
309efd4e-2a4e-4ef6-95a9-f2e1760275d2,738a9f3f-0d33-43d5-9f02-19bfa2020f6a
309efd4e-2a4e-4ef6-95a9-f2e1760275d2,fc75d94c-f1a6-48ae-aa89-9a89a5e4649b
309efd4e-2a4e-4ef6-95a9-f2e1760275d2,faa1753e-7ca7-4b88-9e05-c80806524c94
309efd4e-2a4e-4ef6-95a9-f2e1760275d2,94d9cbe9-5aeb-439b-ad7c-e4d5076818e4
309efd4e-2a4e-4ef6-95a9-f2e1760275d2,25eaf357-c3ab-4032-9be2-48b62745ef5d
309efd4e-2a4e-4ef6-95a9-f2e1760275d2,4923789b-0add-4277-986a-8d047cf658c9
309efd4e-2a4e-4ef6-95a9-f2e1760275d2,e9883f5d-ee9f-4615-af18-6ddd5d5e0b79
309efd4e-2a4e-4ef6-95a9-f2e1760275d2,e3eae30b-0447-44b1-974d-2988aefe3d48
309efd4e-2a4e-4ef6-95a9-f2e1760275d2,ea3e66d5-80dd-43b8-b7a9-a01d1fd93222
309efd4e-2a4e-4ef6-95a9-f2e1760275d2,5406c988-97ab-4575-9791-2331833a3feb
309efd4e-2a4e-4ef6-95a9-f2e1760275d2,366ae729-20e9-42b6-8841-6f20305a053f
309efd4e-2a4e-4ef6-95a9-f2e1760275d2,06cc5f6b-a65f-49fe-90af-a67f977d65b5
309efd4e-2a4e-4ef6-95a9-f2e1760275d2,828ebd35-5fdf-43e2-82cc-c0d481a427be
309efd4e-2a4e-4ef6-95a9-f2e1760275d2,8c814e0b-8190-4c1a-84f7-85dd6508a4c6
309efd4e-2a4e-4ef6-95a9-f2e1760275d2,d31168b9-2292-4871-9add-616e37f023c1
309efd4e-2a4e-4ef6-95a9-f2e1760275d2,f7a62c48-2137-47df-87fb-4f8a4a35bbfd
309efd4e-2a4e-4ef6-95a9-f2e1760275d2,d7f7f3db-f181-457e-8ced-c5624ad13a71
309efd4e-2a4e-4ef6-95a9-f2e1760275d2,a37f3c6b-31b3-4cb9-b6f9-9844b66c12d6
309efd4e-2a4e-4ef6-95a9-f2e1760275d2,8ddc12a3-72c9-4b2b-ae56-144500082035
309efd4e-2a4e-4ef6-95a9-f2e1760275d2,2df8c5a6-2c4c-49bc-ac19-08adadc5f7b8
309efd4e-2a4e-4ef6-95a9-f2e1760275d2,c873950c-6df2-45f6-91ca-128be906a563
309efd4e-2a4e-4ef6-95a9-f2e1760275d2,c825eb1b-1c8c-4dfa-9df7-07077d1f7f56
309efd4e-2a4e-4ef6-95a9-f2e1760275d2,949a6ec9-0bfb-481e-802c-b9381d3ac291
309efd4e-2a4e-4ef6-95a9-f2e1760275d2,986e001a-6c3c-473a-a96f-37da3b1c9ab5
309efd4e-2a4e-4ef6-95a9-f2e1760275d2,29bf85ea-bc91-4d69-9cc4-a1be3b38e493
309efd4e-2a4e-4ef6-95a9-f2e1760275d2,4e962a74-801d-46a2-b902-69e675ea53e1
309efd4e-2a4e-4ef6-95a9-f2e1760275d2,1e03b946-521b-4442-871d-37c191436477
309efd4e-2a4e-4ef6-95a9-f2e1760275d2,31138618-e8e3-4e88-bd54-198c5e2ae922
309efd4e-2a4e-4ef6-95a9-f2e1760275d2,8f662cbd-2d93-4ecc-a858-5ef050662fc6
309efd4e-2a4e-4ef6-95a9-f2e1760275d2,33169def-c18a-4319-ae78-5fc4f4d85c95
309efd4e-2a4e-4ef6-95a9-f2e1760275d2,883b89b9-ed72-496e-922a-1cde11f60c22
309efd4e-2a4e-4ef6-95a9-f2e1760275d2,11ced668-07fe-416b-a4c4-dfd14aa37315
309efd4e-2a4e-4ef6-95a9-f2e1760275d2,3144cfd0-0053-4702-b6bc-d27a02b21373
309efd4e-2a4e-4ef6-95a9-f2e1760275d2,2561f85e-a0c2-496a-a417-461a2f7e95f2
309efd4e-2a4e-4ef6-95a9-f2e1760275d2,545c3fd6-7fca-4381-9fcd-d4e95a45f296
309efd4e-2a4e-4ef6-95a9-f2e1760275d2,de553c0d-af8a-46c6-aed5-69a270307dab
309efd4e-2a4e-4ef6-95a9-f2e1760275d2,926db7d8-e784-4663-adf2-a4276d290ef7
309efd4e-2a4e-4ef6-95a9-f2e1760275d2,d62d8c8d-20ee-40f0-8a37-63038a41114d
309efd4e-2a4e-4ef6-95a9-f2e1760275d2,dd892d35-abb6-4e64-b1b5-4dfcf43e9b8b
309efd4e-2a4e-4ef6-95a9-f2e1760275d2,f71b655b-c53b-4efc-9213-e7f148f8f494
309efd4e-2a4e-4ef6-95a9-f2e1760275d2,68deab0c-3c8a-4a77-a93e-3c2ef2c8a281
309efd4e-2a4e-4ef6-95a9-f2e1760275d2,61c3fdc7-0fcd-4e4d-82ce-f03eb4a618a4
309efd4e-2a4e-4ef6-95a9-f2e1760275d2,83e11abc-1fe6-4642-8e1f-9fbcb22c7744
309efd4e-2a4e-4ef6-95a9-f2e1760275d2,d42d03b1-47f2-493c-9a7e-638fa041c97e
309efd4e-2a4e-4ef6-95a9-f2e1760275d2,916800c5-0dab-4254-b327-b06f0543824d
309efd4e-2a4e-4ef6-95a9-f2e1760275d2,3e92fb43-2e91-4386-b73d-0577e19d75d9
309efd4e-2a4e-4ef6-95a9-f2e1760275d2,2b06c7f0-65f9-42db-a886-e03b61862fb6
309efd4e-2a4e-4ef6-95a9-f2e1760275d2,ac0f367a-7ab5-49c6-b6f0-77b231d3a3b9
309efd4e-2a4e-4ef6-95a9-f2e1760275d2,a31a9d84-f261-438e-a9c4-b7007ba7325a
309efd4e-2a4e-4ef6-95a9-f2e1760275d2,22a9f422-7940-44d8-97b1-73740629cd66
309efd4e-2a4e-4ef6-95a9-f2e1760275d2,2aa31dba-d9bb-464e-8b0c-8cce78f6cd61
309efd4e-2a4e-4ef6-95a9-f2e1760275d2,34960863-e909-47f2-85e2-b1ed246c57da
309efd4e-2a4e-4ef6-95a9-f2e1760275d2,c3159d31-a64a-4d9a-b6cc-646165304a5a
309efd4e-2a4e-4ef6-95a9-f2e1760275d2,cf000ee7-2282-4bdc-9d93-97376fa4ab78
309efd4e-2a4e-4ef6-95a9-f2e1760275d2,88dc921f-92ff-4bb7-91a3-6b217bed3f1f
309efd4e-2a4e-4ef6-95a9-f2e1760275d2,337de7d2-50b7-415e-9805-11af72a33a3e
309efd4e-2a4e-4ef6-95a9-f2e1760275d2,50b2d520-4907-47fb-9deb-01b9f0a60f80
309efd4e-2a4e-4ef6-95a9-f2e1760275d2,8ad5f7f8-b3c0-4e0e-a74d-434acfdee09c
309efd4e-2a4e-4ef6-95a9-f2e1760275d2,a6647f78-6490-48a6-8f38-3a74fd371769
309efd4e-2a4e-4ef6-95a9-f2e1760275d2,35515ac2-9f86-43da-a1e5-f9002f4c1fc0
309efd4e-2a4e-4ef6-95a9-f2e1760275d2,54a20f39-58d4-42ce-b3ad-d826b627b1a4
309efd4e-2a4e-4ef6-95a9-f2e1760275d2,2bf6c830-ebb6-478f-841e-aaab8edcec4d
309efd4e-2a4e-4ef6-95a9-f2e1760275d2,4178a4ef-1c0a-48fc-a569-e7c83cfbd46f
309efd4e-2a4e-4ef6-95a9-f2e1760275d2,b98682ac-fc8a-4570-b840-ea5580431f34
309efd4e-2a4e-4ef6-95a9-f2e1760275d2,f0cf72f8-e25e-49ad-acf8-f26be2ae4527
309efd4e-2a4e-4ef6-95a9-f2e1760275d2,1343e1c5-31f9-4297-b7eb-ed5c114bb32c
309efd4e-2a4e-4ef6-95a9-f2e1760275d2,e25ccca6-48b6-40b3-94e6-fbc5322abedd
309efd4e-2a4e-4ef6-95a9-f2e1760275d2,8fce6009-39c9-47da-88ce-34517b74ec97
309efd4e-2a4e-4ef6-95a9-f2e1760275d2,9add746b-4905-49fa-8f55-170be0513a55
309efd4e-2a4e-4ef6-95a9-f2e1760275d2,8ecb4a42-c120-433a-8d55-42e08fd561fb
309efd4e-2a4e-4ef6-95a9-f2e1760275d2,49ed75e6-43f8-4444-92e3-c920c5ff4b2f
309efd4e-2a4e-4ef6-95a9-f2e1760275d2,7f34c09b-723f-47d0-b75b-c498b5084067
309efd4e-2a4e-4ef6-95a9-f2e1760275d2,964715b5-fdc9-46bd-b670-8e4e7cc56256
309efd4e-2a4e-4ef6-95a9-f2e1760275d2,e75f110b-6b97-4ff4-b6a2-f230b9d87639
309efd4e-2a4e-4ef6-95a9-f2e1760275d2,aa1fbdc2-d5d4-47c2-8db1-ba4a168e6cb2
309efd4e-2a4e-4ef6-95a9-f2e1760275d2,7269e20f-3fbe-4aca-8ca9-629e4a23a29e
309efd4e-2a4e-4ef6-95a9-f2e1760275d2,7506012d-6f01-497b-9bb6-3fcd5721b362
309efd4e-2a4e-4ef6-95a9-f2e1760275d2,77feff39-5c1a-45c3-9ffb-7dd9bc1eda32
309efd4e-2a4e-4ef6-95a9-f2e1760275d2,62114484-51e7-48ff-9f3a-70120693ec86
309efd4e-2a4e-4ef6-95a9-f2e1760275d2,c650314a-7aa9-48ea-8897-2ac33ea650b6
309efd4e-2a4e-4ef6-95a9-f2e1760275d2,07f3573b-489b-4058-bfb5-b5caed78f53d
309efd4e-2a4e-4ef6-95a9-f2e1760275d2,6ceab0a8-c983-4a67-a832-5749b651950f
309efd4e-2a4e-4ef6-95a9-f2e1760275d2,43e1eca6-3f64-44c4-9078-2365d0cd6715
309efd4e-2a4e-4ef6-95a9-f2e1760275d2,1157468a-262e-45ca-9908-671dd0c38214
309efd4e-2a4e-4ef6-95a9-f2e1760275d2,e5ae13b6-b800-4769-8228-5862bc330697
309efd4e-2a4e-4ef6-95a9-f2e1760275d2,754d870e-d41e-4e3a-9334-7bd6511c1261
309efd4e-2a4e-4ef6-95a9-f2e1760275d2,b036650e-2b09-4838-b73d-d173379bfde9
309efd4e-2a4e-4ef6-95a9-f2e1760275d2,2294e905-3887-4c16-825d-6ae4bacbac9f
309efd4e-2a4e-4ef6-95a9-f2e1760275d2,e0d09b7a-24d7-4999-b984-849bbe22b315
309efd4e-2a4e-4ef6-95a9-f2e1760275d2,d0209c99-272f-44d4-95ac-773580cc49e7
309efd4e-2a4e-4ef6-95a9-f2e1760275d2,a6614c23-e471-492c-85ab-5fb93df4fe9f
309efd4e-2a4e-4ef6-95a9-f2e1760275d2,8660b916-74a4-4681-8ebb-29f6dfac253f
309efd4e-2a4e-4ef6-95a9-f2e1760275d2,e5ab09ff-1ebd-4f0e-ad33-1d9a2cbc6cac
309efd4e-2a4e-4ef6-95a9-f2e1760275d2,24ef8edc-f211-4695-b4e9-52f45d1d0518
309efd4e-2a4e-4ef6-95a9-f2e1760275d2,850fe1fc-0117-41e5-aded-118f05efd64b
309efd4e-2a4e-4ef6-95a9-f2e1760275d2,51855b37-3481-4584-baf7-2dd9fb5c3a3f
309efd4e-2a4e-4ef6-95a9-f2e1760275d2,9aae31b0-3130-4d23-9924-a2f8396d98e3
309efd4e-2a4e-4ef6-95a9-f2e1760275d2,502db1d7-409c-499d-9b4b-306c05ae72a9
309efd4e-2a4e-4ef6-95a9-f2e1760275d2,8673f2fa-3e3a-4857-852e-a65181599643
309efd4e-2a4e-4ef6-95a9-f2e1760275d2,6e0075ee-cf72-46c5-b969-9e15ec7e3af5
309efd4e-2a4e-4ef6-95a9-f2e1760275d2,7e6bf90e-4e10-4d2e-ba10-9ad65024947f
309efd4e-2a4e-4ef6-95a9-f2e1760275d2,d251e64b-0d00-41f5-b1a8-666493cfb504
309efd4e-2a4e-4ef6-95a9-f2e1760275d2,80b50ef8-96ea-4fb6-a37b-24de67bf946c
309efd4e-2a4e-4ef6-95a9-f2e1760275d2,0a3fe50b-9277-45c7-88cf-e338009d467d
309efd4e-2a4e-4ef6-95a9-f2e1760275d2,f781feae-f0ae-4568-9595-223221955cac
309efd4e-2a4e-4ef6-95a9-f2e1760275d2,6683aabb-9d5a-4454-b006-f828c5a95a39
309efd4e-2a4e-4ef6-95a9-f2e1760275d2,7dcd2312-1b4e-409c-ac67-f2c562aeecca
309efd4e-2a4e-4ef6-95a9-f2e1760275d2,3e2d97be-d00f-453a-89af-e35c3b1e8719
309efd4e-2a4e-4ef6-95a9-f2e1760275d2,29e9fb72-29dd-4362-a278-80e5beca153e
309efd4e-2a4e-4ef6-95a9-f2e1760275d2,9d9eccd9-67fc-4f71-a8da-94e0dbd79259
309efd4e-2a4e-4ef6-95a9-f2e1760275d2,6e821edf-e26e-40a1-93e3-2c20a9412fb7
309efd4e-2a4e-4ef6-95a9-f2e1760275d2,67cd3f59-43c6-4398-8f02-36bbc707e8c3
309efd4e-2a4e-4ef6-95a9-f2e1760275d2,c1dcd3bb-ec1e-416b-ab92-6205e81f4aaf
309efd4e-2a4e-4ef6-95a9-f2e1760275d2,39cc1231-731e-4ea9-b1bd-93b6c0d660c0
309efd4e-2a4e-4ef6-95a9-f2e1760275d2,66bb73df-60a3-4093-a8ce-0f3d56673316
309efd4e-2a4e-4ef6-95a9-f2e1760275d2,a467b389-e767-4a4a-89c6-da159e3b7208
309efd4e-2a4e-4ef6-95a9-f2e1760275d2,742573f3-b658-4e0c-9183-e1a61ce9c201
309efd4e-2a4e-4ef6-95a9-f2e1760275d2,9288dc96-7c6b-4be6-911e-91c71cf4ae85
309efd4e-2a4e-4ef6-95a9-f2e1760275d2,4f2f4f3d-487e-4144-a03f-5675a4dfe028
309efd4e-2a4e-4ef6-95a9-f2e1760275d2,22d1086b-80cd-45c5-8407-b6f9287842b1
309efd4e-2a4e-4ef6-95a9-f2e1760275d2,446a0158-cc72-46c3-a850-9593fb8b5cf5
309efd4e-2a4e-4ef6-95a9-f2e1760275d2,ad3dce70-faf5-4a7e-9b90-4493c27a4f1d
309efd4e-2a4e-4ef6-95a9-f2e1760275d2,4a4ba199-9481-41a3-b30e-4504e44c9bad
309efd4e-2a4e-4ef6-95a9-f2e1760275d2,b82ecc00-6336-42a4-9266-ee756671a255
309efd4e-2a4e-4ef6-95a9-f2e1760275d2,73b363c6-c734-4f2f-8db7-3bc47c104833
309efd4e-2a4e-4ef6-95a9-f2e1760275d2,94ff19e0-7bd9-462f-a232-602487b83ee3
309efd4e-2a4e-4ef6-95a9-f2e1760275d2,6858b9d4-74a6-41cb-9997-1f72253c9074
309efd4e-2a4e-4ef6-95a9-f2e1760275d2,06670f03-5e3a-44f0-bfba-65d9dd6dc25e
309efd4e-2a4e-4ef6-95a9-f2e1760275d2,f01613a7-8162-4e07-921b-360996b718f1
309efd4e-2a4e-4ef6-95a9-f2e1760275d2,a2ec249c-789d-4fd0-b156-b3ca34cecafd
309efd4e-2a4e-4ef6-95a9-f2e1760275d2,e607b15b-d7c2-4fa2-b1ff-ea1039a84716
309efd4e-2a4e-4ef6-95a9-f2e1760275d2,3ea22688-0f8c-4533-93e9-a4d912ee29b7
309efd4e-2a4e-4ef6-95a9-f2e1760275d2,a565cfee-8d16-47c9-b766-fde13d5a578d
309efd4e-2a4e-4ef6-95a9-f2e1760275d2,6c51bd3f-66f0-4872-a1cc-36e110ef569a
309efd4e-2a4e-4ef6-95a9-f2e1760275d2,06ec0fa1-cb98-44ca-b894-18bd638e4c8b
309efd4e-2a4e-4ef6-95a9-f2e1760275d2,b38c5c33-8dcd-4cc4-9f16-142947bc970d
309efd4e-2a4e-4ef6-95a9-f2e1760275d2,f8406140-e428-4df3-beeb-83ff6f4afed9
309efd4e-2a4e-4ef6-95a9-f2e1760275d2,1e27e946-9812-446d-b1de-10f15c09b209
309efd4e-2a4e-4ef6-95a9-f2e1760275d2,836f225c-e07e-43ef-997d-66276e5867fe
309efd4e-2a4e-4ef6-95a9-f2e1760275d2,bd6e0b72-6e5b-47c0-9520-a1f971c68276
309efd4e-2a4e-4ef6-95a9-f2e1760275d2,60702ca7-42a1-4987-986c-a3ee17498c4a
309efd4e-2a4e-4ef6-95a9-f2e1760275d2,20331205-67dd-433d-ad01-c9e481d2c97b
309efd4e-2a4e-4ef6-95a9-f2e1760275d2,9788c9f9-18fe-4964-948b-fa3e9fa41cdb
309efd4e-2a4e-4ef6-95a9-f2e1760275d2,3dfc04ee-90f5-4552-9db6-9aa2bafb4863
309efd4e-2a4e-4ef6-95a9-f2e1760275d2,214a2145-5c5f-46d7-b2dc-7f7655e55ab9
309efd4e-2a4e-4ef6-95a9-f2e1760275d2,d1714486-168b-4fe7-8346-debe71df568b
309efd4e-2a4e-4ef6-95a9-f2e1760275d2,ad10b4e3-814b-4e82-a82f-3f9442fe66f5
309efd4e-2a4e-4ef6-95a9-f2e1760275d2,f8b6e462-49bb-4e76-b099-c0133274a3bd
309efd4e-2a4e-4ef6-95a9-f2e1760275d2,eeb82e1b-91f6-4b63-969b-973a83942ce3
309efd4e-2a4e-4ef6-95a9-f2e1760275d2,d5649aa4-a6e3-48af-8105-2e0ec5434212
309efd4e-2a4e-4ef6-95a9-f2e1760275d2,ad3e5336-d71d-4c7e-bb9c-b8b14c03a1a2
309efd4e-2a4e-4ef6-95a9-f2e1760275d2,95c56220-63dd-475d-b41f-4b44df8a3a80
309efd4e-2a4e-4ef6-95a9-f2e1760275d2,cf599950-90e3-40fe-85ed-ca9163ef53f2
309efd4e-2a4e-4ef6-95a9-f2e1760275d2,79cd9f01-ae1c-43cb-be24-bdb46521487b
309efd4e-2a4e-4ef6-95a9-f2e1760275d2,7fbab367-1c6a-46ad-8372-310557c4ac13
309efd4e-2a4e-4ef6-95a9-f2e1760275d2,0b792253-46d3-4cbf-b82c-f8e732f797b2
309efd4e-2a4e-4ef6-95a9-f2e1760275d2,cc60b90d-44dc-4072-8b9b-f0f04e8626a1
e4c6dbf8-a196-40dc-bcd7-17f36a579d5b,310deddf-3b76-4ab4-ac58-0b533114d28e
e4c6dbf8-a196-40dc-bcd7-17f36a579d5b,8d53b5b6-de15-4dda-bedf-0fe719318f0d
e4c6dbf8-a196-40dc-bcd7-17f36a579d5b,f2e26f34-1ab0-458e-b16e-e374e6b04551
e4c6dbf8-a196-40dc-bcd7-17f36a579d5b,918c8d8b-7b5a-4fb9-a318-1b2e5cf21b4b
e4c6dbf8-a196-40dc-bcd7-17f36a579d5b,4472419c-1eb6-41e4-b8db-8dfce937324b
e4c6dbf8-a196-40dc-bcd7-17f36a579d5b,351f58fa-1b78-4734-8671-6d720d408b7f
e4c6dbf8-a196-40dc-bcd7-17f36a579d5b,51d425c2-6454-4fbe-bb0c-f3af52829531
e4c6dbf8-a196-40dc-bcd7-17f36a579d5b,40cc591b-3cb0-4ad1-be4f-526c1fba2d39
e4c6dbf8-a196-40dc-bcd7-17f36a579d5b,5b93e3e8-7878-4bbb-a19d-9c5f24c43042
e4c6dbf8-a196-40dc-bcd7-17f36a579d5b,866d8801-91f6-4b3e-8561-0d8fd8259337
e4c6dbf8-a196-40dc-bcd7-17f36a579d5b,4f4b9719-3524-4a00-a74b-44d9e3ee3afb
e4c6dbf8-a196-40dc-bcd7-17f36a579d5b,f807fc0c-3ee2-431f-8d8a-adf3824c843b
e4c6dbf8-a196-40dc-bcd7-17f36a579d5b,9eb1e82e-0daa-4198-b22a-25baf5bb1ce0
e4c6dbf8-a196-40dc-bcd7-17f36a579d5b,d6050df4-1649-4462-aa9b-92d89fcc5b8f
e4c6dbf8-a196-40dc-bcd7-17f36a579d5b,6163b9c8-c32e-48f0-9d62-aac133855b4c
e4c6dbf8-a196-40dc-bcd7-17f36a579d5b,66cece40-6468-4214-99a4-137b00723416
e4c6dbf8-a196-40dc-bcd7-17f36a579d5b,18ba28e1-545d-417b-a65b-617f35af5ff9
e4c6dbf8-a196-40dc-bcd7-17f36a579d5b,6e3a271a-415b-4758-a144-e9b76f0592c7
e4c6dbf8-a196-40dc-bcd7-17f36a579d5b,dbdbda3d-affd-469e-ae41-988780d7e542
e4c6dbf8-a196-40dc-bcd7-17f36a579d5b,b2c4e95d-130a-4230-b137-6de667683f52
e4c6dbf8-a196-40dc-bcd7-17f36a579d5b,a034a9a1-d6c4-49fa-905d-e716a5b5d197
e4c6dbf8-a196-40dc-bcd7-17f36a579d5b,132b63b9-3673-4047-a767-bed235052a2e
e4c6dbf8-a196-40dc-bcd7-17f36a579d5b,59af5df8-04cf-496c-a615-a353b2e96031
e4c6dbf8-a196-40dc-bcd7-17f36a579d5b,faea6673-d730-47bf-a3d3-dc0df145b0d9
e4c6dbf8-a196-40dc-bcd7-17f36a579d5b,520e5c3c-a44a-43b7-b68b-b385a543ac75
e4c6dbf8-a196-40dc-bcd7-17f36a579d5b,59ca0ede-8a28-4dd0-9bec-edc28b3bb77c
e4c6dbf8-a196-40dc-bcd7-17f36a579d5b,738a9f3f-0d33-43d5-9f02-19bfa2020f6a
e4c6dbf8-a196-40dc-bcd7-17f36a579d5b,fc75d94c-f1a6-48ae-aa89-9a89a5e4649b
e4c6dbf8-a196-40dc-bcd7-17f36a579d5b,faa1753e-7ca7-4b88-9e05-c80806524c94
e4c6dbf8-a196-40dc-bcd7-17f36a579d5b,94d9cbe9-5aeb-439b-ad7c-e4d5076818e4
e4c6dbf8-a196-40dc-bcd7-17f36a579d5b,25eaf357-c3ab-4032-9be2-48b62745ef5d
e4c6dbf8-a196-40dc-bcd7-17f36a579d5b,4923789b-0add-4277-986a-8d047cf658c9
e4c6dbf8-a196-40dc-bcd7-17f36a579d5b,e9883f5d-ee9f-4615-af18-6ddd5d5e0b79
e4c6dbf8-a196-40dc-bcd7-17f36a579d5b,e3eae30b-0447-44b1-974d-2988aefe3d48
e4c6dbf8-a196-40dc-bcd7-17f36a579d5b,ea3e66d5-80dd-43b8-b7a9-a01d1fd93222
e4c6dbf8-a196-40dc-bcd7-17f36a579d5b,5406c988-97ab-4575-9791-2331833a3feb
e4c6dbf8-a196-40dc-bcd7-17f36a579d5b,366ae729-20e9-42b6-8841-6f20305a053f
e4c6dbf8-a196-40dc-bcd7-17f36a579d5b,06cc5f6b-a65f-49fe-90af-a67f977d65b5
e4c6dbf8-a196-40dc-bcd7-17f36a579d5b,828ebd35-5fdf-43e2-82cc-c0d481a427be
e4c6dbf8-a196-40dc-bcd7-17f36a579d5b,8c814e0b-8190-4c1a-84f7-85dd6508a4c6
e4c6dbf8-a196-40dc-bcd7-17f36a579d5b,d31168b9-2292-4871-9add-616e37f023c1
e4c6dbf8-a196-40dc-bcd7-17f36a579d5b,f7a62c48-2137-47df-87fb-4f8a4a35bbfd
e4c6dbf8-a196-40dc-bcd7-17f36a579d5b,d7f7f3db-f181-457e-8ced-c5624ad13a71
e4c6dbf8-a196-40dc-bcd7-17f36a579d5b,a37f3c6b-31b3-4cb9-b6f9-9844b66c12d6
e4c6dbf8-a196-40dc-bcd7-17f36a579d5b,8ddc12a3-72c9-4b2b-ae56-144500082035
e4c6dbf8-a196-40dc-bcd7-17f36a579d5b,2df8c5a6-2c4c-49bc-ac19-08adadc5f7b8
e4c6dbf8-a196-40dc-bcd7-17f36a579d5b,c873950c-6df2-45f6-91ca-128be906a563
e4c6dbf8-a196-40dc-bcd7-17f36a579d5b,c825eb1b-1c8c-4dfa-9df7-07077d1f7f56
e4c6dbf8-a196-40dc-bcd7-17f36a579d5b,949a6ec9-0bfb-481e-802c-b9381d3ac291
e4c6dbf8-a196-40dc-bcd7-17f36a579d5b,986e001a-6c3c-473a-a96f-37da3b1c9ab5
e4c6dbf8-a196-40dc-bcd7-17f36a579d5b,29bf85ea-bc91-4d69-9cc4-a1be3b38e493
e4c6dbf8-a196-40dc-bcd7-17f36a579d5b,4e962a74-801d-46a2-b902-69e675ea53e1
e4c6dbf8-a196-40dc-bcd7-17f36a579d5b,1e03b946-521b-4442-871d-37c191436477
e4c6dbf8-a196-40dc-bcd7-17f36a579d5b,31138618-e8e3-4e88-bd54-198c5e2ae922
e4c6dbf8-a196-40dc-bcd7-17f36a579d5b,8f662cbd-2d93-4ecc-a858-5ef050662fc6
e4c6dbf8-a196-40dc-bcd7-17f36a579d5b,33169def-c18a-4319-ae78-5fc4f4d85c95
e4c6dbf8-a196-40dc-bcd7-17f36a579d5b,883b89b9-ed72-496e-922a-1cde11f60c22
e4c6dbf8-a196-40dc-bcd7-17f36a579d5b,11ced668-07fe-416b-a4c4-dfd14aa37315
e4c6dbf8-a196-40dc-bcd7-17f36a579d5b,3144cfd0-0053-4702-b6bc-d27a02b21373
e4c6dbf8-a196-40dc-bcd7-17f36a579d5b,2561f85e-a0c2-496a-a417-461a2f7e95f2
e4c6dbf8-a196-40dc-bcd7-17f36a579d5b,545c3fd6-7fca-4381-9fcd-d4e95a45f296
e4c6dbf8-a196-40dc-bcd7-17f36a579d5b,de553c0d-af8a-46c6-aed5-69a270307dab
e4c6dbf8-a196-40dc-bcd7-17f36a579d5b,926db7d8-e784-4663-adf2-a4276d290ef7
e4c6dbf8-a196-40dc-bcd7-17f36a579d5b,d62d8c8d-20ee-40f0-8a37-63038a41114d
e4c6dbf8-a196-40dc-bcd7-17f36a579d5b,dd892d35-abb6-4e64-b1b5-4dfcf43e9b8b
e4c6dbf8-a196-40dc-bcd7-17f36a579d5b,f71b655b-c53b-4efc-9213-e7f148f8f494
e4c6dbf8-a196-40dc-bcd7-17f36a579d5b,68deab0c-3c8a-4a77-a93e-3c2ef2c8a281
e4c6dbf8-a196-40dc-bcd7-17f36a579d5b,61c3fdc7-0fcd-4e4d-82ce-f03eb4a618a4
e4c6dbf8-a196-40dc-bcd7-17f36a579d5b,83e11abc-1fe6-4642-8e1f-9fbcb22c7744
e4c6dbf8-a196-40dc-bcd7-17f36a579d5b,d42d03b1-47f2-493c-9a7e-638fa041c97e
e4c6dbf8-a196-40dc-bcd7-17f36a579d5b,916800c5-0dab-4254-b327-b06f0543824d
e4c6dbf8-a196-40dc-bcd7-17f36a579d5b,3e92fb43-2e91-4386-b73d-0577e19d75d9
e4c6dbf8-a196-40dc-bcd7-17f36a579d5b,2b06c7f0-65f9-42db-a886-e03b61862fb6
e4c6dbf8-a196-40dc-bcd7-17f36a579d5b,ac0f367a-7ab5-49c6-b6f0-77b231d3a3b9
e4c6dbf8-a196-40dc-bcd7-17f36a579d5b,a31a9d84-f261-438e-a9c4-b7007ba7325a
e4c6dbf8-a196-40dc-bcd7-17f36a579d5b,22a9f422-7940-44d8-97b1-73740629cd66
e4c6dbf8-a196-40dc-bcd7-17f36a579d5b,2aa31dba-d9bb-464e-8b0c-8cce78f6cd61
e4c6dbf8-a196-40dc-bcd7-17f36a579d5b,34960863-e909-47f2-85e2-b1ed246c57da
e4c6dbf8-a196-40dc-bcd7-17f36a579d5b,c3159d31-a64a-4d9a-b6cc-646165304a5a
e4c6dbf8-a196-40dc-bcd7-17f36a579d5b,cf000ee7-2282-4bdc-9d93-97376fa4ab78
e4c6dbf8-a196-40dc-bcd7-17f36a579d5b,88dc921f-92ff-4bb7-91a3-6b217bed3f1f
e4c6dbf8-a196-40dc-bcd7-17f36a579d5b,337de7d2-50b7-415e-9805-11af72a33a3e
e4c6dbf8-a196-40dc-bcd7-17f36a579d5b,50b2d520-4907-47fb-9deb-01b9f0a60f80
e4c6dbf8-a196-40dc-bcd7-17f36a579d5b,8ad5f7f8-b3c0-4e0e-a74d-434acfdee09c
e4c6dbf8-a196-40dc-bcd7-17f36a579d5b,a6647f78-6490-48a6-8f38-3a74fd371769
e4c6dbf8-a196-40dc-bcd7-17f36a579d5b,35515ac2-9f86-43da-a1e5-f9002f4c1fc0
e4c6dbf8-a196-40dc-bcd7-17f36a579d5b,54a20f39-58d4-42ce-b3ad-d826b627b1a4
e4c6dbf8-a196-40dc-bcd7-17f36a579d5b,2bf6c830-ebb6-478f-841e-aaab8edcec4d
e4c6dbf8-a196-40dc-bcd7-17f36a579d5b,4178a4ef-1c0a-48fc-a569-e7c83cfbd46f
e4c6dbf8-a196-40dc-bcd7-17f36a579d5b,b98682ac-fc8a-4570-b840-ea5580431f34
e4c6dbf8-a196-40dc-bcd7-17f36a579d5b,f0cf72f8-e25e-49ad-acf8-f26be2ae4527
e4c6dbf8-a196-40dc-bcd7-17f36a579d5b,1343e1c5-31f9-4297-b7eb-ed5c114bb32c
e4c6dbf8-a196-40dc-bcd7-17f36a579d5b,e25ccca6-48b6-40b3-94e6-fbc5322abedd
e4c6dbf8-a196-40dc-bcd7-17f36a579d5b,8fce6009-39c9-47da-88ce-34517b74ec97
e4c6dbf8-a196-40dc-bcd7-17f36a579d5b,9add746b-4905-49fa-8f55-170be0513a55
e4c6dbf8-a196-40dc-bcd7-17f36a579d5b,8ecb4a42-c120-433a-8d55-42e08fd561fb
e4c6dbf8-a196-40dc-bcd7-17f36a579d5b,49ed75e6-43f8-4444-92e3-c920c5ff4b2f
e4c6dbf8-a196-40dc-bcd7-17f36a579d5b,7f34c09b-723f-47d0-b75b-c498b5084067
e4c6dbf8-a196-40dc-bcd7-17f36a579d5b,964715b5-fdc9-46bd-b670-8e4e7cc56256
e4c6dbf8-a196-40dc-bcd7-17f36a579d5b,e75f110b-6b97-4ff4-b6a2-f230b9d87639
e4c6dbf8-a196-40dc-bcd7-17f36a579d5b,aa1fbdc2-d5d4-47c2-8db1-ba4a168e6cb2
e4c6dbf8-a196-40dc-bcd7-17f36a579d5b,7269e20f-3fbe-4aca-8ca9-629e4a23a29e
e4c6dbf8-a196-40dc-bcd7-17f36a579d5b,7506012d-6f01-497b-9bb6-3fcd5721b362
e4c6dbf8-a196-40dc-bcd7-17f36a579d5b,77feff39-5c1a-45c3-9ffb-7dd9bc1eda32
e4c6dbf8-a196-40dc-bcd7-17f36a579d5b,62114484-51e7-48ff-9f3a-70120693ec86
e4c6dbf8-a196-40dc-bcd7-17f36a579d5b,c650314a-7aa9-48ea-8897-2ac33ea650b6
e4c6dbf8-a196-40dc-bcd7-17f36a579d5b,07f3573b-489b-4058-bfb5-b5caed78f53d
e4c6dbf8-a196-40dc-bcd7-17f36a579d5b,6ceab0a8-c983-4a67-a832-5749b651950f
e4c6dbf8-a196-40dc-bcd7-17f36a579d5b,43e1eca6-3f64-44c4-9078-2365d0cd6715
e4c6dbf8-a196-40dc-bcd7-17f36a579d5b,1157468a-262e-45ca-9908-671dd0c38214
e4c6dbf8-a196-40dc-bcd7-17f36a579d5b,e5ae13b6-b800-4769-8228-5862bc330697
e4c6dbf8-a196-40dc-bcd7-17f36a579d5b,754d870e-d41e-4e3a-9334-7bd6511c1261
e4c6dbf8-a196-40dc-bcd7-17f36a579d5b,b036650e-2b09-4838-b73d-d173379bfde9
e4c6dbf8-a196-40dc-bcd7-17f36a579d5b,2294e905-3887-4c16-825d-6ae4bacbac9f
e4c6dbf8-a196-40dc-bcd7-17f36a579d5b,e0d09b7a-24d7-4999-b984-849bbe22b315
e4c6dbf8-a196-40dc-bcd7-17f36a579d5b,d0209c99-272f-44d4-95ac-773580cc49e7
e4c6dbf8-a196-40dc-bcd7-17f36a579d5b,a6614c23-e471-492c-85ab-5fb93df4fe9f
e4c6dbf8-a196-40dc-bcd7-17f36a579d5b,8660b916-74a4-4681-8ebb-29f6dfac253f
e4c6dbf8-a196-40dc-bcd7-17f36a579d5b,e5ab09ff-1ebd-4f0e-ad33-1d9a2cbc6cac
e4c6dbf8-a196-40dc-bcd7-17f36a579d5b,24ef8edc-f211-4695-b4e9-52f45d1d0518
e4c6dbf8-a196-40dc-bcd7-17f36a579d5b,850fe1fc-0117-41e5-aded-118f05efd64b
e4c6dbf8-a196-40dc-bcd7-17f36a579d5b,51855b37-3481-4584-baf7-2dd9fb5c3a3f
e4c6dbf8-a196-40dc-bcd7-17f36a579d5b,9aae31b0-3130-4d23-9924-a2f8396d98e3
e4c6dbf8-a196-40dc-bcd7-17f36a579d5b,502db1d7-409c-499d-9b4b-306c05ae72a9
e4c6dbf8-a196-40dc-bcd7-17f36a579d5b,8673f2fa-3e3a-4857-852e-a65181599643
e4c6dbf8-a196-40dc-bcd7-17f36a579d5b,6e0075ee-cf72-46c5-b969-9e15ec7e3af5
e4c6dbf8-a196-40dc-bcd7-17f36a579d5b,7e6bf90e-4e10-4d2e-ba10-9ad65024947f
e4c6dbf8-a196-40dc-bcd7-17f36a579d5b,d251e64b-0d00-41f5-b1a8-666493cfb504
e4c6dbf8-a196-40dc-bcd7-17f36a579d5b,80b50ef8-96ea-4fb6-a37b-24de67bf946c
e4c6dbf8-a196-40dc-bcd7-17f36a579d5b,0a3fe50b-9277-45c7-88cf-e338009d467d
e4c6dbf8-a196-40dc-bcd7-17f36a579d5b,f781feae-f0ae-4568-9595-223221955cac
e4c6dbf8-a196-40dc-bcd7-17f36a579d5b,6683aabb-9d5a-4454-b006-f828c5a95a39
e4c6dbf8-a196-40dc-bcd7-17f36a579d5b,7dcd2312-1b4e-409c-ac67-f2c562aeecca
e4c6dbf8-a196-40dc-bcd7-17f36a579d5b,3e2d97be-d00f-453a-89af-e35c3b1e8719
e4c6dbf8-a196-40dc-bcd7-17f36a579d5b,29e9fb72-29dd-4362-a278-80e5beca153e
e4c6dbf8-a196-40dc-bcd7-17f36a579d5b,9d9eccd9-67fc-4f71-a8da-94e0dbd79259
e4c6dbf8-a196-40dc-bcd7-17f36a579d5b,6e821edf-e26e-40a1-93e3-2c20a9412fb7
e4c6dbf8-a196-40dc-bcd7-17f36a579d5b,67cd3f59-43c6-4398-8f02-36bbc707e8c3
e4c6dbf8-a196-40dc-bcd7-17f36a579d5b,c1dcd3bb-ec1e-416b-ab92-6205e81f4aaf
e4c6dbf8-a196-40dc-bcd7-17f36a579d5b,39cc1231-731e-4ea9-b1bd-93b6c0d660c0
e4c6dbf8-a196-40dc-bcd7-17f36a579d5b,66bb73df-60a3-4093-a8ce-0f3d56673316
e4c6dbf8-a196-40dc-bcd7-17f36a579d5b,a467b389-e767-4a4a-89c6-da159e3b7208
e4c6dbf8-a196-40dc-bcd7-17f36a579d5b,742573f3-b658-4e0c-9183-e1a61ce9c201
e4c6dbf8-a196-40dc-bcd7-17f36a579d5b,9288dc96-7c6b-4be6-911e-91c71cf4ae85
e4c6dbf8-a196-40dc-bcd7-17f36a579d5b,4f2f4f3d-487e-4144-a03f-5675a4dfe028
e4c6dbf8-a196-40dc-bcd7-17f36a579d5b,22d1086b-80cd-45c5-8407-b6f9287842b1
e4c6dbf8-a196-40dc-bcd7-17f36a579d5b,446a0158-cc72-46c3-a850-9593fb8b5cf5
e4c6dbf8-a196-40dc-bcd7-17f36a579d5b,ad3dce70-faf5-4a7e-9b90-4493c27a4f1d
e4c6dbf8-a196-40dc-bcd7-17f36a579d5b,4a4ba199-9481-41a3-b30e-4504e44c9bad
e4c6dbf8-a196-40dc-bcd7-17f36a579d5b,b82ecc00-6336-42a4-9266-ee756671a255
e4c6dbf8-a196-40dc-bcd7-17f36a579d5b,73b363c6-c734-4f2f-8db7-3bc47c104833
e4c6dbf8-a196-40dc-bcd7-17f36a579d5b,94ff19e0-7bd9-462f-a232-602487b83ee3
e4c6dbf8-a196-40dc-bcd7-17f36a579d5b,6858b9d4-74a6-41cb-9997-1f72253c9074
e4c6dbf8-a196-40dc-bcd7-17f36a579d5b,06670f03-5e3a-44f0-bfba-65d9dd6dc25e
e4c6dbf8-a196-40dc-bcd7-17f36a579d5b,f01613a7-8162-4e07-921b-360996b718f1
e4c6dbf8-a196-40dc-bcd7-17f36a579d5b,a2ec249c-789d-4fd0-b156-b3ca34cecafd
e4c6dbf8-a196-40dc-bcd7-17f36a579d5b,e607b15b-d7c2-4fa2-b1ff-ea1039a84716
e4c6dbf8-a196-40dc-bcd7-17f36a579d5b,3ea22688-0f8c-4533-93e9-a4d912ee29b7
e4c6dbf8-a196-40dc-bcd7-17f36a579d5b,a565cfee-8d16-47c9-b766-fde13d5a578d
e4c6dbf8-a196-40dc-bcd7-17f36a579d5b,6c51bd3f-66f0-4872-a1cc-36e110ef569a
e4c6dbf8-a196-40dc-bcd7-17f36a579d5b,06ec0fa1-cb98-44ca-b894-18bd638e4c8b
e4c6dbf8-a196-40dc-bcd7-17f36a579d5b,b38c5c33-8dcd-4cc4-9f16-142947bc970d
e4c6dbf8-a196-40dc-bcd7-17f36a579d5b,f8406140-e428-4df3-beeb-83ff6f4afed9
e4c6dbf8-a196-40dc-bcd7-17f36a579d5b,1e27e946-9812-446d-b1de-10f15c09b209
e4c6dbf8-a196-40dc-bcd7-17f36a579d5b,836f225c-e07e-43ef-997d-66276e5867fe
e4c6dbf8-a196-40dc-bcd7-17f36a579d5b,bd6e0b72-6e5b-47c0-9520-a1f971c68276
e4c6dbf8-a196-40dc-bcd7-17f36a579d5b,60702ca7-42a1-4987-986c-a3ee17498c4a
e4c6dbf8-a196-40dc-bcd7-17f36a579d5b,20331205-67dd-433d-ad01-c9e481d2c97b
e4c6dbf8-a196-40dc-bcd7-17f36a579d5b,9788c9f9-18fe-4964-948b-fa3e9fa41cdb
e4c6dbf8-a196-40dc-bcd7-17f36a579d5b,3dfc04ee-90f5-4552-9db6-9aa2bafb4863
e4c6dbf8-a196-40dc-bcd7-17f36a579d5b,214a2145-5c5f-46d7-b2dc-7f7655e55ab9
e4c6dbf8-a196-40dc-bcd7-17f36a579d5b,d1714486-168b-4fe7-8346-debe71df568b
e4c6dbf8-a196-40dc-bcd7-17f36a579d5b,ad10b4e3-814b-4e82-a82f-3f9442fe66f5
e4c6dbf8-a196-40dc-bcd7-17f36a579d5b,f8b6e462-49bb-4e76-b099-c0133274a3bd
e4c6dbf8-a196-40dc-bcd7-17f36a579d5b,eeb82e1b-91f6-4b63-969b-973a83942ce3
e4c6dbf8-a196-40dc-bcd7-17f36a579d5b,d5649aa4-a6e3-48af-8105-2e0ec5434212
e4c6dbf8-a196-40dc-bcd7-17f36a579d5b,ad3e5336-d71d-4c7e-bb9c-b8b14c03a1a2
e4c6dbf8-a196-40dc-bcd7-17f36a579d5b,95c56220-63dd-475d-b41f-4b44df8a3a80
e4c6dbf8-a196-40dc-bcd7-17f36a579d5b,cf599950-90e3-40fe-85ed-ca9163ef53f2
e4c6dbf8-a196-40dc-bcd7-17f36a579d5b,79cd9f01-ae1c-43cb-be24-bdb46521487b
e4c6dbf8-a196-40dc-bcd7-17f36a579d5b,7fbab367-1c6a-46ad-8372-310557c4ac13
e4c6dbf8-a196-40dc-bcd7-17f36a579d5b,0b792253-46d3-4cbf-b82c-f8e732f797b2
e4c6dbf8-a196-40dc-bcd7-17f36a579d5b,cc60b90d-44dc-4072-8b9b-f0f04e8626a1
313565c5-bca0-4c9d-9cf7-2f8bbf865c5a,4923789b-0add-4277-986a-8d047cf658c9
313565c5-bca0-4c9d-9cf7-2f8bbf865c5a,25eaf357-c3ab-4032-9be2-48b62745ef5d
313565c5-bca0-4c9d-9cf7-2f8bbf865c5a,ea3e66d5-80dd-43b8-b7a9-a01d1fd93222
313565c5-bca0-4c9d-9cf7-2f8bbf865c5a,5406c988-97ab-4575-9791-2331833a3feb
313565c5-bca0-4c9d-9cf7-2f8bbf865c5a,366ae729-20e9-42b6-8841-6f20305a053f
313565c5-bca0-4c9d-9cf7-2f8bbf865c5a,06cc5f6b-a65f-49fe-90af-a67f977d65b5
313565c5-bca0-4c9d-9cf7-2f8bbf865c5a,828ebd35-5fdf-43e2-82cc-c0d481a427be
313565c5-bca0-4c9d-9cf7-2f8bbf865c5a,e3eae30b-0447-44b1-974d-2988aefe3d48
313565c5-bca0-4c9d-9cf7-2f8bbf865c5a,8c814e0b-8190-4c1a-84f7-85dd6508a4c6
313565c5-bca0-4c9d-9cf7-2f8bbf865c5a,d31168b9-2292-4871-9add-616e37f023c1
313565c5-bca0-4c9d-9cf7-2f8bbf865c5a,f7a62c48-2137-47df-87fb-4f8a4a35bbfd
313565c5-bca0-4c9d-9cf7-2f8bbf865c5a,d7f7f3db-f181-457e-8ced-c5624ad13a71
313565c5-bca0-4c9d-9cf7-2f8bbf865c5a,8d53b5b6-de15-4dda-bedf-0fe719318f0d
313565c5-bca0-4c9d-9cf7-2f8bbf865c5a,310deddf-3b76-4ab4-ac58-0b533114d28e
313565c5-bca0-4c9d-9cf7-2f8bbf865c5a,a37f3c6b-31b3-4cb9-b6f9-9844b66c12d6
313565c5-bca0-4c9d-9cf7-2f8bbf865c5a,f2e26f34-1ab0-458e-b16e-e374e6b04551
313565c5-bca0-4c9d-9cf7-2f8bbf865c5a,918c8d8b-7b5a-4fb9-a318-1b2e5cf21b4b
313565c5-bca0-4c9d-9cf7-2f8bbf865c5a,4472419c-1eb6-41e4-b8db-8dfce937324b
313565c5-bca0-4c9d-9cf7-2f8bbf865c5a,351f58fa-1b78-4734-8671-6d720d408b7f
313565c5-bca0-4c9d-9cf7-2f8bbf865c5a,51d425c2-6454-4fbe-bb0c-f3af52829531
313565c5-bca0-4c9d-9cf7-2f8bbf865c5a,40cc591b-3cb0-4ad1-be4f-526c1fba2d39
313565c5-bca0-4c9d-9cf7-2f8bbf865c5a,5b93e3e8-7878-4bbb-a19d-9c5f24c43042
313565c5-bca0-4c9d-9cf7-2f8bbf865c5a,866d8801-91f6-4b3e-8561-0d8fd8259337
313565c5-bca0-4c9d-9cf7-2f8bbf865c5a,4f4b9719-3524-4a00-a74b-44d9e3ee3afb
313565c5-bca0-4c9d-9cf7-2f8bbf865c5a,f807fc0c-3ee2-431f-8d8a-adf3824c843b
313565c5-bca0-4c9d-9cf7-2f8bbf865c5a,9eb1e82e-0daa-4198-b22a-25baf5bb1ce0
313565c5-bca0-4c9d-9cf7-2f8bbf865c5a,d6050df4-1649-4462-aa9b-92d89fcc5b8f
313565c5-bca0-4c9d-9cf7-2f8bbf865c5a,6163b9c8-c32e-48f0-9d62-aac133855b4c
313565c5-bca0-4c9d-9cf7-2f8bbf865c5a,66cece40-6468-4214-99a4-137b00723416
313565c5-bca0-4c9d-9cf7-2f8bbf865c5a,18ba28e1-545d-417b-a65b-617f35af5ff9
313565c5-bca0-4c9d-9cf7-2f8bbf865c5a,6e3a271a-415b-4758-a144-e9b76f0592c7
313565c5-bca0-4c9d-9cf7-2f8bbf865c5a,dbdbda3d-affd-469e-ae41-988780d7e542
313565c5-bca0-4c9d-9cf7-2f8bbf865c5a,b2c4e95d-130a-4230-b137-6de667683f52
313565c5-bca0-4c9d-9cf7-2f8bbf865c5a,a034a9a1-d6c4-49fa-905d-e716a5b5d197
313565c5-bca0-4c9d-9cf7-2f8bbf865c5a,132b63b9-3673-4047-a767-bed235052a2e
313565c5-bca0-4c9d-9cf7-2f8bbf865c5a,59af5df8-04cf-496c-a615-a353b2e96031
313565c5-bca0-4c9d-9cf7-2f8bbf865c5a,faea6673-d730-47bf-a3d3-dc0df145b0d9
313565c5-bca0-4c9d-9cf7-2f8bbf865c5a,520e5c3c-a44a-43b7-b68b-b385a543ac75
313565c5-bca0-4c9d-9cf7-2f8bbf865c5a,59ca0ede-8a28-4dd0-9bec-edc28b3bb77c
313565c5-bca0-4c9d-9cf7-2f8bbf865c5a,738a9f3f-0d33-43d5-9f02-19bfa2020f6a
313565c5-bca0-4c9d-9cf7-2f8bbf865c5a,fc75d94c-f1a6-48ae-aa89-9a89a5e4649b
313565c5-bca0-4c9d-9cf7-2f8bbf865c5a,faa1753e-7ca7-4b88-9e05-c80806524c94
313565c5-bca0-4c9d-9cf7-2f8bbf865c5a,94d9cbe9-5aeb-439b-ad7c-e4d5076818e4
313565c5-bca0-4c9d-9cf7-2f8bbf865c5a,e9883f5d-ee9f-4615-af18-6ddd5d5e0b79
313565c5-bca0-4c9d-9cf7-2f8bbf865c5a,a31a9d84-f261-438e-a9c4-b7007ba7325a
313565c5-bca0-4c9d-9cf7-2f8bbf865c5a,22a9f422-7940-44d8-97b1-73740629cd66
313565c5-bca0-4c9d-9cf7-2f8bbf865c5a,2aa31dba-d9bb-464e-8b0c-8cce78f6cd61
313565c5-bca0-4c9d-9cf7-2f8bbf865c5a,34960863-e909-47f2-85e2-b1ed246c57da
313565c5-bca0-4c9d-9cf7-2f8bbf865c5a,c3159d31-a64a-4d9a-b6cc-646165304a5a
313565c5-bca0-4c9d-9cf7-2f8bbf865c5a,cf000ee7-2282-4bdc-9d93-97376fa4ab78
313565c5-bca0-4c9d-9cf7-2f8bbf865c5a,88dc921f-92ff-4bb7-91a3-6b217bed3f1f
313565c5-bca0-4c9d-9cf7-2f8bbf865c5a,337de7d2-50b7-415e-9805-11af72a33a3e
313565c5-bca0-4c9d-9cf7-2f8bbf865c5a,ac0f367a-7ab5-49c6-b6f0-77b231d3a3b9
313565c5-bca0-4c9d-9cf7-2f8bbf865c5a,50b2d520-4907-47fb-9deb-01b9f0a60f80
313565c5-bca0-4c9d-9cf7-2f8bbf865c5a,8ad5f7f8-b3c0-4e0e-a74d-434acfdee09c
313565c5-bca0-4c9d-9cf7-2f8bbf865c5a,a6647f78-6490-48a6-8f38-3a74fd371769
313565c5-bca0-4c9d-9cf7-2f8bbf865c5a,35515ac2-9f86-43da-a1e5-f9002f4c1fc0
313565c5-bca0-4c9d-9cf7-2f8bbf865c5a,54a20f39-58d4-42ce-b3ad-d826b627b1a4
313565c5-bca0-4c9d-9cf7-2f8bbf865c5a,2bf6c830-ebb6-478f-841e-aaab8edcec4d
313565c5-bca0-4c9d-9cf7-2f8bbf865c5a,4178a4ef-1c0a-48fc-a569-e7c83cfbd46f
313565c5-bca0-4c9d-9cf7-2f8bbf865c5a,b98682ac-fc8a-4570-b840-ea5580431f34
313565c5-bca0-4c9d-9cf7-2f8bbf865c5a,f0cf72f8-e25e-49ad-acf8-f26be2ae4527
313565c5-bca0-4c9d-9cf7-2f8bbf865c5a,1343e1c5-31f9-4297-b7eb-ed5c114bb32c
313565c5-bca0-4c9d-9cf7-2f8bbf865c5a,e25ccca6-48b6-40b3-94e6-fbc5322abedd
313565c5-bca0-4c9d-9cf7-2f8bbf865c5a,8fce6009-39c9-47da-88ce-34517b74ec97
313565c5-bca0-4c9d-9cf7-2f8bbf865c5a,9add746b-4905-49fa-8f55-170be0513a55
313565c5-bca0-4c9d-9cf7-2f8bbf865c5a,8ecb4a42-c120-433a-8d55-42e08fd561fb
313565c5-bca0-4c9d-9cf7-2f8bbf865c5a,8ddc12a3-72c9-4b2b-ae56-144500082035
313565c5-bca0-4c9d-9cf7-2f8bbf865c5a,2df8c5a6-2c4c-49bc-ac19-08adadc5f7b8
313565c5-bca0-4c9d-9cf7-2f8bbf865c5a,c873950c-6df2-45f6-91ca-128be906a563
313565c5-bca0-4c9d-9cf7-2f8bbf865c5a,c825eb1b-1c8c-4dfa-9df7-07077d1f7f56
313565c5-bca0-4c9d-9cf7-2f8bbf865c5a,949a6ec9-0bfb-481e-802c-b9381d3ac291
313565c5-bca0-4c9d-9cf7-2f8bbf865c5a,986e001a-6c3c-473a-a96f-37da3b1c9ab5
313565c5-bca0-4c9d-9cf7-2f8bbf865c5a,29bf85ea-bc91-4d69-9cc4-a1be3b38e493
313565c5-bca0-4c9d-9cf7-2f8bbf865c5a,4e962a74-801d-46a2-b902-69e675ea53e1
313565c5-bca0-4c9d-9cf7-2f8bbf865c5a,1e03b946-521b-4442-871d-37c191436477
313565c5-bca0-4c9d-9cf7-2f8bbf865c5a,31138618-e8e3-4e88-bd54-198c5e2ae922
313565c5-bca0-4c9d-9cf7-2f8bbf865c5a,8f662cbd-2d93-4ecc-a858-5ef050662fc6
313565c5-bca0-4c9d-9cf7-2f8bbf865c5a,33169def-c18a-4319-ae78-5fc4f4d85c95
313565c5-bca0-4c9d-9cf7-2f8bbf865c5a,883b89b9-ed72-496e-922a-1cde11f60c22
313565c5-bca0-4c9d-9cf7-2f8bbf865c5a,11ced668-07fe-416b-a4c4-dfd14aa37315
313565c5-bca0-4c9d-9cf7-2f8bbf865c5a,3144cfd0-0053-4702-b6bc-d27a02b21373
313565c5-bca0-4c9d-9cf7-2f8bbf865c5a,2561f85e-a0c2-496a-a417-461a2f7e95f2
313565c5-bca0-4c9d-9cf7-2f8bbf865c5a,545c3fd6-7fca-4381-9fcd-d4e95a45f296
313565c5-bca0-4c9d-9cf7-2f8bbf865c5a,de553c0d-af8a-46c6-aed5-69a270307dab
313565c5-bca0-4c9d-9cf7-2f8bbf865c5a,926db7d8-e784-4663-adf2-a4276d290ef7
313565c5-bca0-4c9d-9cf7-2f8bbf865c5a,d62d8c8d-20ee-40f0-8a37-63038a41114d
313565c5-bca0-4c9d-9cf7-2f8bbf865c5a,dd892d35-abb6-4e64-b1b5-4dfcf43e9b8b
313565c5-bca0-4c9d-9cf7-2f8bbf865c5a,f71b655b-c53b-4efc-9213-e7f148f8f494
313565c5-bca0-4c9d-9cf7-2f8bbf865c5a,68deab0c-3c8a-4a77-a93e-3c2ef2c8a281
313565c5-bca0-4c9d-9cf7-2f8bbf865c5a,61c3fdc7-0fcd-4e4d-82ce-f03eb4a618a4
313565c5-bca0-4c9d-9cf7-2f8bbf865c5a,83e11abc-1fe6-4642-8e1f-9fbcb22c7744
313565c5-bca0-4c9d-9cf7-2f8bbf865c5a,d42d03b1-47f2-493c-9a7e-638fa041c97e
313565c5-bca0-4c9d-9cf7-2f8bbf865c5a,916800c5-0dab-4254-b327-b06f0543824d
313565c5-bca0-4c9d-9cf7-2f8bbf865c5a,3e92fb43-2e91-4386-b73d-0577e19d75d9
313565c5-bca0-4c9d-9cf7-2f8bbf865c5a,2b06c7f0-65f9-42db-a886-e03b61862fb6
313565c5-bca0-4c9d-9cf7-2f8bbf865c5a,964715b5-fdc9-46bd-b670-8e4e7cc56256
313565c5-bca0-4c9d-9cf7-2f8bbf865c5a,e75f110b-6b97-4ff4-b6a2-f230b9d87639
313565c5-bca0-4c9d-9cf7-2f8bbf865c5a,7f34c09b-723f-47d0-b75b-c498b5084067
313565c5-bca0-4c9d-9cf7-2f8bbf865c5a,49ed75e6-43f8-4444-92e3-c920c5ff4b2f
313565c5-bca0-4c9d-9cf7-2f8bbf865c5a,7269e20f-3fbe-4aca-8ca9-629e4a23a29e
313565c5-bca0-4c9d-9cf7-2f8bbf865c5a,aa1fbdc2-d5d4-47c2-8db1-ba4a168e6cb2
313565c5-bca0-4c9d-9cf7-2f8bbf865c5a,7506012d-6f01-497b-9bb6-3fcd5721b362
313565c5-bca0-4c9d-9cf7-2f8bbf865c5a,43e1eca6-3f64-44c4-9078-2365d0cd6715
313565c5-bca0-4c9d-9cf7-2f8bbf865c5a,62114484-51e7-48ff-9f3a-70120693ec86
313565c5-bca0-4c9d-9cf7-2f8bbf865c5a,07f3573b-489b-4058-bfb5-b5caed78f53d
313565c5-bca0-4c9d-9cf7-2f8bbf865c5a,c650314a-7aa9-48ea-8897-2ac33ea650b6
313565c5-bca0-4c9d-9cf7-2f8bbf865c5a,6ceab0a8-c983-4a67-a832-5749b651950f
313565c5-bca0-4c9d-9cf7-2f8bbf865c5a,77feff39-5c1a-45c3-9ffb-7dd9bc1eda32
313565c5-bca0-4c9d-9cf7-2f8bbf865c5a,e5ae13b6-b800-4769-8228-5862bc330697
313565c5-bca0-4c9d-9cf7-2f8bbf865c5a,1157468a-262e-45ca-9908-671dd0c38214
313565c5-bca0-4c9d-9cf7-2f8bbf865c5a,754d870e-d41e-4e3a-9334-7bd6511c1261
313565c5-bca0-4c9d-9cf7-2f8bbf865c5a,b036650e-2b09-4838-b73d-d173379bfde9
313565c5-bca0-4c9d-9cf7-2f8bbf865c5a,2294e905-3887-4c16-825d-6ae4bacbac9f
313565c5-bca0-4c9d-9cf7-2f8bbf865c5a,e0d09b7a-24d7-4999-b984-849bbe22b315
313565c5-bca0-4c9d-9cf7-2f8bbf865c5a,d0209c99-272f-44d4-95ac-773580cc49e7
313565c5-bca0-4c9d-9cf7-2f8bbf865c5a,a6614c23-e471-492c-85ab-5fb93df4fe9f
313565c5-bca0-4c9d-9cf7-2f8bbf865c5a,8660b916-74a4-4681-8ebb-29f6dfac253f
313565c5-bca0-4c9d-9cf7-2f8bbf865c5a,e5ab09ff-1ebd-4f0e-ad33-1d9a2cbc6cac
313565c5-bca0-4c9d-9cf7-2f8bbf865c5a,24ef8edc-f211-4695-b4e9-52f45d1d0518
313565c5-bca0-4c9d-9cf7-2f8bbf865c5a,850fe1fc-0117-41e5-aded-118f05efd64b
313565c5-bca0-4c9d-9cf7-2f8bbf865c5a,51855b37-3481-4584-baf7-2dd9fb5c3a3f
313565c5-bca0-4c9d-9cf7-2f8bbf865c5a,6e0075ee-cf72-46c5-b969-9e15ec7e3af5
313565c5-bca0-4c9d-9cf7-2f8bbf865c5a,8673f2fa-3e3a-4857-852e-a65181599643
313565c5-bca0-4c9d-9cf7-2f8bbf865c5a,9aae31b0-3130-4d23-9924-a2f8396d98e3
313565c5-bca0-4c9d-9cf7-2f8bbf865c5a,502db1d7-409c-499d-9b4b-306c05ae72a9
313565c5-bca0-4c9d-9cf7-2f8bbf865c5a,d251e64b-0d00-41f5-b1a8-666493cfb504
313565c5-bca0-4c9d-9cf7-2f8bbf865c5a,7e6bf90e-4e10-4d2e-ba10-9ad65024947f
313565c5-bca0-4c9d-9cf7-2f8bbf865c5a,0a3fe50b-9277-45c7-88cf-e338009d467d
313565c5-bca0-4c9d-9cf7-2f8bbf865c5a,80b50ef8-96ea-4fb6-a37b-24de67bf946c
313565c5-bca0-4c9d-9cf7-2f8bbf865c5a,7dcd2312-1b4e-409c-ac67-f2c562aeecca
313565c5-bca0-4c9d-9cf7-2f8bbf865c5a,6683aabb-9d5a-4454-b006-f828c5a95a39
313565c5-bca0-4c9d-9cf7-2f8bbf865c5a,f781feae-f0ae-4568-9595-223221955cac
313565c5-bca0-4c9d-9cf7-2f8bbf865c5a,3e2d97be-d00f-453a-89af-e35c3b1e8719
313565c5-bca0-4c9d-9cf7-2f8bbf865c5a,29e9fb72-29dd-4362-a278-80e5beca153e
313565c5-bca0-4c9d-9cf7-2f8bbf865c5a,9d9eccd9-67fc-4f71-a8da-94e0dbd79259
313565c5-bca0-4c9d-9cf7-2f8bbf865c5a,6e821edf-e26e-40a1-93e3-2c20a9412fb7
313565c5-bca0-4c9d-9cf7-2f8bbf865c5a,67cd3f59-43c6-4398-8f02-36bbc707e8c3
313565c5-bca0-4c9d-9cf7-2f8bbf865c5a,39cc1231-731e-4ea9-b1bd-93b6c0d660c0
313565c5-bca0-4c9d-9cf7-2f8bbf865c5a,c1dcd3bb-ec1e-416b-ab92-6205e81f4aaf
313565c5-bca0-4c9d-9cf7-2f8bbf865c5a,66bb73df-60a3-4093-a8ce-0f3d56673316
313565c5-bca0-4c9d-9cf7-2f8bbf865c5a,22d1086b-80cd-45c5-8407-b6f9287842b1
313565c5-bca0-4c9d-9cf7-2f8bbf865c5a,9288dc96-7c6b-4be6-911e-91c71cf4ae85
313565c5-bca0-4c9d-9cf7-2f8bbf865c5a,4f2f4f3d-487e-4144-a03f-5675a4dfe028
313565c5-bca0-4c9d-9cf7-2f8bbf865c5a,a467b389-e767-4a4a-89c6-da159e3b7208
313565c5-bca0-4c9d-9cf7-2f8bbf865c5a,742573f3-b658-4e0c-9183-e1a61ce9c201
313565c5-bca0-4c9d-9cf7-2f8bbf865c5a,446a0158-cc72-46c3-a850-9593fb8b5cf5
313565c5-bca0-4c9d-9cf7-2f8bbf865c5a,73b363c6-c734-4f2f-8db7-3bc47c104833
313565c5-bca0-4c9d-9cf7-2f8bbf865c5a,b82ecc00-6336-42a4-9266-ee756671a255
313565c5-bca0-4c9d-9cf7-2f8bbf865c5a,4a4ba199-9481-41a3-b30e-4504e44c9bad
313565c5-bca0-4c9d-9cf7-2f8bbf865c5a,ad3dce70-faf5-4a7e-9b90-4493c27a4f1d
313565c5-bca0-4c9d-9cf7-2f8bbf865c5a,6858b9d4-74a6-41cb-9997-1f72253c9074
313565c5-bca0-4c9d-9cf7-2f8bbf865c5a,94ff19e0-7bd9-462f-a232-602487b83ee3
313565c5-bca0-4c9d-9cf7-2f8bbf865c5a,06670f03-5e3a-44f0-bfba-65d9dd6dc25e
313565c5-bca0-4c9d-9cf7-2f8bbf865c5a,6c51bd3f-66f0-4872-a1cc-36e110ef569a
313565c5-bca0-4c9d-9cf7-2f8bbf865c5a,e607b15b-d7c2-4fa2-b1ff-ea1039a84716
313565c5-bca0-4c9d-9cf7-2f8bbf865c5a,a2ec249c-789d-4fd0-b156-b3ca34cecafd
313565c5-bca0-4c9d-9cf7-2f8bbf865c5a,3ea22688-0f8c-4533-93e9-a4d912ee29b7
313565c5-bca0-4c9d-9cf7-2f8bbf865c5a,a565cfee-8d16-47c9-b766-fde13d5a578d
313565c5-bca0-4c9d-9cf7-2f8bbf865c5a,f01613a7-8162-4e07-921b-360996b718f1
313565c5-bca0-4c9d-9cf7-2f8bbf865c5a,06ec0fa1-cb98-44ca-b894-18bd638e4c8b
313565c5-bca0-4c9d-9cf7-2f8bbf865c5a,836f225c-e07e-43ef-997d-66276e5867fe
313565c5-bca0-4c9d-9cf7-2f8bbf865c5a,60702ca7-42a1-4987-986c-a3ee17498c4a
313565c5-bca0-4c9d-9cf7-2f8bbf865c5a,b38c5c33-8dcd-4cc4-9f16-142947bc970d
313565c5-bca0-4c9d-9cf7-2f8bbf865c5a,bd6e0b72-6e5b-47c0-9520-a1f971c68276
313565c5-bca0-4c9d-9cf7-2f8bbf865c5a,1e27e946-9812-446d-b1de-10f15c09b209
313565c5-bca0-4c9d-9cf7-2f8bbf865c5a,f8406140-e428-4df3-beeb-83ff6f4afed9
313565c5-bca0-4c9d-9cf7-2f8bbf865c5a,20331205-67dd-433d-ad01-c9e481d2c97b
313565c5-bca0-4c9d-9cf7-2f8bbf865c5a,3dfc04ee-90f5-4552-9db6-9aa2bafb4863
313565c5-bca0-4c9d-9cf7-2f8bbf865c5a,9788c9f9-18fe-4964-948b-fa3e9fa41cdb
313565c5-bca0-4c9d-9cf7-2f8bbf865c5a,214a2145-5c5f-46d7-b2dc-7f7655e55ab9
313565c5-bca0-4c9d-9cf7-2f8bbf865c5a,d1714486-168b-4fe7-8346-debe71df568b
313565c5-bca0-4c9d-9cf7-2f8bbf865c5a,ad10b4e3-814b-4e82-a82f-3f9442fe66f5
313565c5-bca0-4c9d-9cf7-2f8bbf865c5a,f8b6e462-49bb-4e76-b099-c0133274a3bd
313565c5-bca0-4c9d-9cf7-2f8bbf865c5a,ad3e5336-d71d-4c7e-bb9c-b8b14c03a1a2
313565c5-bca0-4c9d-9cf7-2f8bbf865c5a,d5649aa4-a6e3-48af-8105-2e0ec5434212
313565c5-bca0-4c9d-9cf7-2f8bbf865c5a,eeb82e1b-91f6-4b63-969b-973a83942ce3
313565c5-bca0-4c9d-9cf7-2f8bbf865c5a,95c56220-63dd-475d-b41f-4b44df8a3a80
313565c5-bca0-4c9d-9cf7-2f8bbf865c5a,cf599950-90e3-40fe-85ed-ca9163ef53f2
313565c5-bca0-4c9d-9cf7-2f8bbf865c5a,79cd9f01-ae1c-43cb-be24-bdb46521487b
313565c5-bca0-4c9d-9cf7-2f8bbf865c5a,7fbab367-1c6a-46ad-8372-310557c4ac13
313565c5-bca0-4c9d-9cf7-2f8bbf865c5a,0b792253-46d3-4cbf-b82c-f8e732f797b2
313565c5-bca0-4c9d-9cf7-2f8bbf865c5a,cc60b90d-44dc-4072-8b9b-f0f04e8626a1
bfb4bb11-79d3-4887-a00d-90b7b40b1471,310deddf-3b76-4ab4-ac58-0b533114d28e
bfb4bb11-79d3-4887-a00d-90b7b40b1471,8d53b5b6-de15-4dda-bedf-0fe719318f0d
bfb4bb11-79d3-4887-a00d-90b7b40b1471,f2e26f34-1ab0-458e-b16e-e374e6b04551
bfb4bb11-79d3-4887-a00d-90b7b40b1471,918c8d8b-7b5a-4fb9-a318-1b2e5cf21b4b
bfb4bb11-79d3-4887-a00d-90b7b40b1471,4472419c-1eb6-41e4-b8db-8dfce937324b
bfb4bb11-79d3-4887-a00d-90b7b40b1471,351f58fa-1b78-4734-8671-6d720d408b7f
bfb4bb11-79d3-4887-a00d-90b7b40b1471,51d425c2-6454-4fbe-bb0c-f3af52829531
bfb4bb11-79d3-4887-a00d-90b7b40b1471,40cc591b-3cb0-4ad1-be4f-526c1fba2d39
bfb4bb11-79d3-4887-a00d-90b7b40b1471,5b93e3e8-7878-4bbb-a19d-9c5f24c43042
bfb4bb11-79d3-4887-a00d-90b7b40b1471,866d8801-91f6-4b3e-8561-0d8fd8259337
bfb4bb11-79d3-4887-a00d-90b7b40b1471,4f4b9719-3524-4a00-a74b-44d9e3ee3afb
bfb4bb11-79d3-4887-a00d-90b7b40b1471,f807fc0c-3ee2-431f-8d8a-adf3824c843b
bfb4bb11-79d3-4887-a00d-90b7b40b1471,9eb1e82e-0daa-4198-b22a-25baf5bb1ce0
bfb4bb11-79d3-4887-a00d-90b7b40b1471,d6050df4-1649-4462-aa9b-92d89fcc5b8f
bfb4bb11-79d3-4887-a00d-90b7b40b1471,6163b9c8-c32e-48f0-9d62-aac133855b4c
bfb4bb11-79d3-4887-a00d-90b7b40b1471,66cece40-6468-4214-99a4-137b00723416
bfb4bb11-79d3-4887-a00d-90b7b40b1471,18ba28e1-545d-417b-a65b-617f35af5ff9
bfb4bb11-79d3-4887-a00d-90b7b40b1471,6e3a271a-415b-4758-a144-e9b76f0592c7
bfb4bb11-79d3-4887-a00d-90b7b40b1471,dbdbda3d-affd-469e-ae41-988780d7e542
bfb4bb11-79d3-4887-a00d-90b7b40b1471,b2c4e95d-130a-4230-b137-6de667683f52
bfb4bb11-79d3-4887-a00d-90b7b40b1471,a034a9a1-d6c4-49fa-905d-e716a5b5d197
bfb4bb11-79d3-4887-a00d-90b7b40b1471,132b63b9-3673-4047-a767-bed235052a2e
bfb4bb11-79d3-4887-a00d-90b7b40b1471,59af5df8-04cf-496c-a615-a353b2e96031
bfb4bb11-79d3-4887-a00d-90b7b40b1471,faea6673-d730-47bf-a3d3-dc0df145b0d9
bfb4bb11-79d3-4887-a00d-90b7b40b1471,520e5c3c-a44a-43b7-b68b-b385a543ac75
bfb4bb11-79d3-4887-a00d-90b7b40b1471,59ca0ede-8a28-4dd0-9bec-edc28b3bb77c
bfb4bb11-79d3-4887-a00d-90b7b40b1471,738a9f3f-0d33-43d5-9f02-19bfa2020f6a
bfb4bb11-79d3-4887-a00d-90b7b40b1471,fc75d94c-f1a6-48ae-aa89-9a89a5e4649b
bfb4bb11-79d3-4887-a00d-90b7b40b1471,faa1753e-7ca7-4b88-9e05-c80806524c94
bfb4bb11-79d3-4887-a00d-90b7b40b1471,94d9cbe9-5aeb-439b-ad7c-e4d5076818e4
bfb4bb11-79d3-4887-a00d-90b7b40b1471,25eaf357-c3ab-4032-9be2-48b62745ef5d
bfb4bb11-79d3-4887-a00d-90b7b40b1471,4923789b-0add-4277-986a-8d047cf658c9
bfb4bb11-79d3-4887-a00d-90b7b40b1471,e9883f5d-ee9f-4615-af18-6ddd5d5e0b79
bfb4bb11-79d3-4887-a00d-90b7b40b1471,e3eae30b-0447-44b1-974d-2988aefe3d48
bfb4bb11-79d3-4887-a00d-90b7b40b1471,ea3e66d5-80dd-43b8-b7a9-a01d1fd93222
bfb4bb11-79d3-4887-a00d-90b7b40b1471,5406c988-97ab-4575-9791-2331833a3feb
bfb4bb11-79d3-4887-a00d-90b7b40b1471,366ae729-20e9-42b6-8841-6f20305a053f
bfb4bb11-79d3-4887-a00d-90b7b40b1471,06cc5f6b-a65f-49fe-90af-a67f977d65b5
bfb4bb11-79d3-4887-a00d-90b7b40b1471,828ebd35-5fdf-43e2-82cc-c0d481a427be
bfb4bb11-79d3-4887-a00d-90b7b40b1471,8c814e0b-8190-4c1a-84f7-85dd6508a4c6
bfb4bb11-79d3-4887-a00d-90b7b40b1471,d31168b9-2292-4871-9add-616e37f023c1
bfb4bb11-79d3-4887-a00d-90b7b40b1471,f7a62c48-2137-47df-87fb-4f8a4a35bbfd
bfb4bb11-79d3-4887-a00d-90b7b40b1471,d7f7f3db-f181-457e-8ced-c5624ad13a71
bfb4bb11-79d3-4887-a00d-90b7b40b1471,a37f3c6b-31b3-4cb9-b6f9-9844b66c12d6
bfb4bb11-79d3-4887-a00d-90b7b40b1471,8ddc12a3-72c9-4b2b-ae56-144500082035
bfb4bb11-79d3-4887-a00d-90b7b40b1471,2df8c5a6-2c4c-49bc-ac19-08adadc5f7b8
bfb4bb11-79d3-4887-a00d-90b7b40b1471,c873950c-6df2-45f6-91ca-128be906a563
bfb4bb11-79d3-4887-a00d-90b7b40b1471,c825eb1b-1c8c-4dfa-9df7-07077d1f7f56
bfb4bb11-79d3-4887-a00d-90b7b40b1471,949a6ec9-0bfb-481e-802c-b9381d3ac291
bfb4bb11-79d3-4887-a00d-90b7b40b1471,986e001a-6c3c-473a-a96f-37da3b1c9ab5
bfb4bb11-79d3-4887-a00d-90b7b40b1471,29bf85ea-bc91-4d69-9cc4-a1be3b38e493
bfb4bb11-79d3-4887-a00d-90b7b40b1471,4e962a74-801d-46a2-b902-69e675ea53e1
bfb4bb11-79d3-4887-a00d-90b7b40b1471,1e03b946-521b-4442-871d-37c191436477
bfb4bb11-79d3-4887-a00d-90b7b40b1471,31138618-e8e3-4e88-bd54-198c5e2ae922
bfb4bb11-79d3-4887-a00d-90b7b40b1471,8f662cbd-2d93-4ecc-a858-5ef050662fc6
bfb4bb11-79d3-4887-a00d-90b7b40b1471,33169def-c18a-4319-ae78-5fc4f4d85c95
bfb4bb11-79d3-4887-a00d-90b7b40b1471,883b89b9-ed72-496e-922a-1cde11f60c22
bfb4bb11-79d3-4887-a00d-90b7b40b1471,11ced668-07fe-416b-a4c4-dfd14aa37315
bfb4bb11-79d3-4887-a00d-90b7b40b1471,3144cfd0-0053-4702-b6bc-d27a02b21373
bfb4bb11-79d3-4887-a00d-90b7b40b1471,2561f85e-a0c2-496a-a417-461a2f7e95f2
bfb4bb11-79d3-4887-a00d-90b7b40b1471,545c3fd6-7fca-4381-9fcd-d4e95a45f296
bfb4bb11-79d3-4887-a00d-90b7b40b1471,de553c0d-af8a-46c6-aed5-69a270307dab
bfb4bb11-79d3-4887-a00d-90b7b40b1471,926db7d8-e784-4663-adf2-a4276d290ef7
bfb4bb11-79d3-4887-a00d-90b7b40b1471,d62d8c8d-20ee-40f0-8a37-63038a41114d
bfb4bb11-79d3-4887-a00d-90b7b40b1471,dd892d35-abb6-4e64-b1b5-4dfcf43e9b8b
bfb4bb11-79d3-4887-a00d-90b7b40b1471,f71b655b-c53b-4efc-9213-e7f148f8f494
bfb4bb11-79d3-4887-a00d-90b7b40b1471,68deab0c-3c8a-4a77-a93e-3c2ef2c8a281
bfb4bb11-79d3-4887-a00d-90b7b40b1471,61c3fdc7-0fcd-4e4d-82ce-f03eb4a618a4
bfb4bb11-79d3-4887-a00d-90b7b40b1471,83e11abc-1fe6-4642-8e1f-9fbcb22c7744
bfb4bb11-79d3-4887-a00d-90b7b40b1471,d42d03b1-47f2-493c-9a7e-638fa041c97e
bfb4bb11-79d3-4887-a00d-90b7b40b1471,916800c5-0dab-4254-b327-b06f0543824d
bfb4bb11-79d3-4887-a00d-90b7b40b1471,3e92fb43-2e91-4386-b73d-0577e19d75d9
bfb4bb11-79d3-4887-a00d-90b7b40b1471,2b06c7f0-65f9-42db-a886-e03b61862fb6
bfb4bb11-79d3-4887-a00d-90b7b40b1471,ac0f367a-7ab5-49c6-b6f0-77b231d3a3b9
bfb4bb11-79d3-4887-a00d-90b7b40b1471,a31a9d84-f261-438e-a9c4-b7007ba7325a
bfb4bb11-79d3-4887-a00d-90b7b40b1471,22a9f422-7940-44d8-97b1-73740629cd66
bfb4bb11-79d3-4887-a00d-90b7b40b1471,2aa31dba-d9bb-464e-8b0c-8cce78f6cd61
bfb4bb11-79d3-4887-a00d-90b7b40b1471,34960863-e909-47f2-85e2-b1ed246c57da
bfb4bb11-79d3-4887-a00d-90b7b40b1471,c3159d31-a64a-4d9a-b6cc-646165304a5a
bfb4bb11-79d3-4887-a00d-90b7b40b1471,cf000ee7-2282-4bdc-9d93-97376fa4ab78
bfb4bb11-79d3-4887-a00d-90b7b40b1471,88dc921f-92ff-4bb7-91a3-6b217bed3f1f
bfb4bb11-79d3-4887-a00d-90b7b40b1471,337de7d2-50b7-415e-9805-11af72a33a3e
bfb4bb11-79d3-4887-a00d-90b7b40b1471,50b2d520-4907-47fb-9deb-01b9f0a60f80
bfb4bb11-79d3-4887-a00d-90b7b40b1471,8ad5f7f8-b3c0-4e0e-a74d-434acfdee09c
bfb4bb11-79d3-4887-a00d-90b7b40b1471,a6647f78-6490-48a6-8f38-3a74fd371769
bfb4bb11-79d3-4887-a00d-90b7b40b1471,35515ac2-9f86-43da-a1e5-f9002f4c1fc0
bfb4bb11-79d3-4887-a00d-90b7b40b1471,54a20f39-58d4-42ce-b3ad-d826b627b1a4
bfb4bb11-79d3-4887-a00d-90b7b40b1471,2bf6c830-ebb6-478f-841e-aaab8edcec4d
bfb4bb11-79d3-4887-a00d-90b7b40b1471,4178a4ef-1c0a-48fc-a569-e7c83cfbd46f
bfb4bb11-79d3-4887-a00d-90b7b40b1471,b98682ac-fc8a-4570-b840-ea5580431f34
bfb4bb11-79d3-4887-a00d-90b7b40b1471,f0cf72f8-e25e-49ad-acf8-f26be2ae4527
bfb4bb11-79d3-4887-a00d-90b7b40b1471,1343e1c5-31f9-4297-b7eb-ed5c114bb32c
bfb4bb11-79d3-4887-a00d-90b7b40b1471,e25ccca6-48b6-40b3-94e6-fbc5322abedd
bfb4bb11-79d3-4887-a00d-90b7b40b1471,8fce6009-39c9-47da-88ce-34517b74ec97
bfb4bb11-79d3-4887-a00d-90b7b40b1471,9add746b-4905-49fa-8f55-170be0513a55
bfb4bb11-79d3-4887-a00d-90b7b40b1471,8ecb4a42-c120-433a-8d55-42e08fd561fb
bfb4bb11-79d3-4887-a00d-90b7b40b1471,49ed75e6-43f8-4444-92e3-c920c5ff4b2f
bfb4bb11-79d3-4887-a00d-90b7b40b1471,7f34c09b-723f-47d0-b75b-c498b5084067
bfb4bb11-79d3-4887-a00d-90b7b40b1471,964715b5-fdc9-46bd-b670-8e4e7cc56256
bfb4bb11-79d3-4887-a00d-90b7b40b1471,e75f110b-6b97-4ff4-b6a2-f230b9d87639
bfb4bb11-79d3-4887-a00d-90b7b40b1471,aa1fbdc2-d5d4-47c2-8db1-ba4a168e6cb2
bfb4bb11-79d3-4887-a00d-90b7b40b1471,7269e20f-3fbe-4aca-8ca9-629e4a23a29e
bfb4bb11-79d3-4887-a00d-90b7b40b1471,7506012d-6f01-497b-9bb6-3fcd5721b362
bfb4bb11-79d3-4887-a00d-90b7b40b1471,77feff39-5c1a-45c3-9ffb-7dd9bc1eda32
bfb4bb11-79d3-4887-a00d-90b7b40b1471,62114484-51e7-48ff-9f3a-70120693ec86
bfb4bb11-79d3-4887-a00d-90b7b40b1471,c650314a-7aa9-48ea-8897-2ac33ea650b6
bfb4bb11-79d3-4887-a00d-90b7b40b1471,07f3573b-489b-4058-bfb5-b5caed78f53d
bfb4bb11-79d3-4887-a00d-90b7b40b1471,6ceab0a8-c983-4a67-a832-5749b651950f
bfb4bb11-79d3-4887-a00d-90b7b40b1471,43e1eca6-3f64-44c4-9078-2365d0cd6715
bfb4bb11-79d3-4887-a00d-90b7b40b1471,1157468a-262e-45ca-9908-671dd0c38214
bfb4bb11-79d3-4887-a00d-90b7b40b1471,e5ae13b6-b800-4769-8228-5862bc330697
bfb4bb11-79d3-4887-a00d-90b7b40b1471,754d870e-d41e-4e3a-9334-7bd6511c1261
bfb4bb11-79d3-4887-a00d-90b7b40b1471,b036650e-2b09-4838-b73d-d173379bfde9
bfb4bb11-79d3-4887-a00d-90b7b40b1471,2294e905-3887-4c16-825d-6ae4bacbac9f
bfb4bb11-79d3-4887-a00d-90b7b40b1471,e0d09b7a-24d7-4999-b984-849bbe22b315
bfb4bb11-79d3-4887-a00d-90b7b40b1471,d0209c99-272f-44d4-95ac-773580cc49e7
bfb4bb11-79d3-4887-a00d-90b7b40b1471,a6614c23-e471-492c-85ab-5fb93df4fe9f
bfb4bb11-79d3-4887-a00d-90b7b40b1471,8660b916-74a4-4681-8ebb-29f6dfac253f
bfb4bb11-79d3-4887-a00d-90b7b40b1471,e5ab09ff-1ebd-4f0e-ad33-1d9a2cbc6cac
bfb4bb11-79d3-4887-a00d-90b7b40b1471,24ef8edc-f211-4695-b4e9-52f45d1d0518
bfb4bb11-79d3-4887-a00d-90b7b40b1471,850fe1fc-0117-41e5-aded-118f05efd64b
bfb4bb11-79d3-4887-a00d-90b7b40b1471,51855b37-3481-4584-baf7-2dd9fb5c3a3f
bfb4bb11-79d3-4887-a00d-90b7b40b1471,9aae31b0-3130-4d23-9924-a2f8396d98e3
bfb4bb11-79d3-4887-a00d-90b7b40b1471,502db1d7-409c-499d-9b4b-306c05ae72a9
bfb4bb11-79d3-4887-a00d-90b7b40b1471,8673f2fa-3e3a-4857-852e-a65181599643
bfb4bb11-79d3-4887-a00d-90b7b40b1471,6e0075ee-cf72-46c5-b969-9e15ec7e3af5
bfb4bb11-79d3-4887-a00d-90b7b40b1471,7e6bf90e-4e10-4d2e-ba10-9ad65024947f
bfb4bb11-79d3-4887-a00d-90b7b40b1471,d251e64b-0d00-41f5-b1a8-666493cfb504
bfb4bb11-79d3-4887-a00d-90b7b40b1471,80b50ef8-96ea-4fb6-a37b-24de67bf946c
bfb4bb11-79d3-4887-a00d-90b7b40b1471,0a3fe50b-9277-45c7-88cf-e338009d467d
bfb4bb11-79d3-4887-a00d-90b7b40b1471,f781feae-f0ae-4568-9595-223221955cac
bfb4bb11-79d3-4887-a00d-90b7b40b1471,6683aabb-9d5a-4454-b006-f828c5a95a39
bfb4bb11-79d3-4887-a00d-90b7b40b1471,7dcd2312-1b4e-409c-ac67-f2c562aeecca
bfb4bb11-79d3-4887-a00d-90b7b40b1471,3e2d97be-d00f-453a-89af-e35c3b1e8719
bfb4bb11-79d3-4887-a00d-90b7b40b1471,29e9fb72-29dd-4362-a278-80e5beca153e
bfb4bb11-79d3-4887-a00d-90b7b40b1471,9d9eccd9-67fc-4f71-a8da-94e0dbd79259
bfb4bb11-79d3-4887-a00d-90b7b40b1471,6e821edf-e26e-40a1-93e3-2c20a9412fb7
bfb4bb11-79d3-4887-a00d-90b7b40b1471,67cd3f59-43c6-4398-8f02-36bbc707e8c3
bfb4bb11-79d3-4887-a00d-90b7b40b1471,c1dcd3bb-ec1e-416b-ab92-6205e81f4aaf
bfb4bb11-79d3-4887-a00d-90b7b40b1471,39cc1231-731e-4ea9-b1bd-93b6c0d660c0
bfb4bb11-79d3-4887-a00d-90b7b40b1471,66bb73df-60a3-4093-a8ce-0f3d56673316
bfb4bb11-79d3-4887-a00d-90b7b40b1471,a467b389-e767-4a4a-89c6-da159e3b7208
bfb4bb11-79d3-4887-a00d-90b7b40b1471,742573f3-b658-4e0c-9183-e1a61ce9c201
bfb4bb11-79d3-4887-a00d-90b7b40b1471,9288dc96-7c6b-4be6-911e-91c71cf4ae85
bfb4bb11-79d3-4887-a00d-90b7b40b1471,4f2f4f3d-487e-4144-a03f-5675a4dfe028
bfb4bb11-79d3-4887-a00d-90b7b40b1471,22d1086b-80cd-45c5-8407-b6f9287842b1
bfb4bb11-79d3-4887-a00d-90b7b40b1471,446a0158-cc72-46c3-a850-9593fb8b5cf5
bfb4bb11-79d3-4887-a00d-90b7b40b1471,ad3dce70-faf5-4a7e-9b90-4493c27a4f1d
bfb4bb11-79d3-4887-a00d-90b7b40b1471,4a4ba199-9481-41a3-b30e-4504e44c9bad
bfb4bb11-79d3-4887-a00d-90b7b40b1471,b82ecc00-6336-42a4-9266-ee756671a255
bfb4bb11-79d3-4887-a00d-90b7b40b1471,73b363c6-c734-4f2f-8db7-3bc47c104833
bfb4bb11-79d3-4887-a00d-90b7b40b1471,94ff19e0-7bd9-462f-a232-602487b83ee3
bfb4bb11-79d3-4887-a00d-90b7b40b1471,6858b9d4-74a6-41cb-9997-1f72253c9074
bfb4bb11-79d3-4887-a00d-90b7b40b1471,06670f03-5e3a-44f0-bfba-65d9dd6dc25e
bfb4bb11-79d3-4887-a00d-90b7b40b1471,f01613a7-8162-4e07-921b-360996b718f1
bfb4bb11-79d3-4887-a00d-90b7b40b1471,a2ec249c-789d-4fd0-b156-b3ca34cecafd
bfb4bb11-79d3-4887-a00d-90b7b40b1471,e607b15b-d7c2-4fa2-b1ff-ea1039a84716
bfb4bb11-79d3-4887-a00d-90b7b40b1471,3ea22688-0f8c-4533-93e9-a4d912ee29b7
bfb4bb11-79d3-4887-a00d-90b7b40b1471,a565cfee-8d16-47c9-b766-fde13d5a578d
bfb4bb11-79d3-4887-a00d-90b7b40b1471,6c51bd3f-66f0-4872-a1cc-36e110ef569a
bfb4bb11-79d3-4887-a00d-90b7b40b1471,06ec0fa1-cb98-44ca-b894-18bd638e4c8b
bfb4bb11-79d3-4887-a00d-90b7b40b1471,b38c5c33-8dcd-4cc4-9f16-142947bc970d
bfb4bb11-79d3-4887-a00d-90b7b40b1471,f8406140-e428-4df3-beeb-83ff6f4afed9
bfb4bb11-79d3-4887-a00d-90b7b40b1471,1e27e946-9812-446d-b1de-10f15c09b209
bfb4bb11-79d3-4887-a00d-90b7b40b1471,836f225c-e07e-43ef-997d-66276e5867fe
bfb4bb11-79d3-4887-a00d-90b7b40b1471,bd6e0b72-6e5b-47c0-9520-a1f971c68276
bfb4bb11-79d3-4887-a00d-90b7b40b1471,60702ca7-42a1-4987-986c-a3ee17498c4a
bfb4bb11-79d3-4887-a00d-90b7b40b1471,20331205-67dd-433d-ad01-c9e481d2c97b
bfb4bb11-79d3-4887-a00d-90b7b40b1471,9788c9f9-18fe-4964-948b-fa3e9fa41cdb
bfb4bb11-79d3-4887-a00d-90b7b40b1471,3dfc04ee-90f5-4552-9db6-9aa2bafb4863
bfb4bb11-79d3-4887-a00d-90b7b40b1471,214a2145-5c5f-46d7-b2dc-7f7655e55ab9
bfb4bb11-79d3-4887-a00d-90b7b40b1471,d1714486-168b-4fe7-8346-debe71df568b
bfb4bb11-79d3-4887-a00d-90b7b40b1471,ad10b4e3-814b-4e82-a82f-3f9442fe66f5
bfb4bb11-79d3-4887-a00d-90b7b40b1471,f8b6e462-49bb-4e76-b099-c0133274a3bd
bfb4bb11-79d3-4887-a00d-90b7b40b1471,eeb82e1b-91f6-4b63-969b-973a83942ce3
bfb4bb11-79d3-4887-a00d-90b7b40b1471,d5649aa4-a6e3-48af-8105-2e0ec5434212
bfb4bb11-79d3-4887-a00d-90b7b40b1471,ad3e5336-d71d-4c7e-bb9c-b8b14c03a1a2
bfb4bb11-79d3-4887-a00d-90b7b40b1471,95c56220-63dd-475d-b41f-4b44df8a3a80
bfb4bb11-79d3-4887-a00d-90b7b40b1471,cf599950-90e3-40fe-85ed-ca9163ef53f2
bfb4bb11-79d3-4887-a00d-90b7b40b1471,79cd9f01-ae1c-43cb-be24-bdb46521487b
bfb4bb11-79d3-4887-a00d-90b7b40b1471,7fbab367-1c6a-46ad-8372-310557c4ac13
bfb4bb11-79d3-4887-a00d-90b7b40b1471,0b792253-46d3-4cbf-b82c-f8e732f797b2
bfb4bb11-79d3-4887-a00d-90b7b40b1471,cc60b90d-44dc-4072-8b9b-f0f04e8626a1
b07fa227-148f-4c20-81c7-37492309333f,310deddf-3b76-4ab4-ac58-0b533114d28e
b07fa227-148f-4c20-81c7-37492309333f,8d53b5b6-de15-4dda-bedf-0fe719318f0d
b07fa227-148f-4c20-81c7-37492309333f,f2e26f34-1ab0-458e-b16e-e374e6b04551
b07fa227-148f-4c20-81c7-37492309333f,918c8d8b-7b5a-4fb9-a318-1b2e5cf21b4b
b07fa227-148f-4c20-81c7-37492309333f,4472419c-1eb6-41e4-b8db-8dfce937324b
b07fa227-148f-4c20-81c7-37492309333f,351f58fa-1b78-4734-8671-6d720d408b7f
b07fa227-148f-4c20-81c7-37492309333f,51d425c2-6454-4fbe-bb0c-f3af52829531
b07fa227-148f-4c20-81c7-37492309333f,40cc591b-3cb0-4ad1-be4f-526c1fba2d39
b07fa227-148f-4c20-81c7-37492309333f,5b93e3e8-7878-4bbb-a19d-9c5f24c43042
b07fa227-148f-4c20-81c7-37492309333f,866d8801-91f6-4b3e-8561-0d8fd8259337
b07fa227-148f-4c20-81c7-37492309333f,4f4b9719-3524-4a00-a74b-44d9e3ee3afb
b07fa227-148f-4c20-81c7-37492309333f,f807fc0c-3ee2-431f-8d8a-adf3824c843b
b07fa227-148f-4c20-81c7-37492309333f,9eb1e82e-0daa-4198-b22a-25baf5bb1ce0
b07fa227-148f-4c20-81c7-37492309333f,d6050df4-1649-4462-aa9b-92d89fcc5b8f
b07fa227-148f-4c20-81c7-37492309333f,6163b9c8-c32e-48f0-9d62-aac133855b4c
b07fa227-148f-4c20-81c7-37492309333f,66cece40-6468-4214-99a4-137b00723416
b07fa227-148f-4c20-81c7-37492309333f,18ba28e1-545d-417b-a65b-617f35af5ff9
b07fa227-148f-4c20-81c7-37492309333f,6e3a271a-415b-4758-a144-e9b76f0592c7
b07fa227-148f-4c20-81c7-37492309333f,dbdbda3d-affd-469e-ae41-988780d7e542
b07fa227-148f-4c20-81c7-37492309333f,b2c4e95d-130a-4230-b137-6de667683f52
b07fa227-148f-4c20-81c7-37492309333f,a034a9a1-d6c4-49fa-905d-e716a5b5d197
b07fa227-148f-4c20-81c7-37492309333f,132b63b9-3673-4047-a767-bed235052a2e
b07fa227-148f-4c20-81c7-37492309333f,59af5df8-04cf-496c-a615-a353b2e96031
b07fa227-148f-4c20-81c7-37492309333f,faea6673-d730-47bf-a3d3-dc0df145b0d9
b07fa227-148f-4c20-81c7-37492309333f,520e5c3c-a44a-43b7-b68b-b385a543ac75
b07fa227-148f-4c20-81c7-37492309333f,59ca0ede-8a28-4dd0-9bec-edc28b3bb77c
b07fa227-148f-4c20-81c7-37492309333f,738a9f3f-0d33-43d5-9f02-19bfa2020f6a
b07fa227-148f-4c20-81c7-37492309333f,fc75d94c-f1a6-48ae-aa89-9a89a5e4649b
b07fa227-148f-4c20-81c7-37492309333f,faa1753e-7ca7-4b88-9e05-c80806524c94
b07fa227-148f-4c20-81c7-37492309333f,94d9cbe9-5aeb-439b-ad7c-e4d5076818e4
b07fa227-148f-4c20-81c7-37492309333f,25eaf357-c3ab-4032-9be2-48b62745ef5d
b07fa227-148f-4c20-81c7-37492309333f,4923789b-0add-4277-986a-8d047cf658c9
b07fa227-148f-4c20-81c7-37492309333f,e9883f5d-ee9f-4615-af18-6ddd5d5e0b79
b07fa227-148f-4c20-81c7-37492309333f,e3eae30b-0447-44b1-974d-2988aefe3d48
b07fa227-148f-4c20-81c7-37492309333f,ea3e66d5-80dd-43b8-b7a9-a01d1fd93222
b07fa227-148f-4c20-81c7-37492309333f,5406c988-97ab-4575-9791-2331833a3feb
b07fa227-148f-4c20-81c7-37492309333f,366ae729-20e9-42b6-8841-6f20305a053f
b07fa227-148f-4c20-81c7-37492309333f,06cc5f6b-a65f-49fe-90af-a67f977d65b5
b07fa227-148f-4c20-81c7-37492309333f,828ebd35-5fdf-43e2-82cc-c0d481a427be
b07fa227-148f-4c20-81c7-37492309333f,8c814e0b-8190-4c1a-84f7-85dd6508a4c6
b07fa227-148f-4c20-81c7-37492309333f,d31168b9-2292-4871-9add-616e37f023c1
b07fa227-148f-4c20-81c7-37492309333f,f7a62c48-2137-47df-87fb-4f8a4a35bbfd
b07fa227-148f-4c20-81c7-37492309333f,d7f7f3db-f181-457e-8ced-c5624ad13a71
b07fa227-148f-4c20-81c7-37492309333f,a37f3c6b-31b3-4cb9-b6f9-9844b66c12d6
b07fa227-148f-4c20-81c7-37492309333f,8ddc12a3-72c9-4b2b-ae56-144500082035
b07fa227-148f-4c20-81c7-37492309333f,2df8c5a6-2c4c-49bc-ac19-08adadc5f7b8
b07fa227-148f-4c20-81c7-37492309333f,c873950c-6df2-45f6-91ca-128be906a563
b07fa227-148f-4c20-81c7-37492309333f,c825eb1b-1c8c-4dfa-9df7-07077d1f7f56
b07fa227-148f-4c20-81c7-37492309333f,949a6ec9-0bfb-481e-802c-b9381d3ac291
b07fa227-148f-4c20-81c7-37492309333f,986e001a-6c3c-473a-a96f-37da3b1c9ab5
b07fa227-148f-4c20-81c7-37492309333f,29bf85ea-bc91-4d69-9cc4-a1be3b38e493
b07fa227-148f-4c20-81c7-37492309333f,4e962a74-801d-46a2-b902-69e675ea53e1
b07fa227-148f-4c20-81c7-37492309333f,1e03b946-521b-4442-871d-37c191436477
b07fa227-148f-4c20-81c7-37492309333f,31138618-e8e3-4e88-bd54-198c5e2ae922
b07fa227-148f-4c20-81c7-37492309333f,8f662cbd-2d93-4ecc-a858-5ef050662fc6
b07fa227-148f-4c20-81c7-37492309333f,33169def-c18a-4319-ae78-5fc4f4d85c95
b07fa227-148f-4c20-81c7-37492309333f,883b89b9-ed72-496e-922a-1cde11f60c22
b07fa227-148f-4c20-81c7-37492309333f,11ced668-07fe-416b-a4c4-dfd14aa37315
b07fa227-148f-4c20-81c7-37492309333f,3144cfd0-0053-4702-b6bc-d27a02b21373
b07fa227-148f-4c20-81c7-37492309333f,2561f85e-a0c2-496a-a417-461a2f7e95f2
b07fa227-148f-4c20-81c7-37492309333f,545c3fd6-7fca-4381-9fcd-d4e95a45f296
b07fa227-148f-4c20-81c7-37492309333f,de553c0d-af8a-46c6-aed5-69a270307dab
b07fa227-148f-4c20-81c7-37492309333f,926db7d8-e784-4663-adf2-a4276d290ef7
b07fa227-148f-4c20-81c7-37492309333f,d62d8c8d-20ee-40f0-8a37-63038a41114d
b07fa227-148f-4c20-81c7-37492309333f,dd892d35-abb6-4e64-b1b5-4dfcf43e9b8b
b07fa227-148f-4c20-81c7-37492309333f,f71b655b-c53b-4efc-9213-e7f148f8f494
b07fa227-148f-4c20-81c7-37492309333f,68deab0c-3c8a-4a77-a93e-3c2ef2c8a281
b07fa227-148f-4c20-81c7-37492309333f,61c3fdc7-0fcd-4e4d-82ce-f03eb4a618a4
b07fa227-148f-4c20-81c7-37492309333f,83e11abc-1fe6-4642-8e1f-9fbcb22c7744
b07fa227-148f-4c20-81c7-37492309333f,d42d03b1-47f2-493c-9a7e-638fa041c97e
b07fa227-148f-4c20-81c7-37492309333f,916800c5-0dab-4254-b327-b06f0543824d
b07fa227-148f-4c20-81c7-37492309333f,3e92fb43-2e91-4386-b73d-0577e19d75d9
b07fa227-148f-4c20-81c7-37492309333f,2b06c7f0-65f9-42db-a886-e03b61862fb6
b07fa227-148f-4c20-81c7-37492309333f,ac0f367a-7ab5-49c6-b6f0-77b231d3a3b9
b07fa227-148f-4c20-81c7-37492309333f,a31a9d84-f261-438e-a9c4-b7007ba7325a
b07fa227-148f-4c20-81c7-37492309333f,22a9f422-7940-44d8-97b1-73740629cd66
b07fa227-148f-4c20-81c7-37492309333f,2aa31dba-d9bb-464e-8b0c-8cce78f6cd61
b07fa227-148f-4c20-81c7-37492309333f,34960863-e909-47f2-85e2-b1ed246c57da
b07fa227-148f-4c20-81c7-37492309333f,c3159d31-a64a-4d9a-b6cc-646165304a5a
b07fa227-148f-4c20-81c7-37492309333f,cf000ee7-2282-4bdc-9d93-97376fa4ab78
b07fa227-148f-4c20-81c7-37492309333f,88dc921f-92ff-4bb7-91a3-6b217bed3f1f
b07fa227-148f-4c20-81c7-37492309333f,337de7d2-50b7-415e-9805-11af72a33a3e
b07fa227-148f-4c20-81c7-37492309333f,50b2d520-4907-47fb-9deb-01b9f0a60f80
b07fa227-148f-4c20-81c7-37492309333f,8ad5f7f8-b3c0-4e0e-a74d-434acfdee09c
b07fa227-148f-4c20-81c7-37492309333f,a6647f78-6490-48a6-8f38-3a74fd371769
b07fa227-148f-4c20-81c7-37492309333f,35515ac2-9f86-43da-a1e5-f9002f4c1fc0
b07fa227-148f-4c20-81c7-37492309333f,54a20f39-58d4-42ce-b3ad-d826b627b1a4
b07fa227-148f-4c20-81c7-37492309333f,2bf6c830-ebb6-478f-841e-aaab8edcec4d
b07fa227-148f-4c20-81c7-37492309333f,4178a4ef-1c0a-48fc-a569-e7c83cfbd46f
b07fa227-148f-4c20-81c7-37492309333f,b98682ac-fc8a-4570-b840-ea5580431f34
b07fa227-148f-4c20-81c7-37492309333f,f0cf72f8-e25e-49ad-acf8-f26be2ae4527
b07fa227-148f-4c20-81c7-37492309333f,1343e1c5-31f9-4297-b7eb-ed5c114bb32c
b07fa227-148f-4c20-81c7-37492309333f,e25ccca6-48b6-40b3-94e6-fbc5322abedd
b07fa227-148f-4c20-81c7-37492309333f,8fce6009-39c9-47da-88ce-34517b74ec97
b07fa227-148f-4c20-81c7-37492309333f,9add746b-4905-49fa-8f55-170be0513a55
b07fa227-148f-4c20-81c7-37492309333f,8ecb4a42-c120-433a-8d55-42e08fd561fb
b07fa227-148f-4c20-81c7-37492309333f,49ed75e6-43f8-4444-92e3-c920c5ff4b2f
b07fa227-148f-4c20-81c7-37492309333f,7f34c09b-723f-47d0-b75b-c498b5084067
b07fa227-148f-4c20-81c7-37492309333f,964715b5-fdc9-46bd-b670-8e4e7cc56256
b07fa227-148f-4c20-81c7-37492309333f,e75f110b-6b97-4ff4-b6a2-f230b9d87639
b07fa227-148f-4c20-81c7-37492309333f,aa1fbdc2-d5d4-47c2-8db1-ba4a168e6cb2
b07fa227-148f-4c20-81c7-37492309333f,7269e20f-3fbe-4aca-8ca9-629e4a23a29e
b07fa227-148f-4c20-81c7-37492309333f,7506012d-6f01-497b-9bb6-3fcd5721b362
b07fa227-148f-4c20-81c7-37492309333f,77feff39-5c1a-45c3-9ffb-7dd9bc1eda32
b07fa227-148f-4c20-81c7-37492309333f,62114484-51e7-48ff-9f3a-70120693ec86
b07fa227-148f-4c20-81c7-37492309333f,c650314a-7aa9-48ea-8897-2ac33ea650b6
b07fa227-148f-4c20-81c7-37492309333f,07f3573b-489b-4058-bfb5-b5caed78f53d
b07fa227-148f-4c20-81c7-37492309333f,6ceab0a8-c983-4a67-a832-5749b651950f
b07fa227-148f-4c20-81c7-37492309333f,43e1eca6-3f64-44c4-9078-2365d0cd6715
b07fa227-148f-4c20-81c7-37492309333f,1157468a-262e-45ca-9908-671dd0c38214
b07fa227-148f-4c20-81c7-37492309333f,e5ae13b6-b800-4769-8228-5862bc330697
b07fa227-148f-4c20-81c7-37492309333f,754d870e-d41e-4e3a-9334-7bd6511c1261
b07fa227-148f-4c20-81c7-37492309333f,b036650e-2b09-4838-b73d-d173379bfde9
b07fa227-148f-4c20-81c7-37492309333f,2294e905-3887-4c16-825d-6ae4bacbac9f
b07fa227-148f-4c20-81c7-37492309333f,e0d09b7a-24d7-4999-b984-849bbe22b315
b07fa227-148f-4c20-81c7-37492309333f,d0209c99-272f-44d4-95ac-773580cc49e7
b07fa227-148f-4c20-81c7-37492309333f,a6614c23-e471-492c-85ab-5fb93df4fe9f
b07fa227-148f-4c20-81c7-37492309333f,8660b916-74a4-4681-8ebb-29f6dfac253f
b07fa227-148f-4c20-81c7-37492309333f,e5ab09ff-1ebd-4f0e-ad33-1d9a2cbc6cac
b07fa227-148f-4c20-81c7-37492309333f,24ef8edc-f211-4695-b4e9-52f45d1d0518
b07fa227-148f-4c20-81c7-37492309333f,850fe1fc-0117-41e5-aded-118f05efd64b
b07fa227-148f-4c20-81c7-37492309333f,51855b37-3481-4584-baf7-2dd9fb5c3a3f
b07fa227-148f-4c20-81c7-37492309333f,9aae31b0-3130-4d23-9924-a2f8396d98e3
b07fa227-148f-4c20-81c7-37492309333f,502db1d7-409c-499d-9b4b-306c05ae72a9
b07fa227-148f-4c20-81c7-37492309333f,8673f2fa-3e3a-4857-852e-a65181599643
b07fa227-148f-4c20-81c7-37492309333f,6e0075ee-cf72-46c5-b969-9e15ec7e3af5
b07fa227-148f-4c20-81c7-37492309333f,7e6bf90e-4e10-4d2e-ba10-9ad65024947f
b07fa227-148f-4c20-81c7-37492309333f,d251e64b-0d00-41f5-b1a8-666493cfb504
b07fa227-148f-4c20-81c7-37492309333f,80b50ef8-96ea-4fb6-a37b-24de67bf946c
b07fa227-148f-4c20-81c7-37492309333f,0a3fe50b-9277-45c7-88cf-e338009d467d
b07fa227-148f-4c20-81c7-37492309333f,f781feae-f0ae-4568-9595-223221955cac
b07fa227-148f-4c20-81c7-37492309333f,6683aabb-9d5a-4454-b006-f828c5a95a39
b07fa227-148f-4c20-81c7-37492309333f,7dcd2312-1b4e-409c-ac67-f2c562aeecca
b07fa227-148f-4c20-81c7-37492309333f,3e2d97be-d00f-453a-89af-e35c3b1e8719
b07fa227-148f-4c20-81c7-37492309333f,29e9fb72-29dd-4362-a278-80e5beca153e
b07fa227-148f-4c20-81c7-37492309333f,9d9eccd9-67fc-4f71-a8da-94e0dbd79259
b07fa227-148f-4c20-81c7-37492309333f,6e821edf-e26e-40a1-93e3-2c20a9412fb7
b07fa227-148f-4c20-81c7-37492309333f,67cd3f59-43c6-4398-8f02-36bbc707e8c3
b07fa227-148f-4c20-81c7-37492309333f,c1dcd3bb-ec1e-416b-ab92-6205e81f4aaf
b07fa227-148f-4c20-81c7-37492309333f,39cc1231-731e-4ea9-b1bd-93b6c0d660c0
b07fa227-148f-4c20-81c7-37492309333f,66bb73df-60a3-4093-a8ce-0f3d56673316
b07fa227-148f-4c20-81c7-37492309333f,a467b389-e767-4a4a-89c6-da159e3b7208
b07fa227-148f-4c20-81c7-37492309333f,742573f3-b658-4e0c-9183-e1a61ce9c201
b07fa227-148f-4c20-81c7-37492309333f,9288dc96-7c6b-4be6-911e-91c71cf4ae85
b07fa227-148f-4c20-81c7-37492309333f,4f2f4f3d-487e-4144-a03f-5675a4dfe028
b07fa227-148f-4c20-81c7-37492309333f,22d1086b-80cd-45c5-8407-b6f9287842b1
b07fa227-148f-4c20-81c7-37492309333f,446a0158-cc72-46c3-a850-9593fb8b5cf5
b07fa227-148f-4c20-81c7-37492309333f,ad3dce70-faf5-4a7e-9b90-4493c27a4f1d
b07fa227-148f-4c20-81c7-37492309333f,4a4ba199-9481-41a3-b30e-4504e44c9bad
b07fa227-148f-4c20-81c7-37492309333f,b82ecc00-6336-42a4-9266-ee756671a255
b07fa227-148f-4c20-81c7-37492309333f,73b363c6-c734-4f2f-8db7-3bc47c104833
b07fa227-148f-4c20-81c7-37492309333f,94ff19e0-7bd9-462f-a232-602487b83ee3
b07fa227-148f-4c20-81c7-37492309333f,6858b9d4-74a6-41cb-9997-1f72253c9074
b07fa227-148f-4c20-81c7-37492309333f,06670f03-5e3a-44f0-bfba-65d9dd6dc25e
b07fa227-148f-4c20-81c7-37492309333f,f01613a7-8162-4e07-921b-360996b718f1
b07fa227-148f-4c20-81c7-37492309333f,a2ec249c-789d-4fd0-b156-b3ca34cecafd
b07fa227-148f-4c20-81c7-37492309333f,e607b15b-d7c2-4fa2-b1ff-ea1039a84716
b07fa227-148f-4c20-81c7-37492309333f,3ea22688-0f8c-4533-93e9-a4d912ee29b7
b07fa227-148f-4c20-81c7-37492309333f,a565cfee-8d16-47c9-b766-fde13d5a578d
b07fa227-148f-4c20-81c7-37492309333f,6c51bd3f-66f0-4872-a1cc-36e110ef569a
b07fa227-148f-4c20-81c7-37492309333f,06ec0fa1-cb98-44ca-b894-18bd638e4c8b
b07fa227-148f-4c20-81c7-37492309333f,b38c5c33-8dcd-4cc4-9f16-142947bc970d
b07fa227-148f-4c20-81c7-37492309333f,f8406140-e428-4df3-beeb-83ff6f4afed9
b07fa227-148f-4c20-81c7-37492309333f,1e27e946-9812-446d-b1de-10f15c09b209
b07fa227-148f-4c20-81c7-37492309333f,836f225c-e07e-43ef-997d-66276e5867fe
b07fa227-148f-4c20-81c7-37492309333f,bd6e0b72-6e5b-47c0-9520-a1f971c68276
b07fa227-148f-4c20-81c7-37492309333f,60702ca7-42a1-4987-986c-a3ee17498c4a
b07fa227-148f-4c20-81c7-37492309333f,20331205-67dd-433d-ad01-c9e481d2c97b
b07fa227-148f-4c20-81c7-37492309333f,9788c9f9-18fe-4964-948b-fa3e9fa41cdb
b07fa227-148f-4c20-81c7-37492309333f,3dfc04ee-90f5-4552-9db6-9aa2bafb4863
b07fa227-148f-4c20-81c7-37492309333f,214a2145-5c5f-46d7-b2dc-7f7655e55ab9
b07fa227-148f-4c20-81c7-37492309333f,d1714486-168b-4fe7-8346-debe71df568b
b07fa227-148f-4c20-81c7-37492309333f,ad10b4e3-814b-4e82-a82f-3f9442fe66f5
b07fa227-148f-4c20-81c7-37492309333f,f8b6e462-49bb-4e76-b099-c0133274a3bd
b07fa227-148f-4c20-81c7-37492309333f,eeb82e1b-91f6-4b63-969b-973a83942ce3
b07fa227-148f-4c20-81c7-37492309333f,d5649aa4-a6e3-48af-8105-2e0ec5434212
b07fa227-148f-4c20-81c7-37492309333f,ad3e5336-d71d-4c7e-bb9c-b8b14c03a1a2
b07fa227-148f-4c20-81c7-37492309333f,95c56220-63dd-475d-b41f-4b44df8a3a80
b07fa227-148f-4c20-81c7-37492309333f,cf599950-90e3-40fe-85ed-ca9163ef53f2
b07fa227-148f-4c20-81c7-37492309333f,79cd9f01-ae1c-43cb-be24-bdb46521487b
b07fa227-148f-4c20-81c7-37492309333f,7fbab367-1c6a-46ad-8372-310557c4ac13
b07fa227-148f-4c20-81c7-37492309333f,0b792253-46d3-4cbf-b82c-f8e732f797b2
b07fa227-148f-4c20-81c7-37492309333f,cc60b90d-44dc-4072-8b9b-f0f04e8626a1
550c4e46-b8ff-4bfe-a25c-29b149ff24cd,9849ddc6-fb68-4438-96da-b8be1b034d09
550c4e46-b8ff-4bfe-a25c-29b149ff24cd,e4561f83-ea1d-4aa9-8a7f-1acfa9f57bd2
550c4e46-b8ff-4bfe-a25c-29b149ff24cd,1d1597cc-1734-4039-bcbd-44718ce8d67f
550c4e46-b8ff-4bfe-a25c-29b149ff24cd,93b42f30-c182-4082-93ff-809bf8f4ac97
550c4e46-b8ff-4bfe-a25c-29b149ff24cd,73e43299-00ca-4688-8701-067a0d495124
550c4e46-b8ff-4bfe-a25c-29b149ff24cd,a866c4cc-6b5e-4a62-87e2-65695e5932fd
550c4e46-b8ff-4bfe-a25c-29b149ff24cd,ce6df594-201a-4e9e-8310-290726b16c15
550c4e46-b8ff-4bfe-a25c-29b149ff24cd,9bd8fd27-9d7c-4c41-a97b-784b20f118f6
550c4e46-b8ff-4bfe-a25c-29b149ff24cd,e6dd3c8f-34e4-443f-b9a8-9f7ce980b1dd
7548306e-875e-4cc7-b819-47abecb4e996,e9883f5d-ee9f-4615-af18-6ddd5d5e0b79
7548306e-875e-4cc7-b819-47abecb4e996,94d9cbe9-5aeb-439b-ad7c-e4d5076818e4
7548306e-875e-4cc7-b819-47abecb4e996,25eaf357-c3ab-4032-9be2-48b62745ef5d
7548306e-875e-4cc7-b819-47abecb4e996,ea3e66d5-80dd-43b8-b7a9-a01d1fd93222
7548306e-875e-4cc7-b819-47abecb4e996,5406c988-97ab-4575-9791-2331833a3feb
7548306e-875e-4cc7-b819-47abecb4e996,366ae729-20e9-42b6-8841-6f20305a053f
7548306e-875e-4cc7-b819-47abecb4e996,06cc5f6b-a65f-49fe-90af-a67f977d65b5
7548306e-875e-4cc7-b819-47abecb4e996,828ebd35-5fdf-43e2-82cc-c0d481a427be
7548306e-875e-4cc7-b819-47abecb4e996,e3eae30b-0447-44b1-974d-2988aefe3d48
7548306e-875e-4cc7-b819-47abecb4e996,8c814e0b-8190-4c1a-84f7-85dd6508a4c6
7548306e-875e-4cc7-b819-47abecb4e996,d31168b9-2292-4871-9add-616e37f023c1
7548306e-875e-4cc7-b819-47abecb4e996,f7a62c48-2137-47df-87fb-4f8a4a35bbfd
7548306e-875e-4cc7-b819-47abecb4e996,d7f7f3db-f181-457e-8ced-c5624ad13a71
7548306e-875e-4cc7-b819-47abecb4e996,a37f3c6b-31b3-4cb9-b6f9-9844b66c12d6
7548306e-875e-4cc7-b819-47abecb4e996,f2e26f34-1ab0-458e-b16e-e374e6b04551
7548306e-875e-4cc7-b819-47abecb4e996,918c8d8b-7b5a-4fb9-a318-1b2e5cf21b4b
7548306e-875e-4cc7-b819-47abecb4e996,4472419c-1eb6-41e4-b8db-8dfce937324b
7548306e-875e-4cc7-b819-47abecb4e996,351f58fa-1b78-4734-8671-6d720d408b7f
7548306e-875e-4cc7-b819-47abecb4e996,51d425c2-6454-4fbe-bb0c-f3af52829531
7548306e-875e-4cc7-b819-47abecb4e996,310deddf-3b76-4ab4-ac58-0b533114d28e
7548306e-875e-4cc7-b819-47abecb4e996,5b93e3e8-7878-4bbb-a19d-9c5f24c43042
7548306e-875e-4cc7-b819-47abecb4e996,866d8801-91f6-4b3e-8561-0d8fd8259337
7548306e-875e-4cc7-b819-47abecb4e996,40cc591b-3cb0-4ad1-be4f-526c1fba2d39
7548306e-875e-4cc7-b819-47abecb4e996,9eb1e82e-0daa-4198-b22a-25baf5bb1ce0
7548306e-875e-4cc7-b819-47abecb4e996,d6050df4-1649-4462-aa9b-92d89fcc5b8f
7548306e-875e-4cc7-b819-47abecb4e996,6163b9c8-c32e-48f0-9d62-aac133855b4c
7548306e-875e-4cc7-b819-47abecb4e996,66cece40-6468-4214-99a4-137b00723416
7548306e-875e-4cc7-b819-47abecb4e996,18ba28e1-545d-417b-a65b-617f35af5ff9
7548306e-875e-4cc7-b819-47abecb4e996,6e3a271a-415b-4758-a144-e9b76f0592c7
7548306e-875e-4cc7-b819-47abecb4e996,dbdbda3d-affd-469e-ae41-988780d7e542
7548306e-875e-4cc7-b819-47abecb4e996,b2c4e95d-130a-4230-b137-6de667683f52
7548306e-875e-4cc7-b819-47abecb4e996,4f4b9719-3524-4a00-a74b-44d9e3ee3afb
7548306e-875e-4cc7-b819-47abecb4e996,f807fc0c-3ee2-431f-8d8a-adf3824c843b
7548306e-875e-4cc7-b819-47abecb4e996,132b63b9-3673-4047-a767-bed235052a2e
7548306e-875e-4cc7-b819-47abecb4e996,59af5df8-04cf-496c-a615-a353b2e96031
7548306e-875e-4cc7-b819-47abecb4e996,faea6673-d730-47bf-a3d3-dc0df145b0d9
7548306e-875e-4cc7-b819-47abecb4e996,520e5c3c-a44a-43b7-b68b-b385a543ac75
7548306e-875e-4cc7-b819-47abecb4e996,59ca0ede-8a28-4dd0-9bec-edc28b3bb77c
7548306e-875e-4cc7-b819-47abecb4e996,738a9f3f-0d33-43d5-9f02-19bfa2020f6a
7548306e-875e-4cc7-b819-47abecb4e996,fc75d94c-f1a6-48ae-aa89-9a89a5e4649b
7548306e-875e-4cc7-b819-47abecb4e996,faa1753e-7ca7-4b88-9e05-c80806524c94
7548306e-875e-4cc7-b819-47abecb4e996,a034a9a1-d6c4-49fa-905d-e716a5b5d197
7548306e-875e-4cc7-b819-47abecb4e996,4923789b-0add-4277-986a-8d047cf658c9
7548306e-875e-4cc7-b819-47abecb4e996,2b06c7f0-65f9-42db-a886-e03b61862fb6
7548306e-875e-4cc7-b819-47abecb4e996,22a9f422-7940-44d8-97b1-73740629cd66
7548306e-875e-4cc7-b819-47abecb4e996,83e11abc-1fe6-4642-8e1f-9fbcb22c7744
7548306e-875e-4cc7-b819-47abecb4e996,3e92fb43-2e91-4386-b73d-0577e19d75d9
7548306e-875e-4cc7-b819-47abecb4e996,916800c5-0dab-4254-b327-b06f0543824d
7548306e-875e-4cc7-b819-47abecb4e996,d42d03b1-47f2-493c-9a7e-638fa041c97e
7548306e-875e-4cc7-b819-47abecb4e996,926db7d8-e784-4663-adf2-a4276d290ef7
7548306e-875e-4cc7-b819-47abecb4e996,61c3fdc7-0fcd-4e4d-82ce-f03eb4a618a4
7548306e-875e-4cc7-b819-47abecb4e996,2aa31dba-d9bb-464e-8b0c-8cce78f6cd61
7548306e-875e-4cc7-b819-47abecb4e996,34960863-e909-47f2-85e2-b1ed246c57da
7548306e-875e-4cc7-b819-47abecb4e996,c3159d31-a64a-4d9a-b6cc-646165304a5a
7548306e-875e-4cc7-b819-47abecb4e996,cf000ee7-2282-4bdc-9d93-97376fa4ab78
7548306e-875e-4cc7-b819-47abecb4e996,88dc921f-92ff-4bb7-91a3-6b217bed3f1f
7548306e-875e-4cc7-b819-47abecb4e996,337de7d2-50b7-415e-9805-11af72a33a3e
7548306e-875e-4cc7-b819-47abecb4e996,ac0f367a-7ab5-49c6-b6f0-77b231d3a3b9
7548306e-875e-4cc7-b819-47abecb4e996,a31a9d84-f261-438e-a9c4-b7007ba7325a
7548306e-875e-4cc7-b819-47abecb4e996,8ad5f7f8-b3c0-4e0e-a74d-434acfdee09c
7548306e-875e-4cc7-b819-47abecb4e996,a6647f78-6490-48a6-8f38-3a74fd371769
7548306e-875e-4cc7-b819-47abecb4e996,35515ac2-9f86-43da-a1e5-f9002f4c1fc0
7548306e-875e-4cc7-b819-47abecb4e996,54a20f39-58d4-42ce-b3ad-d826b627b1a4
7548306e-875e-4cc7-b819-47abecb4e996,2bf6c830-ebb6-478f-841e-aaab8edcec4d
7548306e-875e-4cc7-b819-47abecb4e996,50b2d520-4907-47fb-9deb-01b9f0a60f80
7548306e-875e-4cc7-b819-47abecb4e996,f0cf72f8-e25e-49ad-acf8-f26be2ae4527
7548306e-875e-4cc7-b819-47abecb4e996,1343e1c5-31f9-4297-b7eb-ed5c114bb32c
7548306e-875e-4cc7-b819-47abecb4e996,e25ccca6-48b6-40b3-94e6-fbc5322abedd
7548306e-875e-4cc7-b819-47abecb4e996,8fce6009-39c9-47da-88ce-34517b74ec97
7548306e-875e-4cc7-b819-47abecb4e996,9add746b-4905-49fa-8f55-170be0513a55
7548306e-875e-4cc7-b819-47abecb4e996,8ecb4a42-c120-433a-8d55-42e08fd561fb
7548306e-875e-4cc7-b819-47abecb4e996,4178a4ef-1c0a-48fc-a569-e7c83cfbd46f
7548306e-875e-4cc7-b819-47abecb4e996,b98682ac-fc8a-4570-b840-ea5580431f34
7548306e-875e-4cc7-b819-47abecb4e996,986e001a-6c3c-473a-a96f-37da3b1c9ab5
7548306e-875e-4cc7-b819-47abecb4e996,29bf85ea-bc91-4d69-9cc4-a1be3b38e493
7548306e-875e-4cc7-b819-47abecb4e996,4e962a74-801d-46a2-b902-69e675ea53e1
7548306e-875e-4cc7-b819-47abecb4e996,1e03b946-521b-4442-871d-37c191436477
7548306e-875e-4cc7-b819-47abecb4e996,31138618-e8e3-4e88-bd54-198c5e2ae922
7548306e-875e-4cc7-b819-47abecb4e996,8f662cbd-2d93-4ecc-a858-5ef050662fc6
7548306e-875e-4cc7-b819-47abecb4e996,33169def-c18a-4319-ae78-5fc4f4d85c95
7548306e-875e-4cc7-b819-47abecb4e996,883b89b9-ed72-496e-922a-1cde11f60c22
7548306e-875e-4cc7-b819-47abecb4e996,8ddc12a3-72c9-4b2b-ae56-144500082035
7548306e-875e-4cc7-b819-47abecb4e996,2df8c5a6-2c4c-49bc-ac19-08adadc5f7b8
7548306e-875e-4cc7-b819-47abecb4e996,c873950c-6df2-45f6-91ca-128be906a563
7548306e-875e-4cc7-b819-47abecb4e996,c825eb1b-1c8c-4dfa-9df7-07077d1f7f56
7548306e-875e-4cc7-b819-47abecb4e996,949a6ec9-0bfb-481e-802c-b9381d3ac291
7548306e-875e-4cc7-b819-47abecb4e996,3144cfd0-0053-4702-b6bc-d27a02b21373
7548306e-875e-4cc7-b819-47abecb4e996,2561f85e-a0c2-496a-a417-461a2f7e95f2
7548306e-875e-4cc7-b819-47abecb4e996,545c3fd6-7fca-4381-9fcd-d4e95a45f296
7548306e-875e-4cc7-b819-47abecb4e996,de553c0d-af8a-46c6-aed5-69a270307dab
7548306e-875e-4cc7-b819-47abecb4e996,11ced668-07fe-416b-a4c4-dfd14aa37315
7548306e-875e-4cc7-b819-47abecb4e996,d62d8c8d-20ee-40f0-8a37-63038a41114d
7548306e-875e-4cc7-b819-47abecb4e996,dd892d35-abb6-4e64-b1b5-4dfcf43e9b8b
7548306e-875e-4cc7-b819-47abecb4e996,f71b655b-c53b-4efc-9213-e7f148f8f494
7548306e-875e-4cc7-b819-47abecb4e996,68deab0c-3c8a-4a77-a93e-3c2ef2c8a281
7548306e-875e-4cc7-b819-47abecb4e996,964715b5-fdc9-46bd-b670-8e4e7cc56256
7548306e-875e-4cc7-b819-47abecb4e996,49ed75e6-43f8-4444-92e3-c920c5ff4b2f
7548306e-875e-4cc7-b819-47abecb4e996,e75f110b-6b97-4ff4-b6a2-f230b9d87639
7548306e-875e-4cc7-b819-47abecb4e996,7f34c09b-723f-47d0-b75b-c498b5084067
7548306e-875e-4cc7-b819-47abecb4e996,7506012d-6f01-497b-9bb6-3fcd5721b362
7548306e-875e-4cc7-b819-47abecb4e996,7269e20f-3fbe-4aca-8ca9-629e4a23a29e
7548306e-875e-4cc7-b819-47abecb4e996,aa1fbdc2-d5d4-47c2-8db1-ba4a168e6cb2
7548306e-875e-4cc7-b819-47abecb4e996,77feff39-5c1a-45c3-9ffb-7dd9bc1eda32
7548306e-875e-4cc7-b819-47abecb4e996,43e1eca6-3f64-44c4-9078-2365d0cd6715
7548306e-875e-4cc7-b819-47abecb4e996,62114484-51e7-48ff-9f3a-70120693ec86
7548306e-875e-4cc7-b819-47abecb4e996,07f3573b-489b-4058-bfb5-b5caed78f53d
7548306e-875e-4cc7-b819-47abecb4e996,c650314a-7aa9-48ea-8897-2ac33ea650b6
7548306e-875e-4cc7-b819-47abecb4e996,6ceab0a8-c983-4a67-a832-5749b651950f
7548306e-875e-4cc7-b819-47abecb4e996,e5ae13b6-b800-4769-8228-5862bc330697
7548306e-875e-4cc7-b819-47abecb4e996,754d870e-d41e-4e3a-9334-7bd6511c1261
7548306e-875e-4cc7-b819-47abecb4e996,b036650e-2b09-4838-b73d-d173379bfde9
7548306e-875e-4cc7-b819-47abecb4e996,2294e905-3887-4c16-825d-6ae4bacbac9f
7548306e-875e-4cc7-b819-47abecb4e996,e0d09b7a-24d7-4999-b984-849bbe22b315
7548306e-875e-4cc7-b819-47abecb4e996,d0209c99-272f-44d4-95ac-773580cc49e7
7548306e-875e-4cc7-b819-47abecb4e996,a6614c23-e471-492c-85ab-5fb93df4fe9f
7548306e-875e-4cc7-b819-47abecb4e996,8660b916-74a4-4681-8ebb-29f6dfac253f
7548306e-875e-4cc7-b819-47abecb4e996,e5ab09ff-1ebd-4f0e-ad33-1d9a2cbc6cac
7548306e-875e-4cc7-b819-47abecb4e996,24ef8edc-f211-4695-b4e9-52f45d1d0518
7548306e-875e-4cc7-b819-47abecb4e996,850fe1fc-0117-41e5-aded-118f05efd64b
7548306e-875e-4cc7-b819-47abecb4e996,51855b37-3481-4584-baf7-2dd9fb5c3a3f
7548306e-875e-4cc7-b819-47abecb4e996,9aae31b0-3130-4d23-9924-a2f8396d98e3
7548306e-875e-4cc7-b819-47abecb4e996,502db1d7-409c-499d-9b4b-306c05ae72a9
7548306e-875e-4cc7-b819-47abecb4e996,8673f2fa-3e3a-4857-852e-a65181599643
7548306e-875e-4cc7-b819-47abecb4e996,6e0075ee-cf72-46c5-b969-9e15ec7e3af5
7548306e-875e-4cc7-b819-47abecb4e996,d251e64b-0d00-41f5-b1a8-666493cfb504
7548306e-875e-4cc7-b819-47abecb4e996,80b50ef8-96ea-4fb6-a37b-24de67bf946c
7548306e-875e-4cc7-b819-47abecb4e996,0a3fe50b-9277-45c7-88cf-e338009d467d
7548306e-875e-4cc7-b819-47abecb4e996,f781feae-f0ae-4568-9595-223221955cac
7548306e-875e-4cc7-b819-47abecb4e996,7dcd2312-1b4e-409c-ac67-f2c562aeecca
7548306e-875e-4cc7-b819-47abecb4e996,3e2d97be-d00f-453a-89af-e35c3b1e8719
7548306e-875e-4cc7-b819-47abecb4e996,29e9fb72-29dd-4362-a278-80e5beca153e
7548306e-875e-4cc7-b819-47abecb4e996,6e821edf-e26e-40a1-93e3-2c20a9412fb7
7548306e-875e-4cc7-b819-47abecb4e996,9d9eccd9-67fc-4f71-a8da-94e0dbd79259
7548306e-875e-4cc7-b819-47abecb4e996,67cd3f59-43c6-4398-8f02-36bbc707e8c3
7548306e-875e-4cc7-b819-47abecb4e996,39cc1231-731e-4ea9-b1bd-93b6c0d660c0
7548306e-875e-4cc7-b819-47abecb4e996,c1dcd3bb-ec1e-416b-ab92-6205e81f4aaf
7548306e-875e-4cc7-b819-47abecb4e996,66bb73df-60a3-4093-a8ce-0f3d56673316
7548306e-875e-4cc7-b819-47abecb4e996,a467b389-e767-4a4a-89c6-da159e3b7208
7548306e-875e-4cc7-b819-47abecb4e996,22d1086b-80cd-45c5-8407-b6f9287842b1
7548306e-875e-4cc7-b819-47abecb4e996,4f2f4f3d-487e-4144-a03f-5675a4dfe028
7548306e-875e-4cc7-b819-47abecb4e996,9288dc96-7c6b-4be6-911e-91c71cf4ae85
7548306e-875e-4cc7-b819-47abecb4e996,446a0158-cc72-46c3-a850-9593fb8b5cf5
7548306e-875e-4cc7-b819-47abecb4e996,4a4ba199-9481-41a3-b30e-4504e44c9bad
7548306e-875e-4cc7-b819-47abecb4e996,ad3dce70-faf5-4a7e-9b90-4493c27a4f1d
7548306e-875e-4cc7-b819-47abecb4e996,b82ecc00-6336-42a4-9266-ee756671a255
7548306e-875e-4cc7-b819-47abecb4e996,73b363c6-c734-4f2f-8db7-3bc47c104833
7548306e-875e-4cc7-b819-47abecb4e996,94ff19e0-7bd9-462f-a232-602487b83ee3
7548306e-875e-4cc7-b819-47abecb4e996,6858b9d4-74a6-41cb-9997-1f72253c9074
7548306e-875e-4cc7-b819-47abecb4e996,06670f03-5e3a-44f0-bfba-65d9dd6dc25e
7548306e-875e-4cc7-b819-47abecb4e996,6c51bd3f-66f0-4872-a1cc-36e110ef569a
7548306e-875e-4cc7-b819-47abecb4e996,3ea22688-0f8c-4533-93e9-a4d912ee29b7
7548306e-875e-4cc7-b819-47abecb4e996,a565cfee-8d16-47c9-b766-fde13d5a578d
7548306e-875e-4cc7-b819-47abecb4e996,e607b15b-d7c2-4fa2-b1ff-ea1039a84716
7548306e-875e-4cc7-b819-47abecb4e996,f01613a7-8162-4e07-921b-360996b718f1
7548306e-875e-4cc7-b819-47abecb4e996,a2ec249c-789d-4fd0-b156-b3ca34cecafd
7548306e-875e-4cc7-b819-47abecb4e996,06ec0fa1-cb98-44ca-b894-18bd638e4c8b
7548306e-875e-4cc7-b819-47abecb4e996,bd6e0b72-6e5b-47c0-9520-a1f971c68276
7548306e-875e-4cc7-b819-47abecb4e996,f8406140-e428-4df3-beeb-83ff6f4afed9
7548306e-875e-4cc7-b819-47abecb4e996,836f225c-e07e-43ef-997d-66276e5867fe
7548306e-875e-4cc7-b819-47abecb4e996,1e27e946-9812-446d-b1de-10f15c09b209
7548306e-875e-4cc7-b819-47abecb4e996,b38c5c33-8dcd-4cc4-9f16-142947bc970d
7548306e-875e-4cc7-b819-47abecb4e996,60702ca7-42a1-4987-986c-a3ee17498c4a
7548306e-875e-4cc7-b819-47abecb4e996,20331205-67dd-433d-ad01-c9e481d2c97b
7548306e-875e-4cc7-b819-47abecb4e996,3dfc04ee-90f5-4552-9db6-9aa2bafb4863
7548306e-875e-4cc7-b819-47abecb4e996,9788c9f9-18fe-4964-948b-fa3e9fa41cdb
7548306e-875e-4cc7-b819-47abecb4e996,d1714486-168b-4fe7-8346-debe71df568b
7548306e-875e-4cc7-b819-47abecb4e996,ad10b4e3-814b-4e82-a82f-3f9442fe66f5
7548306e-875e-4cc7-b819-47abecb4e996,214a2145-5c5f-46d7-b2dc-7f7655e55ab9
7548306e-875e-4cc7-b819-47abecb4e996,f8b6e462-49bb-4e76-b099-c0133274a3bd
7548306e-875e-4cc7-b819-47abecb4e996,ad3e5336-d71d-4c7e-bb9c-b8b14c03a1a2
7548306e-875e-4cc7-b819-47abecb4e996,d5649aa4-a6e3-48af-8105-2e0ec5434212
7548306e-875e-4cc7-b819-47abecb4e996,eeb82e1b-91f6-4b63-969b-973a83942ce3
7548306e-875e-4cc7-b819-47abecb4e996,95c56220-63dd-475d-b41f-4b44df8a3a80
7548306e-875e-4cc7-b819-47abecb4e996,cf599950-90e3-40fe-85ed-ca9163ef53f2
7548306e-875e-4cc7-b819-47abecb4e996,7fbab367-1c6a-46ad-8372-310557c4ac13
7548306e-875e-4cc7-b819-47abecb4e996,79cd9f01-ae1c-43cb-be24-bdb46521487b
7548306e-875e-4cc7-b819-47abecb4e996,0b792253-46d3-4cbf-b82c-f8e732f797b2
7548306e-875e-4cc7-b819-47abecb4e996,cc60b90d-44dc-4072-8b9b-f0f04e8626a1
311ac3ad-48bf-4699-8b7a-6d4e64c4f0c8,93b63b11-ee40-4fba-ad96-94106af1248a
232b6b75-7807-4271-9f15-680c56705965,93b63b11-ee40-4fba-ad96-94106af1248a
a92182d6-1c06-4f13-9128-fcce8e3071b6,93b63b11-ee40-4fba-ad96-94106af1248a
d5db8b4b-f07f-4ef3-833b-a6500433cc26,835fee5f-3235-4e00-a9c8-aad66b81b862
9d504b4a-984c-4962-822d-d358b9e5baa3,dc5cadec-9cb9-4aae-afa5-a9816b866765
9d504b4a-984c-4962-822d-d358b9e5baa3,e3d32f59-52e8-4fed-b071-6948a8a30bbd
9d504b4a-984c-4962-822d-d358b9e5baa3,54c69cb7-de99-43c5-a796-5b46dcc19a4e
9d504b4a-984c-4962-822d-d358b9e5baa3,5f7f6c8f-9e75-4f22-afee-0ee669f9f341
9d504b4a-984c-4962-822d-d358b9e5baa3,0dcaf764-87bb-4fcb-93ad-4d2028bf72b4
9d504b4a-984c-4962-822d-d358b9e5baa3,db829e89-fbae-4112-bea0-18ce765a7efe
9d504b4a-984c-4962-822d-d358b9e5baa3,eb52b39e-1686-4725-b826-64e7d34e6770
9d504b4a-984c-4962-822d-d358b9e5baa3,c60b63a4-037b-4d7c-8dda-763bf03ca9bb
9d504b4a-984c-4962-822d-d358b9e5baa3,c8111074-cb1e-4a61-8390-eeb50889f9c8
9d504b4a-984c-4962-822d-d358b9e5baa3,f1f0d2d9-7084-4a45-82e4-fc9deb1e4484
9d504b4a-984c-4962-822d-d358b9e5baa3,2bfdbc61-f089-4a5e-95b0-c893a04b9112
9d504b4a-984c-4962-822d-d358b9e5baa3,b73b95d8-65df-4d8a-94a9-646eedc226e2
9d504b4a-984c-4962-822d-d358b9e5baa3,6e978df7-8e9f-4f25-bdd9-b30f2bf6e4f7
9d504b4a-984c-4962-822d-d358b9e5baa3,e030fdf4-eed0-4010-a8c0-a88033efabb2
9d504b4a-984c-4962-822d-d358b9e5baa3,a5454249-b267-4f06-965c-b918eed0e382
9d504b4a-984c-4962-822d-d358b9e5baa3,2fd4a832-39a2-4bc1-984d-e369a3b8cd59
9d504b4a-984c-4962-822d-d358b9e5baa3,03427013-825f-483a-8dca-ed69f9c3754e
9d504b4a-984c-4962-822d-d358b9e5baa3,298386b4-fcbb-4669-927c-8e69d2012e67
9d504b4a-984c-4962-822d-d358b9e5baa3,2c5754ea-c992-43ba-b339-48cb8a484be5
9d504b4a-984c-4962-822d-d358b9e5baa3,b1f69f76-90d0-451c-8dfe-d0c04faa06cf
9d504b4a-984c-4962-822d-d358b9e5baa3,26f4aaa1-e764-4d19-ae5a-540bf24c9ad4
9d504b4a-984c-4962-822d-d358b9e5baa3,05cc85da-5f91-44f7-9544-bf1287ffc783
9d504b4a-984c-4962-822d-d358b9e5baa3,85899af8-44f0-4e2a-bab1-2b2fcf8b9794
9d504b4a-984c-4962-822d-d358b9e5baa3,647c6734-53f7-470f-85e4-c8c5416616b2
9d504b4a-984c-4962-822d-d358b9e5baa3,13a9308f-cec2-4fba-99da-9516a952c761
9d504b4a-984c-4962-822d-d358b9e5baa3,a02d8d13-bb93-4399-adb2-d574e13cc855
9d504b4a-984c-4962-822d-d358b9e5baa3,83c83171-3278-405d-ae62-f2c4936461f3
9d504b4a-984c-4962-822d-d358b9e5baa3,178b8056-4b8f-4ebf-a8e8-bcb7e83e2de1
9d504b4a-984c-4962-822d-d358b9e5baa3,0dc31cd5-5a20-480e-954e-b59bdab9172b
9d504b4a-984c-4962-822d-d358b9e5baa3,ee0d1c8c-2035-4bab-934a-b6e03b7b9f0c
9d504b4a-984c-4962-822d-d358b9e5baa3,e62e239b-f201-48d5-96ef-2a0a7f08f0b5
9d504b4a-984c-4962-822d-d358b9e5baa3,8e064e13-708c-480b-b19e-41dee52bd2fe
9d504b4a-984c-4962-822d-d358b9e5baa3,b1d7b531-0564-4d22-8404-e3eef5bd34ff
9d504b4a-984c-4962-822d-d358b9e5baa3,7698f9b1-68c1-47a4-8ae7-25217c4a81f5
9d504b4a-984c-4962-822d-d358b9e5baa3,4a5f280e-299c-4376-ad19-4d625bf70990
9d504b4a-984c-4962-822d-d358b9e5baa3,2e9b773f-81a2-4c52-94c5-062d92b9ff1d
9d504b4a-984c-4962-822d-d358b9e5baa3,e464c159-3d70-4163-b0d8-70800063b754
9d504b4a-984c-4962-822d-d358b9e5baa3,54cae879-b021-4418-9824-235ccee695e9
9d504b4a-984c-4962-822d-d358b9e5baa3,360deab3-f351-4651-9293-4a1e8e7f1b15
9d504b4a-984c-4962-822d-d358b9e5baa3,c864cd2e-9228-4ab7-ab5a-faa1054bcc6f
9d504b4a-984c-4962-822d-d358b9e5baa3,8128dc77-9118-4273-9350-520c36411706
9d504b4a-984c-4962-822d-d358b9e5baa3,3313cac4-5734-4614-a297-f18812a71de7
9d504b4a-984c-4962-822d-d358b9e5baa3,590de300-ed6e-4386-b9be-3ed0b4f9b0c9
9d504b4a-984c-4962-822d-d358b9e5baa3,dafe9998-27f9-41ec-acdf-fe7f1bb0939c
9d504b4a-984c-4962-822d-d358b9e5baa3,0b564855-0716-49b4-acc0-567f54fc3e9e
9d504b4a-984c-4962-822d-d358b9e5baa3,ebf18ebb-1511-4cb7-a3f5-cf38ba91d2e7
9d504b4a-984c-4962-822d-d358b9e5baa3,c49f15d3-e604-4203-9823-846ee0ced4e2
9d504b4a-984c-4962-822d-d358b9e5baa3,022705a4-53ee-4301-b8cc-21da0fe57594
9d504b4a-984c-4962-822d-d358b9e5baa3,a476b128-131a-40f2-afbd-fcaadde018ae
9d504b4a-984c-4962-822d-d358b9e5baa3,9819ccb9-89db-41fc-9b7e-a0fe3c0b5a42
9d504b4a-984c-4962-822d-d358b9e5baa3,a3bc0293-05b7-44d0-a71c-6416eff5cc79
9d504b4a-984c-4962-822d-d358b9e5baa3,78527435-928f-4121-bb9a-b6dbe501c3a2
9d504b4a-984c-4962-822d-d358b9e5baa3,03b3453c-7444-40f0-a52e-fae8ad875fc5
9d504b4a-984c-4962-822d-d358b9e5baa3,5624137f-0da0-4d92-8c6a-e93a621c0d69
9d504b4a-984c-4962-822d-d358b9e5baa3,3881a8cb-49b6-4a0b-984b-5d20bf8c1939
9d504b4a-984c-4962-822d-d358b9e5baa3,f9cf137d-8c85-4841-8290-afd63ee0ccfc
9d504b4a-984c-4962-822d-d358b9e5baa3,f6525313-f60b-4e1d-8290-4961cec614f5
9d504b4a-984c-4962-822d-d358b9e5baa3,1756bf2d-4089-488f-9ed1-f26c507e406c
9d504b4a-984c-4962-822d-d358b9e5baa3,54b0ff34-5731-4ceb-b6ad-192417c42ac0
9d504b4a-984c-4962-822d-d358b9e5baa3,e3d1c3a0-3599-4c77-8d8f-ee2bd2d631f6
9d504b4a-984c-4962-822d-d358b9e5baa3,45cabe6c-4c4d-4602-9856-cf56288b49be
9d504b4a-984c-4962-822d-d358b9e5baa3,61b05864-ab6d-43bf-82cb-8ce1c457f46f
9d504b4a-984c-4962-822d-d358b9e5baa3,a01c3fe6-8c59-4f97-b1c5-8a96c8473f90
9d504b4a-984c-4962-822d-d358b9e5baa3,2e02bdce-92bc-4579-962f-210bc14d6da2
9d504b4a-984c-4962-822d-d358b9e5baa3,49e00085-2b2f-41fe-aaa1-8ae945cb059f
9d504b4a-984c-4962-822d-d358b9e5baa3,b251e1c0-77eb-45d7-9ded-393bd73899fa
9d504b4a-984c-4962-822d-d358b9e5baa3,87dde0c4-1e03-4512-ab11-a5c2f27a7cb8
9d504b4a-984c-4962-822d-d358b9e5baa3,3e7f9af9-8100-4e58-bd92-7406f2c633e5
9d504b4a-984c-4962-822d-d358b9e5baa3,4e53945b-fa2d-45f4-bdb5-ea6e0b12aa87
9d504b4a-984c-4962-822d-d358b9e5baa3,60f13502-edf7-4fc9-ae24-342117ed9d75
9d504b4a-984c-4962-822d-d358b9e5baa3,0324b2d0-de3f-4224-9c78-c5d65168694b
9d504b4a-984c-4962-822d-d358b9e5baa3,5006f39f-4944-4a7e-943d-9401c609d658
9d504b4a-984c-4962-822d-d358b9e5baa3,94b81717-e2d1-4717-9b87-ff21d2b36808
9d504b4a-984c-4962-822d-d358b9e5baa3,f6e0dfb4-e40a-4c5e-938f-b22ed1c15abf
9d504b4a-984c-4962-822d-d358b9e5baa3,3b2afa37-489f-4347-afe0-9fa3cab566b4
9d504b4a-984c-4962-822d-d358b9e5baa3,ca63c553-0fba-4fba-8354-a04f3a862f00
9d504b4a-984c-4962-822d-d358b9e5baa3,5c0e00dd-dbc0-4371-a185-21b35a304f38
9d504b4a-984c-4962-822d-d358b9e5baa3,9435c274-d6a8-4908-8bb1-abbe0ea292a6
9d504b4a-984c-4962-822d-d358b9e5baa3,771ebd69-07f9-4952-b34e-96c8eed61c37
9d504b4a-984c-4962-822d-d358b9e5baa3,ab4984bb-48eb-446b-ab74-5e84f1f1a27a
9d504b4a-984c-4962-822d-d358b9e5baa3,08a87f37-44db-45ef-8335-709ee8953a45
9d504b4a-984c-4962-822d-d358b9e5baa3,12040603-4387-4e6f-93f2-a63c3bfab0bb
9d504b4a-984c-4962-822d-d358b9e5baa3,c1825402-3529-41cc-959e-d7f58a374c0e
9d504b4a-984c-4962-822d-d358b9e5baa3,d7ea8635-89a2-4375-a813-310e5a54e092
9d504b4a-984c-4962-822d-d358b9e5baa3,54b6202c-7bd7-4c5d-a723-fbacf700bdcc
9d504b4a-984c-4962-822d-d358b9e5baa3,75b8883b-0c4f-4ed3-83fa-9772ce8cb841
9d504b4a-984c-4962-822d-d358b9e5baa3,cdebfd57-63fe-42e4-8230-20ebcc564c56
9d504b4a-984c-4962-822d-d358b9e5baa3,6ab7e26e-4bac-4963-9602-a9888e0cad55
9d504b4a-984c-4962-822d-d358b9e5baa3,bd8ab69f-9af7-4eb0-a255-fbc1f042056c
9d504b4a-984c-4962-822d-d358b9e5baa3,0066b55c-482b-4bad-a7e1-0aae8a8a9fe1
9d504b4a-984c-4962-822d-d358b9e5baa3,04038736-bc32-48e4-9790-c5d6f6e274f3
9d504b4a-984c-4962-822d-d358b9e5baa3,9275c70e-42ca-4e65-a742-d2a1b56f5b33
9d504b4a-984c-4962-822d-d358b9e5baa3,eb33083f-d353-41f4-97f3-9c3fe1daf36e
9d504b4a-984c-4962-822d-d358b9e5baa3,902e2fa1-96c7-440f-aea1-5999fb6d5f7c
9d504b4a-984c-4962-822d-d358b9e5baa3,55f7a02c-872b-4c26-bd59-db87cba5c79e
9d504b4a-984c-4962-822d-d358b9e5baa3,e77b1127-b5ea-43c4-a131-52c0a892c6c8
9d504b4a-984c-4962-822d-d358b9e5baa3,2f2f6863-a82b-4784-9c6a-7fd06b137be1
9d504b4a-984c-4962-822d-d358b9e5baa3,35033c3d-0659-43c6-8bba-b0e6e3958174
9d504b4a-984c-4962-822d-d358b9e5baa3,6a6e6d67-71d5-4b3b-a397-9d1a0522c0c2
9d504b4a-984c-4962-822d-d358b9e5baa3,7ba5e349-0693-4461-b368-43986aaee291
9d504b4a-984c-4962-822d-d358b9e5baa3,2a7e6d9a-74fa-4b79-89c4-a00ce714e5f8
9d504b4a-984c-4962-822d-d358b9e5baa3,dd2cc215-da6e-4c34-8b66-2afaf9f05702
9d504b4a-984c-4962-822d-d358b9e5baa3,6d677225-5a11-432b-b713-13b87f928662
9d504b4a-984c-4962-822d-d358b9e5baa3,93860928-c093-47e3-af12-f7f2f68405d0
9d504b4a-984c-4962-822d-d358b9e5baa3,b09ddbbd-86c4-45f0-895f-af437914543c
9d504b4a-984c-4962-822d-d358b9e5baa3,392516c2-0a3a-42e3-a34e-e8cb41d8765a
9d504b4a-984c-4962-822d-d358b9e5baa3,13673ac3-09b5-4bb8-9ca2-88b02c75e944
9d504b4a-984c-4962-822d-d358b9e5baa3,dbea5f3c-3971-4788-becf-9edf6c246097
9d504b4a-984c-4962-822d-d358b9e5baa3,bda5bb7f-ddd3-40b5-81c0-83d31a1b2015
9d504b4a-984c-4962-822d-d358b9e5baa3,47a793d4-561a-4502-b385-785e8e1a65a8
9d504b4a-984c-4962-822d-d358b9e5baa3,8096d83f-0365-4e01-9c0b-fb2752e26e2c
9d504b4a-984c-4962-822d-d358b9e5baa3,17156a66-1d26-4fd0-ae32-a5671c44a985
9d504b4a-984c-4962-822d-d358b9e5baa3,4e881e35-4281-4592-9495-4c8f20e381a8
9d504b4a-984c-4962-822d-d358b9e5baa3,da45b82d-2f06-4058-a2b6-9a5fcb4dadff
9d504b4a-984c-4962-822d-d358b9e5baa3,bd48bf3f-dff3-4879-97b4-f1b940862e46
9d504b4a-984c-4962-822d-d358b9e5baa3,def9b09e-9999-485e-995c-a0955f1fc6da
9d504b4a-984c-4962-822d-d358b9e5baa3,81a302d8-1cc8-48a0-a30a-15f6fff1a626
9d504b4a-984c-4962-822d-d358b9e5baa3,15e104c5-5c75-4ff7-af3c-d7378c3f5772
9d504b4a-984c-4962-822d-d358b9e5baa3,db29ea78-6931-41ee-9724-bb83756ecc19
9d504b4a-984c-4962-822d-d358b9e5baa3,e143786b-ae04-43cd-a98b-4d3c04acce34
9d504b4a-984c-4962-822d-d358b9e5baa3,4c543da7-cb29-4e70-924c-add396cd4817
9d504b4a-984c-4962-822d-d358b9e5baa3,b1f89a8f-f4fc-40ff-abaa-cdf051ab1890
9d504b4a-984c-4962-822d-d358b9e5baa3,06404017-98b1-49ac-af19-f897a9ed94b3
9d504b4a-984c-4962-822d-d358b9e5baa3,e39e59fd-d580-4ad7-9abb-40a3f2abd858
9d504b4a-984c-4962-822d-d358b9e5baa3,56b35019-6004-4075-b9ee-a4971891cc06
9d504b4a-984c-4962-822d-d358b9e5baa3,cbf8283a-6176-4a81-bd4b-8c48aa782ccd
9d504b4a-984c-4962-822d-d358b9e5baa3,cf1e8673-1eea-407a-a7a7-0ce4d4689c94
9d504b4a-984c-4962-822d-d358b9e5baa3,e2219ff9-2a65-49ee-b69a-c5272a2847cc
9d504b4a-984c-4962-822d-d358b9e5baa3,43319183-bf1c-43ba-82a1-ef4003b8dca0
9d504b4a-984c-4962-822d-d358b9e5baa3,7787cc93-951b-4df3-9578-70232e357fdf
9d504b4a-984c-4962-822d-d358b9e5baa3,01108255-bb3b-4c89-b296-b41c503ca9e7
9d504b4a-984c-4962-822d-d358b9e5baa3,92d08528-b398-4cc8-8ab6-f7734b7a3805
9d504b4a-984c-4962-822d-d358b9e5baa3,f8e2a9b6-ce46-4b68-9cf9-56242418f3b9
9d504b4a-984c-4962-822d-d358b9e5baa3,a6bd4aa8-db7b-402f-a998-6c8a3b337d25
9d504b4a-984c-4962-822d-d358b9e5baa3,6a960fd9-9004-45ca-9a85-23b6c4fb9a7f
9d504b4a-984c-4962-822d-d358b9e5baa3,f1dd0533-a34f-455f-b63d-209e7604b47d
9d504b4a-984c-4962-822d-d358b9e5baa3,5b46102c-a6e9-43ff-9fa6-7d74a620db58
9d504b4a-984c-4962-822d-d358b9e5baa3,a622a43c-5aac-42c5-8f54-fd444e1000e6
9d504b4a-984c-4962-822d-d358b9e5baa3,36ed4af3-ab85-4106-af6c-ad0c12895e08
9d504b4a-984c-4962-822d-d358b9e5baa3,86efbfdb-d4be-4960-80ae-56bc015013ba
9d504b4a-984c-4962-822d-d358b9e5baa3,518e0334-117d-4513-a8c8-f16726cdb48f
9d504b4a-984c-4962-822d-d358b9e5baa3,bc33206a-88ca-4d6c-8213-c55a10789594
9d504b4a-984c-4962-822d-d358b9e5baa3,e1fd3d0c-379d-43fd-a804-6e0625330ca0
9d504b4a-984c-4962-822d-d358b9e5baa3,7945b75b-70b8-4f77-80b4-665007dcb153
9d504b4a-984c-4962-822d-d358b9e5baa3,d0caf1f2-dcfd-4368-9daa-401070991dd3
9d504b4a-984c-4962-822d-d358b9e5baa3,2c7d34f0-639a-4478-9a25-5057a82f2ce6
9d504b4a-984c-4962-822d-d358b9e5baa3,16213e3b-f135-409c-9868-8b4c16b4059e
9d504b4a-984c-4962-822d-d358b9e5baa3,38432bbc-2eb4-4c66-b323-8d80de456cf9
9d504b4a-984c-4962-822d-d358b9e5baa3,09c16749-9a1e-4526-98d0-59b6c95257c3
9d504b4a-984c-4962-822d-d358b9e5baa3,484bcedc-834b-4ade-a5cc-9dea1de5cb94
9d504b4a-984c-4962-822d-d358b9e5baa3,0c15b046-0bc8-423a-b3b8-91ab4eb7bb68
9d504b4a-984c-4962-822d-d358b9e5baa3,847c0ce0-a6cf-482f-ae4e-e4b487ff2aca
9d504b4a-984c-4962-822d-d358b9e5baa3,80148e17-a176-4713-9831-c5b378c85468
9d504b4a-984c-4962-822d-d358b9e5baa3,b29561e4-8c73-4226-bcd3-ae49dba3725b
9d504b4a-984c-4962-822d-d358b9e5baa3,18546ef0-5bfc-467a-8220-df43ba19b260
9d504b4a-984c-4962-822d-d358b9e5baa3,7f1aeb42-f5a3-44b2-bc80-288633016d28
9d504b4a-984c-4962-822d-d358b9e5baa3,55ef0405-8cbe-498a-9dbf-f11edf86be05
9d504b4a-984c-4962-822d-d358b9e5baa3,e8d1ae68-f47d-4293-bcd6-f0343b73e06e
9d504b4a-984c-4962-822d-d358b9e5baa3,f43d9757-50aa-492b-94d0-936d7c35b646
9d504b4a-984c-4962-822d-d358b9e5baa3,893686e7-9379-4f43-9f99-9f3b35e6dabe
9d504b4a-984c-4962-822d-d358b9e5baa3,97336d3e-3459-400f-8d4d-317220ccc50b
9d504b4a-984c-4962-822d-d358b9e5baa3,bc3b9b4c-6ea9-418d-8fb1-a3ed1267a269
f39a76d2-2c7a-4b82-aeea-537966d7cabb,db829e89-fbae-4112-bea0-18ce765a7efe
f39a76d2-2c7a-4b82-aeea-537966d7cabb,0dcaf764-87bb-4fcb-93ad-4d2028bf72b4
f39a76d2-2c7a-4b82-aeea-537966d7cabb,c60b63a4-037b-4d7c-8dda-763bf03ca9bb
f39a76d2-2c7a-4b82-aeea-537966d7cabb,c8111074-cb1e-4a61-8390-eeb50889f9c8
f39a76d2-2c7a-4b82-aeea-537966d7cabb,f1f0d2d9-7084-4a45-82e4-fc9deb1e4484
f39a76d2-2c7a-4b82-aeea-537966d7cabb,b73b95d8-65df-4d8a-94a9-646eedc226e2
f39a76d2-2c7a-4b82-aeea-537966d7cabb,2bfdbc61-f089-4a5e-95b0-c893a04b9112
f39a76d2-2c7a-4b82-aeea-537966d7cabb,2fd4a832-39a2-4bc1-984d-e369a3b8cd59
f39a76d2-2c7a-4b82-aeea-537966d7cabb,6e978df7-8e9f-4f25-bdd9-b30f2bf6e4f7
f39a76d2-2c7a-4b82-aeea-537966d7cabb,e030fdf4-eed0-4010-a8c0-a88033efabb2
f39a76d2-2c7a-4b82-aeea-537966d7cabb,a5454249-b267-4f06-965c-b918eed0e382
f39a76d2-2c7a-4b82-aeea-537966d7cabb,03427013-825f-483a-8dca-ed69f9c3754e
f39a76d2-2c7a-4b82-aeea-537966d7cabb,298386b4-fcbb-4669-927c-8e69d2012e67
f39a76d2-2c7a-4b82-aeea-537966d7cabb,2c5754ea-c992-43ba-b339-48cb8a484be5
f39a76d2-2c7a-4b82-aeea-537966d7cabb,b1f69f76-90d0-451c-8dfe-d0c04faa06cf
f39a76d2-2c7a-4b82-aeea-537966d7cabb,26f4aaa1-e764-4d19-ae5a-540bf24c9ad4
f39a76d2-2c7a-4b82-aeea-537966d7cabb,05cc85da-5f91-44f7-9544-bf1287ffc783
f39a76d2-2c7a-4b82-aeea-537966d7cabb,85899af8-44f0-4e2a-bab1-2b2fcf8b9794
f39a76d2-2c7a-4b82-aeea-537966d7cabb,647c6734-53f7-470f-85e4-c8c5416616b2
f39a76d2-2c7a-4b82-aeea-537966d7cabb,13a9308f-cec2-4fba-99da-9516a952c761
f39a76d2-2c7a-4b82-aeea-537966d7cabb,a02d8d13-bb93-4399-adb2-d574e13cc855
f39a76d2-2c7a-4b82-aeea-537966d7cabb,83c83171-3278-405d-ae62-f2c4936461f3
f39a76d2-2c7a-4b82-aeea-537966d7cabb,178b8056-4b8f-4ebf-a8e8-bcb7e83e2de1
f39a76d2-2c7a-4b82-aeea-537966d7cabb,e3d32f59-52e8-4fed-b071-6948a8a30bbd
f39a76d2-2c7a-4b82-aeea-537966d7cabb,dc5cadec-9cb9-4aae-afa5-a9816b866765
f39a76d2-2c7a-4b82-aeea-537966d7cabb,0dc31cd5-5a20-480e-954e-b59bdab9172b
f39a76d2-2c7a-4b82-aeea-537966d7cabb,54c69cb7-de99-43c5-a796-5b46dcc19a4e
f39a76d2-2c7a-4b82-aeea-537966d7cabb,5f7f6c8f-9e75-4f22-afee-0ee669f9f341
f39a76d2-2c7a-4b82-aeea-537966d7cabb,eb52b39e-1686-4725-b826-64e7d34e6770
f39a76d2-2c7a-4b82-aeea-537966d7cabb,0b564855-0716-49b4-acc0-567f54fc3e9e
f39a76d2-2c7a-4b82-aeea-537966d7cabb,3313cac4-5734-4614-a297-f18812a71de7
f39a76d2-2c7a-4b82-aeea-537966d7cabb,590de300-ed6e-4386-b9be-3ed0b4f9b0c9
f39a76d2-2c7a-4b82-aeea-537966d7cabb,dafe9998-27f9-41ec-acdf-fe7f1bb0939c
f39a76d2-2c7a-4b82-aeea-537966d7cabb,ebf18ebb-1511-4cb7-a3f5-cf38ba91d2e7
f39a76d2-2c7a-4b82-aeea-537966d7cabb,c49f15d3-e604-4203-9823-846ee0ced4e2
f39a76d2-2c7a-4b82-aeea-537966d7cabb,022705a4-53ee-4301-b8cc-21da0fe57594
f39a76d2-2c7a-4b82-aeea-537966d7cabb,a476b128-131a-40f2-afbd-fcaadde018ae
f39a76d2-2c7a-4b82-aeea-537966d7cabb,9819ccb9-89db-41fc-9b7e-a0fe3c0b5a42
f39a76d2-2c7a-4b82-aeea-537966d7cabb,a3bc0293-05b7-44d0-a71c-6416eff5cc79
f39a76d2-2c7a-4b82-aeea-537966d7cabb,78527435-928f-4121-bb9a-b6dbe501c3a2
f39a76d2-2c7a-4b82-aeea-537966d7cabb,03b3453c-7444-40f0-a52e-fae8ad875fc5
f39a76d2-2c7a-4b82-aeea-537966d7cabb,5624137f-0da0-4d92-8c6a-e93a621c0d69
f39a76d2-2c7a-4b82-aeea-537966d7cabb,3881a8cb-49b6-4a0b-984b-5d20bf8c1939
f39a76d2-2c7a-4b82-aeea-537966d7cabb,f9cf137d-8c85-4841-8290-afd63ee0ccfc
f39a76d2-2c7a-4b82-aeea-537966d7cabb,f6525313-f60b-4e1d-8290-4961cec614f5
f39a76d2-2c7a-4b82-aeea-537966d7cabb,1756bf2d-4089-488f-9ed1-f26c507e406c
f39a76d2-2c7a-4b82-aeea-537966d7cabb,61b05864-ab6d-43bf-82cb-8ce1c457f46f
f39a76d2-2c7a-4b82-aeea-537966d7cabb,54b0ff34-5731-4ceb-b6ad-192417c42ac0
f39a76d2-2c7a-4b82-aeea-537966d7cabb,e3d1c3a0-3599-4c77-8d8f-ee2bd2d631f6
f39a76d2-2c7a-4b82-aeea-537966d7cabb,45cabe6c-4c4d-4602-9856-cf56288b49be
f39a76d2-2c7a-4b82-aeea-537966d7cabb,360deab3-f351-4651-9293-4a1e8e7f1b15
f39a76d2-2c7a-4b82-aeea-537966d7cabb,a01c3fe6-8c59-4f97-b1c5-8a96c8473f90
f39a76d2-2c7a-4b82-aeea-537966d7cabb,2e02bdce-92bc-4579-962f-210bc14d6da2
f39a76d2-2c7a-4b82-aeea-537966d7cabb,49e00085-2b2f-41fe-aaa1-8ae945cb059f
f39a76d2-2c7a-4b82-aeea-537966d7cabb,b251e1c0-77eb-45d7-9ded-393bd73899fa
f39a76d2-2c7a-4b82-aeea-537966d7cabb,87dde0c4-1e03-4512-ab11-a5c2f27a7cb8
f39a76d2-2c7a-4b82-aeea-537966d7cabb,3e7f9af9-8100-4e58-bd92-7406f2c633e5
f39a76d2-2c7a-4b82-aeea-537966d7cabb,4e53945b-fa2d-45f4-bdb5-ea6e0b12aa87
f39a76d2-2c7a-4b82-aeea-537966d7cabb,60f13502-edf7-4fc9-ae24-342117ed9d75
f39a76d2-2c7a-4b82-aeea-537966d7cabb,0324b2d0-de3f-4224-9c78-c5d65168694b
f39a76d2-2c7a-4b82-aeea-537966d7cabb,5006f39f-4944-4a7e-943d-9401c609d658
f39a76d2-2c7a-4b82-aeea-537966d7cabb,94b81717-e2d1-4717-9b87-ff21d2b36808
f39a76d2-2c7a-4b82-aeea-537966d7cabb,ee0d1c8c-2035-4bab-934a-b6e03b7b9f0c
f39a76d2-2c7a-4b82-aeea-537966d7cabb,e62e239b-f201-48d5-96ef-2a0a7f08f0b5
f39a76d2-2c7a-4b82-aeea-537966d7cabb,8e064e13-708c-480b-b19e-41dee52bd2fe
f39a76d2-2c7a-4b82-aeea-537966d7cabb,b1d7b531-0564-4d22-8404-e3eef5bd34ff
f39a76d2-2c7a-4b82-aeea-537966d7cabb,7698f9b1-68c1-47a4-8ae7-25217c4a81f5
f39a76d2-2c7a-4b82-aeea-537966d7cabb,4a5f280e-299c-4376-ad19-4d625bf70990
f39a76d2-2c7a-4b82-aeea-537966d7cabb,2e9b773f-81a2-4c52-94c5-062d92b9ff1d
f39a76d2-2c7a-4b82-aeea-537966d7cabb,e464c159-3d70-4163-b0d8-70800063b754
f39a76d2-2c7a-4b82-aeea-537966d7cabb,54cae879-b021-4418-9824-235ccee695e9
f39a76d2-2c7a-4b82-aeea-537966d7cabb,c864cd2e-9228-4ab7-ab5a-faa1054bcc6f
f39a76d2-2c7a-4b82-aeea-537966d7cabb,8128dc77-9118-4273-9350-520c36411706
f39a76d2-2c7a-4b82-aeea-537966d7cabb,5c0e00dd-dbc0-4371-a185-21b35a304f38
f39a76d2-2c7a-4b82-aeea-537966d7cabb,ca63c553-0fba-4fba-8354-a04f3a862f00
f39a76d2-2c7a-4b82-aeea-537966d7cabb,9435c274-d6a8-4908-8bb1-abbe0ea292a6
f39a76d2-2c7a-4b82-aeea-537966d7cabb,f6e0dfb4-e40a-4c5e-938f-b22ed1c15abf
f39a76d2-2c7a-4b82-aeea-537966d7cabb,771ebd69-07f9-4952-b34e-96c8eed61c37
f39a76d2-2c7a-4b82-aeea-537966d7cabb,3b2afa37-489f-4347-afe0-9fa3cab566b4
f39a76d2-2c7a-4b82-aeea-537966d7cabb,ab4984bb-48eb-446b-ab74-5e84f1f1a27a
f39a76d2-2c7a-4b82-aeea-537966d7cabb,08a87f37-44db-45ef-8335-709ee8953a45
f39a76d2-2c7a-4b82-aeea-537966d7cabb,c1825402-3529-41cc-959e-d7f58a374c0e
f39a76d2-2c7a-4b82-aeea-537966d7cabb,12040603-4387-4e6f-93f2-a63c3bfab0bb
f39a76d2-2c7a-4b82-aeea-537966d7cabb,d7ea8635-89a2-4375-a813-310e5a54e092
f39a76d2-2c7a-4b82-aeea-537966d7cabb,75b8883b-0c4f-4ed3-83fa-9772ce8cb841
f39a76d2-2c7a-4b82-aeea-537966d7cabb,54b6202c-7bd7-4c5d-a723-fbacf700bdcc
f39a76d2-2c7a-4b82-aeea-537966d7cabb,bd8ab69f-9af7-4eb0-a255-fbc1f042056c
f39a76d2-2c7a-4b82-aeea-537966d7cabb,cdebfd57-63fe-42e4-8230-20ebcc564c56
f39a76d2-2c7a-4b82-aeea-537966d7cabb,6ab7e26e-4bac-4963-9602-a9888e0cad55
f39a76d2-2c7a-4b82-aeea-537966d7cabb,eb33083f-d353-41f4-97f3-9c3fe1daf36e
f39a76d2-2c7a-4b82-aeea-537966d7cabb,0066b55c-482b-4bad-a7e1-0aae8a8a9fe1
f39a76d2-2c7a-4b82-aeea-537966d7cabb,04038736-bc32-48e4-9790-c5d6f6e274f3
f39a76d2-2c7a-4b82-aeea-537966d7cabb,9275c70e-42ca-4e65-a742-d2a1b56f5b33
f39a76d2-2c7a-4b82-aeea-537966d7cabb,55f7a02c-872b-4c26-bd59-db87cba5c79e
f39a76d2-2c7a-4b82-aeea-537966d7cabb,902e2fa1-96c7-440f-aea1-5999fb6d5f7c
f39a76d2-2c7a-4b82-aeea-537966d7cabb,e77b1127-b5ea-43c4-a131-52c0a892c6c8
f39a76d2-2c7a-4b82-aeea-537966d7cabb,2f2f6863-a82b-4784-9c6a-7fd06b137be1
f39a76d2-2c7a-4b82-aeea-537966d7cabb,6a6e6d67-71d5-4b3b-a397-9d1a0522c0c2
f39a76d2-2c7a-4b82-aeea-537966d7cabb,35033c3d-0659-43c6-8bba-b0e6e3958174
f39a76d2-2c7a-4b82-aeea-537966d7cabb,dd2cc215-da6e-4c34-8b66-2afaf9f05702
f39a76d2-2c7a-4b82-aeea-537966d7cabb,7ba5e349-0693-4461-b368-43986aaee291
f39a76d2-2c7a-4b82-aeea-537966d7cabb,2a7e6d9a-74fa-4b79-89c4-a00ce714e5f8
f39a76d2-2c7a-4b82-aeea-537966d7cabb,6d677225-5a11-432b-b713-13b87f928662
f39a76d2-2c7a-4b82-aeea-537966d7cabb,93860928-c093-47e3-af12-f7f2f68405d0
f39a76d2-2c7a-4b82-aeea-537966d7cabb,b09ddbbd-86c4-45f0-895f-af437914543c
f39a76d2-2c7a-4b82-aeea-537966d7cabb,392516c2-0a3a-42e3-a34e-e8cb41d8765a
f39a76d2-2c7a-4b82-aeea-537966d7cabb,8096d83f-0365-4e01-9c0b-fb2752e26e2c
f39a76d2-2c7a-4b82-aeea-537966d7cabb,13673ac3-09b5-4bb8-9ca2-88b02c75e944
f39a76d2-2c7a-4b82-aeea-537966d7cabb,47a793d4-561a-4502-b385-785e8e1a65a8
f39a76d2-2c7a-4b82-aeea-537966d7cabb,bda5bb7f-ddd3-40b5-81c0-83d31a1b2015
f39a76d2-2c7a-4b82-aeea-537966d7cabb,dbea5f3c-3971-4788-becf-9edf6c246097
f39a76d2-2c7a-4b82-aeea-537966d7cabb,17156a66-1d26-4fd0-ae32-a5671c44a985
f39a76d2-2c7a-4b82-aeea-537966d7cabb,4e881e35-4281-4592-9495-4c8f20e381a8
f39a76d2-2c7a-4b82-aeea-537966d7cabb,bd48bf3f-dff3-4879-97b4-f1b940862e46
f39a76d2-2c7a-4b82-aeea-537966d7cabb,def9b09e-9999-485e-995c-a0955f1fc6da
f39a76d2-2c7a-4b82-aeea-537966d7cabb,da45b82d-2f06-4058-a2b6-9a5fcb4dadff
f39a76d2-2c7a-4b82-aeea-537966d7cabb,81a302d8-1cc8-48a0-a30a-15f6fff1a626
f39a76d2-2c7a-4b82-aeea-537966d7cabb,db29ea78-6931-41ee-9724-bb83756ecc19
f39a76d2-2c7a-4b82-aeea-537966d7cabb,15e104c5-5c75-4ff7-af3c-d7378c3f5772
f39a76d2-2c7a-4b82-aeea-537966d7cabb,e143786b-ae04-43cd-a98b-4d3c04acce34
f39a76d2-2c7a-4b82-aeea-537966d7cabb,4c543da7-cb29-4e70-924c-add396cd4817
f39a76d2-2c7a-4b82-aeea-537966d7cabb,b1f89a8f-f4fc-40ff-abaa-cdf051ab1890
f39a76d2-2c7a-4b82-aeea-537966d7cabb,e39e59fd-d580-4ad7-9abb-40a3f2abd858
f39a76d2-2c7a-4b82-aeea-537966d7cabb,56b35019-6004-4075-b9ee-a4971891cc06
f39a76d2-2c7a-4b82-aeea-537966d7cabb,06404017-98b1-49ac-af19-f897a9ed94b3
f39a76d2-2c7a-4b82-aeea-537966d7cabb,cf1e8673-1eea-407a-a7a7-0ce4d4689c94
f39a76d2-2c7a-4b82-aeea-537966d7cabb,cbf8283a-6176-4a81-bd4b-8c48aa782ccd
f39a76d2-2c7a-4b82-aeea-537966d7cabb,43319183-bf1c-43ba-82a1-ef4003b8dca0
f39a76d2-2c7a-4b82-aeea-537966d7cabb,e2219ff9-2a65-49ee-b69a-c5272a2847cc
f39a76d2-2c7a-4b82-aeea-537966d7cabb,7787cc93-951b-4df3-9578-70232e357fdf
f39a76d2-2c7a-4b82-aeea-537966d7cabb,01108255-bb3b-4c89-b296-b41c503ca9e7
f39a76d2-2c7a-4b82-aeea-537966d7cabb,f8e2a9b6-ce46-4b68-9cf9-56242418f3b9
f39a76d2-2c7a-4b82-aeea-537966d7cabb,92d08528-b398-4cc8-8ab6-f7734b7a3805
f39a76d2-2c7a-4b82-aeea-537966d7cabb,a6bd4aa8-db7b-402f-a998-6c8a3b337d25
f39a76d2-2c7a-4b82-aeea-537966d7cabb,5b46102c-a6e9-43ff-9fa6-7d74a620db58
f39a76d2-2c7a-4b82-aeea-537966d7cabb,f1dd0533-a34f-455f-b63d-209e7604b47d
f39a76d2-2c7a-4b82-aeea-537966d7cabb,6a960fd9-9004-45ca-9a85-23b6c4fb9a7f
f39a76d2-2c7a-4b82-aeea-537966d7cabb,36ed4af3-ab85-4106-af6c-ad0c12895e08
f39a76d2-2c7a-4b82-aeea-537966d7cabb,518e0334-117d-4513-a8c8-f16726cdb48f
f39a76d2-2c7a-4b82-aeea-537966d7cabb,a622a43c-5aac-42c5-8f54-fd444e1000e6
f39a76d2-2c7a-4b82-aeea-537966d7cabb,86efbfdb-d4be-4960-80ae-56bc015013ba
f39a76d2-2c7a-4b82-aeea-537966d7cabb,bc33206a-88ca-4d6c-8213-c55a10789594
f39a76d2-2c7a-4b82-aeea-537966d7cabb,2c7d34f0-639a-4478-9a25-5057a82f2ce6
f39a76d2-2c7a-4b82-aeea-537966d7cabb,7945b75b-70b8-4f77-80b4-665007dcb153
f39a76d2-2c7a-4b82-aeea-537966d7cabb,e1fd3d0c-379d-43fd-a804-6e0625330ca0
f39a76d2-2c7a-4b82-aeea-537966d7cabb,d0caf1f2-dcfd-4368-9daa-401070991dd3
f39a76d2-2c7a-4b82-aeea-537966d7cabb,16213e3b-f135-409c-9868-8b4c16b4059e
f39a76d2-2c7a-4b82-aeea-537966d7cabb,38432bbc-2eb4-4c66-b323-8d80de456cf9
f39a76d2-2c7a-4b82-aeea-537966d7cabb,0c15b046-0bc8-423a-b3b8-91ab4eb7bb68
f39a76d2-2c7a-4b82-aeea-537966d7cabb,09c16749-9a1e-4526-98d0-59b6c95257c3
f39a76d2-2c7a-4b82-aeea-537966d7cabb,484bcedc-834b-4ade-a5cc-9dea1de5cb94
f39a76d2-2c7a-4b82-aeea-537966d7cabb,847c0ce0-a6cf-482f-ae4e-e4b487ff2aca
f39a76d2-2c7a-4b82-aeea-537966d7cabb,18546ef0-5bfc-467a-8220-df43ba19b260
f39a76d2-2c7a-4b82-aeea-537966d7cabb,b29561e4-8c73-4226-bcd3-ae49dba3725b
f39a76d2-2c7a-4b82-aeea-537966d7cabb,80148e17-a176-4713-9831-c5b378c85468
f39a76d2-2c7a-4b82-aeea-537966d7cabb,7f1aeb42-f5a3-44b2-bc80-288633016d28
f39a76d2-2c7a-4b82-aeea-537966d7cabb,e8d1ae68-f47d-4293-bcd6-f0343b73e06e
f39a76d2-2c7a-4b82-aeea-537966d7cabb,55ef0405-8cbe-498a-9dbf-f11edf86be05
f39a76d2-2c7a-4b82-aeea-537966d7cabb,893686e7-9379-4f43-9f99-9f3b35e6dabe
f39a76d2-2c7a-4b82-aeea-537966d7cabb,f43d9757-50aa-492b-94d0-936d7c35b646
f39a76d2-2c7a-4b82-aeea-537966d7cabb,bc3b9b4c-6ea9-418d-8fb1-a3ed1267a269
f39a76d2-2c7a-4b82-aeea-537966d7cabb,97336d3e-3459-400f-8d4d-317220ccc50b
f10caf34-92a8-41b2-a805-48ae83bc7190,66d278a1-bcba-4767-872c-996764ac986e
e2582eba-1afb-416d-8079-f4410a33e624,66d278a1-bcba-4767-872c-996764ac986e
7a7df490-efe1-4e34-a073-929e8117cef2,66d278a1-bcba-4767-872c-996764ac986e
33c2f604-1aa5-4372-b79b-e2c5631671ed,85ed66e5-c4f3-4e7f-803f-990a6d1bb8dc
8d66656a-99cf-4ffa-90cc-d5dccd1ffc4a,85ed66e5-c4f3-4e7f-803f-990a6d1bb8dc
e5e61d6c-f4a2-473f-a82b-6db5b64a602d,85ed66e5-c4f3-4e7f-803f-990a6d1bb8dc
ad5f5852-3b2c-4fc4-846d-4c692724ef78,66d278a1-bcba-4767-872c-996764ac986e
94f9a34b-56c5-496d-9f43-0d87cd0e395f,66d278a1-bcba-4767-872c-996764ac986e
1c3b9284-8ee0-4196-8289-e2cc6797e759,66d278a1-bcba-4767-872c-996764ac986e
d21a9ef9-952f-4c20-ad0e-0cd5351682c4,26a1c99f-f682-40e0-ae0d-04cd15356227
e915e173-f698-42e4-8bbc-c4b4a1f600a6,26a1c99f-f682-40e0-ae0d-04cd15356227
93d80fd1-dea6-4d7c-a314-732b3145ac70,c043a95b-f062-4ab3-8aea-f920d77b5586
fc2f23eb-1dcb-4391-9273-d5db13f49062,4385a7ab-71bd-4e38-be6f-020bd45e9e83
62899bd2-fa8a-48b9-837a-172795ac25c7,4385a7ab-71bd-4e38-be6f-020bd45e9e83
ebef068f-f61c-411f-9ebb-3da4aab3a5d7,4385a7ab-71bd-4e38-be6f-020bd45e9e83
bc4a5cb7-cda4-448d-be29-0fab48357047,4385a7ab-71bd-4e38-be6f-020bd45e9e83
5a289e68-8f83-4575-84d2-49a182adfe75,86c48015-0c8d-4afc-8aa5-515c69485dc1
a4e412db-5f1e-4d13-8727-b5f3026cebb0,86c48015-0c8d-4afc-8aa5-515c69485dc1
27547611-01a7-4abf-943d-092cb699e423,c63fbbe0-5508-49dd-bf19-b54cd18fe4b6
4d75a519-4295-496b-9611-6eadb85946f0,625fef07-e624-42d4-80d1-68eb6869e7b9
1c15a1da-6aca-4165-a893-c3b2ee2b4439,625fef07-e624-42d4-80d1-68eb6869e7b9
d16dba46-969c-4dc3-bf50-1302d971b69b,625fef07-e624-42d4-80d1-68eb6869e7b9
cf5db8cb-ddb2-4199-8fd5-49e2c4004dee,625fef07-e624-42d4-80d1-68eb6869e7b9
4a8b9668-5290-4afa-aba7-edb5e310340f,625fef07-e624-42d4-80d1-68eb6869e7b9
f45b24c3-2fc6-496a-8452-16ac715829c4,625fef07-e624-42d4-80d1-68eb6869e7b9
761b28de-4926-4f55-9659-c4a0c326baa6,90d96f56-1fa8-4e24-953e-ca3240946c74
bfd595d9-d541-4701-a1ed-90f80b4f3bb4,3d90d84b-d204-4513-b8de-f5d33bb39b8e
ca616ff7-cd09-4cd8-ab8e-268ea92570ff,eb053834-7648-4a18-95bf-104890320648
a57cbfee-4a21-4f47-a410-f1dc67ac1950,e10adebb-91c5-4f58-9c14-1b9471ae8a16
7ef97b2b-2e8b-40c9-bec9-3a10717e1a77,9361c035-b7b2-461c-b85c-13e6613b0aa6
5997a8c8-0d1d-4f2c-a110-4867f9df4ea9,fecde82b-865e-4123-bad5-99a57a054566
8ac89802-a52a-4b44-8d33-bda582142369,b4bce5eb-0c51-4e9e-854b-96e6193601a8
65ec6c73-7898-4dc5-9bd2-e0429a89b8c5,f31a9359-b27f-441e-afe9-312b7d4976cb
7dad884f-b4c9-4321-997d-3b3e2191012e,cd5d1fc5-40e6-4edd-9a18-a9ccc10a7234
1e6cca40-bd6a-456d-953b-d351f03d87ec,21ea2be2-1e1c-440a-b896-bd80f54f54d4
f6ac7134-6e91-499e-8803-f2cbba597f85,7f6ef234-82ca-40c8-86c1-4147fa1e8e33
f6ac7134-6e91-499e-8803-f2cbba597f85,eba5ec05-342e-48fc-8f9c-3af9d6ea71fd
f6ac7134-6e91-499e-8803-f2cbba597f85,d423a9cf-3611-441c-9c4b-96b65533b22e
f6ac7134-6e91-499e-8803-f2cbba597f85,897c2abb-003f-49bc-9fe6-fbf22106bfe2
f6ac7134-6e91-499e-8803-f2cbba597f85,3fb49e6b-04e8-431a-8c2a-e4546d31692b
f6ac7134-6e91-499e-8803-f2cbba597f85,0753c109-7640-4801-b447-b76c767c4f0c
f6ac7134-6e91-499e-8803-f2cbba597f85,8cedbc07-1ebd-4646-a1d6-df1eb6de2718
f6ac7134-6e91-499e-8803-f2cbba597f85,a17f2a78-49df-4bc8-90dc-a17722a164fa
f6ac7134-6e91-499e-8803-f2cbba597f85,2cc37415-1f97-4de9-b2ea-cc25d51cd2b2
f6ac7134-6e91-499e-8803-f2cbba597f85,f3af8dd9-bb6b-41b8-abb0-6970ebc3995b
f6ac7134-6e91-499e-8803-f2cbba597f85,7495debe-f040-4a43-a71b-9d74da671486
f6ac7134-6e91-499e-8803-f2cbba597f85,4cae5274-85bb-4617-90c7-efaf7a094033
f6ac7134-6e91-499e-8803-f2cbba597f85,582a6e80-2c33-48ce-bd75-bc6c75988c0a
f6ac7134-6e91-499e-8803-f2cbba597f85,509acf08-466e-49c5-9a91-ba1b224e2ee8
f6ac7134-6e91-499e-8803-f2cbba597f85,456bb1b7-ef5f-49b3-90b5-2de5592a5b3f
f6ac7134-6e91-499e-8803-f2cbba597f85,cce75ca7-745f-4e7a-a24f-1576f8ddbdcd
f6ac7134-6e91-499e-8803-f2cbba597f85,1bbaf18f-07c1-4603-a797-73a486da2522
f6ac7134-6e91-499e-8803-f2cbba597f85,6b997fda-5c2c-48ed-9feb-315d742ea6da
f6ac7134-6e91-499e-8803-f2cbba597f85,35997d84-6d8c-465f-a66a-58bd47c55238
f6ac7134-6e91-499e-8803-f2cbba597f85,9913674c-929e-456a-8e38-a72b185afca6
f6ac7134-6e91-499e-8803-f2cbba597f85,868175e5-9574-405d-8740-1302abb2877a
f6ac7134-6e91-499e-8803-f2cbba597f85,bb1b7f57-12be-4475-9de8-19b557a174b3
f6ac7134-6e91-499e-8803-f2cbba597f85,934a5b1e-ed31-4d81-8506-a4465d8053ab
f6ac7134-6e91-499e-8803-f2cbba597f85,696429db-356e-4365-ad94-7b8d811d1533
f6ac7134-6e91-499e-8803-f2cbba597f85,fa132da8-1075-4a57-b5fd-def69db0e50f
f6ac7134-6e91-499e-8803-f2cbba597f85,1e35f0f3-b685-4ed7-9e40-7583ab213cf8
f6ac7134-6e91-499e-8803-f2cbba597f85,db8dd3d1-d201-423f-ba5d-6d96f69b36f3
f6ac7134-6e91-499e-8803-f2cbba597f85,dfc98976-f7a2-4a28-9316-067288f0aaa9
b3418dfc-1295-434f-9a8d-29f3ff394559,5da1a8f4-53cd-4033-9db8-8891d359486e
b3418dfc-1295-434f-9a8d-29f3ff394559,7bff1b8f-3618-491f-8f30-8dfe8fd71a20
a3314e92-0ed5-45f1-816e-f73a17c2607c,5da1a8f4-53cd-4033-9db8-8891d359486e
a3314e92-0ed5-45f1-816e-f73a17c2607c,7bff1b8f-3618-491f-8f30-8dfe8fd71a20
261a1cb2-84dc-4be5-85ab-ac6322bbc763,5da1a8f4-53cd-4033-9db8-8891d359486e
261a1cb2-84dc-4be5-85ab-ac6322bbc763,7bff1b8f-3618-491f-8f30-8dfe8fd71a20
f0302ea0-7f49-4ab5-ab95-9db0c043cb52,5da1a8f4-53cd-4033-9db8-8891d359486e
f0302ea0-7f49-4ab5-ab95-9db0c043cb52,7bff1b8f-3618-491f-8f30-8dfe8fd71a20
37bd7905-095d-4733-886f-55efd1549e59,5da1a8f4-53cd-4033-9db8-8891d359486e
37bd7905-095d-4733-886f-55efd1549e59,7bff1b8f-3618-491f-8f30-8dfe8fd71a20
0d3de3a3-73e2-44bd-85dc-56523d4f6a73,e792db0a-489e-4988-bfc3-5c979bfe2a73
881a2052-57f6-49a6-a639-d958de6a45b9,ef3262c8-ec4b-4646-86e8-05bf2973e06b
881a2052-57f6-49a6-a639-d958de6a45b9,4e6313fe-efc5-4344-a35a-96045b640635
881a2052-57f6-49a6-a639-d958de6a45b9,ff61b873-d898-4c2b-a9dc-9698d127f53d
6b1d161a-da60-486a-9d61-e599781ebeb6,73eb8a3c-918b-4e8a-9bc0-51e252c0e9ca
af6cb8fd-c1c6-483a-b209-61e891af9ca5,73eb8a3c-918b-4e8a-9bc0-51e252c0e9ca
c36a94b8-090d-447d-8da0-3df4fcde4093,73eb8a3c-918b-4e8a-9bc0-51e252c0e9ca
efcec772-e298-4c48-8689-f21966e4533b,73eb8a3c-918b-4e8a-9bc0-51e252c0e9ca
c17253ea-f467-49ee-9110-5635a8bf140b,e527e2df-129e-43ad-8b77-8ad071b2fa43
9aa78fea-6fdb-4f05-b232-9e7884565249,e527e2df-129e-43ad-8b77-8ad071b2fa43
7dbf7f1f-1752-4666-bca4-533db403096a,e527e2df-129e-43ad-8b77-8ad071b2fa43
0c1e332c-c0ce-443d-87c4-23332519b376,e527e2df-129e-43ad-8b77-8ad071b2fa43
34b2b17d-a9b7-4498-8d35-e5079933d167,e527e2df-129e-43ad-8b77-8ad071b2fa43
1090ed0b-43d2-435e-bf7b-6cddc80df4f9,e527e2df-129e-43ad-8b77-8ad071b2fa43
1d294ac3-5960-46fd-a240-82095cf9f2d2,e527e2df-129e-43ad-8b77-8ad071b2fa43
876fb327-21c3-42f6-b939-c5497b478915,e527e2df-129e-43ad-8b77-8ad071b2fa43
fb144c14-36ae-4efa-8016-e39793babe98,e527e2df-129e-43ad-8b77-8ad071b2fa43
c1814a5b-0c9b-4f61-b1b5-bcd18baa3f32,e527e2df-129e-43ad-8b77-8ad071b2fa43
f191c1ad-becc-4930-8026-62acda65148d,e527e2df-129e-43ad-8b77-8ad071b2fa43
982dcfc5-2172-4dae-b999-6e73c7a09c12,e527e2df-129e-43ad-8b77-8ad071b2fa43
801fc366-c5bb-4935-99d2-914c9aed4ccf,a58c2957-2b1f-4a95-a839-79915a5419aa
e76059e9-eb32-4017-b267-178a5b7b7575,a58c2957-2b1f-4a95-a839-79915a5419aa
2d68309c-275b-466b-9fd9-ea1f681ecac7,a58c2957-2b1f-4a95-a839-79915a5419aa
cb1ded02-25e9-4b5b-a179-b9cbf1f5f886,a58c2957-2b1f-4a95-a839-79915a5419aa
2bd25277-bb6b-48bc-a87b-732bf3aecf70,270c4550-56dc-479b-9c6b-6ff02cd03fdf
bdc81d0a-7bc4-4ff9-a0f1-d9f380c056a3,270c4550-56dc-479b-9c6b-6ff02cd03fdf
d424a502-1352-4f6e-a402-d83495217b52,270c4550-56dc-479b-9c6b-6ff02cd03fdf
d6f8a071-f116-42cb-8abe-92ace8abfd95,b71f91fd-161e-4c23-be82-08009e6e9f2e
9d7c9947-03b0-4f42-8bdd-239a3c89723f,b71f91fd-161e-4c23-be82-08009e6e9f2e
b803048e-2908-463f-b38a-2a3462943f74,c043a95b-f062-4ab3-8aea-f920d77b5586
16a75cf7-3518-4a72-862a-ec374636ef87,0f8a536a-3901-457d-a3d1-51bc49ecbdd8
45a404d7-57c6-4385-bc7f-2e756b944d7f,cface69a-b7cf-4862-90f9-cdca4f34435e
111e8c35-6672-443e-862b-97add43b0a05,0f8a536a-3901-457d-a3d1-51bc49ecbdd8
5556b0ca-e5a0-4fe3-8297-09b92c63f941,cface69a-b7cf-4862-90f9-cdca4f34435e
42b27704-a237-4ed8-8c6d-58f8f822dfd7,cface69a-b7cf-4862-90f9-cdca4f34435e
40f35d41-a55b-4026-a06e-2e0e92f17feb,cface69a-b7cf-4862-90f9-cdca4f34435e
fec28941-b087-4e49-99d5-8e28192d4a89,f831576c-290c-43d0-88f6-fad29a6456e5
c0fa3aff-7c8e-47a2-93d0-85701b53ad2f,f831576c-290c-43d0-88f6-fad29a6456e5
f3ffea00-50e2-4ddb-915c-befaf76fe6a2,71ec3620-5246-4838-ac58-28a8703bc46b
b51a82e7-141c-4cbb-9bba-8dd565f17031,0a8cf775-7799-4735-b831-fc480a195c84
fa2168f6-e076-4819-916a-d2531bca9c2f,308771ce-2c91-47de-acb9-e6deacc39468
820e5b4f-c511-4004-a59f-64b82ac305ac,b8fb86ab-ed32-4e2f-9e6b-f77faf4d9e3d
0666e7b0-b440-4c98-aa21-6b1df5c04ca9,b8fb86ab-ed32-4e2f-9e6b-f77faf4d9e3d
5b3abc56-4e6f-4117-9f47-b6dfa0c26683,7bbee999-1287-409f-84e4-abb431659caa
27755c7d-ab56-42c6-bedd-59399f27c863,d55995e1-8419-4c9b-886f-980bff4556c6
9fb8d8df-2db3-4a71-a447-bf5ddacf2891,975c68f9-f20d-49ec-abc9-5ffe790c5d41
368a0449-9688-4f74-bd2c-efa1a17a421a,975c68f9-f20d-49ec-abc9-5ffe790c5d41
4337d0c8-9267-4b1f-b259-2efb4e22321e,c043a95b-f062-4ab3-8aea-f920d77b5586
d14fda19-46a9-4569-afe3-e57ef01e263b,c043a95b-f062-4ab3-8aea-f920d77b5586
6c2487f2-d54b-4bf4-9119-e741a759774f,cce08778-276e-4736-a9ed-53a6e9cf082d
7cacdc0e-6015-4472-bcb6-a3664900e3e8,cce08778-276e-4736-a9ed-53a6e9cf082d
3a6bbfbb-4250-4238-8938-e6f29feb2a73,cce08778-276e-4736-a9ed-53a6e9cf082d
0df80b25-67e2-4cb6-b1bb-2a4e230b7871,cce08778-276e-4736-a9ed-53a6e9cf082d
585fab47-fd3e-408f-8521-bde153583735,cce08778-276e-4736-a9ed-53a6e9cf082d
3b503f69-23a5-4269-85d5-883d3e9f2f77,cce08778-276e-4736-a9ed-53a6e9cf082d
0f6f79b8-be81-4782-95a7-3c0c030d3877,74b7b1f1-82c1-48a5-82c3-0b0f751136b2
11d9247b-9504-43af-9a85-fa74201675c9,74b7b1f1-82c1-48a5-82c3-0b0f751136b2
688adb40-7a0b-4ba7-94d8-b68bd814fd89,74b7b1f1-82c1-48a5-82c3-0b0f751136b2
5ebdd10d-f893-44ad-ab70-9d26991032b3,74b7b1f1-82c1-48a5-82c3-0b0f751136b2
20b6cf9e-63b9-44e8-85e5-b5876bcd218a,74b7b1f1-82c1-48a5-82c3-0b0f751136b2
de199d90-105f-412c-b348-b3940da76543,74b7b1f1-82c1-48a5-82c3-0b0f751136b2
f8d6b2b9-0264-4e54-8e9b-d94ea1d951b7,e527e2df-129e-43ad-8b77-8ad071b2fa43
5cf247eb-090a-4a05-8b27-f9f922700d50,e527e2df-129e-43ad-8b77-8ad071b2fa43
840f433c-6a5c-4f8d-be26-4768ca5b23b1,8ff559fa-e649-4cc4-8678-eb2056251c6e
840f433c-6a5c-4f8d-be26-4768ca5b23b1,73cff090-a595-43eb-8677-dd415e87a85e
eb69ac5a-7191-4f4e-a794-f5055c217b72,8ff559fa-e649-4cc4-8678-eb2056251c6e
eb69ac5a-7191-4f4e-a794-f5055c217b72,73cff090-a595-43eb-8677-dd415e87a85e
42d698f8-8044-42dc-b015-a2586896b2ce,8ff559fa-e649-4cc4-8678-eb2056251c6e
42d698f8-8044-42dc-b015-a2586896b2ce,73cff090-a595-43eb-8677-dd415e87a85e
e61e603e-333b-4cdd-9707-129c24aa47d9,73cff090-a595-43eb-8677-dd415e87a85e
27b59e06-8288-4526-bc5e-12ce417f3df4,c574e135-1e51-4aa5-ad32-8669a65bdf27
90a83a44-00f7-4599-b6dc-3e14c8786ff9,c574e135-1e51-4aa5-ad32-8669a65bdf27
487c05fb-e9a5-43d3-bfc6-96e0bf9876c7,8ff559fa-e649-4cc4-8678-eb2056251c6e
487c05fb-e9a5-43d3-bfc6-96e0bf9876c7,4da95758-5ff0-4605-b021-17c6129aab93
487c05fb-e9a5-43d3-bfc6-96e0bf9876c7,687cfec4-4059-49b8-aba9-3e94d23438c0
dc958253-ef3f-41ca-bd51-01ec9159c2b1,8ff559fa-e649-4cc4-8678-eb2056251c6e
dc958253-ef3f-41ca-bd51-01ec9159c2b1,4da95758-5ff0-4605-b021-17c6129aab93
dc958253-ef3f-41ca-bd51-01ec9159c2b1,687cfec4-4059-49b8-aba9-3e94d23438c0
8017d0fb-3131-4fa2-8bc2-7a2ff53311fe,8ff559fa-e649-4cc4-8678-eb2056251c6e
8017d0fb-3131-4fa2-8bc2-7a2ff53311fe,4da95758-5ff0-4605-b021-17c6129aab93
8017d0fb-3131-4fa2-8bc2-7a2ff53311fe,687cfec4-4059-49b8-aba9-3e94d23438c0
d3c01bf1-90ae-4cd3-8a3a-52d4c61809f9,8ff559fa-e649-4cc4-8678-eb2056251c6e
d3c01bf1-90ae-4cd3-8a3a-52d4c61809f9,4da95758-5ff0-4605-b021-17c6129aab93
d3c01bf1-90ae-4cd3-8a3a-52d4c61809f9,687cfec4-4059-49b8-aba9-3e94d23438c0
4c7e82ca-b44d-4c9d-aebf-12eaf4b6e52f,8ff559fa-e649-4cc4-8678-eb2056251c6e
4c7e82ca-b44d-4c9d-aebf-12eaf4b6e52f,4da95758-5ff0-4605-b021-17c6129aab93
4c7e82ca-b44d-4c9d-aebf-12eaf4b6e52f,687cfec4-4059-49b8-aba9-3e94d23438c0
01259490-9543-4daf-9f53-ed85f6bc7429,8ff559fa-e649-4cc4-8678-eb2056251c6e
01259490-9543-4daf-9f53-ed85f6bc7429,4da95758-5ff0-4605-b021-17c6129aab93
01259490-9543-4daf-9f53-ed85f6bc7429,687cfec4-4059-49b8-aba9-3e94d23438c0
9234b4eb-46f0-4ddf-8a83-8e1456c482f7,c574e135-1e51-4aa5-ad32-8669a65bdf27
70c45de1-32d2-4d58-aaca-c8b941f6f05a,c574e135-1e51-4aa5-ad32-8669a65bdf27
a6488784-c1e6-4c2e-a6cd-2b93c20d1117,00eee31f-63d8-40c8-81af-32801a5179c9
2246710a-42ea-4289-a98a-e9f7336ef99a,00eee31f-63d8-40c8-81af-32801a5179c9
029f9b96-3a82-4e25-804b-a7b3081ab617,741edfdb-610d-4136-ab6a-bdd1655dc002
029f9b96-3a82-4e25-804b-a7b3081ab617,98688ab8-458f-47ac-aed1-8756478b809c
029f9b96-3a82-4e25-804b-a7b3081ab617,564cc504-9ee0-47ee-9502-a18f66411992
6265f89c-1610-446b-973d-826676e52147,741edfdb-610d-4136-ab6a-bdd1655dc002
6265f89c-1610-446b-973d-826676e52147,98688ab8-458f-47ac-aed1-8756478b809c
6265f89c-1610-446b-973d-826676e52147,564cc504-9ee0-47ee-9502-a18f66411992
020db5f4-4c11-4d6c-bf44-71ed6947e944,741edfdb-610d-4136-ab6a-bdd1655dc002
020db5f4-4c11-4d6c-bf44-71ed6947e944,98688ab8-458f-47ac-aed1-8756478b809c
020db5f4-4c11-4d6c-bf44-71ed6947e944,564cc504-9ee0-47ee-9502-a18f66411992
3d98d135-33f5-4657-971b-f1b3923900a0,741edfdb-610d-4136-ab6a-bdd1655dc002
3d98d135-33f5-4657-971b-f1b3923900a0,98688ab8-458f-47ac-aed1-8756478b809c
3d98d135-33f5-4657-971b-f1b3923900a0,564cc504-9ee0-47ee-9502-a18f66411992
7e8060b9-7346-48bf-bb36-21908b05f48a,26be7644-bce6-420b-9448-2d5e98cf87a7
157f4fcf-3794-4bd1-bd19-d0d8c2ebfeb0,26be7644-bce6-420b-9448-2d5e98cf87a7
396a19a8-a573-4c24-bc9b-420e852082ca,b3e1b8a1-b803-4207-8276-6a432b598ee4
6c21429b-25be-4316-a6f4-a01dd22562ea,b3e1b8a1-b803-4207-8276-6a432b598ee4
