ten_voucher,ten_dn,dia_chi_chi_nhanh
E-voucher - Hộp bánh trung thu Trăng Trường Thọ,I.CAN INTERNATIONAL,"Số 10 ngõ 102 Trần Phú,Hà Đông, Hà Nội"
E-voucher - Hộp bánh trung thu Giao Hảo Hữu,I.CAN INTERNATIONAL,"Số 10 ngõ 102 Trần Phú,Hà Đông, Hà Nội"
E-voucher - Hộp bánh trung thu Trăng Tinh Hoa,I.CAN INTERNATIONAL,"Số 10 ngõ 102 Trần Phú,Hà Đông, Hà Nội"
E-voucher - Hộp bánh trung thu Trăng Cát Tường,I.CAN INTERNATIONAL,"Số 10 ngõ 102 Trần Phú,Hà Đông, Hà Nội"
E-voucher - Hộp bánh trung thu Trăng Bình An,I.CAN INTERNATIONAL,"Số 10 ngõ 102 Trần Phú,Hà Đông, Hà Nội"
Buffet chay tươi ngon áp dụng tại Nhà hàng Chay Tầm Vị,Nhà hàng Chay Tầm Vị,"50B Phố Châu Long, Phường Ba Đình, Hà Nội"
Evoucher Hộp quà trung thu Thanh Liên Thưởng Lãm II 2026 phiên bản hộp xếp 2 cánh cửa cao cấp - Combo 6 bánh,GIVISTA,"251/16D Vườn Lài, P. An Phú Đông, TP.HCM"
Evoucher Hộp quà trung thu Lam Tước Vọng Nguyệt 2026 hộp 2 tầng cao cấp 2 cánh ép kim vàng - Combo 4 bánh và trà,GIVISTA,"251/16D Vườn Lài, P. An Phú Đông, TP.HCM"
Evoucher Hộp quà trung thu Cửu Hạc Chi Phúc 2026 phiên bản 2 tầng hiệu ứng 3D cao cấp - Combo 4 bánh và trà,GIVISTA,"251/16D Vườn Lài, P. An Phú Đông, TP.HCM"
Evoucher Hộp quà Trung Thu Garden Of The Moon 2026 phiên bản hộp Vali Popup 3D cao cấp - Comb 6 bánh,GIVISTA,"251/16D Vườn Lài, P. An Phú Đông, TP.HCM"
Evoucher Hộp quà Trung Thu Garden Of The Moon 2026 phiên bản Vali Popup 3D cao cấp - Combo 4 bánh và trà,GIVISTA,"251/16D Vườn Lài, P. An Phú Đông, TP.HCM"
Evoucher Hộp quà Trung Thu Đồng Lạc I 2026 phiên bản hộp Vai Popup 3D cao cấp - Combo 6 bánh,GIVISTA,"251/16D Vườn Lài, P. An Phú Đông, TP.HCM"
Evoucher Hộp quà Trung Thu Đồng Lạc I 2026 phiên bản Popup 3D cao cấp - Combo 4 bánh và trà,GIVISTA,"251/16D Vườn Lài, P. An Phú Đông, TP.HCM"
Evoucher - Hộp quà trung thu Cửu Hạc Diên Niên 2026 phiên bản hộp Vali Popup 3D cao cấp - Combo 6 bánh,GIVISTA,"251/16D Vườn Lài, P. An Phú Đông, TP.HCM"
Evoucher Hộp quà trung thu Cửu Hạc Diên Niên 2026 phiên bản Vali Popup 3D cao cấp - Combo 4 bánh và trà,GIVISTA,"251/16D Vườn Lài, P. An Phú Đông, TP.HCM"
Evoucher Hộp quà trung thu Thanh Liên Thưởng Lãm I 2026 phiên bản hộp xếp 2 cánh cửa cao cấp - Combo 6 bánh,GIVISTA,"251/16D Vườn Lài, P. An Phú Đông, TP.HCM"
Evoucher Hộp quà trung thu Hồng Cát Minh Nguyệt 2026 phiên bản hộp xếp 2 cánh cửa cao cấp - Combo 6 bánh,GIVISTA,"251/16D Vườn Lài, P. An Phú Đông, TP.HCM"
Evoucher Hộp quà trung thu Du Nhiên 2026 phiên bản nam châm cao cấp - Combo 4 bánh và trà,GIVISTA,"251/16D Vườn Lài, P. An Phú Đông, TP.HCM"
Evoucher Hộp quà Trung Thu Viên Niên 2026 phiên bản nam châm cao cấp - Combo 4 bánh và trà,GIVISTA,"251/16D Vườn Lài, P. An Phú Đông, TP.HCM"
Evoucher Hộp quà Trung Thu Đoàn Viên III 2026 phiên bản nam châm cao cấp - Combo 4 bánh và trà,GIVISTA,"251/16D Vườn Lài, P. An Phú Đông, TP.HCM"
Evoucher hộp quà Trung Thu Đoàn Viên I 2026 phiên bản nam châm cao cấp - Combo 4 bánh và trà,GIVISTA,"251/16D Vườn Lài, P. An Phú Đông, TP.HCM"
Evoucher Hộp quà Trung Thu Đoàn Viên II 2026 phiên bản nam châm cao cấp - Combo 4 bánh và trà,GIVISTA,"251/16D Vườn Lài, P. An Phú Đông, TP.HCM"
Evoucher Hộp quà trung thu Hạc Vũ Triều Dương 2026 phiên bản nam châm cao cấp - Combo 4 bánh và trà,GIVISTA,"251/16D Vườn Lài, P. An Phú Đông, TP.HCM"
Evoucher - Hộp quà trung thu Moonlit Harmony 2026 phiên bản nam châm - Combo 4 bánh và trà,GIVISTA,"251/16D Vườn Lài, P. An Phú Đông, TP.HCM"
Evoucher - Hộp quà trung thu Moonrise City 2026 phiên bản nam châm cao cấp - Combo 4 bánh và trà,GIVISTA,"251/16D Vườn Lài, P. An Phú Đông, TP.HCM"
Evoucher - Hộp quà trung thu Lạc Vũ Hoàng Uyên 2026 phiên bản nam châm cao cấp - Combo 4 bánh và trà,GIVISTA,"251/16D Vườn Lài, P. An Phú Đông, TP.HCM"
Evoucher - Hộp quà trung thu Đoàn Viên 2026 phiên bản nam châm cao cấp - Combo 3 bánh,GIVISTA,"251/16D Vườn Lài, P. An Phú Đông, TP.HCM"
Evoucher - Hộp quà Trung Thu Đoàn Viên 2026 phiên bản Nam Châm cao cấp - Combo 2 bánh,GIVISTA,"251/16D Vườn Lài, P. An Phú Đông, TP.HCM"
Evoucher - Hộp quà trung thu Du Nhiên 2026 phiên bản Nam Châm cao cấp - Combo 3 bánh,GIVISTA,"251/16D Vườn Lài, P. An Phú Đông, TP.HCM"
Evoucher - Hộp quà trung thu Du Nhiên 2026 phiên bản Nam Châm Cao Cấp - Combo 2 bánh,GIVISTA,"251/16D Vườn Lài, P. An Phú Đông, TP.HCM"
Voucher Buffet dành cho 4 người tại Spicy Box,Spicy Box,"B2-08, TTTM Hà Nội Centre số 175 Nguyễn Thái Học, Phường Ô Chợ Dừa, Hà Nội"
Voucher Buffet dành cho 4 người tại Spicy Box,Spicy Box,"Coopmart TTTM Thắng Lợi, 2 Trường Chinh, Tây Thạnh, Quận Tân Phú, Hồ Chí Minh"
Voucher Buffet dành cho 4 người tại Spicy Box,Spicy Box,"F2-09, Tầng 2 TTTM E-mart Gò Vấp, 366 Phan Văn Trị, Phường An Nhơn, Hồ Chí Minh"
Voucher Buffet dành cho 4 người tại Spicy Box,Spicy Box,"Lầu B2 Saigon Centre, 65 Lê Lợi, P. Bến Nghé, Quận 1, Hồ Chí Minh"
Voucher Buffet dành cho 4 người tại Spicy Box,Spicy Box,"L4-13 Tầng L4 Tòa nhà Vincom Megamall Thảo Điền, 161 Đường Võ Nguyên Giáp, Phường An Khánh, Hồ Chí Minh"
Voucher Buffet dành cho 4 người tại Spicy Box,Spicy Box,"5F-52 Tầng 5 Crescent Mall, Số 101 Tôn Dật Tiên, Phường Tân Phú, Quận 7, Hồ Chí Minh"
Voucher Buffet dành cho 4 người tại Spicy Box,Spicy Box,"L4-05 Tầng 4, TTTM Parc Mall số 547 - 549 đường Tạ Quang Bửu, Phường Chánh Hưng, Hồ Chí Minh"
Voucher Buffet dành cho 4 người tại Spicy Box,Spicy Box,"36/3B Nguyễn Gia Trí, Phường 25, Quận Bình Thạnh, Hồ Chí Minh"
Voucher Buffet dành cho 4 người tại Spicy Box,Spicy Box,"Tầng hầm Vạn Hạnh Mall, 11 Sư Vạn Hạnh, P. 12, Quận 10, Hồ Chí Minh"
Voucher Buffet dành cho 4 người tại Spicy Box,Spicy Box,"Tầng hầm B1, Khu cao ốc văn phòng - thương mại - dịch vụ tại lô 5.5, số 8-10 đường Mai Chí Thọ, Phường An Khánh, Hồ Chí Minh"
Voucher Buffet dành cho 4 người tại Spicy Box,Spicy Box,"L3-07 Tầng 3 TTTM DV - Siêu Thị, Số 385 Phan Huy Ích, Phường 14, Quận Gò Vấp, Hồ Chí Minh"
Voucher Buffet dành cho 4 người tại Spicy Box,Spicy Box,"L5-22 Lầu 5 GigaMall, 242 Phạm Văn Đồng, P. Hiệp Bình Chánh, Quận Thủ Đức, Hồ Chí Minh"
Voucher Buffet dành cho 4 người tại Spicy Box,Spicy Box,"L4-06 Tầng L4 TTTM Vincom, Số 910A Ngô Quyền, Phường An Hải Bắc, Quận Sơn Trà, Đà Nẵng"
Voucher Buffet dành cho 4 người tại Spicy Box,Spicy Box,"L3-01a1, Tầng 3, TTTM MM SUPERCENTER, 167 Đường Nguyễn Sinh Sắc, Khu vực phía Đông Nam ký túc xá sinh viên, Phường Hòa Khánh, Đà Nẵng"
Voucher Buffet dành cho 4 người tại Spicy Box,Spicy Box,"2F - 28, Tầng 2 Lotte Đà Nẵng, số 06 Nại Nam, P. Hòa Cường Bắc, Quận Hải Châu, Đà Nẵng"
Voucher Buffet dành cho 4 người tại Spicy Box,Spicy Box,"1S11 Trung tâm thương mại Khu quy hoạch Đống Đa - Hùng Vương - Bà Triệu, Phường Thuận Hóa, Huế"
Voucher Buffet dành cho 4 người tại Spicy Box,Spicy Box,"L3-06, Tầng L3, TTTM Vincom, Tòa nhà Vincom Plaza Hậu Giang, Số 1 Đường 3 Tháng 2, Khu vực 3, Phường Vị Tân, Hậu Giang"
Voucher Buffet dành cho 4 người tại Spicy Box,Spicy Box,"1S7+8 Go! Vinh Số 2 Quang Trung, Phường Quang Trung, Vinh, Nghệ An"
Voucher Buffet dành cho 4 người tại Spicy Box,Spicy Box,"L3-05, TTTM Vincom Plaza Đồng Hới, đường Quách Xuân Kỳ, Phường Đồng Hới, Quảng Trị"
Voucher Buffet dành cho 4 người tại Spicy Box,Spicy Box,"L4-05 Vincom Plaza, 26 Lê Thánh Tôn, Phường Nghĩa Chánh, Quảng Ngãi"
Voucher Buffet dành cho 4 người tại Spicy Box,Spicy Box,"GF-05 Tầng trệt Siêu thị Co.op Mart Buôn Mê Thuột 71 Nguyễn Tất Thành, P. Tân An, Thành phố Buôn Ma Thuột, Đắk Lắk"
Voucher Buffet dành cho 4 người tại Spicy Box,Spicy Box,"1K10+14 Go! Mall Nha Trang Lô số 4, đường 19/5, Khu đô thị Vĩnh Điềm Trung, Xã Vĩnh Hiệp, Nha Trang, Khánh Hòa"
Voucher Buffet dành cho 4 người tại Spicy Box,Spicy Box,"2F 55A Tầng 2, TTTM Nha Trang Center số 20 Trần Phú, Lộc Thọ, Nha Trang, Khánh Hòa"
Voucher Buffet dành cho 4 người tại Spicy Box,Spicy Box,"1S17 Tầng 1, TTTM Go! Đà Lạt, Quảng trường Lâm Viên, góc đường Hồ Tùng Mậu và Trần Quốc Toản, Phường Xuân Hương, Đà Lạt, Lâm Đồng"
Voucher Buffet dành cho 4 người tại Spicy Box,Spicy Box,"1S23+24 TTTM Go! Đồng Nai số 833, đường Xa Lộ Hà Nội, Phường Long Hưng, Đồng Nai"
Voucher Buffet dành cho 4 người tại Spicy Box,Spicy Box,"1S11 TTTM GO! Dĩ An 1/1 Quốc lộ 1K, P. Đông Hoà, Thành phố Dĩ An, Bình Dương"
Voucher Buffet dành cho 4 người tại Spicy Box,Spicy Box,"L3-5-6 Vincom Plaza, 444 đường 30/4, Khu Phố 1, Tây Ninh"
Voucher Buffet dành cho 4 người tại Spicy Box,Spicy Box,"L3-03 Tầng L3 Vincom Plaza Tân An, Góc đường Hùng Vương và đường Mai Thị Tốt, Phường 2, Tân An, Long An"
Voucher Buffet dành cho 4 người tại Spicy Box,Spicy Box,"L1-02 Lầu 1, Số 1 Đường Ngô Thời Nhậm, Phường Cao Lãnh, Đồng Tháp"
Voucher Buffet dành cho 4 người tại Spicy Box,Spicy Box,"GF-12 Tầng trệt TTTM Coop.Mart Long Xuyên, số 12 Nguyễn Huệ, P. Mỹ Long, Long Xuyên, An Giang"
Voucher Buffet dành cho 4 người tại Spicy Box,Spicy Box,"GF-08+09 Tầng trệt Coop.Mart Châu Đốc, Tổ 21, Khóm Châu Quới 3, Phường Châu Phú B, Châu Đốc, An Giang"
Voucher Buffet dành cho 4 người tại Spicy Box,Spicy Box,"Lầu 3, TTTM Vincom Plaza Hậu Giang, 1 đường 3/2, Phường 5, Vị Thanh, Hậu Giang"
Voucher Buffet dành cho 4 người tại Spicy Box,Spicy Box,"L1-12 Sense City Cà Mau, 9 Trần Hưng Đạo, Phường 5, Cà Mau"
Voucher Buffet dành cho 3 người tại Spicy Box,Spicy Box,"B2-08, TTTM Hà Nội Centre số 175 Nguyễn Thái Học, Phường Ô Chợ Dừa, Hà Nội"
Voucher Buffet dành cho 3 người tại Spicy Box,Spicy Box,"Coopmart TTTM Thắng Lợi, 2 Trường Chinh, Tây Thạnh, Quận Tân Phú, Hồ Chí Minh"
Voucher Buffet dành cho 3 người tại Spicy Box,Spicy Box,"F2-09, Tầng 2 TTTM E-mart Gò Vấp, 366 Phan Văn Trị, Phường An Nhơn, Hồ Chí Minh"
Voucher Buffet dành cho 3 người tại Spicy Box,Spicy Box,"Lầu B2 Saigon Centre, 65 Lê Lợi, P. Bến Nghé, Quận 1, Hồ Chí Minh"
Voucher Buffet dành cho 3 người tại Spicy Box,Spicy Box,"L4-13 Tầng L4 Tòa nhà Vincom Megamall Thảo Điền, 161 Đường Võ Nguyên Giáp, Phường An Khánh, Hồ Chí Minh"
Voucher Buffet dành cho 3 người tại Spicy Box,Spicy Box,"5F-52 Tầng 5 Crescent Mall, Số 101 Tôn Dật Tiên, Phường Tân Phú, Quận 7, Hồ Chí Minh"
Voucher Buffet dành cho 3 người tại Spicy Box,Spicy Box,"L4-05 Tầng 4, TTTM Parc Mall số 547 - 549 đường Tạ Quang Bửu, Phường Chánh Hưng, Hồ Chí Minh"
Voucher Buffet dành cho 3 người tại Spicy Box,Spicy Box,"36/3B Nguyễn Gia Trí, Phường 25, Quận Bình Thạnh, Hồ Chí Minh"
Voucher Buffet dành cho 3 người tại Spicy Box,Spicy Box,"Tầng hầm Vạn Hạnh Mall, 11 Sư Vạn Hạnh, P. 12, Quận 10, Hồ Chí Minh"
Voucher Buffet dành cho 3 người tại Spicy Box,Spicy Box,"Tầng hầm B1, Khu cao ốc văn phòng - thương mại - dịch vụ tại lô 5.5, số 8-10 đường Mai Chí Thọ, Phường An Khánh, Hồ Chí Minh"
Voucher Buffet dành cho 3 người tại Spicy Box,Spicy Box,"L3-07 Tầng 3 TTTM DV - Siêu Thị, Số 385 Phan Huy Ích, Phường 14, Quận Gò Vấp, Hồ Chí Minh"
Voucher Buffet dành cho 3 người tại Spicy Box,Spicy Box,"L5-22 Lầu 5 GigaMall, 242 Phạm Văn Đồng, P. Hiệp Bình Chánh, Quận Thủ Đức, Hồ Chí Minh"
Voucher Buffet dành cho 3 người tại Spicy Box,Spicy Box,"L4-06 Tầng L4 TTTM Vincom, Số 910A Ngô Quyền, Phường An Hải Bắc, Quận Sơn Trà, Đà Nẵng"
Voucher Buffet dành cho 3 người tại Spicy Box,Spicy Box,"L3-01a1, Tầng 3, TTTM MM SUPERCENTER, 167 Đường Nguyễn Sinh Sắc, Khu vực phía Đông Nam ký túc xá sinh viên, Phường Hòa Khánh, Đà Nẵng"
Voucher Buffet dành cho 3 người tại Spicy Box,Spicy Box,"2F - 28, Tầng 2 Lotte Đà Nẵng, số 06 Nại Nam, P. Hòa Cường Bắc, Quận Hải Châu, Đà Nẵng"
Voucher Buffet dành cho 3 người tại Spicy Box,Spicy Box,"1S11 Trung tâm thương mại Khu quy hoạch Đống Đa - Hùng Vương - Bà Triệu, Phường Thuận Hóa, Huế"
Voucher Buffet dành cho 3 người tại Spicy Box,Spicy Box,"L3-06, Tầng L3, TTTM Vincom, Tòa nhà Vincom Plaza Hậu Giang, Số 1 Đường 3 Tháng 2, Khu vực 3, Phường Vị Tân, Hậu Giang"
Voucher Buffet dành cho 3 người tại Spicy Box,Spicy Box,"1S7+8 Go! Vinh Số 2 Quang Trung, Phường Quang Trung, Vinh, Nghệ An"
Voucher Buffet dành cho 3 người tại Spicy Box,Spicy Box,"L3-05, TTTM Vincom Plaza Đồng Hới, đường Quách Xuân Kỳ, Phường Đồng Hới, Quảng Trị"
Voucher Buffet dành cho 3 người tại Spicy Box,Spicy Box,"L4-05 Vincom Plaza, 26 Lê Thánh Tôn, Phường Nghĩa Chánh, Quảng Ngãi"
Voucher Buffet dành cho 3 người tại Spicy Box,Spicy Box,"GF-05 Tầng trệt Siêu thị Co.op Mart Buôn Mê Thuột 71 Nguyễn Tất Thành, P. Tân An, Thành phố Buôn Ma Thuột, Đắk Lắk"
Voucher Buffet dành cho 3 người tại Spicy Box,Spicy Box,"1K10+14 Go! Mall Nha Trang Lô số 4, đường 19/5, Khu đô thị Vĩnh Điềm Trung, Xã Vĩnh Hiệp, Nha Trang, Khánh Hòa"
Voucher Buffet dành cho 3 người tại Spicy Box,Spicy Box,"2F 55A Tầng 2, TTTM Nha Trang Center số 20 Trần Phú, Lộc Thọ, Nha Trang, Khánh Hòa"
Voucher Buffet dành cho 3 người tại Spicy Box,Spicy Box,"1S17 Tầng 1, TTTM Go! Đà Lạt, Quảng trường Lâm Viên, góc đường Hồ Tùng Mậu và Trần Quốc Toản, Phường Xuân Hương, Đà Lạt, Lâm Đồng"
Voucher Buffet dành cho 3 người tại Spicy Box,Spicy Box,"1S23+24 TTTM Go! Đồng Nai số 833, đường Xa Lộ Hà Nội, Phường Long Hưng, Đồng Nai"
Voucher Buffet dành cho 3 người tại Spicy Box,Spicy Box,"1S11 TTTM GO! Dĩ An 1/1 Quốc lộ 1K, P. Đông Hoà, Thành phố Dĩ An, Bình Dương"
Voucher Buffet dành cho 3 người tại Spicy Box,Spicy Box,"L3-5-6 Vincom Plaza, 444 đường 30/4, Khu Phố 1, Tây Ninh"
Voucher Buffet dành cho 3 người tại Spicy Box,Spicy Box,"L3-03 Tầng L3 Vincom Plaza Tân An, Góc đường Hùng Vương và đường Mai Thị Tốt, Phường 2, Tân An, Long An"
Voucher Buffet dành cho 3 người tại Spicy Box,Spicy Box,"L1-02 Lầu 1, Số 1 Đường Ngô Thời Nhậm, Phường Cao Lãnh, Đồng Tháp"
Voucher Buffet dành cho 3 người tại Spicy Box,Spicy Box,"GF-12 Tầng trệt TTTM Coop.Mart Long Xuyên, số 12 Nguyễn Huệ, P. Mỹ Long, Long Xuyên, An Giang"
Voucher Buffet dành cho 3 người tại Spicy Box,Spicy Box,"GF-08+09 Tầng trệt Coop.Mart Châu Đốc, Tổ 21, Khóm Châu Quới 3, Phường Châu Phú B, Châu Đốc, An Giang"
Voucher Buffet dành cho 3 người tại Spicy Box,Spicy Box,"Lầu 3, TTTM Vincom Plaza Hậu Giang, 1 đường 3/2, Phường 5, Vị Thanh, Hậu Giang"
Voucher Buffet dành cho 3 người tại Spicy Box,Spicy Box,"L1-12 Sense City Cà Mau, 9 Trần Hưng Đạo, Phường 5, Cà Mau"
Voucher Buffet dành cho 2 người tại Spicy Box,Spicy Box,"B2-08, TTTM Hà Nội Centre số 175 Nguyễn Thái Học, Phường Ô Chợ Dừa, Hà Nội"
Voucher Buffet dành cho 2 người tại Spicy Box,Spicy Box,"Coopmart TTTM Thắng Lợi, 2 Trường Chinh, Tây Thạnh, Quận Tân Phú, Hồ Chí Minh"
Voucher Buffet dành cho 2 người tại Spicy Box,Spicy Box,"F2-09, Tầng 2 TTTM E-mart Gò Vấp, 366 Phan Văn Trị, Phường An Nhơn, Hồ Chí Minh"
Voucher Buffet dành cho 2 người tại Spicy Box,Spicy Box,"Lầu B2 Saigon Centre, 65 Lê Lợi, P. Bến Nghé, Quận 1, Hồ Chí Minh"
Voucher Buffet dành cho 2 người tại Spicy Box,Spicy Box,"L4-13 Tầng L4 Tòa nhà Vincom Megamall Thảo Điền, 161 Đường Võ Nguyên Giáp, Phường An Khánh, Hồ Chí Minh"
Voucher Buffet dành cho 2 người tại Spicy Box,Spicy Box,"5F-52 Tầng 5 Crescent Mall, Số 101 Tôn Dật Tiên, Phường Tân Phú, Quận 7, Hồ Chí Minh"
Voucher Buffet dành cho 2 người tại Spicy Box,Spicy Box,"L4-05 Tầng 4, TTTM Parc Mall số 547 - 549 đường Tạ Quang Bửu, Phường Chánh Hưng, Hồ Chí Minh"
Voucher Buffet dành cho 2 người tại Spicy Box,Spicy Box,"36/3B Nguyễn Gia Trí, Phường 25, Quận Bình Thạnh, Hồ Chí Minh"
Voucher Buffet dành cho 2 người tại Spicy Box,Spicy Box,"Tầng hầm Vạn Hạnh Mall, 11 Sư Vạn Hạnh, P. 12, Quận 10, Hồ Chí Minh"
Voucher Buffet dành cho 2 người tại Spicy Box,Spicy Box,"Tầng hầm B1, Khu cao ốc văn phòng - thương mại - dịch vụ tại lô 5.5, số 8-10 đường Mai Chí Thọ, Phường An Khánh, Hồ Chí Minh"
Voucher Buffet dành cho 2 người tại Spicy Box,Spicy Box,"L3-07 Tầng 3 TTTM DV - Siêu Thị, Số 385 Phan Huy Ích, Phường 14, Quận Gò Vấp, Hồ Chí Minh"
Voucher Buffet dành cho 2 người tại Spicy Box,Spicy Box,"L5-22 Lầu 5 GigaMall, 242 Phạm Văn Đồng, P. Hiệp Bình Chánh, Quận Thủ Đức, Hồ Chí Minh"
Voucher Buffet dành cho 2 người tại Spicy Box,Spicy Box,"L4-06 Tầng L4 TTTM Vincom, Số 910A Ngô Quyền, Phường An Hải Bắc, Quận Sơn Trà, Đà Nẵng"
Voucher Buffet dành cho 2 người tại Spicy Box,Spicy Box,"L3-01a1, Tầng 3, TTTM MM SUPERCENTER, 167 Đường Nguyễn Sinh Sắc, Khu vực phía Đông Nam ký túc xá sinh viên, Phường Hòa Khánh, Đà Nẵng"
Voucher Buffet dành cho 2 người tại Spicy Box,Spicy Box,"2F - 28, Tầng 2 Lotte Đà Nẵng, số 06 Nại Nam, P. Hòa Cường Bắc, Quận Hải Châu, Đà Nẵng"
Voucher Buffet dành cho 2 người tại Spicy Box,Spicy Box,"1S11 Trung tâm thương mại Khu quy hoạch Đống Đa - Hùng Vương - Bà Triệu, Phường Thuận Hóa, Huế"
Voucher Buffet dành cho 2 người tại Spicy Box,Spicy Box,"L3-06, Tầng L3, TTTM Vincom, Tòa nhà Vincom Plaza Hậu Giang, Số 1 Đường 3 Tháng 2, Khu vực 3, Phường Vị Tân, Hậu Giang"
Voucher Buffet dành cho 2 người tại Spicy Box,Spicy Box,"1S7+8 Go! Vinh Số 2 Quang Trung, Phường Quang Trung, Vinh, Nghệ An"
Voucher Buffet dành cho 2 người tại Spicy Box,Spicy Box,"L3-05, TTTM Vincom Plaza Đồng Hới, đường Quách Xuân Kỳ, Phường Đồng Hới, Quảng Trị"
Voucher Buffet dành cho 2 người tại Spicy Box,Spicy Box,"L4-05 Vincom Plaza, 26 Lê Thánh Tôn, Phường Nghĩa Chánh, Quảng Ngãi"
Voucher Buffet dành cho 2 người tại Spicy Box,Spicy Box,"GF-05 Tầng trệt Siêu thị Co.op Mart Buôn Mê Thuột 71 Nguyễn Tất Thành, P. Tân An, Thành phố Buôn Ma Thuột, Đắk Lắk"
Voucher Buffet dành cho 2 người tại Spicy Box,Spicy Box,"1K10+14 Go! Mall Nha Trang Lô số 4, đường 19/5, Khu đô thị Vĩnh Điềm Trung, Xã Vĩnh Hiệp, Nha Trang, Khánh Hòa"
Voucher Buffet dành cho 2 người tại Spicy Box,Spicy Box,"2F 55A Tầng 2, TTTM Nha Trang Center số 20 Trần Phú, Lộc Thọ, Nha Trang, Khánh Hòa"
Voucher Buffet dành cho 2 người tại Spicy Box,Spicy Box,"1S17 Tầng 1, TTTM Go! Đà Lạt, Quảng trường Lâm Viên, góc đường Hồ Tùng Mậu và Trần Quốc Toản, Phường Xuân Hương, Đà Lạt, Lâm Đồng"
Voucher Buffet dành cho 2 người tại Spicy Box,Spicy Box,"1S23+24 TTTM Go! Đồng Nai số 833, đường Xa Lộ Hà Nội, Phường Long Hưng, Đồng Nai"
Voucher Buffet dành cho 2 người tại Spicy Box,Spicy Box,"1S11 TTTM GO! Dĩ An 1/1 Quốc lộ 1K, P. Đông Hoà, Thành phố Dĩ An, Bình Dương"
Voucher Buffet dành cho 2 người tại Spicy Box,Spicy Box,"L3-5-6 Vincom Plaza, 444 đường 30/4, Khu Phố 1, Tây Ninh"
Voucher Buffet dành cho 2 người tại Spicy Box,Spicy Box,"L3-03 Tầng L3 Vincom Plaza Tân An, Góc đường Hùng Vương và đường Mai Thị Tốt, Phường 2, Tân An, Long An"
Voucher Buffet dành cho 2 người tại Spicy Box,Spicy Box,"L1-02 Lầu 1, Số 1 Đường Ngô Thời Nhậm, Phường Cao Lãnh, Đồng Tháp"
Voucher Buffet dành cho 2 người tại Spicy Box,Spicy Box,"GF-12 Tầng trệt TTTM Coop.Mart Long Xuyên, số 12 Nguyễn Huệ, P. Mỹ Long, Long Xuyên, An Giang"
Voucher Buffet dành cho 2 người tại Spicy Box,Spicy Box,"GF-08+09 Tầng trệt Coop.Mart Châu Đốc, Tổ 21, Khóm Châu Quới 3, Phường Châu Phú B, Châu Đốc, An Giang"
Voucher Buffet dành cho 2 người tại Spicy Box,Spicy Box,"Lầu 3, TTTM Vincom Plaza Hậu Giang, 1 đường 3/2, Phường 5, Vị Thanh, Hậu Giang"
Voucher Buffet dành cho 2 người tại Spicy Box,Spicy Box,"L1-12 Sense City Cà Mau, 9 Trần Hưng Đạo, Phường 5, Cà Mau"
Voucher Buffet dành cho 1 nguời tại Spicy Box,Spicy Box,"B2-08, TTTM Hà Nội Centre số 175 Nguyễn Thái Học, Phường Ô Chợ Dừa, Hà Nội"
Voucher Buffet dành cho 1 nguời tại Spicy Box,Spicy Box,"Coopmart TTTM Thắng Lợi, 2 Trường Chinh, Tây Thạnh, Quận Tân Phú, Hồ Chí Minh"
Voucher Buffet dành cho 1 nguời tại Spicy Box,Spicy Box,"F2-09, Tầng 2 TTTM E-mart Gò Vấp, 366 Phan Văn Trị, Phường An Nhơn, Hồ Chí Minh"
Voucher Buffet dành cho 1 nguời tại Spicy Box,Spicy Box,"Lầu B2 Saigon Centre, 65 Lê Lợi, P. Bến Nghé, Quận 1, Hồ Chí Minh"
Voucher Buffet dành cho 1 nguời tại Spicy Box,Spicy Box,"L4-13 Tầng L4 Tòa nhà Vincom Megamall Thảo Điền, 161 Đường Võ Nguyên Giáp, Phường An Khánh, Hồ Chí Minh"
Voucher Buffet dành cho 1 nguời tại Spicy Box,Spicy Box,"5F-52 Tầng 5 Crescent Mall, Số 101 Tôn Dật Tiên, Phường Tân Phú, Quận 7, Hồ Chí Minh"
Voucher Buffet dành cho 1 nguời tại Spicy Box,Spicy Box,"L4-05 Tầng 4, TTTM Parc Mall số 547 - 549 đường Tạ Quang Bửu, Phường Chánh Hưng, Hồ Chí Minh"
Voucher Buffet dành cho 1 nguời tại Spicy Box,Spicy Box,"36/3B Nguyễn Gia Trí, Phường 25, Quận Bình Thạnh, Hồ Chí Minh"
Voucher Buffet dành cho 1 nguời tại Spicy Box,Spicy Box,"Tầng hầm Vạn Hạnh Mall, 11 Sư Vạn Hạnh, P. 12, Quận 10, Hồ Chí Minh"
Voucher Buffet dành cho 1 nguời tại Spicy Box,Spicy Box,"Tầng hầm B1, Khu cao ốc văn phòng - thương mại - dịch vụ tại lô 5.5, số 8-10 đường Mai Chí Thọ, Phường An Khánh, Hồ Chí Minh"
Voucher Buffet dành cho 1 nguời tại Spicy Box,Spicy Box,"L3-07 Tầng 3 TTTM DV - Siêu Thị, Số 385 Phan Huy Ích, Phường 14, Quận Gò Vấp, Hồ Chí Minh"
Voucher Buffet dành cho 1 nguời tại Spicy Box,Spicy Box,"L5-22 Lầu 5 GigaMall, 242 Phạm Văn Đồng, P. Hiệp Bình Chánh, Quận Thủ Đức, Hồ Chí Minh"
Voucher Buffet dành cho 1 nguời tại Spicy Box,Spicy Box,"L4-06 Tầng L4 TTTM Vincom, Số 910A Ngô Quyền, Phường An Hải Bắc, Quận Sơn Trà, Đà Nẵng"
Voucher Buffet dành cho 1 nguời tại Spicy Box,Spicy Box,"L3-01a1, Tầng 3, TTTM MM SUPERCENTER, 167 Đường Nguyễn Sinh Sắc, Khu vực phía Đông Nam ký túc xá sinh viên, Phường Hòa Khánh, Đà Nẵng"
Voucher Buffet dành cho 1 nguời tại Spicy Box,Spicy Box,"2F - 28, Tầng 2 Lotte Đà Nẵng, số 06 Nại Nam, P. Hòa Cường Bắc, Quận Hải Châu, Đà Nẵng"
Voucher Buffet dành cho 1 nguời tại Spicy Box,Spicy Box,"1S11 Trung tâm thương mại Khu quy hoạch Đống Đa - Hùng Vương - Bà Triệu, Phường Thuận Hóa, Huế"
Voucher Buffet dành cho 1 nguời tại Spicy Box,Spicy Box,"L3-06, Tầng L3, TTTM Vincom, Tòa nhà Vincom Plaza Hậu Giang, Số 1 Đường 3 Tháng 2, Khu vực 3, Phường Vị Tân, Hậu Giang"
Voucher Buffet dành cho 1 nguời tại Spicy Box,Spicy Box,"1S7+8 Go! Vinh Số 2 Quang Trung, Phường Quang Trung, Vinh, Nghệ An"
Voucher Buffet dành cho 1 nguời tại Spicy Box,Spicy Box,"L3-05, TTTM Vincom Plaza Đồng Hới, đường Quách Xuân Kỳ, Phường Đồng Hới, Quảng Trị"
Voucher Buffet dành cho 1 nguời tại Spicy Box,Spicy Box,"L4-05 Vincom Plaza, 26 Lê Thánh Tôn, Phường Nghĩa Chánh, Quảng Ngãi"
Voucher Buffet dành cho 1 nguời tại Spicy Box,Spicy Box,"GF-05 Tầng trệt Siêu thị Co.op Mart Buôn Mê Thuột 71 Nguyễn Tất Thành, P. Tân An, Thành phố Buôn Ma Thuột, Đắk Lắk"
Voucher Buffet dành cho 1 nguời tại Spicy Box,Spicy Box,"1K10+14 Go! Mall Nha Trang Lô số 4, đường 19/5, Khu đô thị Vĩnh Điềm Trung, Xã Vĩnh Hiệp, Nha Trang, Khánh Hòa"
Voucher Buffet dành cho 1 nguời tại Spicy Box,Spicy Box,"2F 55A Tầng 2, TTTM Nha Trang Center số 20 Trần Phú, Lộc Thọ, Nha Trang, Khánh Hòa"
Voucher Buffet dành cho 1 nguời tại Spicy Box,Spicy Box,"1S17 Tầng 1, TTTM Go! Đà Lạt, Quảng trường Lâm Viên, góc đường Hồ Tùng Mậu và Trần Quốc Toản, Phường Xuân Hương, Đà Lạt, Lâm Đồng"
Voucher Buffet dành cho 1 nguời tại Spicy Box,Spicy Box,"1S23+24 TTTM Go! Đồng Nai số 833, đường Xa Lộ Hà Nội, Phường Long Hưng, Đồng Nai"
Voucher Buffet dành cho 1 nguời tại Spicy Box,Spicy Box,"1S11 TTTM GO! Dĩ An 1/1 Quốc lộ 1K, P. Đông Hoà, Thành phố Dĩ An, Bình Dương"
Voucher Buffet dành cho 1 nguời tại Spicy Box,Spicy Box,"L3-5-6 Vincom Plaza, 444 đường 30/4, Khu Phố 1, Tây Ninh"
Voucher Buffet dành cho 1 nguời tại Spicy Box,Spicy Box,"L3-03 Tầng L3 Vincom Plaza Tân An, Góc đường Hùng Vương và đường Mai Thị Tốt, Phường 2, Tân An, Long An"
Voucher Buffet dành cho 1 nguời tại Spicy Box,Spicy Box,"L1-02 Lầu 1, Số 1 Đường Ngô Thời Nhậm, Phường Cao Lãnh, Đồng Tháp"
Voucher Buffet dành cho 1 nguời tại Spicy Box,Spicy Box,"GF-12 Tầng trệt TTTM Coop.Mart Long Xuyên, số 12 Nguyễn Huệ, P. Mỹ Long, Long Xuyên, An Giang"
Voucher Buffet dành cho 1 nguời tại Spicy Box,Spicy Box,"GF-08+09 Tầng trệt Coop.Mart Châu Đốc, Tổ 21, Khóm Châu Quới 3, Phường Châu Phú B, Châu Đốc, An Giang"
Voucher Buffet dành cho 1 nguời tại Spicy Box,Spicy Box,"Lầu 3, TTTM Vincom Plaza Hậu Giang, 1 đường 3/2, Phường 5, Vị Thanh, Hậu Giang"
Voucher Buffet dành cho 1 nguời tại Spicy Box,Spicy Box,"L1-12 Sense City Cà Mau, 9 Trần Hưng Đạo, Phường 5, Cà Mau"
Voucher Cánh Gà Sốt Creamy Onion 10 miếng tại Chicken Plus,Chicken Plus,"Chân chung cư ICID Complex, Cổng số 1, Khu C, Geleximco Lê Trọng Tấn, Dương nội, Quận Hà Đông, Hà Nội"
Voucher Cánh Gà Sốt Creamy Onion 10 miếng tại Chicken Plus,Chicken Plus,"Xóm Đồng Mạc, Thôn Đa Phúc, Xã Sài Sơn, Huyện Quốc Oai, Hà Nội"
Voucher Cánh Gà Sốt Creamy Onion 10 miếng tại Chicken Plus,Chicken Plus,"212 Nguyễn Lương Bằng, Phường Quang Trung, Quận Đống Đa, Hà Nội"
Voucher Cánh Gà Sốt Creamy Onion 10 miếng tại Chicken Plus,Chicken Plus,"Số 114 Chùa Láng, P. Láng Thượng, Quận Đống Đa, Hà Nội"
Voucher Cánh Gà Sốt Creamy Onion 10 miếng tại Chicken Plus,Chicken Plus,"27 Bạch Mai, Quận Hai Bà Trưng, Hà Nội"
Voucher Cánh Gà Sốt Creamy Onion 10 miếng tại Chicken Plus,Chicken Plus,"419F tỉnh lộ 8, xã Phước Vĩnh An, Huyện Củ Chi, Hồ Chí Minh"
Voucher Cánh Gà Sốt Creamy Onion 10 miếng tại Chicken Plus,Chicken Plus,"334 đường 27/4, thị trấn Phước Bửu, Xuyên Mộc, Bà Rịa – Vũng Tàu"
Voucher Cánh Gà Sốt Creamy Onion 10 miếng tại Chicken Plus,Chicken Plus,"14 Đường 30, P. Bình Trưng Tây, Quận 2, Hồ Chí Minh"
Voucher Cánh Gà Sốt Creamy Onion 10 miếng tại Chicken Plus,Chicken Plus,"33 Trần Hưng Đạo, P. Tân Thành, Quận Tân Phú, Hồ Chí Minh"
Voucher Cánh Gà Sốt Creamy Onion 10 miếng tại Chicken Plus,Chicken Plus,"41/1 Tuyến 5 Bà Điểm, Ấp Tây Lân, Xã Bà Điểm, Huyện Hóc Môn, Hồ Chí Minh"
Voucher Cánh Gà Sốt Creamy Onion 10 miếng tại Chicken Plus,Chicken Plus,"261 Nguyễn Văn Khối, P. 8, Quận Gò Vấp, Hồ Chí Minh"
Voucher Cánh Gà Sốt Creamy Onion 10 miếng tại Chicken Plus,Chicken Plus,"431 Vườn Lài, P. Phú.Thọ, Quận Tân Phú, Hồ Chí Minh"
Voucher Cánh Gà Sốt Creamy Onion 10 miếng tại Chicken Plus,Chicken Plus,"226 Nguyễn Tri Phương, P. 4, Quận 10, Hồ Chí Minh"
Voucher Cánh Gà Sốt Creamy Onion 10 miếng tại Chicken Plus,Chicken Plus,"S6.05, Vinhomes Grand Park, Quận 9, Hồ Chí Minh"
Voucher Cánh Gà Sốt Creamy Onion 10 miếng tại Chicken Plus,Chicken Plus,"241 Tôn Đản, Phường 15, Quận 4, Hồ Chí Minh"
Voucher Cánh Gà Sốt Creamy Onion 10 miếng tại Chicken Plus,Chicken Plus,"356 đường 30/4, P.Chánh Nghĩa, Thủ Dầu Một, Bình Dương"
Voucher Cánh Gà Sốt Creamy Onion 10 miếng tại Chicken Plus,Chicken Plus,"39 Nguyễn Thị Thập, P. Tân Phú, Quận 7, Hồ Chí Minh"
Voucher Cánh Gà Sốt Creamy Onion 10 miếng tại Chicken Plus,Chicken Plus,"Ô 23 Lô L67, Đường NE8, Khu phố 3A, P. Thới Hoà, Bến Cát, Bình Dương"
Voucher Cánh Gà Sốt Creamy Onion 10 miếng tại Chicken Plus,Chicken Plus,"105 Quách Điêu, xã Vĩnh Lộc A, huyện Bình Chánh, Hồ Chí Minh"
Voucher Cánh Gà Sốt Creamy Onion 10 miếng tại Chicken Plus,Chicken Plus,"185 Nguyễn Thái Sơn, Phường 4, Quận Gò Vấp, Hồ Chí Minh"
Voucher Cánh Gà Sốt Creamy Onion 10 miếng tại Chicken Plus,Chicken Plus,"10 Lê Lợi, Phường 1, Vũng Tàu, Bà Rịa - Vũng Tàu"
Voucher Cánh Gà Sốt Creamy Onion 10 miếng tại Chicken Plus,Chicken Plus,"380 Lê Văn Lương, xã Phước Kiểng, Huyện Nhà Bè, Hồ Chí Minh"
Voucher Cánh Gà Sốt Creamy Onion 10 miếng tại Chicken Plus,Chicken Plus,"192 Bà Hom, P. 13, Quận 6, Hồ Chí Minh"
Voucher Cánh Gà Sốt Creamy Onion 10 miếng tại Chicken Plus,Chicken Plus,"số 374 Tỉnh lộ 15, xã Phú Hòa Đông, Huyện Củ Chi, Hồ Chí Minh"
Voucher Cánh Gà Sốt Creamy Onion 10 miếng tại Chicken Plus,Chicken Plus,"135 Bình Thới, P. 11, Quận 11, Hồ Chí Minh"
Voucher Cánh Gà Sốt Creamy Onion 10 miếng tại Chicken Plus,Chicken Plus,"43 Nguyễn Gia Trí, P. 25, Quận Bình Thạnh, Hồ Chí Minh"
Voucher Cánh Gà Sốt Creamy Onion 10 miếng tại Chicken Plus,Chicken Plus,"47 Đường số 17, P. Linh Chiểu, Thủ Đức, Hồ Chí Minh"
Voucher Cánh Gà Sốt Creamy Onion 10 miếng tại Chicken Plus,Chicken Plus,"9 Phạm Phú Thứ, P. 11, Quận Tân Bình, Hồ Chí Minh"
Voucher Cánh Gà Sốt Creamy Onion 10 miếng tại Chicken Plus,Chicken Plus,"270 Thích Quảng Đức, P. Phú Cường, Thủ Dầu Một, Bình Dương"
Voucher Cánh Gà Sốt Creamy Onion 10 miếng tại Chicken Plus,Chicken Plus,"850 Sư Vạn Hạnh, Quận 10, Hồ Chí Minh"
Voucher Cánh Gà Sốt Creamy Onion 10 miếng tại Chicken Plus,Chicken Plus,"627A Nguyễn Văn Quá, P. Đông Hưng Thuận, Quận 12, Hồ Chí Minh"
Voucher Cánh Gà Sốt Creamy Onion 10 miếng tại Chicken Plus,Chicken Plus,"1663 Huỳnh Tấn Phát, P. Phú Mỹ, Quận 7, Hồ Chí Minh"
Voucher Cánh Gà Sốt Creamy Onion 10 miếng tại Chicken Plus,Chicken Plus,"Số 7, đường số 1, Trung tâm hội nghị, khu phố 2, P. Mỹ Phước, Bến Cát, Bình Dương"
Voucher Cánh Gà Sốt Creamy Onion 10 miếng tại Chicken Plus,Chicken Plus,"30/24 Tô Ký, Xã Thới Tam Thôn, Huyện Hóc Môn, Hồ Chí Minh"
Voucher Cánh Gà Sốt Creamy Onion 10 miếng tại Chicken Plus,Chicken Plus,"40c Nguyễn Văn Đậu, P. 5, Quận Phú Nhuận, Hồ Chí Minh"
Voucher Cánh Gà Sốt Creamy Onion 10 miếng tại Chicken Plus,Chicken Plus,"89 Lê Đức Thọ, Phường 7, Quận Gò Vấp, Hồ Chí Minh"
Voucher Cánh Gà Sốt Creamy Onion 10 miếng tại Chicken Plus,Chicken Plus,"442 Đ. Tỉnh Lộ 15, xã Phú Hoà Đông, Hồ Chí Minh."
Voucher Cánh Gà Sốt Creamy Onion 10 miếng tại Chicken Plus,Chicken Plus,"291 Trần Đại Nghĩa, P. Hòa Hải, Quận Ngũ Hành Sơn, Đà Nẵng"
Voucher Cánh Gà Sốt Creamy Onion 10 miếng tại Chicken Plus,Chicken Plus,"77 Nguyễn Nhàn, P Hòa Thọ Đông, Quận Cẩm Lệ, Đà Nẵng"
Voucher Cánh Gà Sốt Creamy Onion 10 miếng tại Chicken Plus,Chicken Plus,"Số 4 Ngô Thì Nhậm, Phường Hòa Hương, Tam Kỳ, Quảng Nam"
Voucher Cánh Gà Sốt Creamy Onion 10 miếng tại Chicken Plus,Chicken Plus,"163 Nguyễn Văn Linh, P.Thạc Gián, Quận Thanh Khê, Đà Nẵng"
Voucher Cánh Gà Sốt Creamy Onion 10 miếng tại Chicken Plus,Chicken Plus,"70 Xô Viết Nghệ Tĩnh, P. Hoà Cường Nam, Quận Hải Châu, Đà Nẵng"
Voucher Cánh Gà Sốt Creamy Onion 10 miếng tại Chicken Plus,Chicken Plus,"423 Lê Lợi, P. Ngô Quyền, Thành phố Hải Phòng, Hải Phòng"
Voucher Cánh Gà Sốt Creamy Onion 10 miếng tại Chicken Plus,Chicken Plus,"212 Trưng Trắc, P. Trưng Trắc, Phúc Yên, Vĩnh Phúc"
Voucher Cánh Gà Sốt Creamy Onion 10 miếng tại Chicken Plus,Chicken Plus,"Quảng trường Xuân Hòa, Đường Nguyễn Văn Linh, Phường Xuân Hòa, Phúc Yên, Vĩnh Phúc"
Voucher Cánh Gà Sốt Creamy Onion 10 miếng tại Chicken Plus,Chicken Plus,"Khu đô thị mới phía Nam, xã Hiệp Hoà, Bắc Ninh"
Voucher Cánh Gà Sốt Creamy Onion 10 miếng tại Chicken Plus,Chicken Plus,"Đường Âu Cơ, Thị trấn Hồ, Thuận Thành, Bắc Ninh"
Voucher Cánh Gà Sốt Creamy Onion 10 miếng tại Chicken Plus,Chicken Plus,"Phố Cao Sơn, KĐT Minh Phương, P. Minh Phương, Việt Trì, Phú Thọ"
Voucher Cánh Gà Sốt Creamy Onion 10 miếng tại Chicken Plus,Chicken Plus,"32 Minh Khai, Phường Minh Khai, Hà Giang"
Voucher Cánh Gà Sốt Creamy Onion 10 miếng tại Chicken Plus,Chicken Plus,"D8 Tuyên Quang, P. Phú Thủy, Phan Thiết, Bình Thuận"
Voucher Cánh Gà Sốt Creamy Onion 10 miếng tại Chicken Plus,Chicken Plus,"Số 124 tổ 15 khu 5B Quang Trung, Uông Bí, Quảng Ninh"
Voucher Cánh Gà Sốt Creamy Onion 10 miếng tại Chicken Plus,Chicken Plus,"55 Võ Nguyên Giáp, P. Hồng Hải, Hạ Long, Quảng Ninh"
Voucher Cánh Gà Sốt Creamy Onion 10 miếng tại Chicken Plus,Chicken Plus,"PĐ2.KT-01 K-Town, Vinhomes Ocean Park 2, Văn Giang, Hưng Yên"
Voucher Cánh Gà Sốt Creamy Onion 10 miếng tại Chicken Plus,Chicken Plus,"Số nhà 5B, Phố Lưu Phương, Huyện Kim Sơn, Ninh Bình"
Voucher Cánh Gà Sốt Creamy Onion 10 miếng tại Chicken Plus,Chicken Plus,"TTTM Shophouse Vạn Xuân, Đường Lam Sơn, Thị trấn Thọ Xuân, Thanh Hoá"
Voucher Cánh Gà Sốt Creamy Onion 10 miếng tại Chicken Plus,Chicken Plus,"Số 19 Phan Đình Giót, Phường Nam Hà, Hà Tĩnh"
Voucher Cánh Gà Sốt Creamy Onion 10 miếng tại Chicken Plus,Chicken Plus,"Số 5 Lê Duẩn, P. 2, Thành phố Đông Hà, Quảng Trị"
Voucher Cánh Gà Sốt Creamy Onion 10 miếng tại Chicken Plus,Chicken Plus,"Quảng trường Đắk Mil, Huyện Đắk Mil, Đắk Nông"
Voucher Cánh Gà Sốt Creamy Onion 10 miếng tại Chicken Plus,Chicken Plus,"69 Hai Bà Trưng, P. 1, Thị Xã Quảng Trị, Quảng Trị"
Voucher Cánh Gà Sốt Creamy Onion 10 miếng tại Chicken Plus,Chicken Plus,"32 Nguyễn Tất Thành, xã Lệ Thuỷ, Quảng Trị"
Voucher Cánh Gà Sốt Creamy Onion 10 miếng tại Chicken Plus,Chicken Plus,"196a Phan Đình Phùng, Chánh Lộ, Quảng Ngãi"
Voucher Cánh Gà Sốt Creamy Onion 10 miếng tại Chicken Plus,Chicken Plus,"18 Võ Thị Sáu, P. Diên Hồng, Thành phố Pleiku, Gia Lai"
Voucher Cánh Gà Sốt Creamy Onion 10 miếng tại Chicken Plus,Chicken Plus,"139 Phan Bội Châu, Phường Trần Hưng Đạo, Quy Nhơn, Bình Định"
Voucher Cánh Gà Sốt Creamy Onion 10 miếng tại Chicken Plus,Chicken Plus,"31 Hai Bà Trưng, Thắng Lợi, Buôn Ma Thuột"
Voucher Cánh Gà Sốt Creamy Onion 10 miếng tại Chicken Plus,Chicken Plus,"179 Lê Duẩn, Phường Cam Ranh, Khánh Hòa"
Voucher Cánh Gà Sốt Creamy Onion 10 miếng tại Chicken Plus,Chicken Plus,"81 Sông Cạn Tổ dân phố 6, Phường Ninh Hiệp, Ninh Hòa, Khánh Hòa"
Voucher Cánh Gà Sốt Creamy Onion 10 miếng tại Chicken Plus,Chicken Plus,"Căn hộ 5F CT3 đường Tố Hữu, KĐT VCN Phước Hải, Nha Trang, Khánh Hòa"
Voucher Cánh Gà Sốt Creamy Onion 10 miếng tại Chicken Plus,Chicken Plus,"Căn 7F đường 19/5, CT2 KDT Vĩnh Điềm Trung, Xã Vĩnh Hiệp, Nha Trang, Khánh Hòa"
Voucher Cánh Gà Sốt Creamy Onion 10 miếng tại Chicken Plus,Chicken Plus,"52 Bà Triệu, P. 4, Thành phố Đà Lạt, Lâm Đồng"
Voucher Cánh Gà Sốt Creamy Onion 10 miếng tại Chicken Plus,Chicken Plus,"14 Nguyễn Công Trứ, Thành phố Bảo Lộc, Lâm Đồng"
Voucher Cánh Gà Sốt Creamy Onion 10 miếng tại Chicken Plus,Chicken Plus,"Số 8, Huỳnh Tấn Phát, Mũi Né, Phan Thiết, Bình Thuận"
Voucher Cánh Gà Sốt Creamy Onion 10 miếng tại Chicken Plus,Chicken Plus,"C04 Đường 30 Tháng 4, KP3, Trảng Bom, Đồng Nai"
Voucher Cánh Gà Sốt Creamy Onion 10 miếng tại Chicken Plus,Chicken Plus,"199 Thích Quảng Đức, P. Xuân An, Long Khánh, Đồng Nai"
Voucher Cánh Gà Sốt Creamy Onion 10 miếng tại Chicken Plus,Chicken Plus,"121 Lê Duẩn, P. Tân Phú, Thành phố Đồng Xoài, Bình Phước"
Voucher Cánh Gà Sốt Creamy Onion 10 miếng tại Chicken Plus,Chicken Plus,"Đường Trần Phú, Đức Hoà, Thị trấn Đức Phong, Huyện Bù Đăng, Bình Phước"
Voucher Cánh Gà Sốt Creamy Onion 10 miếng tại Chicken Plus,Chicken Plus,"230 Huỳnh Văn Lũy, P. Phú Lợi, Thủ Dầu Một, Bình Dương"
Voucher Cánh Gà Sốt Creamy Onion 10 miếng tại Chicken Plus,Chicken Plus,"Số 1 Cao Bá Quát, Khu phố Đông Tân, P. Dĩ An, Dĩ An, Bình Dương"
Voucher Cánh Gà Sốt Creamy Onion 10 miếng tại Chicken Plus,Chicken Plus,"772 Nguyễn Chí Thanh, Phường Hiệp An, Thủ Dầu Một, Bình Dương"
Voucher Cánh Gà Sốt Creamy Onion 10 miếng tại Chicken Plus,Chicken Plus,"KDC chợ mới Gò Đen, Xã Phước Lợi, Huyện Bến Lức, Long An"
Voucher Cánh Gà Sốt Creamy Onion 10 miếng tại Chicken Plus,Chicken Plus,"Đường Hùng Vương, Phường Phú Mỹ, Bà Rịa – Vũng Tàu"
Voucher Cánh Gà Sốt Creamy Onion 10 miếng tại Chicken Plus,Chicken Plus,"KP Bình Giang 1, P. Sơn Giang, Phước Long, Bình Phước"
Voucher Cánh Gà Sốt Creamy Onion 10 miếng tại Chicken Plus,Chicken Plus,"385E, ĐT 824, Khu phố 5, Thị trấn Đức Hoà, Huyện Đức Hoà, Long An"
Voucher Cánh Gà Sốt Creamy Onion 10 miếng tại Chicken Plus,Chicken Plus,"38 DT825 Thị trấn Hậu Nghĩa, Huyện Đức Hòa, Long An"
Voucher Cánh Gà Sốt Creamy Onion 10 miếng tại Chicken Plus,Chicken Plus,"Số nhà 751 Đường tỉnh lộ 10, ấp Bình Tiền 1 , xã Đức Hoà Hạ , Huyện Đức Hoà, Long An"
Voucher Cánh Gà Sốt Creamy Onion 10 miếng tại Chicken Plus,Chicken Plus,"Số 720 DT824 Ấp Mới 2, Mỹ Hạnh Nam, Huyện Đức Hòa, Long An"
Voucher Cánh Gà Sốt Creamy Onion 10 miếng tại Chicken Plus,Chicken Plus,"số 01 Lê Văn Vị, P. Cái Vồn, Thị xã Bình Minh, Vĩnh Long"
Voucher Cánh Gà Sốt Creamy Onion 10 miếng tại Chicken Plus,Chicken Plus,"365 Đường Gò Tháp, Khóm 1, Mỹ An, Tháp Mười, Đồng Tháp"
Voucher Cánh Gà Sốt Creamy Onion 10 miếng tại Chicken Plus,Chicken Plus,"152 Hùng Vương, P.2, Cao Lãnh, Đồng Tháp"
Voucher Cánh Gà Sốt Creamy Onion 10 miếng tại Chicken Plus,Chicken Plus,"39 Tôn Đức Thắng, P. Mỹ Bình, Long Xuyên, An Giang"
Voucher Cánh Gà Sốt Creamy Onion 10 miếng tại Chicken Plus,Chicken Plus,"187 Đường 30/4, Dương Đông, Phú Quốc, Kiên Giang"
Voucher Gà không xương sốt Creamy Onion lớn tại Chicken Plus,Chicken Plus,"212 Nguyễn Lương Bằng, Phường Quang Trung, Quận Đống Đa, Hà Nội"
Voucher Gà không xương sốt Creamy Onion lớn tại Chicken Plus,Chicken Plus,"Chân chung cư ICID Complex, Cổng số 1, Khu C, Geleximco Lê Trọng Tấn, Dương nội, Quận Hà Đông, Hà Nội"
Voucher Gà không xương sốt Creamy Onion lớn tại Chicken Plus,Chicken Plus,"Số 114 Chùa Láng, P. Láng Thượng, Quận Đống Đa, Hà Nội"
Voucher Gà không xương sốt Creamy Onion lớn tại Chicken Plus,Chicken Plus,"Xóm Đồng Mạc, Thôn Đa Phúc, Xã Sài Sơn, Huyện Quốc Oai, Hà Nội"
Voucher Gà không xương sốt Creamy Onion lớn tại Chicken Plus,Chicken Plus,"27 Bạch Mai, Quận Hai Bà Trưng, Hà Nội"
Voucher Gà không xương sốt Creamy Onion lớn tại Chicken Plus,Chicken Plus,"419F tỉnh lộ 8, xã Phước Vĩnh An, Huyện Củ Chi, Hồ Chí Minh"
Voucher Gà không xương sốt Creamy Onion lớn tại Chicken Plus,Chicken Plus,"41/1 Tuyến 5 Bà Điểm, Ấp Tây Lân, Xã Bà Điểm, Huyện Hóc Môn, Hồ Chí Minh"
Voucher Gà không xương sốt Creamy Onion lớn tại Chicken Plus,Chicken Plus,"261 Nguyễn Văn Khối, P. 8, Quận Gò Vấp, Hồ Chí Minh"
Voucher Gà không xương sốt Creamy Onion lớn tại Chicken Plus,Chicken Plus,"431 Vườn Lài, P. Phú.Thọ, Quận Tân Phú, Hồ Chí Minh"
Voucher Gà không xương sốt Creamy Onion lớn tại Chicken Plus,Chicken Plus,"226 Nguyễn Tri Phương, P. 4, Quận 10, Hồ Chí Minh"
Voucher Gà không xương sốt Creamy Onion lớn tại Chicken Plus,Chicken Plus,"334 đường 27/4, thị trấn Phước Bửu, Xuyên Mộc, Bà Rịa – Vũng Tàu"
Voucher Gà không xương sốt Creamy Onion lớn tại Chicken Plus,Chicken Plus,"14 Đường 30, P. Bình Trưng Tây, Quận 2, Hồ Chí Minh"
Voucher Gà không xương sốt Creamy Onion lớn tại Chicken Plus,Chicken Plus,"33 Trần Hưng Đạo, P. Tân Thành, Quận Tân Phú, Hồ Chí Minh"
Voucher Gà không xương sốt Creamy Onion lớn tại Chicken Plus,Chicken Plus,"356 đường 30/4, P.Chánh Nghĩa, Thủ Dầu Một, Bình Dương"
Voucher Gà không xương sốt Creamy Onion lớn tại Chicken Plus,Chicken Plus,"39 Nguyễn Thị Thập, P. Tân Phú, Quận 7, Hồ Chí Minh"
Voucher Gà không xương sốt Creamy Onion lớn tại Chicken Plus,Chicken Plus,"S6.05, Vinhomes Grand Park, Quận 9, Hồ Chí Minh"
Voucher Gà không xương sốt Creamy Onion lớn tại Chicken Plus,Chicken Plus,"192 Bà Hom, P. 13, Quận 6, Hồ Chí Minh"
Voucher Gà không xương sốt Creamy Onion lớn tại Chicken Plus,Chicken Plus,"185 Nguyễn Thái Sơn, Phường 4, Quận Gò Vấp, Hồ Chí Minh"
Voucher Gà không xương sốt Creamy Onion lớn tại Chicken Plus,Chicken Plus,"10 Lê Lợi, Phường 1, Vũng Tàu, Bà Rịa - Vũng Tàu"
Voucher Gà không xương sốt Creamy Onion lớn tại Chicken Plus,Chicken Plus,"số 374 Tỉnh lộ 15, xã Phú Hòa Đông, Huyện Củ Chi, Hồ Chí Minh"
Voucher Gà không xương sốt Creamy Onion lớn tại Chicken Plus,Chicken Plus,"241 Tôn Đản, Phường 15, Quận 4, Hồ Chí Minh"
Voucher Gà không xương sốt Creamy Onion lớn tại Chicken Plus,Chicken Plus,"380 Lê Văn Lương, xã Phước Kiểng, Huyện Nhà Bè, Hồ Chí Minh"
Voucher Gà không xương sốt Creamy Onion lớn tại Chicken Plus,Chicken Plus,"135 Bình Thới, P. 11, Quận 11, Hồ Chí Minh"
Voucher Gà không xương sốt Creamy Onion lớn tại Chicken Plus,Chicken Plus,"43 Nguyễn Gia Trí, P. 25, Quận Bình Thạnh, Hồ Chí Minh"
Voucher Gà không xương sốt Creamy Onion lớn tại Chicken Plus,Chicken Plus,"47 Đường số 17, P. Linh Chiểu, Thủ Đức, Hồ Chí Minh"
Voucher Gà không xương sốt Creamy Onion lớn tại Chicken Plus,Chicken Plus,"442 Đ. Tỉnh Lộ 15, xã Phú Hoà Đông, Hồ Chí Minh."
Voucher Gà không xương sốt Creamy Onion lớn tại Chicken Plus,Chicken Plus,"Số 7, đường số 1, Trung tâm hội nghị, khu phố 2, P. Mỹ Phước, Bến Cát, Bình Dương"
Voucher Gà không xương sốt Creamy Onion lớn tại Chicken Plus,Chicken Plus,"30/24 Tô Ký, Xã Thới Tam Thôn, Huyện Hóc Môn, Hồ Chí Minh"
Voucher Gà không xương sốt Creamy Onion lớn tại Chicken Plus,Chicken Plus,"40c Nguyễn Văn Đậu, P. 5, Quận Phú Nhuận, Hồ Chí Minh"
Voucher Gà không xương sốt Creamy Onion lớn tại Chicken Plus,Chicken Plus,"89 Lê Đức Thọ, Phường 7, Quận Gò Vấp, Hồ Chí Minh"
Voucher Gà không xương sốt Creamy Onion lớn tại Chicken Plus,Chicken Plus,"Ô 23 Lô L67, Đường NE8, Khu phố 3A, P. Thới Hoà, Bến Cát, Bình Dương"
Voucher Gà không xương sốt Creamy Onion lớn tại Chicken Plus,Chicken Plus,"105 Quách Điêu, xã Vĩnh Lộc A, huyện Bình Chánh, Hồ Chí Minh"
Voucher Gà không xương sốt Creamy Onion lớn tại Chicken Plus,Chicken Plus,"850 Sư Vạn Hạnh, Quận 10, Hồ Chí Minh"
Voucher Gà không xương sốt Creamy Onion lớn tại Chicken Plus,Chicken Plus,"627A Nguyễn Văn Quá, P. Đông Hưng Thuận, Quận 12, Hồ Chí Minh"
Voucher Gà không xương sốt Creamy Onion lớn tại Chicken Plus,Chicken Plus,"1663 Huỳnh Tấn Phát, P. Phú Mỹ, Quận 7, Hồ Chí Minh"
Voucher Gà không xương sốt Creamy Onion lớn tại Chicken Plus,Chicken Plus,"270 Thích Quảng Đức, P. Phú Cường, Thủ Dầu Một, Bình Dương"
Voucher Gà không xương sốt Creamy Onion lớn tại Chicken Plus,Chicken Plus,"9 Phạm Phú Thứ, P. 11, Quận Tân Bình, Hồ Chí Minh"
Voucher Gà không xương sốt Creamy Onion lớn tại Chicken Plus,Chicken Plus,"77 Nguyễn Nhàn, P Hòa Thọ Đông, Quận Cẩm Lệ, Đà Nẵng"
Voucher Gà không xương sốt Creamy Onion lớn tại Chicken Plus,Chicken Plus,"291 Trần Đại Nghĩa, P. Hòa Hải, Quận Ngũ Hành Sơn, Đà Nẵng"
Voucher Gà không xương sốt Creamy Onion lớn tại Chicken Plus,Chicken Plus,"163 Nguyễn Văn Linh, P.Thạc Gián, Quận Thanh Khê, Đà Nẵng"
Voucher Gà không xương sốt Creamy Onion lớn tại Chicken Plus,Chicken Plus,"70 Xô Viết Nghệ Tĩnh, P. Hoà Cường Nam, Quận Hải Châu, Đà Nẵng"
Voucher Gà không xương sốt Creamy Onion lớn tại Chicken Plus,Chicken Plus,"Số 4 Ngô Thì Nhậm, Phường Hòa Hương, Tam Kỳ, Quảng Nam"
Voucher Gà không xương sốt Creamy Onion lớn tại Chicken Plus,Chicken Plus,"423 Lê Lợi, P. Ngô Quyền, Thành phố Hải Phòng, Hải Phòng"
Voucher Gà không xương sốt Creamy Onion lớn tại Chicken Plus,Chicken Plus,"212 Trưng Trắc, P. Trưng Trắc, Phúc Yên, Vĩnh Phúc"
Voucher Gà không xương sốt Creamy Onion lớn tại Chicken Plus,Chicken Plus,"Quảng trường Xuân Hòa, Đường Nguyễn Văn Linh, Phường Xuân Hòa, Phúc Yên, Vĩnh Phúc"
Voucher Gà không xương sốt Creamy Onion lớn tại Chicken Plus,Chicken Plus,"Khu đô thị mới phía Nam, xã Hiệp Hoà, Bắc Ninh"
Voucher Gà không xương sốt Creamy Onion lớn tại Chicken Plus,Chicken Plus,"Đường Âu Cơ, Thị trấn Hồ, Thuận Thành, Bắc Ninh"
Voucher Gà không xương sốt Creamy Onion lớn tại Chicken Plus,Chicken Plus,"Phố Cao Sơn, KĐT Minh Phương, P. Minh Phương, Việt Trì, Phú Thọ"
Voucher Gà không xương sốt Creamy Onion lớn tại Chicken Plus,Chicken Plus,"32 Minh Khai, Phường Minh Khai, Hà Giang"
Voucher Gà không xương sốt Creamy Onion lớn tại Chicken Plus,Chicken Plus,"D8 Tuyên Quang, P. Phú Thủy, Phan Thiết, Bình Thuận"
Voucher Gà không xương sốt Creamy Onion lớn tại Chicken Plus,Chicken Plus,"Số 124 tổ 15 khu 5B Quang Trung, Uông Bí, Quảng Ninh"
Voucher Gà không xương sốt Creamy Onion lớn tại Chicken Plus,Chicken Plus,"55 Võ Nguyên Giáp, P. Hồng Hải, Hạ Long, Quảng Ninh"
Voucher Gà không xương sốt Creamy Onion lớn tại Chicken Plus,Chicken Plus,"PĐ2.KT-01 K-Town, Vinhomes Ocean Park 2, Văn Giang, Hưng Yên"
Voucher Gà không xương sốt Creamy Onion lớn tại Chicken Plus,Chicken Plus,"Số nhà 5B, Phố Lưu Phương, Huyện Kim Sơn, Ninh Bình"
Voucher Gà không xương sốt Creamy Onion lớn tại Chicken Plus,Chicken Plus,"TTTM Shophouse Vạn Xuân, Đường Lam Sơn, Thị trấn Thọ Xuân, Thanh Hoá"
Voucher Gà không xương sốt Creamy Onion lớn tại Chicken Plus,Chicken Plus,"Số 19 Phan Đình Giót, Phường Nam Hà, Hà Tĩnh"
Voucher Gà không xương sốt Creamy Onion lớn tại Chicken Plus,Chicken Plus,"32 Nguyễn Tất Thành, xã Lệ Thuỷ, Quảng Trị"
Voucher Gà không xương sốt Creamy Onion lớn tại Chicken Plus,Chicken Plus,"Số 5 Lê Duẩn, P. 2, Thành phố Đông Hà, Quảng Trị"
Voucher Gà không xương sốt Creamy Onion lớn tại Chicken Plus,Chicken Plus,"Quảng trường Đắk Mil, Huyện Đắk Mil, Đắk Nông"
Voucher Gà không xương sốt Creamy Onion lớn tại Chicken Plus,Chicken Plus,"69 Hai Bà Trưng, P. 1, Thị Xã Quảng Trị, Quảng Trị"
Voucher Gà không xương sốt Creamy Onion lớn tại Chicken Plus,Chicken Plus,"196a Phan Đình Phùng, Chánh Lộ, Quảng Ngãi"
Voucher Gà không xương sốt Creamy Onion lớn tại Chicken Plus,Chicken Plus,"18 Võ Thị Sáu, P. Diên Hồng, Thành phố Pleiku, Gia Lai"
Voucher Gà không xương sốt Creamy Onion lớn tại Chicken Plus,Chicken Plus,"139 Phan Bội Châu, Phường Trần Hưng Đạo, Quy Nhơn, Bình Định"
Voucher Gà không xương sốt Creamy Onion lớn tại Chicken Plus,Chicken Plus,"31 Hai Bà Trưng, Thắng Lợi, Buôn Ma Thuột"
Voucher Gà không xương sốt Creamy Onion lớn tại Chicken Plus,Chicken Plus,"81 Sông Cạn Tổ dân phố 6, Phường Ninh Hiệp, Ninh Hòa, Khánh Hòa"
Voucher Gà không xương sốt Creamy Onion lớn tại Chicken Plus,Chicken Plus,"Căn 7F đường 19/5, CT2 KDT Vĩnh Điềm Trung, Xã Vĩnh Hiệp, Nha Trang, Khánh Hòa"
Voucher Gà không xương sốt Creamy Onion lớn tại Chicken Plus,Chicken Plus,"179 Lê Duẩn, Phường Cam Ranh, Khánh Hòa"
Voucher Gà không xương sốt Creamy Onion lớn tại Chicken Plus,Chicken Plus,"Căn hộ 5F CT3 đường Tố Hữu, KĐT VCN Phước Hải, Nha Trang, Khánh Hòa"
Voucher Gà không xương sốt Creamy Onion lớn tại Chicken Plus,Chicken Plus,"14 Nguyễn Công Trứ, Thành phố Bảo Lộc, Lâm Đồng"
Voucher Gà không xương sốt Creamy Onion lớn tại Chicken Plus,Chicken Plus,"52 Bà Triệu, P. 4, Thành phố Đà Lạt, Lâm Đồng"
Voucher Gà không xương sốt Creamy Onion lớn tại Chicken Plus,Chicken Plus,"Số 8, Huỳnh Tấn Phát, Mũi Né, Phan Thiết, Bình Thuận"
Voucher Gà không xương sốt Creamy Onion lớn tại Chicken Plus,Chicken Plus,"121 Lê Duẩn, P. Tân Phú, Thành phố Đồng Xoài, Bình Phước"
Voucher Gà không xương sốt Creamy Onion lớn tại Chicken Plus,Chicken Plus,"Đường Trần Phú, Đức Hoà, Thị trấn Đức Phong, Huyện Bù Đăng, Bình Phước"
Voucher Gà không xương sốt Creamy Onion lớn tại Chicken Plus,Chicken Plus,"199 Thích Quảng Đức, P. Xuân An, Long Khánh, Đồng Nai"
Voucher Gà không xương sốt Creamy Onion lớn tại Chicken Plus,Chicken Plus,"C04 Đường 30 Tháng 4, KP3, Trảng Bom, Đồng Nai"
Voucher Gà không xương sốt Creamy Onion lớn tại Chicken Plus,Chicken Plus,"Số 1 Cao Bá Quát, Khu phố Đông Tân, P. Dĩ An, Dĩ An, Bình Dương"
Voucher Gà không xương sốt Creamy Onion lớn tại Chicken Plus,Chicken Plus,"230 Huỳnh Văn Lũy, P. Phú Lợi, Thủ Dầu Một, Bình Dương"
Voucher Gà không xương sốt Creamy Onion lớn tại Chicken Plus,Chicken Plus,"772 Nguyễn Chí Thanh, Phường Hiệp An, Thủ Dầu Một, Bình Dương"
Voucher Gà không xương sốt Creamy Onion lớn tại Chicken Plus,Chicken Plus,"KDC chợ mới Gò Đen, Xã Phước Lợi, Huyện Bến Lức, Long An"
Voucher Gà không xương sốt Creamy Onion lớn tại Chicken Plus,Chicken Plus,"Đường Hùng Vương, Phường Phú Mỹ, Bà Rịa – Vũng Tàu"
Voucher Gà không xương sốt Creamy Onion lớn tại Chicken Plus,Chicken Plus,"KP Bình Giang 1, P. Sơn Giang, Phước Long, Bình Phước"
Voucher Gà không xương sốt Creamy Onion lớn tại Chicken Plus,Chicken Plus,"Số nhà 751 Đường tỉnh lộ 10, ấp Bình Tiền 1 , xã Đức Hoà Hạ , Huyện Đức Hoà, Long An"
Voucher Gà không xương sốt Creamy Onion lớn tại Chicken Plus,Chicken Plus,"Số 720 DT824 Ấp Mới 2, Mỹ Hạnh Nam, Huyện Đức Hòa, Long An"
Voucher Gà không xương sốt Creamy Onion lớn tại Chicken Plus,Chicken Plus,"38 DT825 Thị trấn Hậu Nghĩa, Huyện Đức Hòa, Long An"
Voucher Gà không xương sốt Creamy Onion lớn tại Chicken Plus,Chicken Plus,"385E, ĐT 824, Khu phố 5, Thị trấn Đức Hoà, Huyện Đức Hoà, Long An"
Voucher Gà không xương sốt Creamy Onion lớn tại Chicken Plus,Chicken Plus,"số 01 Lê Văn Vị, P. Cái Vồn, Thị xã Bình Minh, Vĩnh Long"
Voucher Gà không xương sốt Creamy Onion lớn tại Chicken Plus,Chicken Plus,"152 Hùng Vương, P.2, Cao Lãnh, Đồng Tháp"
Voucher Gà không xương sốt Creamy Onion lớn tại Chicken Plus,Chicken Plus,"365 Đường Gò Tháp, Khóm 1, Mỹ An, Tháp Mười, Đồng Tháp"
Voucher Gà không xương sốt Creamy Onion lớn tại Chicken Plus,Chicken Plus,"187 Đường 30/4, Dương Đông, Phú Quốc, Kiên Giang"
Voucher Gà không xương sốt Creamy Onion lớn tại Chicken Plus,Chicken Plus,"39 Tôn Đức Thắng, P. Mỹ Bình, Long Xuyên, An Giang"
Voucher Đùi gà chiên truyền thống tại Chicken Plus,Chicken Plus,"Chân chung cư ICID Complex, Cổng số 1, Khu C, Geleximco Lê Trọng Tấn, Dương nội, Quận Hà Đông, Hà Nội"
Voucher Đùi gà chiên truyền thống tại Chicken Plus,Chicken Plus,"Xóm Đồng Mạc, Thôn Đa Phúc, Xã Sài Sơn, Huyện Quốc Oai, Hà Nội"
Voucher Đùi gà chiên truyền thống tại Chicken Plus,Chicken Plus,"212 Nguyễn Lương Bằng, Phường Quang Trung, Quận Đống Đa, Hà Nội"
Voucher Đùi gà chiên truyền thống tại Chicken Plus,Chicken Plus,"Số 114 Chùa Láng, P. Láng Thượng, Quận Đống Đa, Hà Nội"
Voucher Đùi gà chiên truyền thống tại Chicken Plus,Chicken Plus,"27 Bạch Mai, Quận Hai Bà Trưng, Hà Nội"
Voucher Đùi gà chiên truyền thống tại Chicken Plus,Chicken Plus,"419F tỉnh lộ 8, xã Phước Vĩnh An, Huyện Củ Chi, Hồ Chí Minh"
Voucher Đùi gà chiên truyền thống tại Chicken Plus,Chicken Plus,"334 đường 27/4, thị trấn Phước Bửu, Xuyên Mộc, Bà Rịa – Vũng Tàu"
Voucher Đùi gà chiên truyền thống tại Chicken Plus,Chicken Plus,"14 Đường 30, P. Bình Trưng Tây, Quận 2, Hồ Chí Minh"
Voucher Đùi gà chiên truyền thống tại Chicken Plus,Chicken Plus,"33 Trần Hưng Đạo, P. Tân Thành, Quận Tân Phú, Hồ Chí Minh"
Voucher Đùi gà chiên truyền thống tại Chicken Plus,Chicken Plus,"41/1 Tuyến 5 Bà Điểm, Ấp Tây Lân, Xã Bà Điểm, Huyện Hóc Môn, Hồ Chí Minh"
Voucher Đùi gà chiên truyền thống tại Chicken Plus,Chicken Plus,"261 Nguyễn Văn Khối, P. 8, Quận Gò Vấp, Hồ Chí Minh"
Voucher Đùi gà chiên truyền thống tại Chicken Plus,Chicken Plus,"431 Vườn Lài, P. Phú.Thọ, Quận Tân Phú, Hồ Chí Minh"
Voucher Đùi gà chiên truyền thống tại Chicken Plus,Chicken Plus,"226 Nguyễn Tri Phương, P. 4, Quận 10, Hồ Chí Minh"
Voucher Đùi gà chiên truyền thống tại Chicken Plus,Chicken Plus,"S6.05, Vinhomes Grand Park, Quận 9, Hồ Chí Minh"
Voucher Đùi gà chiên truyền thống tại Chicken Plus,Chicken Plus,"241 Tôn Đản, Phường 15, Quận 4, Hồ Chí Minh"
Voucher Đùi gà chiên truyền thống tại Chicken Plus,Chicken Plus,"356 đường 30/4, P.Chánh Nghĩa, Thủ Dầu Một, Bình Dương"
Voucher Đùi gà chiên truyền thống tại Chicken Plus,Chicken Plus,"39 Nguyễn Thị Thập, P. Tân Phú, Quận 7, Hồ Chí Minh"
Voucher Đùi gà chiên truyền thống tại Chicken Plus,Chicken Plus,"Ô 23 Lô L67, Đường NE8, Khu phố 3A, P. Thới Hoà, Bến Cát, Bình Dương"
Voucher Đùi gà chiên truyền thống tại Chicken Plus,Chicken Plus,"105 Quách Điêu, xã Vĩnh Lộc A, huyện Bình Chánh, Hồ Chí Minh"
Voucher Đùi gà chiên truyền thống tại Chicken Plus,Chicken Plus,"185 Nguyễn Thái Sơn, Phường 4, Quận Gò Vấp, Hồ Chí Minh"
Voucher Đùi gà chiên truyền thống tại Chicken Plus,Chicken Plus,"10 Lê Lợi, Phường 1, Vũng Tàu, Bà Rịa - Vũng Tàu"
Voucher Đùi gà chiên truyền thống tại Chicken Plus,Chicken Plus,"380 Lê Văn Lương, xã Phước Kiểng, Huyện Nhà Bè, Hồ Chí Minh"
Voucher Đùi gà chiên truyền thống tại Chicken Plus,Chicken Plus,"192 Bà Hom, P. 13, Quận 6, Hồ Chí Minh"
Voucher Đùi gà chiên truyền thống tại Chicken Plus,Chicken Plus,"số 374 Tỉnh lộ 15, xã Phú Hòa Đông, Huyện Củ Chi, Hồ Chí Minh"
Voucher Đùi gà chiên truyền thống tại Chicken Plus,Chicken Plus,"135 Bình Thới, P. 11, Quận 11, Hồ Chí Minh"
Voucher Đùi gà chiên truyền thống tại Chicken Plus,Chicken Plus,"43 Nguyễn Gia Trí, P. 25, Quận Bình Thạnh, Hồ Chí Minh"
Voucher Đùi gà chiên truyền thống tại Chicken Plus,Chicken Plus,"47 Đường số 17, P. Linh Chiểu, Thủ Đức, Hồ Chí Minh"
Voucher Đùi gà chiên truyền thống tại Chicken Plus,Chicken Plus,"9 Phạm Phú Thứ, P. 11, Quận Tân Bình, Hồ Chí Minh"
Voucher Đùi gà chiên truyền thống tại Chicken Plus,Chicken Plus,"270 Thích Quảng Đức, P. Phú Cường, Thủ Dầu Một, Bình Dương"
Voucher Đùi gà chiên truyền thống tại Chicken Plus,Chicken Plus,"850 Sư Vạn Hạnh, Quận 10, Hồ Chí Minh"
Voucher Đùi gà chiên truyền thống tại Chicken Plus,Chicken Plus,"627A Nguyễn Văn Quá, P. Đông Hưng Thuận, Quận 12, Hồ Chí Minh"
Voucher Đùi gà chiên truyền thống tại Chicken Plus,Chicken Plus,"1663 Huỳnh Tấn Phát, P. Phú Mỹ, Quận 7, Hồ Chí Minh"
Voucher Đùi gà chiên truyền thống tại Chicken Plus,Chicken Plus,"Số 7, đường số 1, Trung tâm hội nghị, khu phố 2, P. Mỹ Phước, Bến Cát, Bình Dương"
Voucher Đùi gà chiên truyền thống tại Chicken Plus,Chicken Plus,"30/24 Tô Ký, Xã Thới Tam Thôn, Huyện Hóc Môn, Hồ Chí Minh"
Voucher Đùi gà chiên truyền thống tại Chicken Plus,Chicken Plus,"40c Nguyễn Văn Đậu, P. 5, Quận Phú Nhuận, Hồ Chí Minh"
Voucher Đùi gà chiên truyền thống tại Chicken Plus,Chicken Plus,"89 Lê Đức Thọ, Phường 7, Quận Gò Vấp, Hồ Chí Minh"
Voucher Đùi gà chiên truyền thống tại Chicken Plus,Chicken Plus,"442 Đ. Tỉnh Lộ 15, xã Phú Hoà Đông, Hồ Chí Minh."
Voucher Đùi gà chiên truyền thống tại Chicken Plus,Chicken Plus,"291 Trần Đại Nghĩa, P. Hòa Hải, Quận Ngũ Hành Sơn, Đà Nẵng"
Voucher Đùi gà chiên truyền thống tại Chicken Plus,Chicken Plus,"77 Nguyễn Nhàn, P Hòa Thọ Đông, Quận Cẩm Lệ, Đà Nẵng"
Voucher Đùi gà chiên truyền thống tại Chicken Plus,Chicken Plus,"Số 4 Ngô Thì Nhậm, Phường Hòa Hương, Tam Kỳ, Quảng Nam"
Voucher Đùi gà chiên truyền thống tại Chicken Plus,Chicken Plus,"163 Nguyễn Văn Linh, P.Thạc Gián, Quận Thanh Khê, Đà Nẵng"
Voucher Đùi gà chiên truyền thống tại Chicken Plus,Chicken Plus,"70 Xô Viết Nghệ Tĩnh, P. Hoà Cường Nam, Quận Hải Châu, Đà Nẵng"
Voucher Đùi gà chiên truyền thống tại Chicken Plus,Chicken Plus,"423 Lê Lợi, P. Ngô Quyền, Thành phố Hải Phòng, Hải Phòng"
Voucher Đùi gà chiên truyền thống tại Chicken Plus,Chicken Plus,"212 Trưng Trắc, P. Trưng Trắc, Phúc Yên, Vĩnh Phúc"
Voucher Đùi gà chiên truyền thống tại Chicken Plus,Chicken Plus,"Quảng trường Xuân Hòa, Đường Nguyễn Văn Linh, Phường Xuân Hòa, Phúc Yên, Vĩnh Phúc"
Voucher Đùi gà chiên truyền thống tại Chicken Plus,Chicken Plus,"Khu đô thị mới phía Nam, xã Hiệp Hoà, Bắc Ninh"
Voucher Đùi gà chiên truyền thống tại Chicken Plus,Chicken Plus,"Đường Âu Cơ, Thị trấn Hồ, Thuận Thành, Bắc Ninh"
Voucher Đùi gà chiên truyền thống tại Chicken Plus,Chicken Plus,"Phố Cao Sơn, KĐT Minh Phương, P. Minh Phương, Việt Trì, Phú Thọ"
Voucher Đùi gà chiên truyền thống tại Chicken Plus,Chicken Plus,"32 Minh Khai, Phường Minh Khai, Hà Giang"
Voucher Đùi gà chiên truyền thống tại Chicken Plus,Chicken Plus,"D8 Tuyên Quang, P. Phú Thủy, Phan Thiết, Bình Thuận"
Voucher Đùi gà chiên truyền thống tại Chicken Plus,Chicken Plus,"Số 124 tổ 15 khu 5B Quang Trung, Uông Bí, Quảng Ninh"
Voucher Đùi gà chiên truyền thống tại Chicken Plus,Chicken Plus,"55 Võ Nguyên Giáp, P. Hồng Hải, Hạ Long, Quảng Ninh"
Voucher Đùi gà chiên truyền thống tại Chicken Plus,Chicken Plus,"PĐ2.KT-01 K-Town, Vinhomes Ocean Park 2, Văn Giang, Hưng Yên"
Voucher Đùi gà chiên truyền thống tại Chicken Plus,Chicken Plus,"Số nhà 5B, Phố Lưu Phương, Huyện Kim Sơn, Ninh Bình"
Voucher Đùi gà chiên truyền thống tại Chicken Plus,Chicken Plus,"TTTM Shophouse Vạn Xuân, Đường Lam Sơn, Thị trấn Thọ Xuân, Thanh Hoá"
Voucher Đùi gà chiên truyền thống tại Chicken Plus,Chicken Plus,"Số 19 Phan Đình Giót, Phường Nam Hà, Hà Tĩnh"
Voucher Đùi gà chiên truyền thống tại Chicken Plus,Chicken Plus,"Số 5 Lê Duẩn, P. 2, Thành phố Đông Hà, Quảng Trị"
Voucher Đùi gà chiên truyền thống tại Chicken Plus,Chicken Plus,"Quảng trường Đắk Mil, Huyện Đắk Mil, Đắk Nông"
Voucher Đùi gà chiên truyền thống tại Chicken Plus,Chicken Plus,"69 Hai Bà Trưng, P. 1, Thị Xã Quảng Trị, Quảng Trị"
Voucher Đùi gà chiên truyền thống tại Chicken Plus,Chicken Plus,"32 Nguyễn Tất Thành, xã Lệ Thuỷ, Quảng Trị"
Voucher Đùi gà chiên truyền thống tại Chicken Plus,Chicken Plus,"196a Phan Đình Phùng, Chánh Lộ, Quảng Ngãi"
Voucher Đùi gà chiên truyền thống tại Chicken Plus,Chicken Plus,"18 Võ Thị Sáu, P. Diên Hồng, Thành phố Pleiku, Gia Lai"
Voucher Đùi gà chiên truyền thống tại Chicken Plus,Chicken Plus,"139 Phan Bội Châu, Phường Trần Hưng Đạo, Quy Nhơn, Bình Định"
Voucher Đùi gà chiên truyền thống tại Chicken Plus,Chicken Plus,"31 Hai Bà Trưng, Thắng Lợi, Buôn Ma Thuột"
Voucher Đùi gà chiên truyền thống tại Chicken Plus,Chicken Plus,"179 Lê Duẩn, Phường Cam Ranh, Khánh Hòa"
Voucher Đùi gà chiên truyền thống tại Chicken Plus,Chicken Plus,"81 Sông Cạn Tổ dân phố 6, Phường Ninh Hiệp, Ninh Hòa, Khánh Hòa"
Voucher Đùi gà chiên truyền thống tại Chicken Plus,Chicken Plus,"Căn hộ 5F CT3 đường Tố Hữu, KĐT VCN Phước Hải, Nha Trang, Khánh Hòa"
Voucher Đùi gà chiên truyền thống tại Chicken Plus,Chicken Plus,"Căn 7F đường 19/5, CT2 KDT Vĩnh Điềm Trung, Xã Vĩnh Hiệp, Nha Trang, Khánh Hòa"
Voucher Đùi gà chiên truyền thống tại Chicken Plus,Chicken Plus,"52 Bà Triệu, P. 4, Thành phố Đà Lạt, Lâm Đồng"
Voucher Đùi gà chiên truyền thống tại Chicken Plus,Chicken Plus,"14 Nguyễn Công Trứ, Thành phố Bảo Lộc, Lâm Đồng"
Voucher Đùi gà chiên truyền thống tại Chicken Plus,Chicken Plus,"Số 8, Huỳnh Tấn Phát, Mũi Né, Phan Thiết, Bình Thuận"
Voucher Đùi gà chiên truyền thống tại Chicken Plus,Chicken Plus,"C04 Đường 30 Tháng 4, KP3, Trảng Bom, Đồng Nai"
Voucher Đùi gà chiên truyền thống tại Chicken Plus,Chicken Plus,"199 Thích Quảng Đức, P. Xuân An, Long Khánh, Đồng Nai"
Voucher Đùi gà chiên truyền thống tại Chicken Plus,Chicken Plus,"121 Lê Duẩn, P. Tân Phú, Thành phố Đồng Xoài, Bình Phước"
Voucher Đùi gà chiên truyền thống tại Chicken Plus,Chicken Plus,"Đường Trần Phú, Đức Hoà, Thị trấn Đức Phong, Huyện Bù Đăng, Bình Phước"
Voucher Đùi gà chiên truyền thống tại Chicken Plus,Chicken Plus,"230 Huỳnh Văn Lũy, P. Phú Lợi, Thủ Dầu Một, Bình Dương"
Voucher Đùi gà chiên truyền thống tại Chicken Plus,Chicken Plus,"Số 1 Cao Bá Quát, Khu phố Đông Tân, P. Dĩ An, Dĩ An, Bình Dương"
Voucher Đùi gà chiên truyền thống tại Chicken Plus,Chicken Plus,"772 Nguyễn Chí Thanh, Phường Hiệp An, Thủ Dầu Một, Bình Dương"
Voucher Đùi gà chiên truyền thống tại Chicken Plus,Chicken Plus,"KDC chợ mới Gò Đen, Xã Phước Lợi, Huyện Bến Lức, Long An"
Voucher Đùi gà chiên truyền thống tại Chicken Plus,Chicken Plus,"Đường Hùng Vương, Phường Phú Mỹ, Bà Rịa – Vũng Tàu"
Voucher Đùi gà chiên truyền thống tại Chicken Plus,Chicken Plus,"KP Bình Giang 1, P. Sơn Giang, Phước Long, Bình Phước"
Voucher Đùi gà chiên truyền thống tại Chicken Plus,Chicken Plus,"385E, ĐT 824, Khu phố 5, Thị trấn Đức Hoà, Huyện Đức Hoà, Long An"
Voucher Đùi gà chiên truyền thống tại Chicken Plus,Chicken Plus,"38 DT825 Thị trấn Hậu Nghĩa, Huyện Đức Hòa, Long An"
Voucher Đùi gà chiên truyền thống tại Chicken Plus,Chicken Plus,"Số nhà 751 Đường tỉnh lộ 10, ấp Bình Tiền 1 , xã Đức Hoà Hạ , Huyện Đức Hoà, Long An"
Voucher Đùi gà chiên truyền thống tại Chicken Plus,Chicken Plus,"Số 720 DT824 Ấp Mới 2, Mỹ Hạnh Nam, Huyện Đức Hòa, Long An"
Voucher Đùi gà chiên truyền thống tại Chicken Plus,Chicken Plus,"số 01 Lê Văn Vị, P. Cái Vồn, Thị xã Bình Minh, Vĩnh Long"
Voucher Đùi gà chiên truyền thống tại Chicken Plus,Chicken Plus,"365 Đường Gò Tháp, Khóm 1, Mỹ An, Tháp Mười, Đồng Tháp"
Voucher Đùi gà chiên truyền thống tại Chicken Plus,Chicken Plus,"152 Hùng Vương, P.2, Cao Lãnh, Đồng Tháp"
Voucher Đùi gà chiên truyền thống tại Chicken Plus,Chicken Plus,"39 Tôn Đức Thắng, P. Mỹ Bình, Long Xuyên, An Giang"
Voucher Đùi gà chiên truyền thống tại Chicken Plus,Chicken Plus,"187 Đường 30/4, Dương Đông, Phú Quốc, Kiên Giang"
Voucher Đùi gà sốt ngũ vị tại Chicken Plus,Chicken Plus,"Chân chung cư ICID Complex, Cổng số 1, Khu C, Geleximco Lê Trọng Tấn, Dương nội, Quận Hà Đông, Hà Nội"
Voucher Đùi gà sốt ngũ vị tại Chicken Plus,Chicken Plus,"Xóm Đồng Mạc, Thôn Đa Phúc, Xã Sài Sơn, Huyện Quốc Oai, Hà Nội"
Voucher Đùi gà sốt ngũ vị tại Chicken Plus,Chicken Plus,"212 Nguyễn Lương Bằng, Phường Quang Trung, Quận Đống Đa, Hà Nội"
Voucher Đùi gà sốt ngũ vị tại Chicken Plus,Chicken Plus,"Số 114 Chùa Láng, P. Láng Thượng, Quận Đống Đa, Hà Nội"
Voucher Đùi gà sốt ngũ vị tại Chicken Plus,Chicken Plus,"27 Bạch Mai, Quận Hai Bà Trưng, Hà Nội"
Voucher Đùi gà sốt ngũ vị tại Chicken Plus,Chicken Plus,"419F tỉnh lộ 8, xã Phước Vĩnh An, Huyện Củ Chi, Hồ Chí Minh"
Voucher Đùi gà sốt ngũ vị tại Chicken Plus,Chicken Plus,"334 đường 27/4, thị trấn Phước Bửu, Xuyên Mộc, Bà Rịa – Vũng Tàu"
Voucher Đùi gà sốt ngũ vị tại Chicken Plus,Chicken Plus,"14 Đường 30, P. Bình Trưng Tây, Quận 2, Hồ Chí Minh"
Voucher Đùi gà sốt ngũ vị tại Chicken Plus,Chicken Plus,"33 Trần Hưng Đạo, P. Tân Thành, Quận Tân Phú, Hồ Chí Minh"
Voucher Đùi gà sốt ngũ vị tại Chicken Plus,Chicken Plus,"41/1 Tuyến 5 Bà Điểm, Ấp Tây Lân, Xã Bà Điểm, Huyện Hóc Môn, Hồ Chí Minh"
Voucher Đùi gà sốt ngũ vị tại Chicken Plus,Chicken Plus,"261 Nguyễn Văn Khối, P. 8, Quận Gò Vấp, Hồ Chí Minh"
Voucher Đùi gà sốt ngũ vị tại Chicken Plus,Chicken Plus,"431 Vườn Lài, P. Phú.Thọ, Quận Tân Phú, Hồ Chí Minh"
Voucher Đùi gà sốt ngũ vị tại Chicken Plus,Chicken Plus,"226 Nguyễn Tri Phương, P. 4, Quận 10, Hồ Chí Minh"
Voucher Đùi gà sốt ngũ vị tại Chicken Plus,Chicken Plus,"S6.05, Vinhomes Grand Park, Quận 9, Hồ Chí Minh"
Voucher Đùi gà sốt ngũ vị tại Chicken Plus,Chicken Plus,"241 Tôn Đản, Phường 15, Quận 4, Hồ Chí Minh"
Voucher Đùi gà sốt ngũ vị tại Chicken Plus,Chicken Plus,"356 đường 30/4, P.Chánh Nghĩa, Thủ Dầu Một, Bình Dương"
Voucher Đùi gà sốt ngũ vị tại Chicken Plus,Chicken Plus,"39 Nguyễn Thị Thập, P. Tân Phú, Quận 7, Hồ Chí Minh"
Voucher Đùi gà sốt ngũ vị tại Chicken Plus,Chicken Plus,"Ô 23 Lô L67, Đường NE8, Khu phố 3A, P. Thới Hoà, Bến Cát, Bình Dương"
Voucher Đùi gà sốt ngũ vị tại Chicken Plus,Chicken Plus,"105 Quách Điêu, xã Vĩnh Lộc A, huyện Bình Chánh, Hồ Chí Minh"
Voucher Đùi gà sốt ngũ vị tại Chicken Plus,Chicken Plus,"185 Nguyễn Thái Sơn, Phường 4, Quận Gò Vấp, Hồ Chí Minh"
Voucher Đùi gà sốt ngũ vị tại Chicken Plus,Chicken Plus,"10 Lê Lợi, Phường 1, Vũng Tàu, Bà Rịa - Vũng Tàu"
Voucher Đùi gà sốt ngũ vị tại Chicken Plus,Chicken Plus,"380 Lê Văn Lương, xã Phước Kiểng, Huyện Nhà Bè, Hồ Chí Minh"
Voucher Đùi gà sốt ngũ vị tại Chicken Plus,Chicken Plus,"192 Bà Hom, P. 13, Quận 6, Hồ Chí Minh"
Voucher Đùi gà sốt ngũ vị tại Chicken Plus,Chicken Plus,"số 374 Tỉnh lộ 15, xã Phú Hòa Đông, Huyện Củ Chi, Hồ Chí Minh"
Voucher Đùi gà sốt ngũ vị tại Chicken Plus,Chicken Plus,"135 Bình Thới, P. 11, Quận 11, Hồ Chí Minh"
Voucher Đùi gà sốt ngũ vị tại Chicken Plus,Chicken Plus,"43 Nguyễn Gia Trí, P. 25, Quận Bình Thạnh, Hồ Chí Minh"
Voucher Đùi gà sốt ngũ vị tại Chicken Plus,Chicken Plus,"47 Đường số 17, P. Linh Chiểu, Thủ Đức, Hồ Chí Minh"
Voucher Đùi gà sốt ngũ vị tại Chicken Plus,Chicken Plus,"9 Phạm Phú Thứ, P. 11, Quận Tân Bình, Hồ Chí Minh"
Voucher Đùi gà sốt ngũ vị tại Chicken Plus,Chicken Plus,"270 Thích Quảng Đức, P. Phú Cường, Thủ Dầu Một, Bình Dương"
Voucher Đùi gà sốt ngũ vị tại Chicken Plus,Chicken Plus,"850 Sư Vạn Hạnh, Quận 10, Hồ Chí Minh"
Voucher Đùi gà sốt ngũ vị tại Chicken Plus,Chicken Plus,"627A Nguyễn Văn Quá, P. Đông Hưng Thuận, Quận 12, Hồ Chí Minh"
Voucher Đùi gà sốt ngũ vị tại Chicken Plus,Chicken Plus,"1663 Huỳnh Tấn Phát, P. Phú Mỹ, Quận 7, Hồ Chí Minh"
Voucher Đùi gà sốt ngũ vị tại Chicken Plus,Chicken Plus,"Số 7, đường số 1, Trung tâm hội nghị, khu phố 2, P. Mỹ Phước, Bến Cát, Bình Dương"
Voucher Đùi gà sốt ngũ vị tại Chicken Plus,Chicken Plus,"30/24 Tô Ký, Xã Thới Tam Thôn, Huyện Hóc Môn, Hồ Chí Minh"
Voucher Đùi gà sốt ngũ vị tại Chicken Plus,Chicken Plus,"40c Nguyễn Văn Đậu, P. 5, Quận Phú Nhuận, Hồ Chí Minh"
Voucher Đùi gà sốt ngũ vị tại Chicken Plus,Chicken Plus,"89 Lê Đức Thọ, Phường 7, Quận Gò Vấp, Hồ Chí Minh"
Voucher Đùi gà sốt ngũ vị tại Chicken Plus,Chicken Plus,"442 Đ. Tỉnh Lộ 15, xã Phú Hoà Đông, Hồ Chí Minh."
Voucher Đùi gà sốt ngũ vị tại Chicken Plus,Chicken Plus,"291 Trần Đại Nghĩa, P. Hòa Hải, Quận Ngũ Hành Sơn, Đà Nẵng"
Voucher Đùi gà sốt ngũ vị tại Chicken Plus,Chicken Plus,"77 Nguyễn Nhàn, P Hòa Thọ Đông, Quận Cẩm Lệ, Đà Nẵng"
Voucher Đùi gà sốt ngũ vị tại Chicken Plus,Chicken Plus,"Số 4 Ngô Thì Nhậm, Phường Hòa Hương, Tam Kỳ, Quảng Nam"
Voucher Đùi gà sốt ngũ vị tại Chicken Plus,Chicken Plus,"163 Nguyễn Văn Linh, P.Thạc Gián, Quận Thanh Khê, Đà Nẵng"
Voucher Đùi gà sốt ngũ vị tại Chicken Plus,Chicken Plus,"70 Xô Viết Nghệ Tĩnh, P. Hoà Cường Nam, Quận Hải Châu, Đà Nẵng"
Voucher Đùi gà sốt ngũ vị tại Chicken Plus,Chicken Plus,"423 Lê Lợi, P. Ngô Quyền, Thành phố Hải Phòng, Hải Phòng"
Voucher Đùi gà sốt ngũ vị tại Chicken Plus,Chicken Plus,"212 Trưng Trắc, P. Trưng Trắc, Phúc Yên, Vĩnh Phúc"
Voucher Đùi gà sốt ngũ vị tại Chicken Plus,Chicken Plus,"Quảng trường Xuân Hòa, Đường Nguyễn Văn Linh, Phường Xuân Hòa, Phúc Yên, Vĩnh Phúc"
Voucher Đùi gà sốt ngũ vị tại Chicken Plus,Chicken Plus,"Khu đô thị mới phía Nam, xã Hiệp Hoà, Bắc Ninh"
Voucher Đùi gà sốt ngũ vị tại Chicken Plus,Chicken Plus,"Đường Âu Cơ, Thị trấn Hồ, Thuận Thành, Bắc Ninh"
Voucher Đùi gà sốt ngũ vị tại Chicken Plus,Chicken Plus,"Phố Cao Sơn, KĐT Minh Phương, P. Minh Phương, Việt Trì, Phú Thọ"
Voucher Đùi gà sốt ngũ vị tại Chicken Plus,Chicken Plus,"32 Minh Khai, Phường Minh Khai, Hà Giang"
Voucher Đùi gà sốt ngũ vị tại Chicken Plus,Chicken Plus,"D8 Tuyên Quang, P. Phú Thủy, Phan Thiết, Bình Thuận"
Voucher Đùi gà sốt ngũ vị tại Chicken Plus,Chicken Plus,"Số 124 tổ 15 khu 5B Quang Trung, Uông Bí, Quảng Ninh"
Voucher Đùi gà sốt ngũ vị tại Chicken Plus,Chicken Plus,"55 Võ Nguyên Giáp, P. Hồng Hải, Hạ Long, Quảng Ninh"
Voucher Đùi gà sốt ngũ vị tại Chicken Plus,Chicken Plus,"PĐ2.KT-01 K-Town, Vinhomes Ocean Park 2, Văn Giang, Hưng Yên"
Voucher Đùi gà sốt ngũ vị tại Chicken Plus,Chicken Plus,"Số nhà 5B, Phố Lưu Phương, Huyện Kim Sơn, Ninh Bình"
Voucher Đùi gà sốt ngũ vị tại Chicken Plus,Chicken Plus,"TTTM Shophouse Vạn Xuân, Đường Lam Sơn, Thị trấn Thọ Xuân, Thanh Hoá"
Voucher Đùi gà sốt ngũ vị tại Chicken Plus,Chicken Plus,"Số 19 Phan Đình Giót, Phường Nam Hà, Hà Tĩnh"
Voucher Đùi gà sốt ngũ vị tại Chicken Plus,Chicken Plus,"Số 5 Lê Duẩn, P. 2, Thành phố Đông Hà, Quảng Trị"
Voucher Đùi gà sốt ngũ vị tại Chicken Plus,Chicken Plus,"Quảng trường Đắk Mil, Huyện Đắk Mil, Đắk Nông"
Voucher Đùi gà sốt ngũ vị tại Chicken Plus,Chicken Plus,"69 Hai Bà Trưng, P. 1, Thị Xã Quảng Trị, Quảng Trị"
Voucher Đùi gà sốt ngũ vị tại Chicken Plus,Chicken Plus,"32 Nguyễn Tất Thành, xã Lệ Thuỷ, Quảng Trị"
Voucher Đùi gà sốt ngũ vị tại Chicken Plus,Chicken Plus,"196a Phan Đình Phùng, Chánh Lộ, Quảng Ngãi"
Voucher Đùi gà sốt ngũ vị tại Chicken Plus,Chicken Plus,"18 Võ Thị Sáu, P. Diên Hồng, Thành phố Pleiku, Gia Lai"
Voucher Đùi gà sốt ngũ vị tại Chicken Plus,Chicken Plus,"139 Phan Bội Châu, Phường Trần Hưng Đạo, Quy Nhơn, Bình Định"
Voucher Đùi gà sốt ngũ vị tại Chicken Plus,Chicken Plus,"31 Hai Bà Trưng, Thắng Lợi, Buôn Ma Thuột"
Voucher Đùi gà sốt ngũ vị tại Chicken Plus,Chicken Plus,"179 Lê Duẩn, Phường Cam Ranh, Khánh Hòa"
Voucher Đùi gà sốt ngũ vị tại Chicken Plus,Chicken Plus,"81 Sông Cạn Tổ dân phố 6, Phường Ninh Hiệp, Ninh Hòa, Khánh Hòa"
Voucher Đùi gà sốt ngũ vị tại Chicken Plus,Chicken Plus,"Căn hộ 5F CT3 đường Tố Hữu, KĐT VCN Phước Hải, Nha Trang, Khánh Hòa"
Voucher Đùi gà sốt ngũ vị tại Chicken Plus,Chicken Plus,"Căn 7F đường 19/5, CT2 KDT Vĩnh Điềm Trung, Xã Vĩnh Hiệp, Nha Trang, Khánh Hòa"
Voucher Đùi gà sốt ngũ vị tại Chicken Plus,Chicken Plus,"52 Bà Triệu, P. 4, Thành phố Đà Lạt, Lâm Đồng"
Voucher Đùi gà sốt ngũ vị tại Chicken Plus,Chicken Plus,"14 Nguyễn Công Trứ, Thành phố Bảo Lộc, Lâm Đồng"
Voucher Đùi gà sốt ngũ vị tại Chicken Plus,Chicken Plus,"Số 8, Huỳnh Tấn Phát, Mũi Né, Phan Thiết, Bình Thuận"
Voucher Đùi gà sốt ngũ vị tại Chicken Plus,Chicken Plus,"C04 Đường 30 Tháng 4, KP3, Trảng Bom, Đồng Nai"
Voucher Đùi gà sốt ngũ vị tại Chicken Plus,Chicken Plus,"199 Thích Quảng Đức, P. Xuân An, Long Khánh, Đồng Nai"
Voucher Đùi gà sốt ngũ vị tại Chicken Plus,Chicken Plus,"121 Lê Duẩn, P. Tân Phú, Thành phố Đồng Xoài, Bình Phước"
Voucher Đùi gà sốt ngũ vị tại Chicken Plus,Chicken Plus,"Đường Trần Phú, Đức Hoà, Thị trấn Đức Phong, Huyện Bù Đăng, Bình Phước"
Voucher Đùi gà sốt ngũ vị tại Chicken Plus,Chicken Plus,"230 Huỳnh Văn Lũy, P. Phú Lợi, Thủ Dầu Một, Bình Dương"
Voucher Đùi gà sốt ngũ vị tại Chicken Plus,Chicken Plus,"Số 1 Cao Bá Quát, Khu phố Đông Tân, P. Dĩ An, Dĩ An, Bình Dương"
Voucher Đùi gà sốt ngũ vị tại Chicken Plus,Chicken Plus,"772 Nguyễn Chí Thanh, Phường Hiệp An, Thủ Dầu Một, Bình Dương"
Voucher Đùi gà sốt ngũ vị tại Chicken Plus,Chicken Plus,"KDC chợ mới Gò Đen, Xã Phước Lợi, Huyện Bến Lức, Long An"
Voucher Đùi gà sốt ngũ vị tại Chicken Plus,Chicken Plus,"Đường Hùng Vương, Phường Phú Mỹ, Bà Rịa – Vũng Tàu"
Voucher Đùi gà sốt ngũ vị tại Chicken Plus,Chicken Plus,"KP Bình Giang 1, P. Sơn Giang, Phước Long, Bình Phước"
Voucher Đùi gà sốt ngũ vị tại Chicken Plus,Chicken Plus,"385E, ĐT 824, Khu phố 5, Thị trấn Đức Hoà, Huyện Đức Hoà, Long An"
Voucher Đùi gà sốt ngũ vị tại Chicken Plus,Chicken Plus,"38 DT825 Thị trấn Hậu Nghĩa, Huyện Đức Hòa, Long An"
Voucher Đùi gà sốt ngũ vị tại Chicken Plus,Chicken Plus,"Số nhà 751 Đường tỉnh lộ 10, ấp Bình Tiền 1 , xã Đức Hoà Hạ , Huyện Đức Hoà, Long An"
Voucher Đùi gà sốt ngũ vị tại Chicken Plus,Chicken Plus,"Số 720 DT824 Ấp Mới 2, Mỹ Hạnh Nam, Huyện Đức Hòa, Long An"
Voucher Đùi gà sốt ngũ vị tại Chicken Plus,Chicken Plus,"số 01 Lê Văn Vị, P. Cái Vồn, Thị xã Bình Minh, Vĩnh Long"
Voucher Đùi gà sốt ngũ vị tại Chicken Plus,Chicken Plus,"365 Đường Gò Tháp, Khóm 1, Mỹ An, Tháp Mười, Đồng Tháp"
Voucher Đùi gà sốt ngũ vị tại Chicken Plus,Chicken Plus,"152 Hùng Vương, P.2, Cao Lãnh, Đồng Tháp"
Voucher Đùi gà sốt ngũ vị tại Chicken Plus,Chicken Plus,"39 Tôn Đức Thắng, P. Mỹ Bình, Long Xuyên, An Giang"
Voucher Đùi gà sốt ngũ vị tại Chicken Plus,Chicken Plus,"187 Đường 30/4, Dương Đông, Phú Quốc, Kiên Giang"
Voucher Đùi gà sốt Creamy Onion tại Chicken Plus,Chicken Plus,"Chân chung cư ICID Complex, Cổng số 1, Khu C, Geleximco Lê Trọng Tấn, Dương nội, Quận Hà Đông, Hà Nội"
Voucher Đùi gà sốt Creamy Onion tại Chicken Plus,Chicken Plus,"Xóm Đồng Mạc, Thôn Đa Phúc, Xã Sài Sơn, Huyện Quốc Oai, Hà Nội"
Voucher Đùi gà sốt Creamy Onion tại Chicken Plus,Chicken Plus,"212 Nguyễn Lương Bằng, Phường Quang Trung, Quận Đống Đa, Hà Nội"
Voucher Đùi gà sốt Creamy Onion tại Chicken Plus,Chicken Plus,"Số 114 Chùa Láng, P. Láng Thượng, Quận Đống Đa, Hà Nội"
Voucher Đùi gà sốt Creamy Onion tại Chicken Plus,Chicken Plus,"27 Bạch Mai, Quận Hai Bà Trưng, Hà Nội"
Voucher Đùi gà sốt Creamy Onion tại Chicken Plus,Chicken Plus,"419F tỉnh lộ 8, xã Phước Vĩnh An, Huyện Củ Chi, Hồ Chí Minh"
Voucher Đùi gà sốt Creamy Onion tại Chicken Plus,Chicken Plus,"334 đường 27/4, thị trấn Phước Bửu, Xuyên Mộc, Bà Rịa – Vũng Tàu"
Voucher Đùi gà sốt Creamy Onion tại Chicken Plus,Chicken Plus,"14 Đường 30, P. Bình Trưng Tây, Quận 2, Hồ Chí Minh"
Voucher Đùi gà sốt Creamy Onion tại Chicken Plus,Chicken Plus,"33 Trần Hưng Đạo, P. Tân Thành, Quận Tân Phú, Hồ Chí Minh"
Voucher Đùi gà sốt Creamy Onion tại Chicken Plus,Chicken Plus,"41/1 Tuyến 5 Bà Điểm, Ấp Tây Lân, Xã Bà Điểm, Huyện Hóc Môn, Hồ Chí Minh"
Voucher Đùi gà sốt Creamy Onion tại Chicken Plus,Chicken Plus,"261 Nguyễn Văn Khối, P. 8, Quận Gò Vấp, Hồ Chí Minh"
Voucher Đùi gà sốt Creamy Onion tại Chicken Plus,Chicken Plus,"431 Vườn Lài, P. Phú.Thọ, Quận Tân Phú, Hồ Chí Minh"
Voucher Đùi gà sốt Creamy Onion tại Chicken Plus,Chicken Plus,"226 Nguyễn Tri Phương, P. 4, Quận 10, Hồ Chí Minh"
Voucher Đùi gà sốt Creamy Onion tại Chicken Plus,Chicken Plus,"S6.05, Vinhomes Grand Park, Quận 9, Hồ Chí Minh"
Voucher Đùi gà sốt Creamy Onion tại Chicken Plus,Chicken Plus,"241 Tôn Đản, Phường 15, Quận 4, Hồ Chí Minh"
Voucher Đùi gà sốt Creamy Onion tại Chicken Plus,Chicken Plus,"356 đường 30/4, P.Chánh Nghĩa, Thủ Dầu Một, Bình Dương"
Voucher Đùi gà sốt Creamy Onion tại Chicken Plus,Chicken Plus,"39 Nguyễn Thị Thập, P. Tân Phú, Quận 7, Hồ Chí Minh"
Voucher Đùi gà sốt Creamy Onion tại Chicken Plus,Chicken Plus,"Ô 23 Lô L67, Đường NE8, Khu phố 3A, P. Thới Hoà, Bến Cát, Bình Dương"
Voucher Đùi gà sốt Creamy Onion tại Chicken Plus,Chicken Plus,"105 Quách Điêu, xã Vĩnh Lộc A, huyện Bình Chánh, Hồ Chí Minh"
Voucher Đùi gà sốt Creamy Onion tại Chicken Plus,Chicken Plus,"185 Nguyễn Thái Sơn, Phường 4, Quận Gò Vấp, Hồ Chí Minh"
Voucher Đùi gà sốt Creamy Onion tại Chicken Plus,Chicken Plus,"10 Lê Lợi, Phường 1, Vũng Tàu, Bà Rịa - Vũng Tàu"
Voucher Đùi gà sốt Creamy Onion tại Chicken Plus,Chicken Plus,"380 Lê Văn Lương, xã Phước Kiểng, Huyện Nhà Bè, Hồ Chí Minh"
Voucher Đùi gà sốt Creamy Onion tại Chicken Plus,Chicken Plus,"192 Bà Hom, P. 13, Quận 6, Hồ Chí Minh"
Voucher Đùi gà sốt Creamy Onion tại Chicken Plus,Chicken Plus,"số 374 Tỉnh lộ 15, xã Phú Hòa Đông, Huyện Củ Chi, Hồ Chí Minh"
Voucher Đùi gà sốt Creamy Onion tại Chicken Plus,Chicken Plus,"135 Bình Thới, P. 11, Quận 11, Hồ Chí Minh"
Voucher Đùi gà sốt Creamy Onion tại Chicken Plus,Chicken Plus,"43 Nguyễn Gia Trí, P. 25, Quận Bình Thạnh, Hồ Chí Minh"
Voucher Đùi gà sốt Creamy Onion tại Chicken Plus,Chicken Plus,"47 Đường số 17, P. Linh Chiểu, Thủ Đức, Hồ Chí Minh"
Voucher Đùi gà sốt Creamy Onion tại Chicken Plus,Chicken Plus,"9 Phạm Phú Thứ, P. 11, Quận Tân Bình, Hồ Chí Minh"
Voucher Đùi gà sốt Creamy Onion tại Chicken Plus,Chicken Plus,"270 Thích Quảng Đức, P. Phú Cường, Thủ Dầu Một, Bình Dương"
Voucher Đùi gà sốt Creamy Onion tại Chicken Plus,Chicken Plus,"850 Sư Vạn Hạnh, Quận 10, Hồ Chí Minh"
Voucher Đùi gà sốt Creamy Onion tại Chicken Plus,Chicken Plus,"627A Nguyễn Văn Quá, P. Đông Hưng Thuận, Quận 12, Hồ Chí Minh"
Voucher Đùi gà sốt Creamy Onion tại Chicken Plus,Chicken Plus,"1663 Huỳnh Tấn Phát, P. Phú Mỹ, Quận 7, Hồ Chí Minh"
Voucher Đùi gà sốt Creamy Onion tại Chicken Plus,Chicken Plus,"Số 7, đường số 1, Trung tâm hội nghị, khu phố 2, P. Mỹ Phước, Bến Cát, Bình Dương"
Voucher Đùi gà sốt Creamy Onion tại Chicken Plus,Chicken Plus,"30/24 Tô Ký, Xã Thới Tam Thôn, Huyện Hóc Môn, Hồ Chí Minh"
Voucher Đùi gà sốt Creamy Onion tại Chicken Plus,Chicken Plus,"40c Nguyễn Văn Đậu, P. 5, Quận Phú Nhuận, Hồ Chí Minh"
Voucher Đùi gà sốt Creamy Onion tại Chicken Plus,Chicken Plus,"89 Lê Đức Thọ, Phường 7, Quận Gò Vấp, Hồ Chí Minh"
Voucher Đùi gà sốt Creamy Onion tại Chicken Plus,Chicken Plus,"442 Đ. Tỉnh Lộ 15, xã Phú Hoà Đông, Hồ Chí Minh."
Voucher Đùi gà sốt Creamy Onion tại Chicken Plus,Chicken Plus,"291 Trần Đại Nghĩa, P. Hòa Hải, Quận Ngũ Hành Sơn, Đà Nẵng"
Voucher Đùi gà sốt Creamy Onion tại Chicken Plus,Chicken Plus,"77 Nguyễn Nhàn, P Hòa Thọ Đông, Quận Cẩm Lệ, Đà Nẵng"
Voucher Đùi gà sốt Creamy Onion tại Chicken Plus,Chicken Plus,"Số 4 Ngô Thì Nhậm, Phường Hòa Hương, Tam Kỳ, Quảng Nam"
Voucher Đùi gà sốt Creamy Onion tại Chicken Plus,Chicken Plus,"163 Nguyễn Văn Linh, P.Thạc Gián, Quận Thanh Khê, Đà Nẵng"
Voucher Đùi gà sốt Creamy Onion tại Chicken Plus,Chicken Plus,"70 Xô Viết Nghệ Tĩnh, P. Hoà Cường Nam, Quận Hải Châu, Đà Nẵng"
Voucher Đùi gà sốt Creamy Onion tại Chicken Plus,Chicken Plus,"423 Lê Lợi, P. Ngô Quyền, Thành phố Hải Phòng, Hải Phòng"
Voucher Đùi gà sốt Creamy Onion tại Chicken Plus,Chicken Plus,"212 Trưng Trắc, P. Trưng Trắc, Phúc Yên, Vĩnh Phúc"
Voucher Đùi gà sốt Creamy Onion tại Chicken Plus,Chicken Plus,"Quảng trường Xuân Hòa, Đường Nguyễn Văn Linh, Phường Xuân Hòa, Phúc Yên, Vĩnh Phúc"
Voucher Đùi gà sốt Creamy Onion tại Chicken Plus,Chicken Plus,"Khu đô thị mới phía Nam, xã Hiệp Hoà, Bắc Ninh"
Voucher Đùi gà sốt Creamy Onion tại Chicken Plus,Chicken Plus,"Đường Âu Cơ, Thị trấn Hồ, Thuận Thành, Bắc Ninh"
Voucher Đùi gà sốt Creamy Onion tại Chicken Plus,Chicken Plus,"Phố Cao Sơn, KĐT Minh Phương, P. Minh Phương, Việt Trì, Phú Thọ"
Voucher Đùi gà sốt Creamy Onion tại Chicken Plus,Chicken Plus,"32 Minh Khai, Phường Minh Khai, Hà Giang"
Voucher Đùi gà sốt Creamy Onion tại Chicken Plus,Chicken Plus,"D8 Tuyên Quang, P. Phú Thủy, Phan Thiết, Bình Thuận"
Voucher Đùi gà sốt Creamy Onion tại Chicken Plus,Chicken Plus,"Số 124 tổ 15 khu 5B Quang Trung, Uông Bí, Quảng Ninh"
Voucher Đùi gà sốt Creamy Onion tại Chicken Plus,Chicken Plus,"55 Võ Nguyên Giáp, P. Hồng Hải, Hạ Long, Quảng Ninh"
Voucher Đùi gà sốt Creamy Onion tại Chicken Plus,Chicken Plus,"PĐ2.KT-01 K-Town, Vinhomes Ocean Park 2, Văn Giang, Hưng Yên"
Voucher Đùi gà sốt Creamy Onion tại Chicken Plus,Chicken Plus,"Số nhà 5B, Phố Lưu Phương, Huyện Kim Sơn, Ninh Bình"
Voucher Đùi gà sốt Creamy Onion tại Chicken Plus,Chicken Plus,"TTTM Shophouse Vạn Xuân, Đường Lam Sơn, Thị trấn Thọ Xuân, Thanh Hoá"
Voucher Đùi gà sốt Creamy Onion tại Chicken Plus,Chicken Plus,"Số 19 Phan Đình Giót, Phường Nam Hà, Hà Tĩnh"
Voucher Đùi gà sốt Creamy Onion tại Chicken Plus,Chicken Plus,"Số 5 Lê Duẩn, P. 2, Thành phố Đông Hà, Quảng Trị"
Voucher Đùi gà sốt Creamy Onion tại Chicken Plus,Chicken Plus,"Quảng trường Đắk Mil, Huyện Đắk Mil, Đắk Nông"
Voucher Đùi gà sốt Creamy Onion tại Chicken Plus,Chicken Plus,"69 Hai Bà Trưng, P. 1, Thị Xã Quảng Trị, Quảng Trị"
Voucher Đùi gà sốt Creamy Onion tại Chicken Plus,Chicken Plus,"32 Nguyễn Tất Thành, xã Lệ Thuỷ, Quảng Trị"
Voucher Đùi gà sốt Creamy Onion tại Chicken Plus,Chicken Plus,"196a Phan Đình Phùng, Chánh Lộ, Quảng Ngãi"
Voucher Đùi gà sốt Creamy Onion tại Chicken Plus,Chicken Plus,"18 Võ Thị Sáu, P. Diên Hồng, Thành phố Pleiku, Gia Lai"
Voucher Đùi gà sốt Creamy Onion tại Chicken Plus,Chicken Plus,"139 Phan Bội Châu, Phường Trần Hưng Đạo, Quy Nhơn, Bình Định"
Voucher Đùi gà sốt Creamy Onion tại Chicken Plus,Chicken Plus,"31 Hai Bà Trưng, Thắng Lợi, Buôn Ma Thuột"
Voucher Đùi gà sốt Creamy Onion tại Chicken Plus,Chicken Plus,"179 Lê Duẩn, Phường Cam Ranh, Khánh Hòa"
Voucher Đùi gà sốt Creamy Onion tại Chicken Plus,Chicken Plus,"81 Sông Cạn Tổ dân phố 6, Phường Ninh Hiệp, Ninh Hòa, Khánh Hòa"
Voucher Đùi gà sốt Creamy Onion tại Chicken Plus,Chicken Plus,"Căn hộ 5F CT3 đường Tố Hữu, KĐT VCN Phước Hải, Nha Trang, Khánh Hòa"
Voucher Đùi gà sốt Creamy Onion tại Chicken Plus,Chicken Plus,"Căn 7F đường 19/5, CT2 KDT Vĩnh Điềm Trung, Xã Vĩnh Hiệp, Nha Trang, Khánh Hòa"
Voucher Đùi gà sốt Creamy Onion tại Chicken Plus,Chicken Plus,"52 Bà Triệu, P. 4, Thành phố Đà Lạt, Lâm Đồng"
Voucher Đùi gà sốt Creamy Onion tại Chicken Plus,Chicken Plus,"14 Nguyễn Công Trứ, Thành phố Bảo Lộc, Lâm Đồng"
Voucher Đùi gà sốt Creamy Onion tại Chicken Plus,Chicken Plus,"Số 8, Huỳnh Tấn Phát, Mũi Né, Phan Thiết, Bình Thuận"
Voucher Đùi gà sốt Creamy Onion tại Chicken Plus,Chicken Plus,"C04 Đường 30 Tháng 4, KP3, Trảng Bom, Đồng Nai"
Voucher Đùi gà sốt Creamy Onion tại Chicken Plus,Chicken Plus,"199 Thích Quảng Đức, P. Xuân An, Long Khánh, Đồng Nai"
Voucher Đùi gà sốt Creamy Onion tại Chicken Plus,Chicken Plus,"121 Lê Duẩn, P. Tân Phú, Thành phố Đồng Xoài, Bình Phước"
Voucher Đùi gà sốt Creamy Onion tại Chicken Plus,Chicken Plus,"Đường Trần Phú, Đức Hoà, Thị trấn Đức Phong, Huyện Bù Đăng, Bình Phước"
Voucher Đùi gà sốt Creamy Onion tại Chicken Plus,Chicken Plus,"230 Huỳnh Văn Lũy, P. Phú Lợi, Thủ Dầu Một, Bình Dương"
Voucher Đùi gà sốt Creamy Onion tại Chicken Plus,Chicken Plus,"Số 1 Cao Bá Quát, Khu phố Đông Tân, P. Dĩ An, Dĩ An, Bình Dương"
Voucher Đùi gà sốt Creamy Onion tại Chicken Plus,Chicken Plus,"772 Nguyễn Chí Thanh, Phường Hiệp An, Thủ Dầu Một, Bình Dương"
Voucher Đùi gà sốt Creamy Onion tại Chicken Plus,Chicken Plus,"KDC chợ mới Gò Đen, Xã Phước Lợi, Huyện Bến Lức, Long An"
Voucher Đùi gà sốt Creamy Onion tại Chicken Plus,Chicken Plus,"Đường Hùng Vương, Phường Phú Mỹ, Bà Rịa – Vũng Tàu"
Voucher Đùi gà sốt Creamy Onion tại Chicken Plus,Chicken Plus,"KP Bình Giang 1, P. Sơn Giang, Phước Long, Bình Phước"
Voucher Đùi gà sốt Creamy Onion tại Chicken Plus,Chicken Plus,"385E, ĐT 824, Khu phố 5, Thị trấn Đức Hoà, Huyện Đức Hoà, Long An"
Voucher Đùi gà sốt Creamy Onion tại Chicken Plus,Chicken Plus,"38 DT825 Thị trấn Hậu Nghĩa, Huyện Đức Hòa, Long An"
Voucher Đùi gà sốt Creamy Onion tại Chicken Plus,Chicken Plus,"Số nhà 751 Đường tỉnh lộ 10, ấp Bình Tiền 1 , xã Đức Hoà Hạ , Huyện Đức Hoà, Long An"
Voucher Đùi gà sốt Creamy Onion tại Chicken Plus,Chicken Plus,"Số 720 DT824 Ấp Mới 2, Mỹ Hạnh Nam, Huyện Đức Hòa, Long An"
Voucher Đùi gà sốt Creamy Onion tại Chicken Plus,Chicken Plus,"số 01 Lê Văn Vị, P. Cái Vồn, Thị xã Bình Minh, Vĩnh Long"
Voucher Đùi gà sốt Creamy Onion tại Chicken Plus,Chicken Plus,"365 Đường Gò Tháp, Khóm 1, Mỹ An, Tháp Mười, Đồng Tháp"
Voucher Đùi gà sốt Creamy Onion tại Chicken Plus,Chicken Plus,"152 Hùng Vương, P.2, Cao Lãnh, Đồng Tháp"
Voucher Đùi gà sốt Creamy Onion tại Chicken Plus,Chicken Plus,"39 Tôn Đức Thắng, P. Mỹ Bình, Long Xuyên, An Giang"
Voucher Đùi gà sốt Creamy Onion tại Chicken Plus,Chicken Plus,"187 Đường 30/4, Dương Đông, Phú Quốc, Kiên Giang"
Voucher Cánh Gà Truyền Thống 10 miếng tại Chicken Plus,Chicken Plus,"Chân chung cư ICID Complex, Cổng số 1, Khu C, Geleximco Lê Trọng Tấn, Dương nội, Quận Hà Đông, Hà Nội"
Voucher Cánh Gà Truyền Thống 10 miếng tại Chicken Plus,Chicken Plus,"Xóm Đồng Mạc, Thôn Đa Phúc, Xã Sài Sơn, Huyện Quốc Oai, Hà Nội"
Voucher Cánh Gà Truyền Thống 10 miếng tại Chicken Plus,Chicken Plus,"212 Nguyễn Lương Bằng, Phường Quang Trung, Quận Đống Đa, Hà Nội"
Voucher Cánh Gà Truyền Thống 10 miếng tại Chicken Plus,Chicken Plus,"Số 114 Chùa Láng, P. Láng Thượng, Quận Đống Đa, Hà Nội"
Voucher Cánh Gà Truyền Thống 10 miếng tại Chicken Plus,Chicken Plus,"27 Bạch Mai, Quận Hai Bà Trưng, Hà Nội"
Voucher Cánh Gà Truyền Thống 10 miếng tại Chicken Plus,Chicken Plus,"419F tỉnh lộ 8, xã Phước Vĩnh An, Huyện Củ Chi, Hồ Chí Minh"
Voucher Cánh Gà Truyền Thống 10 miếng tại Chicken Plus,Chicken Plus,"334 đường 27/4, thị trấn Phước Bửu, Xuyên Mộc, Bà Rịa – Vũng Tàu"
Voucher Cánh Gà Truyền Thống 10 miếng tại Chicken Plus,Chicken Plus,"14 Đường 30, P. Bình Trưng Tây, Quận 2, Hồ Chí Minh"
Voucher Cánh Gà Truyền Thống 10 miếng tại Chicken Plus,Chicken Plus,"33 Trần Hưng Đạo, P. Tân Thành, Quận Tân Phú, Hồ Chí Minh"
Voucher Cánh Gà Truyền Thống 10 miếng tại Chicken Plus,Chicken Plus,"41/1 Tuyến 5 Bà Điểm, Ấp Tây Lân, Xã Bà Điểm, Huyện Hóc Môn, Hồ Chí Minh"
Voucher Cánh Gà Truyền Thống 10 miếng tại Chicken Plus,Chicken Plus,"261 Nguyễn Văn Khối, P. 8, Quận Gò Vấp, Hồ Chí Minh"
Voucher Cánh Gà Truyền Thống 10 miếng tại Chicken Plus,Chicken Plus,"431 Vườn Lài, P. Phú.Thọ, Quận Tân Phú, Hồ Chí Minh"
Voucher Cánh Gà Truyền Thống 10 miếng tại Chicken Plus,Chicken Plus,"226 Nguyễn Tri Phương, P. 4, Quận 10, Hồ Chí Minh"
Voucher Cánh Gà Truyền Thống 10 miếng tại Chicken Plus,Chicken Plus,"S6.05, Vinhomes Grand Park, Quận 9, Hồ Chí Minh"
Voucher Cánh Gà Truyền Thống 10 miếng tại Chicken Plus,Chicken Plus,"241 Tôn Đản, Phường 15, Quận 4, Hồ Chí Minh"
Voucher Cánh Gà Truyền Thống 10 miếng tại Chicken Plus,Chicken Plus,"356 đường 30/4, P.Chánh Nghĩa, Thủ Dầu Một, Bình Dương"
Voucher Cánh Gà Truyền Thống 10 miếng tại Chicken Plus,Chicken Plus,"39 Nguyễn Thị Thập, P. Tân Phú, Quận 7, Hồ Chí Minh"
Voucher Cánh Gà Truyền Thống 10 miếng tại Chicken Plus,Chicken Plus,"Ô 23 Lô L67, Đường NE8, Khu phố 3A, P. Thới Hoà, Bến Cát, Bình Dương"
Voucher Cánh Gà Truyền Thống 10 miếng tại Chicken Plus,Chicken Plus,"105 Quách Điêu, xã Vĩnh Lộc A, huyện Bình Chánh, Hồ Chí Minh"
Voucher Cánh Gà Truyền Thống 10 miếng tại Chicken Plus,Chicken Plus,"185 Nguyễn Thái Sơn, Phường 4, Quận Gò Vấp, Hồ Chí Minh"
Voucher Cánh Gà Truyền Thống 10 miếng tại Chicken Plus,Chicken Plus,"10 Lê Lợi, Phường 1, Vũng Tàu, Bà Rịa - Vũng Tàu"
Voucher Cánh Gà Truyền Thống 10 miếng tại Chicken Plus,Chicken Plus,"380 Lê Văn Lương, xã Phước Kiểng, Huyện Nhà Bè, Hồ Chí Minh"
Voucher Cánh Gà Truyền Thống 10 miếng tại Chicken Plus,Chicken Plus,"192 Bà Hom, P. 13, Quận 6, Hồ Chí Minh"
Voucher Cánh Gà Truyền Thống 10 miếng tại Chicken Plus,Chicken Plus,"số 374 Tỉnh lộ 15, xã Phú Hòa Đông, Huyện Củ Chi, Hồ Chí Minh"
Voucher Cánh Gà Truyền Thống 10 miếng tại Chicken Plus,Chicken Plus,"135 Bình Thới, P. 11, Quận 11, Hồ Chí Minh"
Voucher Cánh Gà Truyền Thống 10 miếng tại Chicken Plus,Chicken Plus,"43 Nguyễn Gia Trí, P. 25, Quận Bình Thạnh, Hồ Chí Minh"
Voucher Cánh Gà Truyền Thống 10 miếng tại Chicken Plus,Chicken Plus,"47 Đường số 17, P. Linh Chiểu, Thủ Đức, Hồ Chí Minh"
Voucher Cánh Gà Truyền Thống 10 miếng tại Chicken Plus,Chicken Plus,"9 Phạm Phú Thứ, P. 11, Quận Tân Bình, Hồ Chí Minh"
Voucher Cánh Gà Truyền Thống 10 miếng tại Chicken Plus,Chicken Plus,"270 Thích Quảng Đức, P. Phú Cường, Thủ Dầu Một, Bình Dương"
Voucher Cánh Gà Truyền Thống 10 miếng tại Chicken Plus,Chicken Plus,"850 Sư Vạn Hạnh, Quận 10, Hồ Chí Minh"
Voucher Cánh Gà Truyền Thống 10 miếng tại Chicken Plus,Chicken Plus,"627A Nguyễn Văn Quá, P. Đông Hưng Thuận, Quận 12, Hồ Chí Minh"
Voucher Cánh Gà Truyền Thống 10 miếng tại Chicken Plus,Chicken Plus,"1663 Huỳnh Tấn Phát, P. Phú Mỹ, Quận 7, Hồ Chí Minh"
Voucher Cánh Gà Truyền Thống 10 miếng tại Chicken Plus,Chicken Plus,"Số 7, đường số 1, Trung tâm hội nghị, khu phố 2, P. Mỹ Phước, Bến Cát, Bình Dương"
Voucher Cánh Gà Truyền Thống 10 miếng tại Chicken Plus,Chicken Plus,"30/24 Tô Ký, Xã Thới Tam Thôn, Huyện Hóc Môn, Hồ Chí Minh"
Voucher Cánh Gà Truyền Thống 10 miếng tại Chicken Plus,Chicken Plus,"40c Nguyễn Văn Đậu, P. 5, Quận Phú Nhuận, Hồ Chí Minh"
Voucher Cánh Gà Truyền Thống 10 miếng tại Chicken Plus,Chicken Plus,"89 Lê Đức Thọ, Phường 7, Quận Gò Vấp, Hồ Chí Minh"
Voucher Cánh Gà Truyền Thống 10 miếng tại Chicken Plus,Chicken Plus,"442 Đ. Tỉnh Lộ 15, xã Phú Hoà Đông, Hồ Chí Minh."
Voucher Cánh Gà Truyền Thống 10 miếng tại Chicken Plus,Chicken Plus,"291 Trần Đại Nghĩa, P. Hòa Hải, Quận Ngũ Hành Sơn, Đà Nẵng"
Voucher Cánh Gà Truyền Thống 10 miếng tại Chicken Plus,Chicken Plus,"77 Nguyễn Nhàn, P Hòa Thọ Đông, Quận Cẩm Lệ, Đà Nẵng"
Voucher Cánh Gà Truyền Thống 10 miếng tại Chicken Plus,Chicken Plus,"Số 4 Ngô Thì Nhậm, Phường Hòa Hương, Tam Kỳ, Quảng Nam"
Voucher Cánh Gà Truyền Thống 10 miếng tại Chicken Plus,Chicken Plus,"163 Nguyễn Văn Linh, P.Thạc Gián, Quận Thanh Khê, Đà Nẵng"
Voucher Cánh Gà Truyền Thống 10 miếng tại Chicken Plus,Chicken Plus,"70 Xô Viết Nghệ Tĩnh, P. Hoà Cường Nam, Quận Hải Châu, Đà Nẵng"
Voucher Cánh Gà Truyền Thống 10 miếng tại Chicken Plus,Chicken Plus,"423 Lê Lợi, P. Ngô Quyền, Thành phố Hải Phòng, Hải Phòng"
Voucher Cánh Gà Truyền Thống 10 miếng tại Chicken Plus,Chicken Plus,"212 Trưng Trắc, P. Trưng Trắc, Phúc Yên, Vĩnh Phúc"
Voucher Cánh Gà Truyền Thống 10 miếng tại Chicken Plus,Chicken Plus,"Quảng trường Xuân Hòa, Đường Nguyễn Văn Linh, Phường Xuân Hòa, Phúc Yên, Vĩnh Phúc"
Voucher Cánh Gà Truyền Thống 10 miếng tại Chicken Plus,Chicken Plus,"Khu đô thị mới phía Nam, xã Hiệp Hoà, Bắc Ninh"
Voucher Cánh Gà Truyền Thống 10 miếng tại Chicken Plus,Chicken Plus,"Đường Âu Cơ, Thị trấn Hồ, Thuận Thành, Bắc Ninh"
Voucher Cánh Gà Truyền Thống 10 miếng tại Chicken Plus,Chicken Plus,"Phố Cao Sơn, KĐT Minh Phương, P. Minh Phương, Việt Trì, Phú Thọ"
Voucher Cánh Gà Truyền Thống 10 miếng tại Chicken Plus,Chicken Plus,"32 Minh Khai, Phường Minh Khai, Hà Giang"
Voucher Cánh Gà Truyền Thống 10 miếng tại Chicken Plus,Chicken Plus,"D8 Tuyên Quang, P. Phú Thủy, Phan Thiết, Bình Thuận"
Voucher Cánh Gà Truyền Thống 10 miếng tại Chicken Plus,Chicken Plus,"Số 124 tổ 15 khu 5B Quang Trung, Uông Bí, Quảng Ninh"
Voucher Cánh Gà Truyền Thống 10 miếng tại Chicken Plus,Chicken Plus,"55 Võ Nguyên Giáp, P. Hồng Hải, Hạ Long, Quảng Ninh"
Voucher Cánh Gà Truyền Thống 10 miếng tại Chicken Plus,Chicken Plus,"PĐ2.KT-01 K-Town, Vinhomes Ocean Park 2, Văn Giang, Hưng Yên"
Voucher Cánh Gà Truyền Thống 10 miếng tại Chicken Plus,Chicken Plus,"Số nhà 5B, Phố Lưu Phương, Huyện Kim Sơn, Ninh Bình"
Voucher Cánh Gà Truyền Thống 10 miếng tại Chicken Plus,Chicken Plus,"TTTM Shophouse Vạn Xuân, Đường Lam Sơn, Thị trấn Thọ Xuân, Thanh Hoá"
Voucher Cánh Gà Truyền Thống 10 miếng tại Chicken Plus,Chicken Plus,"Số 19 Phan Đình Giót, Phường Nam Hà, Hà Tĩnh"
Voucher Cánh Gà Truyền Thống 10 miếng tại Chicken Plus,Chicken Plus,"Số 5 Lê Duẩn, P. 2, Thành phố Đông Hà, Quảng Trị"
Voucher Cánh Gà Truyền Thống 10 miếng tại Chicken Plus,Chicken Plus,"Quảng trường Đắk Mil, Huyện Đắk Mil, Đắk Nông"
Voucher Cánh Gà Truyền Thống 10 miếng tại Chicken Plus,Chicken Plus,"69 Hai Bà Trưng, P. 1, Thị Xã Quảng Trị, Quảng Trị"
Voucher Cánh Gà Truyền Thống 10 miếng tại Chicken Plus,Chicken Plus,"32 Nguyễn Tất Thành, xã Lệ Thuỷ, Quảng Trị"
Voucher Cánh Gà Truyền Thống 10 miếng tại Chicken Plus,Chicken Plus,"196a Phan Đình Phùng, Chánh Lộ, Quảng Ngãi"
Voucher Cánh Gà Truyền Thống 10 miếng tại Chicken Plus,Chicken Plus,"18 Võ Thị Sáu, P. Diên Hồng, Thành phố Pleiku, Gia Lai"
Voucher Cánh Gà Truyền Thống 10 miếng tại Chicken Plus,Chicken Plus,"139 Phan Bội Châu, Phường Trần Hưng Đạo, Quy Nhơn, Bình Định"
Voucher Cánh Gà Truyền Thống 10 miếng tại Chicken Plus,Chicken Plus,"31 Hai Bà Trưng, Thắng Lợi, Buôn Ma Thuột"
Voucher Cánh Gà Truyền Thống 10 miếng tại Chicken Plus,Chicken Plus,"179 Lê Duẩn, Phường Cam Ranh, Khánh Hòa"
Voucher Cánh Gà Truyền Thống 10 miếng tại Chicken Plus,Chicken Plus,"81 Sông Cạn Tổ dân phố 6, Phường Ninh Hiệp, Ninh Hòa, Khánh Hòa"
Voucher Cánh Gà Truyền Thống 10 miếng tại Chicken Plus,Chicken Plus,"Căn hộ 5F CT3 đường Tố Hữu, KĐT VCN Phước Hải, Nha Trang, Khánh Hòa"
Voucher Cánh Gà Truyền Thống 10 miếng tại Chicken Plus,Chicken Plus,"Căn 7F đường 19/5, CT2 KDT Vĩnh Điềm Trung, Xã Vĩnh Hiệp, Nha Trang, Khánh Hòa"
Voucher Cánh Gà Truyền Thống 10 miếng tại Chicken Plus,Chicken Plus,"52 Bà Triệu, P. 4, Thành phố Đà Lạt, Lâm Đồng"
Voucher Cánh Gà Truyền Thống 10 miếng tại Chicken Plus,Chicken Plus,"14 Nguyễn Công Trứ, Thành phố Bảo Lộc, Lâm Đồng"
Voucher Cánh Gà Truyền Thống 10 miếng tại Chicken Plus,Chicken Plus,"Số 8, Huỳnh Tấn Phát, Mũi Né, Phan Thiết, Bình Thuận"
Voucher Cánh Gà Truyền Thống 10 miếng tại Chicken Plus,Chicken Plus,"C04 Đường 30 Tháng 4, KP3, Trảng Bom, Đồng Nai"
Voucher Cánh Gà Truyền Thống 10 miếng tại Chicken Plus,Chicken Plus,"199 Thích Quảng Đức, P. Xuân An, Long Khánh, Đồng Nai"
Voucher Cánh Gà Truyền Thống 10 miếng tại Chicken Plus,Chicken Plus,"121 Lê Duẩn, P. Tân Phú, Thành phố Đồng Xoài, Bình Phước"
Voucher Cánh Gà Truyền Thống 10 miếng tại Chicken Plus,Chicken Plus,"Đường Trần Phú, Đức Hoà, Thị trấn Đức Phong, Huyện Bù Đăng, Bình Phước"
Voucher Cánh Gà Truyền Thống 10 miếng tại Chicken Plus,Chicken Plus,"230 Huỳnh Văn Lũy, P. Phú Lợi, Thủ Dầu Một, Bình Dương"
Voucher Cánh Gà Truyền Thống 10 miếng tại Chicken Plus,Chicken Plus,"Số 1 Cao Bá Quát, Khu phố Đông Tân, P. Dĩ An, Dĩ An, Bình Dương"
Voucher Cánh Gà Truyền Thống 10 miếng tại Chicken Plus,Chicken Plus,"772 Nguyễn Chí Thanh, Phường Hiệp An, Thủ Dầu Một, Bình Dương"
Voucher Cánh Gà Truyền Thống 10 miếng tại Chicken Plus,Chicken Plus,"KDC chợ mới Gò Đen, Xã Phước Lợi, Huyện Bến Lức, Long An"
Voucher Cánh Gà Truyền Thống 10 miếng tại Chicken Plus,Chicken Plus,"Đường Hùng Vương, Phường Phú Mỹ, Bà Rịa – Vũng Tàu"
Voucher Cánh Gà Truyền Thống 10 miếng tại Chicken Plus,Chicken Plus,"KP Bình Giang 1, P. Sơn Giang, Phước Long, Bình Phước"
Voucher Cánh Gà Truyền Thống 10 miếng tại Chicken Plus,Chicken Plus,"385E, ĐT 824, Khu phố 5, Thị trấn Đức Hoà, Huyện Đức Hoà, Long An"
Voucher Cánh Gà Truyền Thống 10 miếng tại Chicken Plus,Chicken Plus,"38 DT825 Thị trấn Hậu Nghĩa, Huyện Đức Hòa, Long An"
Voucher Cánh Gà Truyền Thống 10 miếng tại Chicken Plus,Chicken Plus,"Số nhà 751 Đường tỉnh lộ 10, ấp Bình Tiền 1 , xã Đức Hoà Hạ , Huyện Đức Hoà, Long An"
Voucher Cánh Gà Truyền Thống 10 miếng tại Chicken Plus,Chicken Plus,"Số 720 DT824 Ấp Mới 2, Mỹ Hạnh Nam, Huyện Đức Hòa, Long An"
Voucher Cánh Gà Truyền Thống 10 miếng tại Chicken Plus,Chicken Plus,"số 01 Lê Văn Vị, P. Cái Vồn, Thị xã Bình Minh, Vĩnh Long"
Voucher Cánh Gà Truyền Thống 10 miếng tại Chicken Plus,Chicken Plus,"365 Đường Gò Tháp, Khóm 1, Mỹ An, Tháp Mười, Đồng Tháp"
Voucher Cánh Gà Truyền Thống 10 miếng tại Chicken Plus,Chicken Plus,"152 Hùng Vương, P.2, Cao Lãnh, Đồng Tháp"
Voucher Cánh Gà Truyền Thống 10 miếng tại Chicken Plus,Chicken Plus,"39 Tôn Đức Thắng, P. Mỹ Bình, Long Xuyên, An Giang"
Voucher Cánh Gà Truyền Thống 10 miếng tại Chicken Plus,Chicken Plus,"187 Đường 30/4, Dương Đông, Phú Quốc, Kiên Giang"
Voucher Cánh Gà Sốt Ngũ Vị 10 miếng tại Chicken Plus,Chicken Plus,"Chân chung cư ICID Complex, Cổng số 1, Khu C, Geleximco Lê Trọng Tấn, Dương nội, Quận Hà Đông, Hà Nội"
Voucher Cánh Gà Sốt Ngũ Vị 10 miếng tại Chicken Plus,Chicken Plus,"Xóm Đồng Mạc, Thôn Đa Phúc, Xã Sài Sơn, Huyện Quốc Oai, Hà Nội"
Voucher Cánh Gà Sốt Ngũ Vị 10 miếng tại Chicken Plus,Chicken Plus,"212 Nguyễn Lương Bằng, Phường Quang Trung, Quận Đống Đa, Hà Nội"
Voucher Cánh Gà Sốt Ngũ Vị 10 miếng tại Chicken Plus,Chicken Plus,"Số 114 Chùa Láng, P. Láng Thượng, Quận Đống Đa, Hà Nội"
Voucher Cánh Gà Sốt Ngũ Vị 10 miếng tại Chicken Plus,Chicken Plus,"27 Bạch Mai, Quận Hai Bà Trưng, Hà Nội"
Voucher Cánh Gà Sốt Ngũ Vị 10 miếng tại Chicken Plus,Chicken Plus,"419F tỉnh lộ 8, xã Phước Vĩnh An, Huyện Củ Chi, Hồ Chí Minh"
Voucher Cánh Gà Sốt Ngũ Vị 10 miếng tại Chicken Plus,Chicken Plus,"334 đường 27/4, thị trấn Phước Bửu, Xuyên Mộc, Bà Rịa – Vũng Tàu"
Voucher Cánh Gà Sốt Ngũ Vị 10 miếng tại Chicken Plus,Chicken Plus,"14 Đường 30, P. Bình Trưng Tây, Quận 2, Hồ Chí Minh"
Voucher Cánh Gà Sốt Ngũ Vị 10 miếng tại Chicken Plus,Chicken Plus,"33 Trần Hưng Đạo, P. Tân Thành, Quận Tân Phú, Hồ Chí Minh"
Voucher Cánh Gà Sốt Ngũ Vị 10 miếng tại Chicken Plus,Chicken Plus,"41/1 Tuyến 5 Bà Điểm, Ấp Tây Lân, Xã Bà Điểm, Huyện Hóc Môn, Hồ Chí Minh"
Voucher Cánh Gà Sốt Ngũ Vị 10 miếng tại Chicken Plus,Chicken Plus,"261 Nguyễn Văn Khối, P. 8, Quận Gò Vấp, Hồ Chí Minh"
Voucher Cánh Gà Sốt Ngũ Vị 10 miếng tại Chicken Plus,Chicken Plus,"431 Vườn Lài, P. Phú.Thọ, Quận Tân Phú, Hồ Chí Minh"
Voucher Cánh Gà Sốt Ngũ Vị 10 miếng tại Chicken Plus,Chicken Plus,"226 Nguyễn Tri Phương, P. 4, Quận 10, Hồ Chí Minh"
Voucher Cánh Gà Sốt Ngũ Vị 10 miếng tại Chicken Plus,Chicken Plus,"S6.05, Vinhomes Grand Park, Quận 9, Hồ Chí Minh"
Voucher Cánh Gà Sốt Ngũ Vị 10 miếng tại Chicken Plus,Chicken Plus,"241 Tôn Đản, Phường 15, Quận 4, Hồ Chí Minh"
Voucher Cánh Gà Sốt Ngũ Vị 10 miếng tại Chicken Plus,Chicken Plus,"356 đường 30/4, P.Chánh Nghĩa, Thủ Dầu Một, Bình Dương"
Voucher Cánh Gà Sốt Ngũ Vị 10 miếng tại Chicken Plus,Chicken Plus,"39 Nguyễn Thị Thập, P. Tân Phú, Quận 7, Hồ Chí Minh"
Voucher Cánh Gà Sốt Ngũ Vị 10 miếng tại Chicken Plus,Chicken Plus,"Ô 23 Lô L67, Đường NE8, Khu phố 3A, P. Thới Hoà, Bến Cát, Bình Dương"
Voucher Cánh Gà Sốt Ngũ Vị 10 miếng tại Chicken Plus,Chicken Plus,"105 Quách Điêu, xã Vĩnh Lộc A, huyện Bình Chánh, Hồ Chí Minh"
Voucher Cánh Gà Sốt Ngũ Vị 10 miếng tại Chicken Plus,Chicken Plus,"185 Nguyễn Thái Sơn, Phường 4, Quận Gò Vấp, Hồ Chí Minh"
Voucher Cánh Gà Sốt Ngũ Vị 10 miếng tại Chicken Plus,Chicken Plus,"10 Lê Lợi, Phường 1, Vũng Tàu, Bà Rịa - Vũng Tàu"
Voucher Cánh Gà Sốt Ngũ Vị 10 miếng tại Chicken Plus,Chicken Plus,"380 Lê Văn Lương, xã Phước Kiểng, Huyện Nhà Bè, Hồ Chí Minh"
Voucher Cánh Gà Sốt Ngũ Vị 10 miếng tại Chicken Plus,Chicken Plus,"192 Bà Hom, P. 13, Quận 6, Hồ Chí Minh"
Voucher Cánh Gà Sốt Ngũ Vị 10 miếng tại Chicken Plus,Chicken Plus,"số 374 Tỉnh lộ 15, xã Phú Hòa Đông, Huyện Củ Chi, Hồ Chí Minh"
Voucher Cánh Gà Sốt Ngũ Vị 10 miếng tại Chicken Plus,Chicken Plus,"135 Bình Thới, P. 11, Quận 11, Hồ Chí Minh"
Voucher Cánh Gà Sốt Ngũ Vị 10 miếng tại Chicken Plus,Chicken Plus,"43 Nguyễn Gia Trí, P. 25, Quận Bình Thạnh, Hồ Chí Minh"
Voucher Cánh Gà Sốt Ngũ Vị 10 miếng tại Chicken Plus,Chicken Plus,"47 Đường số 17, P. Linh Chiểu, Thủ Đức, Hồ Chí Minh"
Voucher Cánh Gà Sốt Ngũ Vị 10 miếng tại Chicken Plus,Chicken Plus,"9 Phạm Phú Thứ, P. 11, Quận Tân Bình, Hồ Chí Minh"
Voucher Cánh Gà Sốt Ngũ Vị 10 miếng tại Chicken Plus,Chicken Plus,"270 Thích Quảng Đức, P. Phú Cường, Thủ Dầu Một, Bình Dương"
Voucher Cánh Gà Sốt Ngũ Vị 10 miếng tại Chicken Plus,Chicken Plus,"850 Sư Vạn Hạnh, Quận 10, Hồ Chí Minh"
Voucher Cánh Gà Sốt Ngũ Vị 10 miếng tại Chicken Plus,Chicken Plus,"627A Nguyễn Văn Quá, P. Đông Hưng Thuận, Quận 12, Hồ Chí Minh"
Voucher Cánh Gà Sốt Ngũ Vị 10 miếng tại Chicken Plus,Chicken Plus,"1663 Huỳnh Tấn Phát, P. Phú Mỹ, Quận 7, Hồ Chí Minh"
Voucher Cánh Gà Sốt Ngũ Vị 10 miếng tại Chicken Plus,Chicken Plus,"Số 7, đường số 1, Trung tâm hội nghị, khu phố 2, P. Mỹ Phước, Bến Cát, Bình Dương"
Voucher Cánh Gà Sốt Ngũ Vị 10 miếng tại Chicken Plus,Chicken Plus,"30/24 Tô Ký, Xã Thới Tam Thôn, Huyện Hóc Môn, Hồ Chí Minh"
Voucher Cánh Gà Sốt Ngũ Vị 10 miếng tại Chicken Plus,Chicken Plus,"40c Nguyễn Văn Đậu, P. 5, Quận Phú Nhuận, Hồ Chí Minh"
Voucher Cánh Gà Sốt Ngũ Vị 10 miếng tại Chicken Plus,Chicken Plus,"89 Lê Đức Thọ, Phường 7, Quận Gò Vấp, Hồ Chí Minh"
Voucher Cánh Gà Sốt Ngũ Vị 10 miếng tại Chicken Plus,Chicken Plus,"442 Đ. Tỉnh Lộ 15, xã Phú Hoà Đông, Hồ Chí Minh."
Voucher Cánh Gà Sốt Ngũ Vị 10 miếng tại Chicken Plus,Chicken Plus,"291 Trần Đại Nghĩa, P. Hòa Hải, Quận Ngũ Hành Sơn, Đà Nẵng"
Voucher Cánh Gà Sốt Ngũ Vị 10 miếng tại Chicken Plus,Chicken Plus,"77 Nguyễn Nhàn, P Hòa Thọ Đông, Quận Cẩm Lệ, Đà Nẵng"
Voucher Cánh Gà Sốt Ngũ Vị 10 miếng tại Chicken Plus,Chicken Plus,"Số 4 Ngô Thì Nhậm, Phường Hòa Hương, Tam Kỳ, Quảng Nam"
Voucher Cánh Gà Sốt Ngũ Vị 10 miếng tại Chicken Plus,Chicken Plus,"163 Nguyễn Văn Linh, P.Thạc Gián, Quận Thanh Khê, Đà Nẵng"
Voucher Cánh Gà Sốt Ngũ Vị 10 miếng tại Chicken Plus,Chicken Plus,"70 Xô Viết Nghệ Tĩnh, P. Hoà Cường Nam, Quận Hải Châu, Đà Nẵng"
Voucher Cánh Gà Sốt Ngũ Vị 10 miếng tại Chicken Plus,Chicken Plus,"423 Lê Lợi, P. Ngô Quyền, Thành phố Hải Phòng, Hải Phòng"
Voucher Cánh Gà Sốt Ngũ Vị 10 miếng tại Chicken Plus,Chicken Plus,"212 Trưng Trắc, P. Trưng Trắc, Phúc Yên, Vĩnh Phúc"
Voucher Cánh Gà Sốt Ngũ Vị 10 miếng tại Chicken Plus,Chicken Plus,"Quảng trường Xuân Hòa, Đường Nguyễn Văn Linh, Phường Xuân Hòa, Phúc Yên, Vĩnh Phúc"
Voucher Cánh Gà Sốt Ngũ Vị 10 miếng tại Chicken Plus,Chicken Plus,"Khu đô thị mới phía Nam, xã Hiệp Hoà, Bắc Ninh"
Voucher Cánh Gà Sốt Ngũ Vị 10 miếng tại Chicken Plus,Chicken Plus,"Đường Âu Cơ, Thị trấn Hồ, Thuận Thành, Bắc Ninh"
Voucher Cánh Gà Sốt Ngũ Vị 10 miếng tại Chicken Plus,Chicken Plus,"Phố Cao Sơn, KĐT Minh Phương, P. Minh Phương, Việt Trì, Phú Thọ"
Voucher Cánh Gà Sốt Ngũ Vị 10 miếng tại Chicken Plus,Chicken Plus,"32 Minh Khai, Phường Minh Khai, Hà Giang"
Voucher Cánh Gà Sốt Ngũ Vị 10 miếng tại Chicken Plus,Chicken Plus,"D8 Tuyên Quang, P. Phú Thủy, Phan Thiết, Bình Thuận"
Voucher Cánh Gà Sốt Ngũ Vị 10 miếng tại Chicken Plus,Chicken Plus,"Số 124 tổ 15 khu 5B Quang Trung, Uông Bí, Quảng Ninh"
Voucher Cánh Gà Sốt Ngũ Vị 10 miếng tại Chicken Plus,Chicken Plus,"55 Võ Nguyên Giáp, P. Hồng Hải, Hạ Long, Quảng Ninh"
Voucher Cánh Gà Sốt Ngũ Vị 10 miếng tại Chicken Plus,Chicken Plus,"PĐ2.KT-01 K-Town, Vinhomes Ocean Park 2, Văn Giang, Hưng Yên"
Voucher Cánh Gà Sốt Ngũ Vị 10 miếng tại Chicken Plus,Chicken Plus,"Số nhà 5B, Phố Lưu Phương, Huyện Kim Sơn, Ninh Bình"
Voucher Cánh Gà Sốt Ngũ Vị 10 miếng tại Chicken Plus,Chicken Plus,"TTTM Shophouse Vạn Xuân, Đường Lam Sơn, Thị trấn Thọ Xuân, Thanh Hoá"
Voucher Cánh Gà Sốt Ngũ Vị 10 miếng tại Chicken Plus,Chicken Plus,"Số 19 Phan Đình Giót, Phường Nam Hà, Hà Tĩnh"
Voucher Cánh Gà Sốt Ngũ Vị 10 miếng tại Chicken Plus,Chicken Plus,"Số 5 Lê Duẩn, P. 2, Thành phố Đông Hà, Quảng Trị"
Voucher Cánh Gà Sốt Ngũ Vị 10 miếng tại Chicken Plus,Chicken Plus,"Quảng trường Đắk Mil, Huyện Đắk Mil, Đắk Nông"
Voucher Cánh Gà Sốt Ngũ Vị 10 miếng tại Chicken Plus,Chicken Plus,"69 Hai Bà Trưng, P. 1, Thị Xã Quảng Trị, Quảng Trị"
Voucher Cánh Gà Sốt Ngũ Vị 10 miếng tại Chicken Plus,Chicken Plus,"32 Nguyễn Tất Thành, xã Lệ Thuỷ, Quảng Trị"
Voucher Cánh Gà Sốt Ngũ Vị 10 miếng tại Chicken Plus,Chicken Plus,"196a Phan Đình Phùng, Chánh Lộ, Quảng Ngãi"
Voucher Cánh Gà Sốt Ngũ Vị 10 miếng tại Chicken Plus,Chicken Plus,"18 Võ Thị Sáu, P. Diên Hồng, Thành phố Pleiku, Gia Lai"
Voucher Cánh Gà Sốt Ngũ Vị 10 miếng tại Chicken Plus,Chicken Plus,"139 Phan Bội Châu, Phường Trần Hưng Đạo, Quy Nhơn, Bình Định"
Voucher Cánh Gà Sốt Ngũ Vị 10 miếng tại Chicken Plus,Chicken Plus,"31 Hai Bà Trưng, Thắng Lợi, Buôn Ma Thuột"
Voucher Cánh Gà Sốt Ngũ Vị 10 miếng tại Chicken Plus,Chicken Plus,"179 Lê Duẩn, Phường Cam Ranh, Khánh Hòa"
Voucher Cánh Gà Sốt Ngũ Vị 10 miếng tại Chicken Plus,Chicken Plus,"Căn hộ 5F CT3 đường Tố Hữu, KĐT VCN Phước Hải, Nha Trang, Khánh Hòa"
Voucher Cánh Gà Sốt Ngũ Vị 10 miếng tại Chicken Plus,Chicken Plus,"81 Sông Cạn Tổ dân phố 6, Phường Ninh Hiệp, Ninh Hòa, Khánh Hòa"
Voucher Cánh Gà Sốt Ngũ Vị 10 miếng tại Chicken Plus,Chicken Plus,"Căn 7F đường 19/5, CT2 KDT Vĩnh Điềm Trung, Xã Vĩnh Hiệp, Nha Trang, Khánh Hòa"
Voucher Cánh Gà Sốt Ngũ Vị 10 miếng tại Chicken Plus,Chicken Plus,"14 Nguyễn Công Trứ, Thành phố Bảo Lộc, Lâm Đồng"
Voucher Cánh Gà Sốt Ngũ Vị 10 miếng tại Chicken Plus,Chicken Plus,"52 Bà Triệu, P. 4, Thành phố Đà Lạt, Lâm Đồng"
Voucher Cánh Gà Sốt Ngũ Vị 10 miếng tại Chicken Plus,Chicken Plus,"Số 8, Huỳnh Tấn Phát, Mũi Né, Phan Thiết, Bình Thuận"
Voucher Cánh Gà Sốt Ngũ Vị 10 miếng tại Chicken Plus,Chicken Plus,"C04 Đường 30 Tháng 4, KP3, Trảng Bom, Đồng Nai"
Voucher Cánh Gà Sốt Ngũ Vị 10 miếng tại Chicken Plus,Chicken Plus,"199 Thích Quảng Đức, P. Xuân An, Long Khánh, Đồng Nai"
Voucher Cánh Gà Sốt Ngũ Vị 10 miếng tại Chicken Plus,Chicken Plus,"121 Lê Duẩn, P. Tân Phú, Thành phố Đồng Xoài, Bình Phước"
Voucher Cánh Gà Sốt Ngũ Vị 10 miếng tại Chicken Plus,Chicken Plus,"Đường Trần Phú, Đức Hoà, Thị trấn Đức Phong, Huyện Bù Đăng, Bình Phước"
Voucher Cánh Gà Sốt Ngũ Vị 10 miếng tại Chicken Plus,Chicken Plus,"230 Huỳnh Văn Lũy, P. Phú Lợi, Thủ Dầu Một, Bình Dương"
Voucher Cánh Gà Sốt Ngũ Vị 10 miếng tại Chicken Plus,Chicken Plus,"Số 1 Cao Bá Quát, Khu phố Đông Tân, P. Dĩ An, Dĩ An, Bình Dương"
Voucher Cánh Gà Sốt Ngũ Vị 10 miếng tại Chicken Plus,Chicken Plus,"772 Nguyễn Chí Thanh, Phường Hiệp An, Thủ Dầu Một, Bình Dương"
Voucher Cánh Gà Sốt Ngũ Vị 10 miếng tại Chicken Plus,Chicken Plus,"KDC chợ mới Gò Đen, Xã Phước Lợi, Huyện Bến Lức, Long An"
Voucher Cánh Gà Sốt Ngũ Vị 10 miếng tại Chicken Plus,Chicken Plus,"Đường Hùng Vương, Phường Phú Mỹ, Bà Rịa – Vũng Tàu"
Voucher Cánh Gà Sốt Ngũ Vị 10 miếng tại Chicken Plus,Chicken Plus,"KP Bình Giang 1, P. Sơn Giang, Phước Long, Bình Phước"
Voucher Cánh Gà Sốt Ngũ Vị 10 miếng tại Chicken Plus,Chicken Plus,"385E, ĐT 824, Khu phố 5, Thị trấn Đức Hoà, Huyện Đức Hoà, Long An"
Voucher Cánh Gà Sốt Ngũ Vị 10 miếng tại Chicken Plus,Chicken Plus,"38 DT825 Thị trấn Hậu Nghĩa, Huyện Đức Hòa, Long An"
Voucher Cánh Gà Sốt Ngũ Vị 10 miếng tại Chicken Plus,Chicken Plus,"Số nhà 751 Đường tỉnh lộ 10, ấp Bình Tiền 1 , xã Đức Hoà Hạ , Huyện Đức Hoà, Long An"
Voucher Cánh Gà Sốt Ngũ Vị 10 miếng tại Chicken Plus,Chicken Plus,"Số 720 DT824 Ấp Mới 2, Mỹ Hạnh Nam, Huyện Đức Hòa, Long An"
Voucher Cánh Gà Sốt Ngũ Vị 10 miếng tại Chicken Plus,Chicken Plus,"số 01 Lê Văn Vị, P. Cái Vồn, Thị xã Bình Minh, Vĩnh Long"
Voucher Cánh Gà Sốt Ngũ Vị 10 miếng tại Chicken Plus,Chicken Plus,"365 Đường Gò Tháp, Khóm 1, Mỹ An, Tháp Mười, Đồng Tháp"
Voucher Cánh Gà Sốt Ngũ Vị 10 miếng tại Chicken Plus,Chicken Plus,"152 Hùng Vương, P.2, Cao Lãnh, Đồng Tháp"
Voucher Cánh Gà Sốt Ngũ Vị 10 miếng tại Chicken Plus,Chicken Plus,"39 Tôn Đức Thắng, P. Mỹ Bình, Long Xuyên, An Giang"
Voucher Cánh Gà Sốt Ngũ Vị 10 miếng tại Chicken Plus,Chicken Plus,"187 Đường 30/4, Dương Đông, Phú Quốc, Kiên Giang"
Voucher Gà chiên truyền thống nửa con tại Chicken Plus,Chicken Plus,"Chân chung cư ICID Complex, Cổng số 1, Khu C, Geleximco Lê Trọng Tấn, Dương nội, Quận Hà Đông, Hà Nội"
Voucher Gà chiên truyền thống nửa con tại Chicken Plus,Chicken Plus,"Xóm Đồng Mạc, Thôn Đa Phúc, Xã Sài Sơn, Huyện Quốc Oai, Hà Nội"
Voucher Gà chiên truyền thống nửa con tại Chicken Plus,Chicken Plus,"212 Nguyễn Lương Bằng, Phường Quang Trung, Quận Đống Đa, Hà Nội"
Voucher Gà chiên truyền thống nửa con tại Chicken Plus,Chicken Plus,"Số 114 Chùa Láng, P. Láng Thượng, Quận Đống Đa, Hà Nội"
Voucher Gà chiên truyền thống nửa con tại Chicken Plus,Chicken Plus,"27 Bạch Mai, Quận Hai Bà Trưng, Hà Nội"
Voucher Gà chiên truyền thống nửa con tại Chicken Plus,Chicken Plus,"419F tỉnh lộ 8, xã Phước Vĩnh An, Huyện Củ Chi, Hồ Chí Minh"
Voucher Gà chiên truyền thống nửa con tại Chicken Plus,Chicken Plus,"334 đường 27/4, thị trấn Phước Bửu, Xuyên Mộc, Bà Rịa – Vũng Tàu"
Voucher Gà chiên truyền thống nửa con tại Chicken Plus,Chicken Plus,"14 Đường 30, P. Bình Trưng Tây, Quận 2, Hồ Chí Minh"
Voucher Gà chiên truyền thống nửa con tại Chicken Plus,Chicken Plus,"33 Trần Hưng Đạo, P. Tân Thành, Quận Tân Phú, Hồ Chí Minh"
Voucher Gà chiên truyền thống nửa con tại Chicken Plus,Chicken Plus,"41/1 Tuyến 5 Bà Điểm, Ấp Tây Lân, Xã Bà Điểm, Huyện Hóc Môn, Hồ Chí Minh"
Voucher Gà chiên truyền thống nửa con tại Chicken Plus,Chicken Plus,"261 Nguyễn Văn Khối, P. 8, Quận Gò Vấp, Hồ Chí Minh"
Voucher Gà chiên truyền thống nửa con tại Chicken Plus,Chicken Plus,"431 Vườn Lài, P. Phú.Thọ, Quận Tân Phú, Hồ Chí Minh"
Voucher Gà chiên truyền thống nửa con tại Chicken Plus,Chicken Plus,"226 Nguyễn Tri Phương, P. 4, Quận 10, Hồ Chí Minh"
Voucher Gà chiên truyền thống nửa con tại Chicken Plus,Chicken Plus,"S6.05, Vinhomes Grand Park, Quận 9, Hồ Chí Minh"
Voucher Gà chiên truyền thống nửa con tại Chicken Plus,Chicken Plus,"241 Tôn Đản, Phường 15, Quận 4, Hồ Chí Minh"
Voucher Gà chiên truyền thống nửa con tại Chicken Plus,Chicken Plus,"356 đường 30/4, P.Chánh Nghĩa, Thủ Dầu Một, Bình Dương"
Voucher Gà chiên truyền thống nửa con tại Chicken Plus,Chicken Plus,"39 Nguyễn Thị Thập, P. Tân Phú, Quận 7, Hồ Chí Minh"
Voucher Gà chiên truyền thống nửa con tại Chicken Plus,Chicken Plus,"Ô 23 Lô L67, Đường NE8, Khu phố 3A, P. Thới Hoà, Bến Cát, Bình Dương"
Voucher Gà chiên truyền thống nửa con tại Chicken Plus,Chicken Plus,"105 Quách Điêu, xã Vĩnh Lộc A, huyện Bình Chánh, Hồ Chí Minh"
Voucher Gà chiên truyền thống nửa con tại Chicken Plus,Chicken Plus,"185 Nguyễn Thái Sơn, Phường 4, Quận Gò Vấp, Hồ Chí Minh"
Voucher Gà chiên truyền thống nửa con tại Chicken Plus,Chicken Plus,"10 Lê Lợi, Phường 1, Vũng Tàu, Bà Rịa - Vũng Tàu"
Voucher Gà chiên truyền thống nửa con tại Chicken Plus,Chicken Plus,"380 Lê Văn Lương, xã Phước Kiểng, Huyện Nhà Bè, Hồ Chí Minh"
Voucher Gà chiên truyền thống nửa con tại Chicken Plus,Chicken Plus,"192 Bà Hom, P. 13, Quận 6, Hồ Chí Minh"
Voucher Gà chiên truyền thống nửa con tại Chicken Plus,Chicken Plus,"số 374 Tỉnh lộ 15, xã Phú Hòa Đông, Huyện Củ Chi, Hồ Chí Minh"
Voucher Gà chiên truyền thống nửa con tại Chicken Plus,Chicken Plus,"135 Bình Thới, P. 11, Quận 11, Hồ Chí Minh"
Voucher Gà chiên truyền thống nửa con tại Chicken Plus,Chicken Plus,"43 Nguyễn Gia Trí, P. 25, Quận Bình Thạnh, Hồ Chí Minh"
Voucher Gà chiên truyền thống nửa con tại Chicken Plus,Chicken Plus,"47 Đường số 17, P. Linh Chiểu, Thủ Đức, Hồ Chí Minh"
Voucher Gà chiên truyền thống nửa con tại Chicken Plus,Chicken Plus,"9 Phạm Phú Thứ, P. 11, Quận Tân Bình, Hồ Chí Minh"
Voucher Gà chiên truyền thống nửa con tại Chicken Plus,Chicken Plus,"270 Thích Quảng Đức, P. Phú Cường, Thủ Dầu Một, Bình Dương"
Voucher Gà chiên truyền thống nửa con tại Chicken Plus,Chicken Plus,"850 Sư Vạn Hạnh, Quận 10, Hồ Chí Minh"
Voucher Gà chiên truyền thống nửa con tại Chicken Plus,Chicken Plus,"627A Nguyễn Văn Quá, P. Đông Hưng Thuận, Quận 12, Hồ Chí Minh"
Voucher Gà chiên truyền thống nửa con tại Chicken Plus,Chicken Plus,"1663 Huỳnh Tấn Phát, P. Phú Mỹ, Quận 7, Hồ Chí Minh"
Voucher Gà chiên truyền thống nửa con tại Chicken Plus,Chicken Plus,"Số 7, đường số 1, Trung tâm hội nghị, khu phố 2, P. Mỹ Phước, Bến Cát, Bình Dương"
Voucher Gà chiên truyền thống nửa con tại Chicken Plus,Chicken Plus,"30/24 Tô Ký, Xã Thới Tam Thôn, Huyện Hóc Môn, Hồ Chí Minh"
Voucher Gà chiên truyền thống nửa con tại Chicken Plus,Chicken Plus,"40c Nguyễn Văn Đậu, P. 5, Quận Phú Nhuận, Hồ Chí Minh"
Voucher Gà chiên truyền thống nửa con tại Chicken Plus,Chicken Plus,"89 Lê Đức Thọ, Phường 7, Quận Gò Vấp, Hồ Chí Minh"
Voucher Gà chiên truyền thống nửa con tại Chicken Plus,Chicken Plus,"442 Đ. Tỉnh Lộ 15, xã Phú Hoà Đông, Hồ Chí Minh."
Voucher Gà chiên truyền thống nửa con tại Chicken Plus,Chicken Plus,"291 Trần Đại Nghĩa, P. Hòa Hải, Quận Ngũ Hành Sơn, Đà Nẵng"
Voucher Gà chiên truyền thống nửa con tại Chicken Plus,Chicken Plus,"77 Nguyễn Nhàn, P Hòa Thọ Đông, Quận Cẩm Lệ, Đà Nẵng"
Voucher Gà chiên truyền thống nửa con tại Chicken Plus,Chicken Plus,"Số 4 Ngô Thì Nhậm, Phường Hòa Hương, Tam Kỳ, Quảng Nam"
Voucher Gà chiên truyền thống nửa con tại Chicken Plus,Chicken Plus,"163 Nguyễn Văn Linh, P.Thạc Gián, Quận Thanh Khê, Đà Nẵng"
Voucher Gà chiên truyền thống nửa con tại Chicken Plus,Chicken Plus,"70 Xô Viết Nghệ Tĩnh, P. Hoà Cường Nam, Quận Hải Châu, Đà Nẵng"
Voucher Gà chiên truyền thống nửa con tại Chicken Plus,Chicken Plus,"423 Lê Lợi, P. Ngô Quyền, Thành phố Hải Phòng, Hải Phòng"
Voucher Gà chiên truyền thống nửa con tại Chicken Plus,Chicken Plus,"212 Trưng Trắc, P. Trưng Trắc, Phúc Yên, Vĩnh Phúc"
Voucher Gà chiên truyền thống nửa con tại Chicken Plus,Chicken Plus,"Quảng trường Xuân Hòa, Đường Nguyễn Văn Linh, Phường Xuân Hòa, Phúc Yên, Vĩnh Phúc"
Voucher Gà chiên truyền thống nửa con tại Chicken Plus,Chicken Plus,"Khu đô thị mới phía Nam, xã Hiệp Hoà, Bắc Ninh"
Voucher Gà chiên truyền thống nửa con tại Chicken Plus,Chicken Plus,"Đường Âu Cơ, Thị trấn Hồ, Thuận Thành, Bắc Ninh"
Voucher Gà chiên truyền thống nửa con tại Chicken Plus,Chicken Plus,"Phố Cao Sơn, KĐT Minh Phương, P. Minh Phương, Việt Trì, Phú Thọ"
Voucher Gà chiên truyền thống nửa con tại Chicken Plus,Chicken Plus,"32 Minh Khai, Phường Minh Khai, Hà Giang"
Voucher Gà chiên truyền thống nửa con tại Chicken Plus,Chicken Plus,"D8 Tuyên Quang, P. Phú Thủy, Phan Thiết, Bình Thuận"
Voucher Gà chiên truyền thống nửa con tại Chicken Plus,Chicken Plus,"Số 124 tổ 15 khu 5B Quang Trung, Uông Bí, Quảng Ninh"
Voucher Gà chiên truyền thống nửa con tại Chicken Plus,Chicken Plus,"55 Võ Nguyên Giáp, P. Hồng Hải, Hạ Long, Quảng Ninh"
Voucher Gà chiên truyền thống nửa con tại Chicken Plus,Chicken Plus,"PĐ2.KT-01 K-Town, Vinhomes Ocean Park 2, Văn Giang, Hưng Yên"
Voucher Gà chiên truyền thống nửa con tại Chicken Plus,Chicken Plus,"Số nhà 5B, Phố Lưu Phương, Huyện Kim Sơn, Ninh Bình"
Voucher Gà chiên truyền thống nửa con tại Chicken Plus,Chicken Plus,"TTTM Shophouse Vạn Xuân, Đường Lam Sơn, Thị trấn Thọ Xuân, Thanh Hoá"
Voucher Gà chiên truyền thống nửa con tại Chicken Plus,Chicken Plus,"Số 19 Phan Đình Giót, Phường Nam Hà, Hà Tĩnh"
Voucher Gà chiên truyền thống nửa con tại Chicken Plus,Chicken Plus,"Số 5 Lê Duẩn, P. 2, Thành phố Đông Hà, Quảng Trị"
Voucher Gà chiên truyền thống nửa con tại Chicken Plus,Chicken Plus,"Quảng trường Đắk Mil, Huyện Đắk Mil, Đắk Nông"
Voucher Gà chiên truyền thống nửa con tại Chicken Plus,Chicken Plus,"69 Hai Bà Trưng, P. 1, Thị Xã Quảng Trị, Quảng Trị"
Voucher Gà chiên truyền thống nửa con tại Chicken Plus,Chicken Plus,"32 Nguyễn Tất Thành, xã Lệ Thuỷ, Quảng Trị"
Voucher Gà chiên truyền thống nửa con tại Chicken Plus,Chicken Plus,"196a Phan Đình Phùng, Chánh Lộ, Quảng Ngãi"
Voucher Gà chiên truyền thống nửa con tại Chicken Plus,Chicken Plus,"18 Võ Thị Sáu, P. Diên Hồng, Thành phố Pleiku, Gia Lai"
Voucher Gà chiên truyền thống nửa con tại Chicken Plus,Chicken Plus,"139 Phan Bội Châu, Phường Trần Hưng Đạo, Quy Nhơn, Bình Định"
Voucher Gà chiên truyền thống nửa con tại Chicken Plus,Chicken Plus,"31 Hai Bà Trưng, Thắng Lợi, Buôn Ma Thuột"
Voucher Gà chiên truyền thống nửa con tại Chicken Plus,Chicken Plus,"179 Lê Duẩn, Phường Cam Ranh, Khánh Hòa"
Voucher Gà chiên truyền thống nửa con tại Chicken Plus,Chicken Plus,"81 Sông Cạn Tổ dân phố 6, Phường Ninh Hiệp, Ninh Hòa, Khánh Hòa"
Voucher Gà chiên truyền thống nửa con tại Chicken Plus,Chicken Plus,"Căn hộ 5F CT3 đường Tố Hữu, KĐT VCN Phước Hải, Nha Trang, Khánh Hòa"
Voucher Gà chiên truyền thống nửa con tại Chicken Plus,Chicken Plus,"Căn 7F đường 19/5, CT2 KDT Vĩnh Điềm Trung, Xã Vĩnh Hiệp, Nha Trang, Khánh Hòa"
Voucher Gà chiên truyền thống nửa con tại Chicken Plus,Chicken Plus,"52 Bà Triệu, P. 4, Thành phố Đà Lạt, Lâm Đồng"
Voucher Gà chiên truyền thống nửa con tại Chicken Plus,Chicken Plus,"14 Nguyễn Công Trứ, Thành phố Bảo Lộc, Lâm Đồng"
Voucher Gà chiên truyền thống nửa con tại Chicken Plus,Chicken Plus,"Số 8, Huỳnh Tấn Phát, Mũi Né, Phan Thiết, Bình Thuận"
Voucher Gà chiên truyền thống nửa con tại Chicken Plus,Chicken Plus,"C04 Đường 30 Tháng 4, KP3, Trảng Bom, Đồng Nai"
Voucher Gà chiên truyền thống nửa con tại Chicken Plus,Chicken Plus,"199 Thích Quảng Đức, P. Xuân An, Long Khánh, Đồng Nai"
Voucher Gà chiên truyền thống nửa con tại Chicken Plus,Chicken Plus,"121 Lê Duẩn, P. Tân Phú, Thành phố Đồng Xoài, Bình Phước"
Voucher Gà chiên truyền thống nửa con tại Chicken Plus,Chicken Plus,"Đường Trần Phú, Đức Hoà, Thị trấn Đức Phong, Huyện Bù Đăng, Bình Phước"
Voucher Gà chiên truyền thống nửa con tại Chicken Plus,Chicken Plus,"230 Huỳnh Văn Lũy, P. Phú Lợi, Thủ Dầu Một, Bình Dương"
Voucher Gà chiên truyền thống nửa con tại Chicken Plus,Chicken Plus,"Số 1 Cao Bá Quát, Khu phố Đông Tân, P. Dĩ An, Dĩ An, Bình Dương"
Voucher Gà chiên truyền thống nửa con tại Chicken Plus,Chicken Plus,"772 Nguyễn Chí Thanh, Phường Hiệp An, Thủ Dầu Một, Bình Dương"
Voucher Gà chiên truyền thống nửa con tại Chicken Plus,Chicken Plus,"KDC chợ mới Gò Đen, Xã Phước Lợi, Huyện Bến Lức, Long An"
Voucher Gà chiên truyền thống nửa con tại Chicken Plus,Chicken Plus,"Đường Hùng Vương, Phường Phú Mỹ, Bà Rịa – Vũng Tàu"
Voucher Gà chiên truyền thống nửa con tại Chicken Plus,Chicken Plus,"KP Bình Giang 1, P. Sơn Giang, Phước Long, Bình Phước"
Voucher Gà chiên truyền thống nửa con tại Chicken Plus,Chicken Plus,"385E, ĐT 824, Khu phố 5, Thị trấn Đức Hoà, Huyện Đức Hoà, Long An"
Voucher Gà chiên truyền thống nửa con tại Chicken Plus,Chicken Plus,"38 DT825 Thị trấn Hậu Nghĩa, Huyện Đức Hòa, Long An"
Voucher Gà chiên truyền thống nửa con tại Chicken Plus,Chicken Plus,"Số nhà 751 Đường tỉnh lộ 10, ấp Bình Tiền 1 , xã Đức Hoà Hạ , Huyện Đức Hoà, Long An"
Voucher Gà chiên truyền thống nửa con tại Chicken Plus,Chicken Plus,"Số 720 DT824 Ấp Mới 2, Mỹ Hạnh Nam, Huyện Đức Hòa, Long An"
Voucher Gà chiên truyền thống nửa con tại Chicken Plus,Chicken Plus,"số 01 Lê Văn Vị, P. Cái Vồn, Thị xã Bình Minh, Vĩnh Long"
Voucher Gà chiên truyền thống nửa con tại Chicken Plus,Chicken Plus,"365 Đường Gò Tháp, Khóm 1, Mỹ An, Tháp Mười, Đồng Tháp"
Voucher Gà chiên truyền thống nửa con tại Chicken Plus,Chicken Plus,"152 Hùng Vương, P.2, Cao Lãnh, Đồng Tháp"
Voucher Gà chiên truyền thống nửa con tại Chicken Plus,Chicken Plus,"39 Tôn Đức Thắng, P. Mỹ Bình, Long Xuyên, An Giang"
Voucher Gà chiên truyền thống nửa con tại Chicken Plus,Chicken Plus,"187 Đường 30/4, Dương Đông, Phú Quốc, Kiên Giang"
Voucher Gà chiên sốt ngũ vị nửa con tại Chicken Plus,Chicken Plus,"Chân chung cư ICID Complex, Cổng số 1, Khu C, Geleximco Lê Trọng Tấn, Dương nội, Quận Hà Đông, Hà Nội"
Voucher Gà chiên sốt ngũ vị nửa con tại Chicken Plus,Chicken Plus,"Xóm Đồng Mạc, Thôn Đa Phúc, Xã Sài Sơn, Huyện Quốc Oai, Hà Nội"
Voucher Gà chiên sốt ngũ vị nửa con tại Chicken Plus,Chicken Plus,"212 Nguyễn Lương Bằng, Phường Quang Trung, Quận Đống Đa, Hà Nội"
Voucher Gà chiên sốt ngũ vị nửa con tại Chicken Plus,Chicken Plus,"Số 114 Chùa Láng, P. Láng Thượng, Quận Đống Đa, Hà Nội"
Voucher Gà chiên sốt ngũ vị nửa con tại Chicken Plus,Chicken Plus,"27 Bạch Mai, Quận Hai Bà Trưng, Hà Nội"
Voucher Gà chiên sốt ngũ vị nửa con tại Chicken Plus,Chicken Plus,"419F tỉnh lộ 8, xã Phước Vĩnh An, Huyện Củ Chi, Hồ Chí Minh"
Voucher Gà chiên sốt ngũ vị nửa con tại Chicken Plus,Chicken Plus,"334 đường 27/4, thị trấn Phước Bửu, Xuyên Mộc, Bà Rịa – Vũng Tàu"
Voucher Gà chiên sốt ngũ vị nửa con tại Chicken Plus,Chicken Plus,"14 Đường 30, P. Bình Trưng Tây, Quận 2, Hồ Chí Minh"
Voucher Gà chiên sốt ngũ vị nửa con tại Chicken Plus,Chicken Plus,"33 Trần Hưng Đạo, P. Tân Thành, Quận Tân Phú, Hồ Chí Minh"
Voucher Gà chiên sốt ngũ vị nửa con tại Chicken Plus,Chicken Plus,"41/1 Tuyến 5 Bà Điểm, Ấp Tây Lân, Xã Bà Điểm, Huyện Hóc Môn, Hồ Chí Minh"
Voucher Gà chiên sốt ngũ vị nửa con tại Chicken Plus,Chicken Plus,"261 Nguyễn Văn Khối, P. 8, Quận Gò Vấp, Hồ Chí Minh"
Voucher Gà chiên sốt ngũ vị nửa con tại Chicken Plus,Chicken Plus,"431 Vườn Lài, P. Phú.Thọ, Quận Tân Phú, Hồ Chí Minh"
Voucher Gà chiên sốt ngũ vị nửa con tại Chicken Plus,Chicken Plus,"226 Nguyễn Tri Phương, P. 4, Quận 10, Hồ Chí Minh"
Voucher Gà chiên sốt ngũ vị nửa con tại Chicken Plus,Chicken Plus,"S6.05, Vinhomes Grand Park, Quận 9, Hồ Chí Minh"
Voucher Gà chiên sốt ngũ vị nửa con tại Chicken Plus,Chicken Plus,"241 Tôn Đản, Phường 15, Quận 4, Hồ Chí Minh"
Voucher Gà chiên sốt ngũ vị nửa con tại Chicken Plus,Chicken Plus,"356 đường 30/4, P.Chánh Nghĩa, Thủ Dầu Một, Bình Dương"
Voucher Gà chiên sốt ngũ vị nửa con tại Chicken Plus,Chicken Plus,"39 Nguyễn Thị Thập, P. Tân Phú, Quận 7, Hồ Chí Minh"
Voucher Gà chiên sốt ngũ vị nửa con tại Chicken Plus,Chicken Plus,"Ô 23 Lô L67, Đường NE8, Khu phố 3A, P. Thới Hoà, Bến Cát, Bình Dương"
Voucher Gà chiên sốt ngũ vị nửa con tại Chicken Plus,Chicken Plus,"105 Quách Điêu, xã Vĩnh Lộc A, huyện Bình Chánh, Hồ Chí Minh"
Voucher Gà chiên sốt ngũ vị nửa con tại Chicken Plus,Chicken Plus,"185 Nguyễn Thái Sơn, Phường 4, Quận Gò Vấp, Hồ Chí Minh"
Voucher Gà chiên sốt ngũ vị nửa con tại Chicken Plus,Chicken Plus,"10 Lê Lợi, Phường 1, Vũng Tàu, Bà Rịa - Vũng Tàu"
Voucher Gà chiên sốt ngũ vị nửa con tại Chicken Plus,Chicken Plus,"380 Lê Văn Lương, xã Phước Kiểng, Huyện Nhà Bè, Hồ Chí Minh"
Voucher Gà chiên sốt ngũ vị nửa con tại Chicken Plus,Chicken Plus,"192 Bà Hom, P. 13, Quận 6, Hồ Chí Minh"
Voucher Gà chiên sốt ngũ vị nửa con tại Chicken Plus,Chicken Plus,"số 374 Tỉnh lộ 15, xã Phú Hòa Đông, Huyện Củ Chi, Hồ Chí Minh"
Voucher Gà chiên sốt ngũ vị nửa con tại Chicken Plus,Chicken Plus,"135 Bình Thới, P. 11, Quận 11, Hồ Chí Minh"
Voucher Gà chiên sốt ngũ vị nửa con tại Chicken Plus,Chicken Plus,"43 Nguyễn Gia Trí, P. 25, Quận Bình Thạnh, Hồ Chí Minh"
Voucher Gà chiên sốt ngũ vị nửa con tại Chicken Plus,Chicken Plus,"47 Đường số 17, P. Linh Chiểu, Thủ Đức, Hồ Chí Minh"
Voucher Gà chiên sốt ngũ vị nửa con tại Chicken Plus,Chicken Plus,"9 Phạm Phú Thứ, P. 11, Quận Tân Bình, Hồ Chí Minh"
Voucher Gà chiên sốt ngũ vị nửa con tại Chicken Plus,Chicken Plus,"270 Thích Quảng Đức, P. Phú Cường, Thủ Dầu Một, Bình Dương"
Voucher Gà chiên sốt ngũ vị nửa con tại Chicken Plus,Chicken Plus,"850 Sư Vạn Hạnh, Quận 10, Hồ Chí Minh"
Voucher Gà chiên sốt ngũ vị nửa con tại Chicken Plus,Chicken Plus,"627A Nguyễn Văn Quá, P. Đông Hưng Thuận, Quận 12, Hồ Chí Minh"
Voucher Gà chiên sốt ngũ vị nửa con tại Chicken Plus,Chicken Plus,"1663 Huỳnh Tấn Phát, P. Phú Mỹ, Quận 7, Hồ Chí Minh"
Voucher Gà chiên sốt ngũ vị nửa con tại Chicken Plus,Chicken Plus,"Số 7, đường số 1, Trung tâm hội nghị, khu phố 2, P. Mỹ Phước, Bến Cát, Bình Dương"
Voucher Gà chiên sốt ngũ vị nửa con tại Chicken Plus,Chicken Plus,"30/24 Tô Ký, Xã Thới Tam Thôn, Huyện Hóc Môn, Hồ Chí Minh"
Voucher Gà chiên sốt ngũ vị nửa con tại Chicken Plus,Chicken Plus,"40c Nguyễn Văn Đậu, P. 5, Quận Phú Nhuận, Hồ Chí Minh"
Voucher Gà chiên sốt ngũ vị nửa con tại Chicken Plus,Chicken Plus,"89 Lê Đức Thọ, Phường 7, Quận Gò Vấp, Hồ Chí Minh"
Voucher Gà chiên sốt ngũ vị nửa con tại Chicken Plus,Chicken Plus,"442 Đ. Tỉnh Lộ 15, xã Phú Hoà Đông, Hồ Chí Minh."
Voucher Gà chiên sốt ngũ vị nửa con tại Chicken Plus,Chicken Plus,"291 Trần Đại Nghĩa, P. Hòa Hải, Quận Ngũ Hành Sơn, Đà Nẵng"
Voucher Gà chiên sốt ngũ vị nửa con tại Chicken Plus,Chicken Plus,"77 Nguyễn Nhàn, P Hòa Thọ Đông, Quận Cẩm Lệ, Đà Nẵng"
Voucher Gà chiên sốt ngũ vị nửa con tại Chicken Plus,Chicken Plus,"Số 4 Ngô Thì Nhậm, Phường Hòa Hương, Tam Kỳ, Quảng Nam"
Voucher Gà chiên sốt ngũ vị nửa con tại Chicken Plus,Chicken Plus,"163 Nguyễn Văn Linh, P.Thạc Gián, Quận Thanh Khê, Đà Nẵng"
Voucher Gà chiên sốt ngũ vị nửa con tại Chicken Plus,Chicken Plus,"70 Xô Viết Nghệ Tĩnh, P. Hoà Cường Nam, Quận Hải Châu, Đà Nẵng"
Voucher Gà chiên sốt ngũ vị nửa con tại Chicken Plus,Chicken Plus,"423 Lê Lợi, P. Ngô Quyền, Thành phố Hải Phòng, Hải Phòng"
Voucher Gà chiên sốt ngũ vị nửa con tại Chicken Plus,Chicken Plus,"212 Trưng Trắc, P. Trưng Trắc, Phúc Yên, Vĩnh Phúc"
Voucher Gà chiên sốt ngũ vị nửa con tại Chicken Plus,Chicken Plus,"Quảng trường Xuân Hòa, Đường Nguyễn Văn Linh, Phường Xuân Hòa, Phúc Yên, Vĩnh Phúc"
Voucher Gà chiên sốt ngũ vị nửa con tại Chicken Plus,Chicken Plus,"Khu đô thị mới phía Nam, xã Hiệp Hoà, Bắc Ninh"
Voucher Gà chiên sốt ngũ vị nửa con tại Chicken Plus,Chicken Plus,"Đường Âu Cơ, Thị trấn Hồ, Thuận Thành, Bắc Ninh"
Voucher Gà chiên sốt ngũ vị nửa con tại Chicken Plus,Chicken Plus,"Phố Cao Sơn, KĐT Minh Phương, P. Minh Phương, Việt Trì, Phú Thọ"
Voucher Gà chiên sốt ngũ vị nửa con tại Chicken Plus,Chicken Plus,"32 Minh Khai, Phường Minh Khai, Hà Giang"
Voucher Gà chiên sốt ngũ vị nửa con tại Chicken Plus,Chicken Plus,"D8 Tuyên Quang, P. Phú Thủy, Phan Thiết, Bình Thuận"
Voucher Gà chiên sốt ngũ vị nửa con tại Chicken Plus,Chicken Plus,"Số 124 tổ 15 khu 5B Quang Trung, Uông Bí, Quảng Ninh"
Voucher Gà chiên sốt ngũ vị nửa con tại Chicken Plus,Chicken Plus,"55 Võ Nguyên Giáp, P. Hồng Hải, Hạ Long, Quảng Ninh"
Voucher Gà chiên sốt ngũ vị nửa con tại Chicken Plus,Chicken Plus,"PĐ2.KT-01 K-Town, Vinhomes Ocean Park 2, Văn Giang, Hưng Yên"
Voucher Gà chiên sốt ngũ vị nửa con tại Chicken Plus,Chicken Plus,"Số nhà 5B, Phố Lưu Phương, Huyện Kim Sơn, Ninh Bình"
Voucher Gà chiên sốt ngũ vị nửa con tại Chicken Plus,Chicken Plus,"TTTM Shophouse Vạn Xuân, Đường Lam Sơn, Thị trấn Thọ Xuân, Thanh Hoá"
Voucher Gà chiên sốt ngũ vị nửa con tại Chicken Plus,Chicken Plus,"Số 19 Phan Đình Giót, Phường Nam Hà, Hà Tĩnh"
Voucher Gà chiên sốt ngũ vị nửa con tại Chicken Plus,Chicken Plus,"Số 5 Lê Duẩn, P. 2, Thành phố Đông Hà, Quảng Trị"
Voucher Gà chiên sốt ngũ vị nửa con tại Chicken Plus,Chicken Plus,"Quảng trường Đắk Mil, Huyện Đắk Mil, Đắk Nông"
Voucher Gà chiên sốt ngũ vị nửa con tại Chicken Plus,Chicken Plus,"69 Hai Bà Trưng, P. 1, Thị Xã Quảng Trị, Quảng Trị"
Voucher Gà chiên sốt ngũ vị nửa con tại Chicken Plus,Chicken Plus,"32 Nguyễn Tất Thành, xã Lệ Thuỷ, Quảng Trị"
Voucher Gà chiên sốt ngũ vị nửa con tại Chicken Plus,Chicken Plus,"196a Phan Đình Phùng, Chánh Lộ, Quảng Ngãi"
Voucher Gà chiên sốt ngũ vị nửa con tại Chicken Plus,Chicken Plus,"18 Võ Thị Sáu, P. Diên Hồng, Thành phố Pleiku, Gia Lai"
Voucher Gà chiên sốt ngũ vị nửa con tại Chicken Plus,Chicken Plus,"139 Phan Bội Châu, Phường Trần Hưng Đạo, Quy Nhơn, Bình Định"
Voucher Gà chiên sốt ngũ vị nửa con tại Chicken Plus,Chicken Plus,"31 Hai Bà Trưng, Thắng Lợi, Buôn Ma Thuột"
Voucher Gà chiên sốt ngũ vị nửa con tại Chicken Plus,Chicken Plus,"179 Lê Duẩn, Phường Cam Ranh, Khánh Hòa"
Voucher Gà chiên sốt ngũ vị nửa con tại Chicken Plus,Chicken Plus,"81 Sông Cạn Tổ dân phố 6, Phường Ninh Hiệp, Ninh Hòa, Khánh Hòa"
Voucher Gà chiên sốt ngũ vị nửa con tại Chicken Plus,Chicken Plus,"Căn hộ 5F CT3 đường Tố Hữu, KĐT VCN Phước Hải, Nha Trang, Khánh Hòa"
Voucher Gà chiên sốt ngũ vị nửa con tại Chicken Plus,Chicken Plus,"Căn 7F đường 19/5, CT2 KDT Vĩnh Điềm Trung, Xã Vĩnh Hiệp, Nha Trang, Khánh Hòa"
Voucher Gà chiên sốt ngũ vị nửa con tại Chicken Plus,Chicken Plus,"52 Bà Triệu, P. 4, Thành phố Đà Lạt, Lâm Đồng"
Voucher Gà chiên sốt ngũ vị nửa con tại Chicken Plus,Chicken Plus,"14 Nguyễn Công Trứ, Thành phố Bảo Lộc, Lâm Đồng"
Voucher Gà chiên sốt ngũ vị nửa con tại Chicken Plus,Chicken Plus,"Số 8, Huỳnh Tấn Phát, Mũi Né, Phan Thiết, Bình Thuận"
Voucher Gà chiên sốt ngũ vị nửa con tại Chicken Plus,Chicken Plus,"C04 Đường 30 Tháng 4, KP3, Trảng Bom, Đồng Nai"
Voucher Gà chiên sốt ngũ vị nửa con tại Chicken Plus,Chicken Plus,"199 Thích Quảng Đức, P. Xuân An, Long Khánh, Đồng Nai"
Voucher Gà chiên sốt ngũ vị nửa con tại Chicken Plus,Chicken Plus,"121 Lê Duẩn, P. Tân Phú, Thành phố Đồng Xoài, Bình Phước"
Voucher Gà chiên sốt ngũ vị nửa con tại Chicken Plus,Chicken Plus,"Đường Trần Phú, Đức Hoà, Thị trấn Đức Phong, Huyện Bù Đăng, Bình Phước"
Voucher Gà chiên sốt ngũ vị nửa con tại Chicken Plus,Chicken Plus,"230 Huỳnh Văn Lũy, P. Phú Lợi, Thủ Dầu Một, Bình Dương"
Voucher Gà chiên sốt ngũ vị nửa con tại Chicken Plus,Chicken Plus,"Số 1 Cao Bá Quát, Khu phố Đông Tân, P. Dĩ An, Dĩ An, Bình Dương"
Voucher Gà chiên sốt ngũ vị nửa con tại Chicken Plus,Chicken Plus,"772 Nguyễn Chí Thanh, Phường Hiệp An, Thủ Dầu Một, Bình Dương"
Voucher Gà chiên sốt ngũ vị nửa con tại Chicken Plus,Chicken Plus,"KDC chợ mới Gò Đen, Xã Phước Lợi, Huyện Bến Lức, Long An"
Voucher Gà chiên sốt ngũ vị nửa con tại Chicken Plus,Chicken Plus,"Đường Hùng Vương, Phường Phú Mỹ, Bà Rịa – Vũng Tàu"
Voucher Gà chiên sốt ngũ vị nửa con tại Chicken Plus,Chicken Plus,"KP Bình Giang 1, P. Sơn Giang, Phước Long, Bình Phước"
Voucher Gà chiên sốt ngũ vị nửa con tại Chicken Plus,Chicken Plus,"385E, ĐT 824, Khu phố 5, Thị trấn Đức Hoà, Huyện Đức Hoà, Long An"
Voucher Gà chiên sốt ngũ vị nửa con tại Chicken Plus,Chicken Plus,"38 DT825 Thị trấn Hậu Nghĩa, Huyện Đức Hòa, Long An"
Voucher Gà chiên sốt ngũ vị nửa con tại Chicken Plus,Chicken Plus,"Số nhà 751 Đường tỉnh lộ 10, ấp Bình Tiền 1 , xã Đức Hoà Hạ , Huyện Đức Hoà, Long An"
Voucher Gà chiên sốt ngũ vị nửa con tại Chicken Plus,Chicken Plus,"Số 720 DT824 Ấp Mới 2, Mỹ Hạnh Nam, Huyện Đức Hòa, Long An"
Voucher Gà chiên sốt ngũ vị nửa con tại Chicken Plus,Chicken Plus,"số 01 Lê Văn Vị, P. Cái Vồn, Thị xã Bình Minh, Vĩnh Long"
Voucher Gà chiên sốt ngũ vị nửa con tại Chicken Plus,Chicken Plus,"365 Đường Gò Tháp, Khóm 1, Mỹ An, Tháp Mười, Đồng Tháp"
Voucher Gà chiên sốt ngũ vị nửa con tại Chicken Plus,Chicken Plus,"152 Hùng Vương, P.2, Cao Lãnh, Đồng Tháp"
Voucher Gà chiên sốt ngũ vị nửa con tại Chicken Plus,Chicken Plus,"39 Tôn Đức Thắng, P. Mỹ Bình, Long Xuyên, An Giang"
Voucher Gà chiên sốt ngũ vị nửa con tại Chicken Plus,Chicken Plus,"187 Đường 30/4, Dương Đông, Phú Quốc, Kiên Giang"
Voucher Gà chiên sốt Creamy Onion nửa con tại Chicken Plus,Chicken Plus,"Chân chung cư ICID Complex, Cổng số 1, Khu C, Geleximco Lê Trọng Tấn, Dương nội, Quận Hà Đông, Hà Nội"
Voucher Gà chiên sốt Creamy Onion nửa con tại Chicken Plus,Chicken Plus,"Xóm Đồng Mạc, Thôn Đa Phúc, Xã Sài Sơn, Huyện Quốc Oai, Hà Nội"
Voucher Gà chiên sốt Creamy Onion nửa con tại Chicken Plus,Chicken Plus,"212 Nguyễn Lương Bằng, Phường Quang Trung, Quận Đống Đa, Hà Nội"
Voucher Gà chiên sốt Creamy Onion nửa con tại Chicken Plus,Chicken Plus,"Số 114 Chùa Láng, P. Láng Thượng, Quận Đống Đa, Hà Nội"
Voucher Gà chiên sốt Creamy Onion nửa con tại Chicken Plus,Chicken Plus,"27 Bạch Mai, Quận Hai Bà Trưng, Hà Nội"
Voucher Gà chiên sốt Creamy Onion nửa con tại Chicken Plus,Chicken Plus,"419F tỉnh lộ 8, xã Phước Vĩnh An, Huyện Củ Chi, Hồ Chí Minh"
Voucher Gà chiên sốt Creamy Onion nửa con tại Chicken Plus,Chicken Plus,"334 đường 27/4, thị trấn Phước Bửu, Xuyên Mộc, Bà Rịa – Vũng Tàu"
Voucher Gà chiên sốt Creamy Onion nửa con tại Chicken Plus,Chicken Plus,"14 Đường 30, P. Bình Trưng Tây, Quận 2, Hồ Chí Minh"
Voucher Gà chiên sốt Creamy Onion nửa con tại Chicken Plus,Chicken Plus,"33 Trần Hưng Đạo, P. Tân Thành, Quận Tân Phú, Hồ Chí Minh"
Voucher Gà chiên sốt Creamy Onion nửa con tại Chicken Plus,Chicken Plus,"41/1 Tuyến 5 Bà Điểm, Ấp Tây Lân, Xã Bà Điểm, Huyện Hóc Môn, Hồ Chí Minh"
Voucher Gà chiên sốt Creamy Onion nửa con tại Chicken Plus,Chicken Plus,"261 Nguyễn Văn Khối, P. 8, Quận Gò Vấp, Hồ Chí Minh"
Voucher Gà chiên sốt Creamy Onion nửa con tại Chicken Plus,Chicken Plus,"431 Vườn Lài, P. Phú.Thọ, Quận Tân Phú, Hồ Chí Minh"
Voucher Gà chiên sốt Creamy Onion nửa con tại Chicken Plus,Chicken Plus,"226 Nguyễn Tri Phương, P. 4, Quận 10, Hồ Chí Minh"
Voucher Gà chiên sốt Creamy Onion nửa con tại Chicken Plus,Chicken Plus,"S6.05, Vinhomes Grand Park, Quận 9, Hồ Chí Minh"
Voucher Gà chiên sốt Creamy Onion nửa con tại Chicken Plus,Chicken Plus,"241 Tôn Đản, Phường 15, Quận 4, Hồ Chí Minh"
Voucher Gà chiên sốt Creamy Onion nửa con tại Chicken Plus,Chicken Plus,"356 đường 30/4, P.Chánh Nghĩa, Thủ Dầu Một, Bình Dương"
Voucher Gà chiên sốt Creamy Onion nửa con tại Chicken Plus,Chicken Plus,"39 Nguyễn Thị Thập, P. Tân Phú, Quận 7, Hồ Chí Minh"
Voucher Gà chiên sốt Creamy Onion nửa con tại Chicken Plus,Chicken Plus,"Ô 23 Lô L67, Đường NE8, Khu phố 3A, P. Thới Hoà, Bến Cát, Bình Dương"
Voucher Gà chiên sốt Creamy Onion nửa con tại Chicken Plus,Chicken Plus,"105 Quách Điêu, xã Vĩnh Lộc A, huyện Bình Chánh, Hồ Chí Minh"
Voucher Gà chiên sốt Creamy Onion nửa con tại Chicken Plus,Chicken Plus,"185 Nguyễn Thái Sơn, Phường 4, Quận Gò Vấp, Hồ Chí Minh"
Voucher Gà chiên sốt Creamy Onion nửa con tại Chicken Plus,Chicken Plus,"10 Lê Lợi, Phường 1, Vũng Tàu, Bà Rịa - Vũng Tàu"
Voucher Gà chiên sốt Creamy Onion nửa con tại Chicken Plus,Chicken Plus,"380 Lê Văn Lương, xã Phước Kiểng, Huyện Nhà Bè, Hồ Chí Minh"
Voucher Gà chiên sốt Creamy Onion nửa con tại Chicken Plus,Chicken Plus,"192 Bà Hom, P. 13, Quận 6, Hồ Chí Minh"
Voucher Gà chiên sốt Creamy Onion nửa con tại Chicken Plus,Chicken Plus,"số 374 Tỉnh lộ 15, xã Phú Hòa Đông, Huyện Củ Chi, Hồ Chí Minh"
Voucher Gà chiên sốt Creamy Onion nửa con tại Chicken Plus,Chicken Plus,"135 Bình Thới, P. 11, Quận 11, Hồ Chí Minh"
Voucher Gà chiên sốt Creamy Onion nửa con tại Chicken Plus,Chicken Plus,"43 Nguyễn Gia Trí, P. 25, Quận Bình Thạnh, Hồ Chí Minh"
Voucher Gà chiên sốt Creamy Onion nửa con tại Chicken Plus,Chicken Plus,"47 Đường số 17, P. Linh Chiểu, Thủ Đức, Hồ Chí Minh"
Voucher Gà chiên sốt Creamy Onion nửa con tại Chicken Plus,Chicken Plus,"9 Phạm Phú Thứ, P. 11, Quận Tân Bình, Hồ Chí Minh"
Voucher Gà chiên sốt Creamy Onion nửa con tại Chicken Plus,Chicken Plus,"270 Thích Quảng Đức, P. Phú Cường, Thủ Dầu Một, Bình Dương"
Voucher Gà chiên sốt Creamy Onion nửa con tại Chicken Plus,Chicken Plus,"850 Sư Vạn Hạnh, Quận 10, Hồ Chí Minh"
Voucher Gà chiên sốt Creamy Onion nửa con tại Chicken Plus,Chicken Plus,"627A Nguyễn Văn Quá, P. Đông Hưng Thuận, Quận 12, Hồ Chí Minh"
Voucher Gà chiên sốt Creamy Onion nửa con tại Chicken Plus,Chicken Plus,"1663 Huỳnh Tấn Phát, P. Phú Mỹ, Quận 7, Hồ Chí Minh"
Voucher Gà chiên sốt Creamy Onion nửa con tại Chicken Plus,Chicken Plus,"Số 7, đường số 1, Trung tâm hội nghị, khu phố 2, P. Mỹ Phước, Bến Cát, Bình Dương"
Voucher Gà chiên sốt Creamy Onion nửa con tại Chicken Plus,Chicken Plus,"30/24 Tô Ký, Xã Thới Tam Thôn, Huyện Hóc Môn, Hồ Chí Minh"
Voucher Gà chiên sốt Creamy Onion nửa con tại Chicken Plus,Chicken Plus,"40c Nguyễn Văn Đậu, P. 5, Quận Phú Nhuận, Hồ Chí Minh"
Voucher Gà chiên sốt Creamy Onion nửa con tại Chicken Plus,Chicken Plus,"89 Lê Đức Thọ, Phường 7, Quận Gò Vấp, Hồ Chí Minh"
Voucher Gà chiên sốt Creamy Onion nửa con tại Chicken Plus,Chicken Plus,"442 Đ. Tỉnh Lộ 15, xã Phú Hoà Đông, Hồ Chí Minh."
Voucher Gà chiên sốt Creamy Onion nửa con tại Chicken Plus,Chicken Plus,"291 Trần Đại Nghĩa, P. Hòa Hải, Quận Ngũ Hành Sơn, Đà Nẵng"
Voucher Gà chiên sốt Creamy Onion nửa con tại Chicken Plus,Chicken Plus,"77 Nguyễn Nhàn, P Hòa Thọ Đông, Quận Cẩm Lệ, Đà Nẵng"
Voucher Gà chiên sốt Creamy Onion nửa con tại Chicken Plus,Chicken Plus,"Số 4 Ngô Thì Nhậm, Phường Hòa Hương, Tam Kỳ, Quảng Nam"
Voucher Gà chiên sốt Creamy Onion nửa con tại Chicken Plus,Chicken Plus,"163 Nguyễn Văn Linh, P.Thạc Gián, Quận Thanh Khê, Đà Nẵng"
Voucher Gà chiên sốt Creamy Onion nửa con tại Chicken Plus,Chicken Plus,"70 Xô Viết Nghệ Tĩnh, P. Hoà Cường Nam, Quận Hải Châu, Đà Nẵng"
Voucher Gà chiên sốt Creamy Onion nửa con tại Chicken Plus,Chicken Plus,"423 Lê Lợi, P. Ngô Quyền, Thành phố Hải Phòng, Hải Phòng"
Voucher Gà chiên sốt Creamy Onion nửa con tại Chicken Plus,Chicken Plus,"212 Trưng Trắc, P. Trưng Trắc, Phúc Yên, Vĩnh Phúc"
Voucher Gà chiên sốt Creamy Onion nửa con tại Chicken Plus,Chicken Plus,"Quảng trường Xuân Hòa, Đường Nguyễn Văn Linh, Phường Xuân Hòa, Phúc Yên, Vĩnh Phúc"
Voucher Gà chiên sốt Creamy Onion nửa con tại Chicken Plus,Chicken Plus,"Khu đô thị mới phía Nam, xã Hiệp Hoà, Bắc Ninh"
Voucher Gà chiên sốt Creamy Onion nửa con tại Chicken Plus,Chicken Plus,"Đường Âu Cơ, Thị trấn Hồ, Thuận Thành, Bắc Ninh"
Voucher Gà chiên sốt Creamy Onion nửa con tại Chicken Plus,Chicken Plus,"Phố Cao Sơn, KĐT Minh Phương, P. Minh Phương, Việt Trì, Phú Thọ"
Voucher Gà chiên sốt Creamy Onion nửa con tại Chicken Plus,Chicken Plus,"32 Minh Khai, Phường Minh Khai, Hà Giang"
Voucher Gà chiên sốt Creamy Onion nửa con tại Chicken Plus,Chicken Plus,"D8 Tuyên Quang, P. Phú Thủy, Phan Thiết, Bình Thuận"
Voucher Gà chiên sốt Creamy Onion nửa con tại Chicken Plus,Chicken Plus,"Số 124 tổ 15 khu 5B Quang Trung, Uông Bí, Quảng Ninh"
Voucher Gà chiên sốt Creamy Onion nửa con tại Chicken Plus,Chicken Plus,"55 Võ Nguyên Giáp, P. Hồng Hải, Hạ Long, Quảng Ninh"
Voucher Gà chiên sốt Creamy Onion nửa con tại Chicken Plus,Chicken Plus,"PĐ2.KT-01 K-Town, Vinhomes Ocean Park 2, Văn Giang, Hưng Yên"
Voucher Gà chiên sốt Creamy Onion nửa con tại Chicken Plus,Chicken Plus,"Số nhà 5B, Phố Lưu Phương, Huyện Kim Sơn, Ninh Bình"
Voucher Gà chiên sốt Creamy Onion nửa con tại Chicken Plus,Chicken Plus,"TTTM Shophouse Vạn Xuân, Đường Lam Sơn, Thị trấn Thọ Xuân, Thanh Hoá"
Voucher Gà chiên sốt Creamy Onion nửa con tại Chicken Plus,Chicken Plus,"Số 19 Phan Đình Giót, Phường Nam Hà, Hà Tĩnh"
Voucher Gà chiên sốt Creamy Onion nửa con tại Chicken Plus,Chicken Plus,"Số 5 Lê Duẩn, P. 2, Thành phố Đông Hà, Quảng Trị"
Voucher Gà chiên sốt Creamy Onion nửa con tại Chicken Plus,Chicken Plus,"Quảng trường Đắk Mil, Huyện Đắk Mil, Đắk Nông"
Voucher Gà chiên sốt Creamy Onion nửa con tại Chicken Plus,Chicken Plus,"69 Hai Bà Trưng, P. 1, Thị Xã Quảng Trị, Quảng Trị"
Voucher Gà chiên sốt Creamy Onion nửa con tại Chicken Plus,Chicken Plus,"32 Nguyễn Tất Thành, xã Lệ Thuỷ, Quảng Trị"
Voucher Gà chiên sốt Creamy Onion nửa con tại Chicken Plus,Chicken Plus,"196a Phan Đình Phùng, Chánh Lộ, Quảng Ngãi"
Voucher Gà chiên sốt Creamy Onion nửa con tại Chicken Plus,Chicken Plus,"18 Võ Thị Sáu, P. Diên Hồng, Thành phố Pleiku, Gia Lai"
Voucher Gà chiên sốt Creamy Onion nửa con tại Chicken Plus,Chicken Plus,"139 Phan Bội Châu, Phường Trần Hưng Đạo, Quy Nhơn, Bình Định"
Voucher Gà chiên sốt Creamy Onion nửa con tại Chicken Plus,Chicken Plus,"31 Hai Bà Trưng, Thắng Lợi, Buôn Ma Thuột"
Voucher Gà chiên sốt Creamy Onion nửa con tại Chicken Plus,Chicken Plus,"179 Lê Duẩn, Phường Cam Ranh, Khánh Hòa"
Voucher Gà chiên sốt Creamy Onion nửa con tại Chicken Plus,Chicken Plus,"81 Sông Cạn Tổ dân phố 6, Phường Ninh Hiệp, Ninh Hòa, Khánh Hòa"
Voucher Gà chiên sốt Creamy Onion nửa con tại Chicken Plus,Chicken Plus,"Căn hộ 5F CT3 đường Tố Hữu, KĐT VCN Phước Hải, Nha Trang, Khánh Hòa"
Voucher Gà chiên sốt Creamy Onion nửa con tại Chicken Plus,Chicken Plus,"Căn 7F đường 19/5, CT2 KDT Vĩnh Điềm Trung, Xã Vĩnh Hiệp, Nha Trang, Khánh Hòa"
Voucher Gà chiên sốt Creamy Onion nửa con tại Chicken Plus,Chicken Plus,"52 Bà Triệu, P. 4, Thành phố Đà Lạt, Lâm Đồng"
Voucher Gà chiên sốt Creamy Onion nửa con tại Chicken Plus,Chicken Plus,"14 Nguyễn Công Trứ, Thành phố Bảo Lộc, Lâm Đồng"
Voucher Gà chiên sốt Creamy Onion nửa con tại Chicken Plus,Chicken Plus,"Số 8, Huỳnh Tấn Phát, Mũi Né, Phan Thiết, Bình Thuận"
Voucher Gà chiên sốt Creamy Onion nửa con tại Chicken Plus,Chicken Plus,"C04 Đường 30 Tháng 4, KP3, Trảng Bom, Đồng Nai"
Voucher Gà chiên sốt Creamy Onion nửa con tại Chicken Plus,Chicken Plus,"199 Thích Quảng Đức, P. Xuân An, Long Khánh, Đồng Nai"
Voucher Gà chiên sốt Creamy Onion nửa con tại Chicken Plus,Chicken Plus,"121 Lê Duẩn, P. Tân Phú, Thành phố Đồng Xoài, Bình Phước"
Voucher Gà chiên sốt Creamy Onion nửa con tại Chicken Plus,Chicken Plus,"Đường Trần Phú, Đức Hoà, Thị trấn Đức Phong, Huyện Bù Đăng, Bình Phước"
Voucher Gà chiên sốt Creamy Onion nửa con tại Chicken Plus,Chicken Plus,"230 Huỳnh Văn Lũy, P. Phú Lợi, Thủ Dầu Một, Bình Dương"
Voucher Gà chiên sốt Creamy Onion nửa con tại Chicken Plus,Chicken Plus,"Số 1 Cao Bá Quát, Khu phố Đông Tân, P. Dĩ An, Dĩ An, Bình Dương"
Voucher Gà chiên sốt Creamy Onion nửa con tại Chicken Plus,Chicken Plus,"772 Nguyễn Chí Thanh, Phường Hiệp An, Thủ Dầu Một, Bình Dương"
Voucher Gà chiên sốt Creamy Onion nửa con tại Chicken Plus,Chicken Plus,"KDC chợ mới Gò Đen, Xã Phước Lợi, Huyện Bến Lức, Long An"
Voucher Gà chiên sốt Creamy Onion nửa con tại Chicken Plus,Chicken Plus,"Đường Hùng Vương, Phường Phú Mỹ, Bà Rịa – Vũng Tàu"
Voucher Gà chiên sốt Creamy Onion nửa con tại Chicken Plus,Chicken Plus,"KP Bình Giang 1, P. Sơn Giang, Phước Long, Bình Phước"
Voucher Gà chiên sốt Creamy Onion nửa con tại Chicken Plus,Chicken Plus,"385E, ĐT 824, Khu phố 5, Thị trấn Đức Hoà, Huyện Đức Hoà, Long An"
Voucher Gà chiên sốt Creamy Onion nửa con tại Chicken Plus,Chicken Plus,"38 DT825 Thị trấn Hậu Nghĩa, Huyện Đức Hòa, Long An"
Voucher Gà chiên sốt Creamy Onion nửa con tại Chicken Plus,Chicken Plus,"Số nhà 751 Đường tỉnh lộ 10, ấp Bình Tiền 1 , xã Đức Hoà Hạ , Huyện Đức Hoà, Long An"
Voucher Gà chiên sốt Creamy Onion nửa con tại Chicken Plus,Chicken Plus,"Số 720 DT824 Ấp Mới 2, Mỹ Hạnh Nam, Huyện Đức Hòa, Long An"
Voucher Gà chiên sốt Creamy Onion nửa con tại Chicken Plus,Chicken Plus,"số 01 Lê Văn Vị, P. Cái Vồn, Thị xã Bình Minh, Vĩnh Long"
Voucher Gà chiên sốt Creamy Onion nửa con tại Chicken Plus,Chicken Plus,"365 Đường Gò Tháp, Khóm 1, Mỹ An, Tháp Mười, Đồng Tháp"
Voucher Gà chiên sốt Creamy Onion nửa con tại Chicken Plus,Chicken Plus,"152 Hùng Vương, P.2, Cao Lãnh, Đồng Tháp"
Voucher Gà chiên sốt Creamy Onion nửa con tại Chicken Plus,Chicken Plus,"39 Tôn Đức Thắng, P. Mỹ Bình, Long Xuyên, An Giang"
Voucher Gà chiên sốt Creamy Onion nửa con tại Chicken Plus,Chicken Plus,"187 Đường 30/4, Dương Đông, Phú Quốc, Kiên Giang"
Voucher Gà không xương truyền thống lớn tại Chicken Plus,Chicken Plus,"Chân chung cư ICID Complex, Cổng số 1, Khu C, Geleximco Lê Trọng Tấn, Dương nội, Quận Hà Đông, Hà Nội"
Voucher Gà không xương truyền thống lớn tại Chicken Plus,Chicken Plus,"Xóm Đồng Mạc, Thôn Đa Phúc, Xã Sài Sơn, Huyện Quốc Oai, Hà Nội"
Voucher Gà không xương truyền thống lớn tại Chicken Plus,Chicken Plus,"212 Nguyễn Lương Bằng, Phường Quang Trung, Quận Đống Đa, Hà Nội"
Voucher Gà không xương truyền thống lớn tại Chicken Plus,Chicken Plus,"Số 114 Chùa Láng, P. Láng Thượng, Quận Đống Đa, Hà Nội"
Voucher Gà không xương truyền thống lớn tại Chicken Plus,Chicken Plus,"27 Bạch Mai, Quận Hai Bà Trưng, Hà Nội"
Voucher Gà không xương truyền thống lớn tại Chicken Plus,Chicken Plus,"419F tỉnh lộ 8, xã Phước Vĩnh An, Huyện Củ Chi, Hồ Chí Minh"
Voucher Gà không xương truyền thống lớn tại Chicken Plus,Chicken Plus,"334 đường 27/4, thị trấn Phước Bửu, Xuyên Mộc, Bà Rịa – Vũng Tàu"
Voucher Gà không xương truyền thống lớn tại Chicken Plus,Chicken Plus,"14 Đường 30, P. Bình Trưng Tây, Quận 2, Hồ Chí Minh"
Voucher Gà không xương truyền thống lớn tại Chicken Plus,Chicken Plus,"33 Trần Hưng Đạo, P. Tân Thành, Quận Tân Phú, Hồ Chí Minh"
Voucher Gà không xương truyền thống lớn tại Chicken Plus,Chicken Plus,"41/1 Tuyến 5 Bà Điểm, Ấp Tây Lân, Xã Bà Điểm, Huyện Hóc Môn, Hồ Chí Minh"
Voucher Gà không xương truyền thống lớn tại Chicken Plus,Chicken Plus,"261 Nguyễn Văn Khối, P. 8, Quận Gò Vấp, Hồ Chí Minh"
Voucher Gà không xương truyền thống lớn tại Chicken Plus,Chicken Plus,"431 Vườn Lài, P. Phú.Thọ, Quận Tân Phú, Hồ Chí Minh"
Voucher Gà không xương truyền thống lớn tại Chicken Plus,Chicken Plus,"226 Nguyễn Tri Phương, P. 4, Quận 10, Hồ Chí Minh"
Voucher Gà không xương truyền thống lớn tại Chicken Plus,Chicken Plus,"S6.05, Vinhomes Grand Park, Quận 9, Hồ Chí Minh"
Voucher Gà không xương truyền thống lớn tại Chicken Plus,Chicken Plus,"241 Tôn Đản, Phường 15, Quận 4, Hồ Chí Minh"
Voucher Gà không xương truyền thống lớn tại Chicken Plus,Chicken Plus,"356 đường 30/4, P.Chánh Nghĩa, Thủ Dầu Một, Bình Dương"
Voucher Gà không xương truyền thống lớn tại Chicken Plus,Chicken Plus,"39 Nguyễn Thị Thập, P. Tân Phú, Quận 7, Hồ Chí Minh"
Voucher Gà không xương truyền thống lớn tại Chicken Plus,Chicken Plus,"Ô 23 Lô L67, Đường NE8, Khu phố 3A, P. Thới Hoà, Bến Cát, Bình Dương"
Voucher Gà không xương truyền thống lớn tại Chicken Plus,Chicken Plus,"105 Quách Điêu, xã Vĩnh Lộc A, huyện Bình Chánh, Hồ Chí Minh"
Voucher Gà không xương truyền thống lớn tại Chicken Plus,Chicken Plus,"185 Nguyễn Thái Sơn, Phường 4, Quận Gò Vấp, Hồ Chí Minh"
Voucher Gà không xương truyền thống lớn tại Chicken Plus,Chicken Plus,"10 Lê Lợi, Phường 1, Vũng Tàu, Bà Rịa - Vũng Tàu"
Voucher Gà không xương truyền thống lớn tại Chicken Plus,Chicken Plus,"380 Lê Văn Lương, xã Phước Kiểng, Huyện Nhà Bè, Hồ Chí Minh"
Voucher Gà không xương truyền thống lớn tại Chicken Plus,Chicken Plus,"192 Bà Hom, P. 13, Quận 6, Hồ Chí Minh"
Voucher Gà không xương truyền thống lớn tại Chicken Plus,Chicken Plus,"số 374 Tỉnh lộ 15, xã Phú Hòa Đông, Huyện Củ Chi, Hồ Chí Minh"
Voucher Gà không xương truyền thống lớn tại Chicken Plus,Chicken Plus,"135 Bình Thới, P. 11, Quận 11, Hồ Chí Minh"
Voucher Gà không xương truyền thống lớn tại Chicken Plus,Chicken Plus,"43 Nguyễn Gia Trí, P. 25, Quận Bình Thạnh, Hồ Chí Minh"
Voucher Gà không xương truyền thống lớn tại Chicken Plus,Chicken Plus,"47 Đường số 17, P. Linh Chiểu, Thủ Đức, Hồ Chí Minh"
Voucher Gà không xương truyền thống lớn tại Chicken Plus,Chicken Plus,"9 Phạm Phú Thứ, P. 11, Quận Tân Bình, Hồ Chí Minh"
Voucher Gà không xương truyền thống lớn tại Chicken Plus,Chicken Plus,"270 Thích Quảng Đức, P. Phú Cường, Thủ Dầu Một, Bình Dương"
Voucher Gà không xương truyền thống lớn tại Chicken Plus,Chicken Plus,"850 Sư Vạn Hạnh, Quận 10, Hồ Chí Minh"
Voucher Gà không xương truyền thống lớn tại Chicken Plus,Chicken Plus,"627A Nguyễn Văn Quá, P. Đông Hưng Thuận, Quận 12, Hồ Chí Minh"
Voucher Gà không xương truyền thống lớn tại Chicken Plus,Chicken Plus,"1663 Huỳnh Tấn Phát, P. Phú Mỹ, Quận 7, Hồ Chí Minh"
Voucher Gà không xương truyền thống lớn tại Chicken Plus,Chicken Plus,"Số 7, đường số 1, Trung tâm hội nghị, khu phố 2, P. Mỹ Phước, Bến Cát, Bình Dương"
Voucher Gà không xương truyền thống lớn tại Chicken Plus,Chicken Plus,"30/24 Tô Ký, Xã Thới Tam Thôn, Huyện Hóc Môn, Hồ Chí Minh"
Voucher Gà không xương truyền thống lớn tại Chicken Plus,Chicken Plus,"40c Nguyễn Văn Đậu, P. 5, Quận Phú Nhuận, Hồ Chí Minh"
Voucher Gà không xương truyền thống lớn tại Chicken Plus,Chicken Plus,"89 Lê Đức Thọ, Phường 7, Quận Gò Vấp, Hồ Chí Minh"
Voucher Gà không xương truyền thống lớn tại Chicken Plus,Chicken Plus,"442 Đ. Tỉnh Lộ 15, xã Phú Hoà Đông, Hồ Chí Minh."
Voucher Gà không xương truyền thống lớn tại Chicken Plus,Chicken Plus,"291 Trần Đại Nghĩa, P. Hòa Hải, Quận Ngũ Hành Sơn, Đà Nẵng"
Voucher Gà không xương truyền thống lớn tại Chicken Plus,Chicken Plus,"77 Nguyễn Nhàn, P Hòa Thọ Đông, Quận Cẩm Lệ, Đà Nẵng"
Voucher Gà không xương truyền thống lớn tại Chicken Plus,Chicken Plus,"Số 4 Ngô Thì Nhậm, Phường Hòa Hương, Tam Kỳ, Quảng Nam"
Voucher Gà không xương truyền thống lớn tại Chicken Plus,Chicken Plus,"163 Nguyễn Văn Linh, P.Thạc Gián, Quận Thanh Khê, Đà Nẵng"
Voucher Gà không xương truyền thống lớn tại Chicken Plus,Chicken Plus,"70 Xô Viết Nghệ Tĩnh, P. Hoà Cường Nam, Quận Hải Châu, Đà Nẵng"
Voucher Gà không xương truyền thống lớn tại Chicken Plus,Chicken Plus,"423 Lê Lợi, P. Ngô Quyền, Thành phố Hải Phòng, Hải Phòng"
Voucher Gà không xương truyền thống lớn tại Chicken Plus,Chicken Plus,"212 Trưng Trắc, P. Trưng Trắc, Phúc Yên, Vĩnh Phúc"
Voucher Gà không xương truyền thống lớn tại Chicken Plus,Chicken Plus,"Quảng trường Xuân Hòa, Đường Nguyễn Văn Linh, Phường Xuân Hòa, Phúc Yên, Vĩnh Phúc"
Voucher Gà không xương truyền thống lớn tại Chicken Plus,Chicken Plus,"Khu đô thị mới phía Nam, xã Hiệp Hoà, Bắc Ninh"
Voucher Gà không xương truyền thống lớn tại Chicken Plus,Chicken Plus,"Đường Âu Cơ, Thị trấn Hồ, Thuận Thành, Bắc Ninh"
Voucher Gà không xương truyền thống lớn tại Chicken Plus,Chicken Plus,"Phố Cao Sơn, KĐT Minh Phương, P. Minh Phương, Việt Trì, Phú Thọ"
Voucher Gà không xương truyền thống lớn tại Chicken Plus,Chicken Plus,"32 Minh Khai, Phường Minh Khai, Hà Giang"
Voucher Gà không xương truyền thống lớn tại Chicken Plus,Chicken Plus,"D8 Tuyên Quang, P. Phú Thủy, Phan Thiết, Bình Thuận"
Voucher Gà không xương truyền thống lớn tại Chicken Plus,Chicken Plus,"Số 124 tổ 15 khu 5B Quang Trung, Uông Bí, Quảng Ninh"
Voucher Gà không xương truyền thống lớn tại Chicken Plus,Chicken Plus,"55 Võ Nguyên Giáp, P. Hồng Hải, Hạ Long, Quảng Ninh"
Voucher Gà không xương truyền thống lớn tại Chicken Plus,Chicken Plus,"PĐ2.KT-01 K-Town, Vinhomes Ocean Park 2, Văn Giang, Hưng Yên"
Voucher Gà không xương truyền thống lớn tại Chicken Plus,Chicken Plus,"Số nhà 5B, Phố Lưu Phương, Huyện Kim Sơn, Ninh Bình"
Voucher Gà không xương truyền thống lớn tại Chicken Plus,Chicken Plus,"TTTM Shophouse Vạn Xuân, Đường Lam Sơn, Thị trấn Thọ Xuân, Thanh Hoá"
Voucher Gà không xương truyền thống lớn tại Chicken Plus,Chicken Plus,"Số 19 Phan Đình Giót, Phường Nam Hà, Hà Tĩnh"
Voucher Gà không xương truyền thống lớn tại Chicken Plus,Chicken Plus,"Số 5 Lê Duẩn, P. 2, Thành phố Đông Hà, Quảng Trị"
Voucher Gà không xương truyền thống lớn tại Chicken Plus,Chicken Plus,"Quảng trường Đắk Mil, Huyện Đắk Mil, Đắk Nông"
Voucher Gà không xương truyền thống lớn tại Chicken Plus,Chicken Plus,"69 Hai Bà Trưng, P. 1, Thị Xã Quảng Trị, Quảng Trị"
Voucher Gà không xương truyền thống lớn tại Chicken Plus,Chicken Plus,"32 Nguyễn Tất Thành, xã Lệ Thuỷ, Quảng Trị"
Voucher Gà không xương truyền thống lớn tại Chicken Plus,Chicken Plus,"196a Phan Đình Phùng, Chánh Lộ, Quảng Ngãi"
Voucher Gà không xương truyền thống lớn tại Chicken Plus,Chicken Plus,"18 Võ Thị Sáu, P. Diên Hồng, Thành phố Pleiku, Gia Lai"
Voucher Gà không xương truyền thống lớn tại Chicken Plus,Chicken Plus,"139 Phan Bội Châu, Phường Trần Hưng Đạo, Quy Nhơn, Bình Định"
Voucher Gà không xương truyền thống lớn tại Chicken Plus,Chicken Plus,"31 Hai Bà Trưng, Thắng Lợi, Buôn Ma Thuột"
Voucher Gà không xương truyền thống lớn tại Chicken Plus,Chicken Plus,"179 Lê Duẩn, Phường Cam Ranh, Khánh Hòa"
Voucher Gà không xương truyền thống lớn tại Chicken Plus,Chicken Plus,"81 Sông Cạn Tổ dân phố 6, Phường Ninh Hiệp, Ninh Hòa, Khánh Hòa"
Voucher Gà không xương truyền thống lớn tại Chicken Plus,Chicken Plus,"Căn hộ 5F CT3 đường Tố Hữu, KĐT VCN Phước Hải, Nha Trang, Khánh Hòa"
Voucher Gà không xương truyền thống lớn tại Chicken Plus,Chicken Plus,"Căn 7F đường 19/5, CT2 KDT Vĩnh Điềm Trung, Xã Vĩnh Hiệp, Nha Trang, Khánh Hòa"
Voucher Gà không xương truyền thống lớn tại Chicken Plus,Chicken Plus,"52 Bà Triệu, P. 4, Thành phố Đà Lạt, Lâm Đồng"
Voucher Gà không xương truyền thống lớn tại Chicken Plus,Chicken Plus,"14 Nguyễn Công Trứ, Thành phố Bảo Lộc, Lâm Đồng"
Voucher Gà không xương truyền thống lớn tại Chicken Plus,Chicken Plus,"Số 8, Huỳnh Tấn Phát, Mũi Né, Phan Thiết, Bình Thuận"
Voucher Gà không xương truyền thống lớn tại Chicken Plus,Chicken Plus,"C04 Đường 30 Tháng 4, KP3, Trảng Bom, Đồng Nai"
Voucher Gà không xương truyền thống lớn tại Chicken Plus,Chicken Plus,"199 Thích Quảng Đức, P. Xuân An, Long Khánh, Đồng Nai"
Voucher Gà không xương truyền thống lớn tại Chicken Plus,Chicken Plus,"121 Lê Duẩn, P. Tân Phú, Thành phố Đồng Xoài, Bình Phước"
Voucher Gà không xương truyền thống lớn tại Chicken Plus,Chicken Plus,"Đường Trần Phú, Đức Hoà, Thị trấn Đức Phong, Huyện Bù Đăng, Bình Phước"
Voucher Gà không xương truyền thống lớn tại Chicken Plus,Chicken Plus,"230 Huỳnh Văn Lũy, P. Phú Lợi, Thủ Dầu Một, Bình Dương"
Voucher Gà không xương truyền thống lớn tại Chicken Plus,Chicken Plus,"Số 1 Cao Bá Quát, Khu phố Đông Tân, P. Dĩ An, Dĩ An, Bình Dương"
Voucher Gà không xương truyền thống lớn tại Chicken Plus,Chicken Plus,"772 Nguyễn Chí Thanh, Phường Hiệp An, Thủ Dầu Một, Bình Dương"
Voucher Gà không xương truyền thống lớn tại Chicken Plus,Chicken Plus,"KDC chợ mới Gò Đen, Xã Phước Lợi, Huyện Bến Lức, Long An"
Voucher Gà không xương truyền thống lớn tại Chicken Plus,Chicken Plus,"Đường Hùng Vương, Phường Phú Mỹ, Bà Rịa – Vũng Tàu"
Voucher Gà không xương truyền thống lớn tại Chicken Plus,Chicken Plus,"KP Bình Giang 1, P. Sơn Giang, Phước Long, Bình Phước"
Voucher Gà không xương truyền thống lớn tại Chicken Plus,Chicken Plus,"385E, ĐT 824, Khu phố 5, Thị trấn Đức Hoà, Huyện Đức Hoà, Long An"
Voucher Gà không xương truyền thống lớn tại Chicken Plus,Chicken Plus,"38 DT825 Thị trấn Hậu Nghĩa, Huyện Đức Hòa, Long An"
Voucher Gà không xương truyền thống lớn tại Chicken Plus,Chicken Plus,"Số nhà 751 Đường tỉnh lộ 10, ấp Bình Tiền 1 , xã Đức Hoà Hạ , Huyện Đức Hoà, Long An"
Voucher Gà không xương truyền thống lớn tại Chicken Plus,Chicken Plus,"Số 720 DT824 Ấp Mới 2, Mỹ Hạnh Nam, Huyện Đức Hòa, Long An"
Voucher Gà không xương truyền thống lớn tại Chicken Plus,Chicken Plus,"số 01 Lê Văn Vị, P. Cái Vồn, Thị xã Bình Minh, Vĩnh Long"
Voucher Gà không xương truyền thống lớn tại Chicken Plus,Chicken Plus,"365 Đường Gò Tháp, Khóm 1, Mỹ An, Tháp Mười, Đồng Tháp"
Voucher Gà không xương truyền thống lớn tại Chicken Plus,Chicken Plus,"152 Hùng Vương, P.2, Cao Lãnh, Đồng Tháp"
Voucher Gà không xương truyền thống lớn tại Chicken Plus,Chicken Plus,"39 Tôn Đức Thắng, P. Mỹ Bình, Long Xuyên, An Giang"
Voucher Gà không xương truyền thống lớn tại Chicken Plus,Chicken Plus,"187 Đường 30/4, Dương Đông, Phú Quốc, Kiên Giang"
Voucher Gà không xương sốt ngũ vị lớn tại Chicken Plus,Chicken Plus,"Xóm Đồng Mạc, Thôn Đa Phúc, Xã Sài Sơn, Huyện Quốc Oai, Hà Nội"
Voucher Gà không xương sốt ngũ vị lớn tại Chicken Plus,Chicken Plus,"27 Bạch Mai, Quận Hai Bà Trưng, Hà Nội"
Voucher Gà không xương sốt ngũ vị lớn tại Chicken Plus,Chicken Plus,"Số 114 Chùa Láng, P. Láng Thượng, Quận Đống Đa, Hà Nội"
Voucher Gà không xương sốt ngũ vị lớn tại Chicken Plus,Chicken Plus,"212 Nguyễn Lương Bằng, Phường Quang Trung, Quận Đống Đa, Hà Nội"
Voucher Gà không xương sốt ngũ vị lớn tại Chicken Plus,Chicken Plus,"Chân chung cư ICID Complex, Cổng số 1, Khu C, Geleximco Lê Trọng Tấn, Dương nội, Quận Hà Đông, Hà Nội"
Voucher Gà không xương sốt ngũ vị lớn tại Chicken Plus,Chicken Plus,"419F tỉnh lộ 8, xã Phước Vĩnh An, Huyện Củ Chi, Hồ Chí Minh"
Voucher Gà không xương sốt ngũ vị lớn tại Chicken Plus,Chicken Plus,"41/1 Tuyến 5 Bà Điểm, Ấp Tây Lân, Xã Bà Điểm, Huyện Hóc Môn, Hồ Chí Minh"
Voucher Gà không xương sốt ngũ vị lớn tại Chicken Plus,Chicken Plus,"261 Nguyễn Văn Khối, P. 8, Quận Gò Vấp, Hồ Chí Minh"
Voucher Gà không xương sốt ngũ vị lớn tại Chicken Plus,Chicken Plus,"192 Bà Hom, P. 13, Quận 6, Hồ Chí Minh"
Voucher Gà không xương sốt ngũ vị lớn tại Chicken Plus,Chicken Plus,"185 Nguyễn Thái Sơn, Phường 4, Quận Gò Vấp, Hồ Chí Minh"
Voucher Gà không xương sốt ngũ vị lớn tại Chicken Plus,Chicken Plus,"10 Lê Lợi, Phường 1, Vũng Tàu, Bà Rịa - Vũng Tàu"
Voucher Gà không xương sốt ngũ vị lớn tại Chicken Plus,Chicken Plus,"số 374 Tỉnh lộ 15, xã Phú Hòa Đông, Huyện Củ Chi, Hồ Chí Minh"
Voucher Gà không xương sốt ngũ vị lớn tại Chicken Plus,Chicken Plus,"356 đường 30/4, P.Chánh Nghĩa, Thủ Dầu Một, Bình Dương"
Voucher Gà không xương sốt ngũ vị lớn tại Chicken Plus,Chicken Plus,"380 Lê Văn Lương, xã Phước Kiểng, Huyện Nhà Bè, Hồ Chí Minh"
Voucher Gà không xương sốt ngũ vị lớn tại Chicken Plus,Chicken Plus,"47 Đường số 17, P. Linh Chiểu, Thủ Đức, Hồ Chí Minh"
Voucher Gà không xương sốt ngũ vị lớn tại Chicken Plus,Chicken Plus,"135 Bình Thới, P. 11, Quận 11, Hồ Chí Minh"
Voucher Gà không xương sốt ngũ vị lớn tại Chicken Plus,Chicken Plus,"43 Nguyễn Gia Trí, P. 25, Quận Bình Thạnh, Hồ Chí Minh"
Voucher Gà không xương sốt ngũ vị lớn tại Chicken Plus,Chicken Plus,"9 Phạm Phú Thứ, P. 11, Quận Tân Bình, Hồ Chí Minh"
Voucher Gà không xương sốt ngũ vị lớn tại Chicken Plus,Chicken Plus,"270 Thích Quảng Đức, P. Phú Cường, Thủ Dầu Một, Bình Dương"
Voucher Gà không xương sốt ngũ vị lớn tại Chicken Plus,Chicken Plus,"442 Đ. Tỉnh Lộ 15, xã Phú Hoà Đông, Hồ Chí Minh."
Voucher Gà không xương sốt ngũ vị lớn tại Chicken Plus,Chicken Plus,"1663 Huỳnh Tấn Phát, P. Phú Mỹ, Quận 7, Hồ Chí Minh"
Voucher Gà không xương sốt ngũ vị lớn tại Chicken Plus,Chicken Plus,"627A Nguyễn Văn Quá, P. Đông Hưng Thuận, Quận 12, Hồ Chí Minh"
Voucher Gà không xương sốt ngũ vị lớn tại Chicken Plus,Chicken Plus,"850 Sư Vạn Hạnh, Quận 10, Hồ Chí Minh"
Voucher Gà không xương sốt ngũ vị lớn tại Chicken Plus,Chicken Plus,"89 Lê Đức Thọ, Phường 7, Quận Gò Vấp, Hồ Chí Minh"
Voucher Gà không xương sốt ngũ vị lớn tại Chicken Plus,Chicken Plus,"40c Nguyễn Văn Đậu, P. 5, Quận Phú Nhuận, Hồ Chí Minh"
Voucher Gà không xương sốt ngũ vị lớn tại Chicken Plus,Chicken Plus,"30/24 Tô Ký, Xã Thới Tam Thôn, Huyện Hóc Môn, Hồ Chí Minh"
Voucher Gà không xương sốt ngũ vị lớn tại Chicken Plus,Chicken Plus,"Số 7, đường số 1, Trung tâm hội nghị, khu phố 2, P. Mỹ Phước, Bến Cát, Bình Dương"
Voucher Gà không xương sốt ngũ vị lớn tại Chicken Plus,Chicken Plus,"105 Quách Điêu, xã Vĩnh Lộc A, huyện Bình Chánh, Hồ Chí Minh"
Voucher Gà không xương sốt ngũ vị lớn tại Chicken Plus,Chicken Plus,"Ô 23 Lô L67, Đường NE8, Khu phố 3A, P. Thới Hoà, Bến Cát, Bình Dương"
Voucher Gà không xương sốt ngũ vị lớn tại Chicken Plus,Chicken Plus,"241 Tôn Đản, Phường 15, Quận 4, Hồ Chí Minh"
Voucher Gà không xương sốt ngũ vị lớn tại Chicken Plus,Chicken Plus,"S6.05, Vinhomes Grand Park, Quận 9, Hồ Chí Minh"
Voucher Gà không xương sốt ngũ vị lớn tại Chicken Plus,Chicken Plus,"39 Nguyễn Thị Thập, P. Tân Phú, Quận 7, Hồ Chí Minh"
Voucher Gà không xương sốt ngũ vị lớn tại Chicken Plus,Chicken Plus,"431 Vườn Lài, P. Phú.Thọ, Quận Tân Phú, Hồ Chí Minh"
Voucher Gà không xương sốt ngũ vị lớn tại Chicken Plus,Chicken Plus,"226 Nguyễn Tri Phương, P. 4, Quận 10, Hồ Chí Minh"
Voucher Gà không xương sốt ngũ vị lớn tại Chicken Plus,Chicken Plus,"334 đường 27/4, thị trấn Phước Bửu, Xuyên Mộc, Bà Rịa – Vũng Tàu"
Voucher Gà không xương sốt ngũ vị lớn tại Chicken Plus,Chicken Plus,"14 Đường 30, P. Bình Trưng Tây, Quận 2, Hồ Chí Minh"
Voucher Gà không xương sốt ngũ vị lớn tại Chicken Plus,Chicken Plus,"33 Trần Hưng Đạo, P. Tân Thành, Quận Tân Phú, Hồ Chí Minh"
Voucher Gà không xương sốt ngũ vị lớn tại Chicken Plus,Chicken Plus,"70 Xô Viết Nghệ Tĩnh, P. Hoà Cường Nam, Quận Hải Châu, Đà Nẵng"
Voucher Gà không xương sốt ngũ vị lớn tại Chicken Plus,Chicken Plus,"77 Nguyễn Nhàn, P Hòa Thọ Đông, Quận Cẩm Lệ, Đà Nẵng"
Voucher Gà không xương sốt ngũ vị lớn tại Chicken Plus,Chicken Plus,"291 Trần Đại Nghĩa, P. Hòa Hải, Quận Ngũ Hành Sơn, Đà Nẵng"
Voucher Gà không xương sốt ngũ vị lớn tại Chicken Plus,Chicken Plus,"Số 4 Ngô Thì Nhậm, Phường Hòa Hương, Tam Kỳ, Quảng Nam"
Voucher Gà không xương sốt ngũ vị lớn tại Chicken Plus,Chicken Plus,"163 Nguyễn Văn Linh, P.Thạc Gián, Quận Thanh Khê, Đà Nẵng"
Voucher Gà không xương sốt ngũ vị lớn tại Chicken Plus,Chicken Plus,"423 Lê Lợi, P. Ngô Quyền, Thành phố Hải Phòng, Hải Phòng"
Voucher Gà không xương sốt ngũ vị lớn tại Chicken Plus,Chicken Plus,"212 Trưng Trắc, P. Trưng Trắc, Phúc Yên, Vĩnh Phúc"
Voucher Gà không xương sốt ngũ vị lớn tại Chicken Plus,Chicken Plus,"Quảng trường Xuân Hòa, Đường Nguyễn Văn Linh, Phường Xuân Hòa, Phúc Yên, Vĩnh Phúc"
Voucher Gà không xương sốt ngũ vị lớn tại Chicken Plus,Chicken Plus,"Đường Âu Cơ, Thị trấn Hồ, Thuận Thành, Bắc Ninh"
Voucher Gà không xương sốt ngũ vị lớn tại Chicken Plus,Chicken Plus,"Khu đô thị mới phía Nam, xã Hiệp Hoà, Bắc Ninh"
Voucher Gà không xương sốt ngũ vị lớn tại Chicken Plus,Chicken Plus,"Phố Cao Sơn, KĐT Minh Phương, P. Minh Phương, Việt Trì, Phú Thọ"
Voucher Gà không xương sốt ngũ vị lớn tại Chicken Plus,Chicken Plus,"32 Minh Khai, Phường Minh Khai, Hà Giang"
Voucher Gà không xương sốt ngũ vị lớn tại Chicken Plus,Chicken Plus,"D8 Tuyên Quang, P. Phú Thủy, Phan Thiết, Bình Thuận"
Voucher Gà không xương sốt ngũ vị lớn tại Chicken Plus,Chicken Plus,"55 Võ Nguyên Giáp, P. Hồng Hải, Hạ Long, Quảng Ninh"
Voucher Gà không xương sốt ngũ vị lớn tại Chicken Plus,Chicken Plus,"Số 124 tổ 15 khu 5B Quang Trung, Uông Bí, Quảng Ninh"
Voucher Gà không xương sốt ngũ vị lớn tại Chicken Plus,Chicken Plus,"PĐ2.KT-01 K-Town, Vinhomes Ocean Park 2, Văn Giang, Hưng Yên"
Voucher Gà không xương sốt ngũ vị lớn tại Chicken Plus,Chicken Plus,"Số nhà 5B, Phố Lưu Phương, Huyện Kim Sơn, Ninh Bình"
Voucher Gà không xương sốt ngũ vị lớn tại Chicken Plus,Chicken Plus,"TTTM Shophouse Vạn Xuân, Đường Lam Sơn, Thị trấn Thọ Xuân, Thanh Hoá"
Voucher Gà không xương sốt ngũ vị lớn tại Chicken Plus,Chicken Plus,"Số 19 Phan Đình Giót, Phường Nam Hà, Hà Tĩnh"
Voucher Gà không xương sốt ngũ vị lớn tại Chicken Plus,Chicken Plus,"69 Hai Bà Trưng, P. 1, Thị Xã Quảng Trị, Quảng Trị"
Voucher Gà không xương sốt ngũ vị lớn tại Chicken Plus,Chicken Plus,"Số 5 Lê Duẩn, P. 2, Thành phố Đông Hà, Quảng Trị"
Voucher Gà không xương sốt ngũ vị lớn tại Chicken Plus,Chicken Plus,"32 Nguyễn Tất Thành, xã Lệ Thuỷ, Quảng Trị"
Voucher Gà không xương sốt ngũ vị lớn tại Chicken Plus,Chicken Plus,"Quảng trường Đắk Mil, Huyện Đắk Mil, Đắk Nông"
Voucher Gà không xương sốt ngũ vị lớn tại Chicken Plus,Chicken Plus,"196a Phan Đình Phùng, Chánh Lộ, Quảng Ngãi"
Voucher Gà không xương sốt ngũ vị lớn tại Chicken Plus,Chicken Plus,"18 Võ Thị Sáu, P. Diên Hồng, Thành phố Pleiku, Gia Lai"
Voucher Gà không xương sốt ngũ vị lớn tại Chicken Plus,Chicken Plus,"139 Phan Bội Châu, Phường Trần Hưng Đạo, Quy Nhơn, Bình Định"
Voucher Gà không xương sốt ngũ vị lớn tại Chicken Plus,Chicken Plus,"31 Hai Bà Trưng, Thắng Lợi, Buôn Ma Thuột"
Voucher Gà không xương sốt ngũ vị lớn tại Chicken Plus,Chicken Plus,"81 Sông Cạn Tổ dân phố 6, Phường Ninh Hiệp, Ninh Hòa, Khánh Hòa"
Voucher Gà không xương sốt ngũ vị lớn tại Chicken Plus,Chicken Plus,"179 Lê Duẩn, Phường Cam Ranh, Khánh Hòa"
Voucher Gà không xương sốt ngũ vị lớn tại Chicken Plus,Chicken Plus,"Căn 7F đường 19/5, CT2 KDT Vĩnh Điềm Trung, Xã Vĩnh Hiệp, Nha Trang, Khánh Hòa"
Voucher Gà không xương sốt ngũ vị lớn tại Chicken Plus,Chicken Plus,"Căn hộ 5F CT3 đường Tố Hữu, KĐT VCN Phước Hải, Nha Trang, Khánh Hòa"
Voucher Gà không xương sốt ngũ vị lớn tại Chicken Plus,Chicken Plus,"52 Bà Triệu, P. 4, Thành phố Đà Lạt, Lâm Đồng"
Voucher Gà không xương sốt ngũ vị lớn tại Chicken Plus,Chicken Plus,"14 Nguyễn Công Trứ, Thành phố Bảo Lộc, Lâm Đồng"
Voucher Gà không xương sốt ngũ vị lớn tại Chicken Plus,Chicken Plus,"Số 8, Huỳnh Tấn Phát, Mũi Né, Phan Thiết, Bình Thuận"
Voucher Gà không xương sốt ngũ vị lớn tại Chicken Plus,Chicken Plus,"Đường Trần Phú, Đức Hoà, Thị trấn Đức Phong, Huyện Bù Đăng, Bình Phước"
Voucher Gà không xương sốt ngũ vị lớn tại Chicken Plus,Chicken Plus,"121 Lê Duẩn, P. Tân Phú, Thành phố Đồng Xoài, Bình Phước"
Voucher Gà không xương sốt ngũ vị lớn tại Chicken Plus,Chicken Plus,"199 Thích Quảng Đức, P. Xuân An, Long Khánh, Đồng Nai"
Voucher Gà không xương sốt ngũ vị lớn tại Chicken Plus,Chicken Plus,"C04 Đường 30 Tháng 4, KP3, Trảng Bom, Đồng Nai"
Voucher Gà không xương sốt ngũ vị lớn tại Chicken Plus,Chicken Plus,"Số 1 Cao Bá Quát, Khu phố Đông Tân, P. Dĩ An, Dĩ An, Bình Dương"
Voucher Gà không xương sốt ngũ vị lớn tại Chicken Plus,Chicken Plus,"772 Nguyễn Chí Thanh, Phường Hiệp An, Thủ Dầu Một, Bình Dương"
Voucher Gà không xương sốt ngũ vị lớn tại Chicken Plus,Chicken Plus,"230 Huỳnh Văn Lũy, P. Phú Lợi, Thủ Dầu Một, Bình Dương"
Voucher Gà không xương sốt ngũ vị lớn tại Chicken Plus,Chicken Plus,"KDC chợ mới Gò Đen, Xã Phước Lợi, Huyện Bến Lức, Long An"
Voucher Gà không xương sốt ngũ vị lớn tại Chicken Plus,Chicken Plus,"Đường Hùng Vương, Phường Phú Mỹ, Bà Rịa – Vũng Tàu"
Voucher Gà không xương sốt ngũ vị lớn tại Chicken Plus,Chicken Plus,"KP Bình Giang 1, P. Sơn Giang, Phước Long, Bình Phước"
Voucher Gà không xương sốt ngũ vị lớn tại Chicken Plus,Chicken Plus,"Số nhà 751 Đường tỉnh lộ 10, ấp Bình Tiền 1 , xã Đức Hoà Hạ , Huyện Đức Hoà, Long An"
Voucher Gà không xương sốt ngũ vị lớn tại Chicken Plus,Chicken Plus,"38 DT825 Thị trấn Hậu Nghĩa, Huyện Đức Hòa, Long An"
Voucher Gà không xương sốt ngũ vị lớn tại Chicken Plus,Chicken Plus,"Số 720 DT824 Ấp Mới 2, Mỹ Hạnh Nam, Huyện Đức Hòa, Long An"
Voucher Gà không xương sốt ngũ vị lớn tại Chicken Plus,Chicken Plus,"385E, ĐT 824, Khu phố 5, Thị trấn Đức Hoà, Huyện Đức Hoà, Long An"
Voucher Gà không xương sốt ngũ vị lớn tại Chicken Plus,Chicken Plus,"số 01 Lê Văn Vị, P. Cái Vồn, Thị xã Bình Minh, Vĩnh Long"
Voucher Gà không xương sốt ngũ vị lớn tại Chicken Plus,Chicken Plus,"152 Hùng Vương, P.2, Cao Lãnh, Đồng Tháp"
Voucher Gà không xương sốt ngũ vị lớn tại Chicken Plus,Chicken Plus,"365 Đường Gò Tháp, Khóm 1, Mỹ An, Tháp Mười, Đồng Tháp"
Voucher Gà không xương sốt ngũ vị lớn tại Chicken Plus,Chicken Plus,"187 Đường 30/4, Dương Đông, Phú Quốc, Kiên Giang"
Voucher Gà không xương sốt ngũ vị lớn tại Chicken Plus,Chicken Plus,"39 Tôn Đức Thắng, P. Mỹ Bình, Long Xuyên, An Giang"
Voucher Shrimp Burger Set tại Lotteria,Lotteria,"34 Hoàng Cầu, P. Ô Chợ Dừa, Quận Đống Đa, Hà Nội"
Voucher Shrimp Burger Set tại Lotteria,Lotteria,"Lô D5, KĐTM Cầu Giấy, P. Dịch Vọng, Quận Cầu Giấy, Hà Nội"
Voucher Shrimp Burger Set tại Lotteria,Lotteria,"Tòa Horizon city, 87 Lĩnh Nam, P. Mai Động, Quận Hoàng Mai, Hà Nội"
Voucher Shrimp Burger Set tại Lotteria,Lotteria,"Tầng 2 Big C Thăng Long, 222 Trần Duy Hưng, P. Trung Hòa, Quận Cầu Giấy, Hà Nội"
Voucher Shrimp Burger Set tại Lotteria,Lotteria,"23 Hàng Thanh, P. Nguyễn Trung Trực, Quận Ba Đình, Hà Nội"
Voucher Shrimp Burger Set tại Lotteria,Lotteria,"Tầng 1 Tòa A8, An Bình City, 232 Phạm Văn Đồng, Quận Bắc Từ Liêm, Hà Nội"
Voucher Shrimp Burger Set tại Lotteria,Lotteria,"72A Nguyễn Trãi, Quận Thanh Xuân, Hà Nội"
Voucher Shrimp Burger Set tại Lotteria,Lotteria,"210-212 Nguyễn Văn Cừ, P. Ngọc Lâm, Quận Long Biên, Hà Nội"
Voucher Shrimp Burger Set tại Lotteria,Lotteria,"112 Trần Duy Hưng, P. Trung Hòa, Quận Cầu Giấy, Hà Nội"
Voucher Shrimp Burger Set tại Lotteria,Lotteria,"Tầng hầm B1 Times City, 458 Minh Khai, P. Vĩnh Tuy, Quận Hai Bà Trưng, Hà Nội"
Voucher Shrimp Burger Set tại Lotteria,Lotteria,"Phạm Văn Đồng, P. Cổ Nhuế 1, Quận Bắc Từ Liêm, Hà Nội"
Voucher Shrimp Burger Set tại Lotteria,Lotteria,"Tầng 1 CT 4A.B KĐT Xa La, xã Phúc La, Quận Hà Đông, Hà Nội"
Voucher Shrimp Burger Set tại Lotteria,Lotteria,"TTTM Mê Linh, Tô Hiệu, Quận Hà Đông, Hà Nội"
Voucher Shrimp Burger Set tại Lotteria,Lotteria,"154 Bà Triệu, Nguyễn Du, Quận Hai Bà Trưng, Hà Nội"
Voucher Shrimp Burger Set tại Lotteria,Lotteria,"152 Thái Thịnh, Láng Hạ, Quận Đống Đa, Hà Nội"
Voucher Shrimp Burger Set tại Lotteria,Lotteria,"Ngã 3 Đào Duy Anh - Kim Liên - Phạm Ngọc Thạch, Quận Đống Đa, Hà Nội"
Voucher Shrimp Burger Set tại Lotteria,Lotteria,"Tầng 1 tòa nhà Housing, 299 Trung Kính, Trung Hòa, Quận Cầu Giấy, Hà Nội"
Voucher Shrimp Burger Set tại Lotteria,Lotteria,"Toà nhà Mandarin Garden 2, Số 493 Tân Mai, P. Tân Mai, Quận Hoàng Mai, Hà Nội"
Voucher Shrimp Burger Set tại Lotteria,Lotteria,"64 BT X2, khu đô thị Bắc Linh Đàm, Quận Hoàng Mai, Hà Nội"
Voucher Shrimp Burger Set tại Lotteria,Lotteria,"201 Khâm Thiên, Quận Đống Đa, Hà Nội"
Voucher Shrimp Burger Set tại Lotteria,Lotteria,"Tầng 1C2 Nguyễn Cơ Thạch, KĐT Mỹ Đình, Quận Từ Liêm, Hà Nội"
Voucher Shrimp Burger Set tại Lotteria,Lotteria,"TTTM EBEST xã Minh Khai, Quận Từ Liêm, Hà Nội"
Voucher Shrimp Burger Set tại Lotteria,Lotteria,"Tầng 1, Aeon Mall Long Biên, Cổ Linh, Quận Long Biên, Hà Nội"
Voucher Shrimp Burger Set tại Lotteria,Lotteria,"Tầng 1 Mễ Trì, P. Mễ Trì, Quận Từ Liêm, Hà Nội"
Voucher Shrimp Burger Set tại Lotteria,Lotteria,"TTTM Savico Nguyễn Văn Linh, Quận Long Biên, Hà Nội"
Voucher Shrimp Burger Set tại Lotteria,Lotteria,"138 Lê Thanh Nghị, P. Bách Khoa, Quận Hai Bà Trưng, Hà Nội"
Voucher Shrimp Burger Set tại Lotteria,Lotteria,"7-9 Đinh Tiên Hoàng, P. Hàng Bạc, Quận Hoàn Kiếm, Hà Nội"
Voucher Shrimp Burger Set tại Lotteria,Lotteria,"01 Núi Trúc, P.Kim Mã, Quận Ba Đình, Hà Nội"
Voucher Shrimp Burger Set tại Lotteria,Lotteria,"298 Cầu Giấy, P. Quan Hoa, Quận Cầu Giấy, Hà Nội"
Voucher Shrimp Burger Set tại Lotteria,Lotteria,"391 Hoàng Quốc Việt, P. Nghĩa Tân, Quận Cầu giấy, Hà Nội"
Voucher Shrimp Burger Set tại Lotteria,Lotteria,"66 Lò Đúc, P. Phạm Đình Hổ, Quận Hai Bà Trưng, Hà Nội"
Voucher Shrimp Burger Set tại Lotteria,Lotteria,"Tầng 4 , Ô số 430+431, Lotte Mall, Ngõ 683 Lạc Long Quân, P. Phú Thượng, Quận Tây Hồ, Hà Nội"
Voucher Shrimp Burger Set tại Lotteria,Lotteria,"203 Nguyễn Thị Minh Khai, P. Minh Khai, Quận Hai Bà Trưng, Hà Nội"
Voucher Shrimp Burger Set tại Lotteria,Lotteria,"SH20.21 Tòa S1.05 Vinhomes Ocean Park, xã Đa Tốn, Huyện Gia Lâm, Hà Nội"
Voucher Shrimp Burger Set tại Lotteria,Lotteria,"2A Trần Vũ, P. Quán Thánh, Quận Ba Đình, Hà Nội"
Voucher Shrimp Burger Set tại Lotteria,Lotteria,"Km 10 Nguyễn Trãi, P. Mỗ Lao, Quận Hà Đông, Hà Nội"
Voucher Shrimp Burger Set tại Lotteria,Lotteria,"Ngã 3 Yên Xá, Tân Triều, Quận Hà Đông, Hà Nội"
Voucher Shrimp Burger Set tại Lotteria,Lotteria,"103DN11 Nguyễn Khánh Toàn, P. Quan Hoa, Quận Cầu Giấy, Hà Nội"
Voucher Shrimp Burger Set tại Lotteria,Lotteria,"54 Liễu Giai, P. Cống Vị, Quận Ba Đình, Hà Nội"
Voucher Shrimp Burger Set tại Lotteria,Lotteria,"445a Lạc Long Quân, Phường Xuân La, Quận Tây Hồ, Hà Nội"
Voucher Shrimp Burger Set tại Lotteria,Lotteria,"Tầng 1 Citimart Hà Đông, CT 7A-CT7B KĐTM Văn Quán, P. Phúc La, Quận Hà Đông, Hà Nội"
Voucher Shrimp Burger Set tại Lotteria,Lotteria,"63 Huỳnh Thúc Kháng, P. Láng Hạ, Quận Đống Đa, Hà Nội"
Voucher Shrimp Burger Set tại Lotteria,Lotteria,"437 Bạch Mai, P. Trương Định, Quận Hai Bà Trưng, Hà Nội"
Voucher Shrimp Burger Set tại Lotteria,Lotteria,"TTTM Aeon Mall, P. Dương Nội, Quận Hà Đông, Hà Nội"
Voucher Shrimp Burger Set tại Lotteria,Lotteria,"Tầng 1, 18 Phan Văn Trị, P. 10, Quận Gò Vấp, Hồ Chí Minh"
Voucher Shrimp Burger Set tại Lotteria,Lotteria,"02 Ngô Gia Tự - 145 Lý Thái Tổ, P. 9, Quận 10, Hồ Chí Minh"
Voucher Shrimp Burger Set tại Lotteria,Lotteria,"70 - 72 Bàu Cát, P. 14, Quận Tân Bình, Hồ Chí Minh"
Voucher Shrimp Burger Set tại Lotteria,Lotteria,"380 Thoại Ngọc Hầu, P. Phú Thạnh, Quận Tân Phú, Hồ Chí Minh"
Voucher Shrimp Burger Set tại Lotteria,Lotteria,"1397 Nguyễn Văn Linh, KP Mỹ Khánh 2-H4-2, P. Tân Phong, Quận 7, Hồ Chí Minh"
Voucher Shrimp Burger Set tại Lotteria,Lotteria,"303 Trần Hưng Đạo, P. Nguyễn Cư Trinh, Quận 1, Hồ Chí Minh"
Voucher Shrimp Burger Set tại Lotteria,Lotteria,"11-11 Bis Nguyễn Thị Minh Khai, P. Bến Nghé, Quận 1, Hồ Chí Minh"
Voucher Shrimp Burger Set tại Lotteria,Lotteria,"220/151/3B - 222 Xô Viết Nghệ Tĩnh, P. 21, Quận Bình Thạnh, Hồ Chí Minh"
Voucher Shrimp Burger Set tại Lotteria,Lotteria,"309 - 311 Vành Đai Trong, P. Bình Trị Đông B, Quận Bình Tân, Hồ Chí Minh"
Voucher Shrimp Burger Set tại Lotteria,Lotteria,"250B Lý Chính Thắng, P. 9, Quận 3, Hồ Chí Minh"
Voucher Shrimp Burger Set tại Lotteria,Lotteria,"Pico Plaza, 20 Cộng Hòa, P. 12, Quận Tân Bình, Hồ Chí Minh"
Voucher Shrimp Burger Set tại Lotteria,Lotteria,"10 Võ Văn Ngân, P. Trường Thọ, Quận Thủ Đức, Hồ Chí Minh"
Voucher Shrimp Burger Set tại Lotteria,Lotteria,"68 Lê Văn Việt, Tổ 11, KP. 2, P. Hiệp Phú, Quận 9, Hồ Chí Minh"
Voucher Shrimp Burger Set tại Lotteria,Lotteria,"102 Lê Quốc Hưng, P. 12, Quận 4, Hồ Chí Minh"
Voucher Shrimp Burger Set tại Lotteria,Lotteria,"1271 Tỉnh lộ 10, KP. 9, P. Tân Tạo, Quận Bình Tân, Hồ Chí Minh"
Voucher Shrimp Burger Set tại Lotteria,Lotteria,"52 Hậu Giang, P. 06, Quận 6, Hồ Chí Minh"
Voucher Shrimp Burger Set tại Lotteria,Lotteria,"968 Ba Tháng Hai, P. 15, Quận 11, Hồ Chí Minh"
Voucher Shrimp Burger Set tại Lotteria,Lotteria,"09 Quang Trung, P. 11, Quận Gò Vấp, Hồ Chí Minh"
Voucher Shrimp Burger Set tại Lotteria,Lotteria,"251 Phan Xích Long, KDC Rạch Miễu P. 7, Quận Phú Nhuận, Hồ Chí Minh"
Voucher Shrimp Burger Set tại Lotteria,Lotteria,"01 Nguyễn Thông, P. 9, Quận 3, Hồ Chí Minh"
Voucher Shrimp Burger Set tại Lotteria,Lotteria,"175 H òa Bình, P. Hiệp Tân, Quận Tân Phú, Hồ Chí Minh"
Voucher Shrimp Burger Set tại Lotteria,Lotteria,"TTTM Big C City Land, Lô A, KDC City Land, Số 99 Nguyễn Thị Thập, Quận 7, Hồ Chí Minh"
Voucher Shrimp Burger Set tại Lotteria,Lotteria,"346B Lê Quang Định, P. 11, Quận Bình Thạnh, Hồ Chí Minh"
Voucher Shrimp Burger Set tại Lotteria,Lotteria,"175 (số cũ 19/35) Độc Lập, P. Tân Quý, Quận Tân Phú, Hồ Chí Minh"
Voucher Shrimp Burger Set tại Lotteria,Lotteria,"114 Trần Hưng Đạo, P. 7, Quận 5, Hồ Chí Minh"
Voucher Shrimp Burger Set tại Lotteria,Lotteria,"307A (số cũ 155A) Tô Hiến Thành, P. 13, Quận 10, Hồ Chí Minh"
Voucher Shrimp Burger Set tại Lotteria,Lotteria,"604 - 606 Điện Biên Phủ, P. 22, Quận Bình Thạnh, Hồ Chí Minh"
Voucher Shrimp Burger Set tại Lotteria,Lotteria,"72 Ngô Tất Tố, Phường 19, Quận Bình Thạnh, Hồ Chí Minh"
Voucher Shrimp Burger Set tại Lotteria,Lotteria,"283 Võ Văn Ngân, P. Linh Chiểu, Quận Thủ Đức, Hồ Chí Minh"
Voucher Shrimp Burger Set tại Lotteria,Lotteria,"187 Xuân Hồng, Phường 12, Quận Tân Bình, Hồ Chí Minh"
Voucher Shrimp Burger Set tại Lotteria,Lotteria,"158 - 160 Lê Bình, P. 4, Quận Tân Bình, Hồ Chí Minh"
Voucher Shrimp Burger Set tại Lotteria,Lotteria,"111 Dương Bá Trạc, P. 1, Quận 8, Hồ Chí Minh"
Voucher Shrimp Burger Set tại Lotteria,Lotteria,"TTTM Mua Sắm Aeon - Tân Phú Celadon, 30 Bờ Bao Tân Thắng, P. Sơn Kỳ, Quận Tân Phú, Hồ Chí Minh"
Voucher Shrimp Burger Set tại Lotteria,Lotteria,"159/6 - 160/1 ấp Trung Chánh, xã Tân Xuân, Huyện Hóc Môn, Hồ Chí Minh"
Voucher Shrimp Burger Set tại Lotteria,Lotteria,"211 - 213 Bình Phú, P. 11, Quận 6, Hồ Chí Minh"
Voucher Shrimp Burger Set tại Lotteria,Lotteria,"445 Bạch Đằng, P. 12, Quận Bình Thạnh, Hồ Chí Minh"
Voucher Shrimp Burger Set tại Lotteria,Lotteria,"Khu B, KĐT mới An Phú - An Khánh, P. An Phú, Quận 2, Hồ Chí Minh"
Voucher Shrimp Burger Set tại Lotteria,Lotteria,"572A Ba Tháng Hai, P. 14, Quận 10, Hồ Chí Minh"
Voucher Shrimp Burger Set tại Lotteria,Lotteria,"95A Trần Hưng Đạo, P. Cầu Ông Lãnh, Quận 1, Hồ Chí Minh"
Voucher Shrimp Burger Set tại Lotteria,Lotteria,"Tầng 5, 101 Tôn Dật Tiên, P. Tân Phú, Quận 7, Hồ Chí Minh"
Voucher Shrimp Burger Set tại Lotteria,Lotteria,"66 Mạc Cửu-67 Vạn Kiếp, P. 13, Quận 5, Hồ Chí Minh"
Voucher Shrimp Burger Set tại Lotteria,Lotteria,"11 Sư Phạn Vạn Hạnh, P. 12, Quận 10, Hồ Chí Minh"
Voucher Shrimp Burger Set tại Lotteria,Lotteria,"33 Nguyễn Văn Nghi, P. 4, Quận Gò Vấp, Hồ Chí Minh"
Voucher Shrimp Burger Set tại Lotteria,Lotteria,"357 Quốc lộ 22, ấp Thượng, xã Tân Thông Hội, Huyện Củ Chi, Hồ Chí Minh"
Voucher Shrimp Burger Set tại Lotteria,Lotteria,"P5 _SH.02 Tòa Park 5 Vinhomes Central, 20A Điện Biên Phủ, Phường 22, Quận Bình Thạnh, Hồ Chí Minh"
Voucher Shrimp Burger Set tại Lotteria,Lotteria,"469 Nguyễn Hữu Thọ, P. Tân Hưng, Quận 7, Hồ Chí Minh"
Voucher Shrimp Burger Set tại Lotteria,Lotteria,"S6.0301.S04 & S6.0301.S03 Origami Vinhomes Grand Park, Quận 9, Hồ Chí Minh"
Voucher Shrimp Burger Set tại Lotteria,Lotteria,"292 Đinh Bộ Lĩnh, P. 26, Quận Bình Thạnh, Hồ Chí Minh"
Voucher Shrimp Burger Set tại Lotteria,Lotteria,"Số 2 Song Hành (gần Cầu Đen), P. An Phú, Quận 2, Hồ Chí Minh"
Voucher Shrimp Burger Set tại Lotteria,Lotteria,"Coopmart Tuy Lý Vương, 40 - 54 Tuy Lý Vương, P. 13, Quận 8, Hồ Chí Minh"
Voucher Shrimp Burger Set tại Lotteria,Lotteria,"801 Hồng Bàng, P. 9, Quận 6, Hồ Chí Minh"
Voucher Shrimp Burger Set tại Lotteria,Lotteria,"573 Huỳnh Tấn Phát, P. Tân Thuận Đông, Quận 7, Hồ Chí Minh"
Voucher Shrimp Burger Set tại Lotteria,Lotteria,"Trần Nhân Tông, Bình Than, Quận Sơn Trà, Đà Nẵng"
Voucher Shrimp Burger Set tại Lotteria,Lotteria,"92A Phan Chu Trinh, Quận Hải Châu, Đà Nẵng"
Voucher Shrimp Burger Set tại Lotteria,Lotteria,"120 Nguyễn Thị Minh Khai, P. Hải Châu 1, Quận Hải Châu, Đà Nẵng"
Voucher Shrimp Burger Set tại Lotteria,Lotteria,"568 Trưng Nữ Vương, P. Hòa Thuận Tây, Quận Hải Châu, Đà Nẵng"
Voucher Shrimp Burger Set tại Lotteria,Lotteria,"06 Trần Hưng Đạo, P. Phú Hòa, Thừa Thiên Huế, Thành Phố Huế, Thừa Thiên Huế"
Voucher Shrimp Burger Set tại Lotteria,Lotteria,"T308, Tầng 3 Trung tâm thương mại Aeon Mall Huế, Số 8 đường Võ Nguyên Giáp, Phường An Đông, Huế, Thừa Thiên Huế"
Voucher Shrimp Burger Set tại Lotteria,Lotteria,"TTTM khu Quy hoạch Bà Triệu - Hùng Vương, P. Phú Hội, Thừa Thiên Huế, Thành Phố Huế, Thừa Thiên Huế"
Voucher Shrimp Burger Set tại Lotteria,Lotteria,"317 Trần Thành Ngọ, Quận Kiến An, Hải Phòng"
Voucher Shrimp Burger Set tại Lotteria,Lotteria,"Lô 1/20 KĐT ngã 5, Sân bay Cát Bi, Quận Ngô Quyền, Hải Phòng"
Voucher Shrimp Burger Set tại Lotteria,Lotteria,"88 Trần Phú, Quận Ngô Quyền, Hải Phòng"
Voucher Shrimp Burger Set tại Lotteria,Lotteria,"Số 2 Phạm Minh Đức, Phường Máy Tơ, Quận Ngô Quyền, Hải Phòng"
Voucher Shrimp Burger Set tại Lotteria,Lotteria,"118 - 120 Trần Nguyên Hãn, Quận Lê Trân, Hải Phòng"
Voucher Shrimp Burger Set tại Lotteria,Lotteria,"207C Lạch Tray, Quận Ngô Quyền, Hải Phòng"
Voucher Shrimp Burger Set tại Lotteria,Lotteria,"Lô 01, KDC Hưng Phú 1, P. Hưng Phú, Quận Cái Răng, Cần Thơ"
Voucher Shrimp Burger Set tại Lotteria,Lotteria,"Lô 1F11, Lottemart, số 84 Mậu Thân, Phường An Hòa, Quận Ninh Kiều, Cần Thơ"
Voucher Shrimp Burger Set tại Lotteria,Lotteria,"170 Nguyễn Văn Cừ, P. An Khánh, Quận Ninh Kiều, Cần Thơ"
Voucher Shrimp Burger Set tại Lotteria,Lotteria,"Soiva Plaza Me Linh, Quận Khai Hoang, Vĩnh Yên, Vĩnh Phúc"
Voucher Shrimp Burger Set tại Lotteria,Lotteria,"TTTM Vincom Plaza, Đường Cù Chính Lan, Đồng Tiến, Hoà Bình"
Voucher Shrimp Burger Set tại Lotteria,Lotteria,"Tầng 3, Vincom Bắc Kan, Số 8A Đức Xuân, Bắc Kạn"
Voucher Shrimp Burger Set tại Lotteria,Lotteria,"Ngã 6, Plot 26, Khu 13, P. Kim Tân, Lào Cai, Lào Cai"
Voucher Shrimp Burger Set tại Lotteria,Lotteria,"Đường Cầu Kì Lừa, P. Chi Lăng, Lạng Sơn, Lạng Sơn"
Voucher Shrimp Burger Set tại Lotteria,Lotteria,"Tầng 1 TTTM Big C Bắc Giang, ngã 4 Hùng Vương kéo dài, xã Tân Tiến, Bắc Giang, Bắc Giang"
Voucher Shrimp Burger Set tại Lotteria,Lotteria,"TTTM Big C Việt Trì, Nguyễn Tất Thành, P. Thanh Miếu, Việt Trì, Phú Thọ"
Voucher Shrimp Burger Set tại Lotteria,Lotteria,"Lầu 3, Vincom Sơn La, Trường Chinh, P. Quyết Thắng, Sơn La, Sơn La"
Voucher Shrimp Burger Set tại Lotteria,Lotteria,"TTTM Thiên Trường, Quận Lộc Hòa, Nam Định"
Voucher Shrimp Burger Set tại Lotteria,Lotteria,"02 Hồng Quang, P. Quang Trung, Hải Dương"
Voucher Shrimp Burger Set tại Lotteria,Lotteria,"02 Trần Khánh Dư, P. Cẩm Đông, Cẩm Phả, Quảng Ninh"
Voucher Shrimp Burger Set tại Lotteria,Lotteria,"TTTM Big C, Cột 5, P. Hồng Hải, Hạ Long, Quảng Ninh"
Voucher Shrimp Burger Set tại Lotteria,Lotteria,"TTTM Vincom Hạ Long, P. Bạch Đằng, Hạ Long, Quảng Ninh"
Voucher Shrimp Burger Set tại Lotteria,Lotteria,"160 Lê Thánh Tôn, Hạ Long, Quảng Ninh"
Voucher Shrimp Burger Set tại Lotteria,Lotteria,"TTTM Big C Ninh Bình, Trần Nhân Tông, Xã Ninh Phúc, Ninh Bình"
Voucher Shrimp Burger Set tại Lotteria,Lotteria,"Số 342-346 Trần Hưng Đạo, P. Cửa Bắc, Thành phố Nam Định, Nam Định"
Voucher Shrimp Burger Set tại Lotteria,Lotteria,"TTTM Vincom Plaza Thanh Hóa, Phường Trần Phú, Thanh Hóa"
Voucher Shrimp Burger Set tại Lotteria,Lotteria,"Tầng 1 Big C Thanh Hóa, Xã Đông Hải, Thanh Hóa"
Voucher Shrimp Burger Set tại Lotteria,Lotteria,"87A Nguyễn Văn Cừ, Khối 2, Phường Trường Thi, Vinh, Nghệ An"
Voucher Shrimp Burger Set tại Lotteria,Lotteria,"TTTM Big C Vinh, 02 Quang Trung, Vinh, Nghệ An"
Voucher Shrimp Burger Set tại Lotteria,Lotteria,"Tầng 3-16, Lotte Mart Vinh, 295 đường V.I Lê Ninh, P. Hà Huy Tập, Vinh, Nghệ An"
Voucher Shrimp Burger Set tại Lotteria,Lotteria,"74 Trần Phú, P. Bắc Hà, Hà Tĩnh"
Voucher Shrimp Burger Set tại Lotteria,Lotteria,"Số 1 Hùng Vương, Phường Cẩm Phô, Hội An, Quảng Nam"
Voucher Shrimp Burger Set tại Lotteria,Lotteria,"Cổng Nam TTTM Go! Đường Lý Thường Kiệt, Nghĩa Chánh, Quảng Ngãi"
Voucher Shrimp Burger Set tại Lotteria,Lotteria,"117B Đại lộ Hùng Vương, Trần Hưng Đạo, Quảng Ngãi"
Voucher Shrimp Burger Set tại Lotteria,Lotteria,"01 Phan Bội Châu, P. Hội Thương, Pleiku, Gia Lai"
Voucher Shrimp Burger Set tại Lotteria,Lotteria,"02 - 2A Nguyễn Thái Học, Quy Nhơn, Bình Định"
Voucher Shrimp Burger Set tại Lotteria,Lotteria,"KĐT xanh Vũng Chua, P. Ghềnh Ráng, Quy Nhơn, Bình Định"
Voucher Shrimp Burger Set tại Lotteria,Lotteria,"178 Y Jut, Thắng Lợi, Buôn Ma Thuột, Đắk Lắk"
Voucher Shrimp Burger Set tại Lotteria,Lotteria,"Lô 04, đường 19/5, KĐT Vĩnh Điềm Trung, xã Vĩnh Hiệp, Nha Trang, Khánh Hòa"
Voucher Shrimp Burger Set tại Lotteria,Lotteria,"2038 Hùng Vương, P. Cam Lộc, Cam Ranh, Khánh Hòa"
Voucher Shrimp Burger Set tại Lotteria,Lotteria,"73 Thống Nhất, Nha Trang, Khánh Hòa"
Voucher Shrimp Burger Set tại Lotteria,Lotteria,"2+2/1 Nguyễn Đình Chiểu, P. Vĩnh Phước, Nha Trang, Khánh Hòa"
Voucher Shrimp Burger Set tại Lotteria,Lotteria,"CTXD số SB.D-70, Dự án Công viên văn hóa Vinwonders Nha Trang, Đảo Hòn Tre, P. Vĩnh Nguyên, Nha Trang, Khánh Hòa"
Voucher Shrimp Burger Set tại Lotteria,Lotteria,"133 Bà Triệu, P. Thắng Lợi, Kon Tum, Kon Tum"
Voucher Shrimp Burger Set tại Lotteria,Lotteria,"Tầng trệt, Tháp nước, Trần Phú, P. 2, Bảo Lộc, Lâm Đồng"
Voucher Shrimp Burger Set tại Lotteria,Lotteria,"285 Bùi Thị Xuân, P. 8, Đà Lạt, Lâm Đồng"
Voucher Shrimp Burger Set tại Lotteria,Lotteria,"01 Nguyễn Thị Minh Khai, P. 01, Đà Lạt, Lâm Đồng"
Voucher Shrimp Burger Set tại Lotteria,Lotteria,"Quảng Trường Lâm Viên, góc đường Hồ Tùng Mậu - Trần Quốc Thảo, P. 10, Đà Lạt, Lâm Đồng"
Voucher Shrimp Burger Set tại Lotteria,Lotteria,"62 Thủ Khoa Huân, KP. 1, P. Bình Hưng, Phan Thiết, Bình Thuận"
Voucher Shrimp Burger Set tại Lotteria,Lotteria,"KDC Hùng Vương 1, P. Phú Thủy, Phan Thiết, Bình Thuận"
Voucher Shrimp Burger Set tại Lotteria,Lotteria,"1A Nguyễn Tất Thành, P. Bình Hưng, Phan Thiết, Bình Thuận"
Voucher Shrimp Burger Set tại Lotteria,Lotteria,"198 Hùng Vương, P. Xuân Bình, Thị xã Long Khánh, Đồng Nai"
Voucher Shrimp Burger Set tại Lotteria,Lotteria,"03 Phan Chu Trinh, P. Quang Vinh, Biên Hòa, Đồng Nai"
Voucher Shrimp Burger Set tại Lotteria,Lotteria,"Lô B-03, KTM Amata, Quốc lộ 1A, P. Long Bình, Biên Hòa, Đồng Nai"
Voucher Shrimp Burger Set tại Lotteria,Lotteria,"F230-F231 Võ Thị Sáu, Phường Thống Nhất, Biên Hòa, Đồng Nai"
Voucher Shrimp Burger Set tại Lotteria,Lotteria,"Siêu Thị Hoàng Đức Gia Kiệm - 166 ấp Bạch Lâm 1, xã Gia Tân 2, Huyện Thống Nhất, Đồng Nai"
Voucher Shrimp Burger Set tại Lotteria,Lotteria,"Quốc Lộ 51, KP 1, P. Long Bình Tân, Biên Hòa, Đồng Nai"
Voucher Shrimp Burger Set tại Lotteria,Lotteria,"TTTM Chợ Thanh Hà, Trần Phú, P. Phủ Hòa, Phan Rang - Tháp Chàm, Ninh Thuận"
Voucher Shrimp Burger Set tại Lotteria,Lotteria,"555B đại lộ Bình Dương, P. Hiệp Bình, Thị xã Thủ Dầu Một, Bình Dương"
Voucher Shrimp Burger Set tại Lotteria,Lotteria,"01 Trần Hưng Đạo, P. Phú Cường, Thị xã Thủ Dầu Một, Bình Dương"
Voucher Shrimp Burger Set tại Lotteria,Lotteria,"368 đường 30/4 P. Chánh Nghĩa, Thị xã Thủ Dầu Một, Bình Dương"
Voucher Shrimp Burger Set tại Lotteria,Lotteria,"TTTM Green Square, P. Đông Hòa, Thị xã Dĩ An, Bình Dương"
Voucher Shrimp Burger Set tại Lotteria,Lotteria,"231 Yersin, P. Hiệp Thành, Thị xã Thủ Dầu Một, Bình Dương"
Voucher Shrimp Burger Set tại Lotteria,Lotteria,"TTMS Aeon - Bình Dương Canary, 1 Đại Lộ Bình Dương, KP. Bình Giao, P. Thuận Giao, Thị xã Thuận An, Bình Dương"
Voucher Shrimp Burger Set tại Lotteria,Lotteria,"KĐT The Seasons Bình Dương, P. Lái Thiêu, Thị xã Thuận An, Bình Dương"
Voucher Shrimp Burger Set tại Lotteria,Lotteria,"Tầng trệt, KP. Lộc An, Thị trấn Trảng Bàng, Huyện Trảng Bàng, Tây Ninh"
Voucher Shrimp Burger Set tại Lotteria,Lotteria,"576 Cách Mạng Tháng Tám, Phường 3, Tây Ninh"
Voucher Shrimp Burger Set tại Lotteria,Lotteria,"09 Hạ Long, P. 2, Vũng Tàu, Bà Rịa - Vũng Tàu"
Voucher Shrimp Burger Set tại Lotteria,Lotteria,"227 Nam Kỳ Khởi Nghĩa - 378 Lê Hồng Phong, P. 03, Vũng Tàu, Bà Rịa - Vũng Tàu"
Voucher Shrimp Burger Set tại Lotteria,Lotteria,"Tầng 1, Góc đường 3/2 - Thi Sách, P. 8, Vũng Tàu, Bà Rịa - Vũng Tàu"
Voucher Shrimp Burger Set tại Lotteria,Lotteria,"Shop GF-01, Ấp Thanh Ba, Xã Mỹ Lộc, Thị trấn Cần Giuộc, Huyện Cần Giuộc, Long An"
Voucher Shrimp Burger Set tại Lotteria,Lotteria,"15 Trương Định - 11 Phan Đình Phùng, KP. 01, P. 1, Thị xã Gò Công, Tiền Giang"
Voucher Shrimp Burger Set tại Lotteria,Lotteria,"545 Lê Văn Phẩm, P. 5, Mỹ Tho, Tiền Giang"
Voucher Shrimp Burger Set tại Lotteria,Lotteria,"34 Ngô Quyền, P. 1, Mỹ Tho, Tiền Giang"
Voucher Shrimp Burger Set tại Lotteria,Lotteria,"Go Mart Trà Vinh, Đường Võ Nguyên Giáp, P. 7, Trà Vinh"
Voucher Shrimp Burger Set tại Lotteria,Lotteria,"65 Nguyễn Huệ, P. 01, Cao Lãnh, Đồng Tháp"
Voucher Shrimp Burger Set tại Lotteria,Lotteria,"Tầng trệt, Nguyễn Sinh Sắc, khóm 2, P. 2, Sa Đéc, Đồng Tháp"
Voucher Shrimp Burger Set tại Lotteria,Lotteria,"01 Ngô Thời Nhậm, P. 1, Cao Lãnh, Đồng Tháp"
Voucher Shrimp Burger Set tại Lotteria,Lotteria,"92 Nguyễn Trãi, P. Mỹ Long, Long Xuyên, An Giang"
Voucher Shrimp Burger Set tại Lotteria,Lotteria,"29 Trần Hưng Đạo, P. 5, Cà Mau, Cà Mau"
Voucher Bulgogi Burger Set tại Lotteria,Lotteria,"Ngã 3 Đào Duy Anh - Kim Liên - Phạm Ngọc Thạch, Quận Đống Đa, Hà Nội"
Voucher Bulgogi Burger Set tại Lotteria,Lotteria,"Phạm Văn Đồng, P. Cổ Nhuế 1, Quận Bắc Từ Liêm, Hà Nội"
Voucher Bulgogi Burger Set tại Lotteria,Lotteria,"Toà nhà Mandarin Garden 2, Số 493 Tân Mai, P. Tân Mai, Quận Hoàng Mai, Hà Nội"
Voucher Bulgogi Burger Set tại Lotteria,Lotteria,"64 BT X2, khu đô thị Bắc Linh Đàm, Quận Hoàng Mai, Hà Nội"
Voucher Bulgogi Burger Set tại Lotteria,Lotteria,"201 Khâm Thiên, Quận Đống Đa, Hà Nội"
Voucher Bulgogi Burger Set tại Lotteria,Lotteria,"154 Bà Triệu, Nguyễn Du, Quận Hai Bà Trưng, Hà Nội"
Voucher Bulgogi Burger Set tại Lotteria,Lotteria,"152 Thái Thịnh, Láng Hạ, Quận Đống Đa, Hà Nội"
Voucher Bulgogi Burger Set tại Lotteria,Lotteria,"TTTM EBEST xã Minh Khai, Quận Từ Liêm, Hà Nội"
Voucher Bulgogi Burger Set tại Lotteria,Lotteria,"Tầng 1, Aeon Mall Long Biên, Cổ Linh, Quận Long Biên, Hà Nội"
Voucher Bulgogi Burger Set tại Lotteria,Lotteria,"Tầng 1C2 Nguyễn Cơ Thạch, KĐT Mỹ Đình, Quận Từ Liêm, Hà Nội"
Voucher Bulgogi Burger Set tại Lotteria,Lotteria,"138 Lê Thanh Nghị, P. Bách Khoa, Quận Hai Bà Trưng, Hà Nội"
Voucher Bulgogi Burger Set tại Lotteria,Lotteria,"7-9 Đinh Tiên Hoàng, P. Hàng Bạc, Quận Hoàn Kiếm, Hà Nội"
Voucher Bulgogi Burger Set tại Lotteria,Lotteria,"01 Núi Trúc, P.Kim Mã, Quận Ba Đình, Hà Nội"
Voucher Bulgogi Burger Set tại Lotteria,Lotteria,"298 Cầu Giấy, P. Quan Hoa, Quận Cầu Giấy, Hà Nội"
Voucher Bulgogi Burger Set tại Lotteria,Lotteria,"391 Hoàng Quốc Việt, P. Nghĩa Tân, Quận Cầu giấy, Hà Nội"
Voucher Bulgogi Burger Set tại Lotteria,Lotteria,"66 Lò Đúc, P. Phạm Đình Hổ, Quận Hai Bà Trưng, Hà Nội"
Voucher Bulgogi Burger Set tại Lotteria,Lotteria,"Tầng 4 , Ô số 430+431, Lotte Mall, Ngõ 683 Lạc Long Quân, P. Phú Thượng, Quận Tây Hồ, Hà Nội"
Voucher Bulgogi Burger Set tại Lotteria,Lotteria,"203 Nguyễn Thị Minh Khai, P. Minh Khai, Quận Hai Bà Trưng, Hà Nội"
Voucher Bulgogi Burger Set tại Lotteria,Lotteria,"Tầng 1 Mễ Trì, P. Mễ Trì, Quận Từ Liêm, Hà Nội"
Voucher Bulgogi Burger Set tại Lotteria,Lotteria,"TTTM Savico Nguyễn Văn Linh, Quận Long Biên, Hà Nội"
Voucher Bulgogi Burger Set tại Lotteria,Lotteria,"2A Trần Vũ, P. Quán Thánh, Quận Ba Đình, Hà Nội"
Voucher Bulgogi Burger Set tại Lotteria,Lotteria,"Km 10 Nguyễn Trãi, P. Mỗ Lao, Quận Hà Đông, Hà Nội"
Voucher Bulgogi Burger Set tại Lotteria,Lotteria,"Ngã 3 Yên Xá, Tân Triều, Quận Hà Đông, Hà Nội"
Voucher Bulgogi Burger Set tại Lotteria,Lotteria,"103DN11 Nguyễn Khánh Toàn, P. Quan Hoa, Quận Cầu Giấy, Hà Nội"
Voucher Bulgogi Burger Set tại Lotteria,Lotteria,"54 Liễu Giai, P. Cống Vị, Quận Ba Đình, Hà Nội"
Voucher Bulgogi Burger Set tại Lotteria,Lotteria,"445a Lạc Long Quân, Phường Xuân La, Quận Tây Hồ, Hà Nội"
Voucher Bulgogi Burger Set tại Lotteria,Lotteria,"Tầng 1 Citimart Hà Đông, CT 7A-CT7B KĐTM Văn Quán, P. Phúc La, Quận Hà Đông, Hà Nội"
Voucher Bulgogi Burger Set tại Lotteria,Lotteria,"63 Huỳnh Thúc Kháng, P. Láng Hạ, Quận Đống Đa, Hà Nội"
Voucher Bulgogi Burger Set tại Lotteria,Lotteria,"SH20.21 Tòa S1.05 Vinhomes Ocean Park, xã Đa Tốn, Huyện Gia Lâm, Hà Nội"
Voucher Bulgogi Burger Set tại Lotteria,Lotteria,"TTTM Aeon Mall, P. Dương Nội, Quận Hà Đông, Hà Nội"
Voucher Bulgogi Burger Set tại Lotteria,Lotteria,"34 Hoàng Cầu, P. Ô Chợ Dừa, Quận Đống Đa, Hà Nội"
Voucher Bulgogi Burger Set tại Lotteria,Lotteria,"Lô D5, KĐTM Cầu Giấy, P. Dịch Vọng, Quận Cầu Giấy, Hà Nội"
Voucher Bulgogi Burger Set tại Lotteria,Lotteria,"437 Bạch Mai, P. Trương Định, Quận Hai Bà Trưng, Hà Nội"
Voucher Bulgogi Burger Set tại Lotteria,Lotteria,"Tầng 2 Big C Thăng Long, 222 Trần Duy Hưng, P. Trung Hòa, Quận Cầu Giấy, Hà Nội"
Voucher Bulgogi Burger Set tại Lotteria,Lotteria,"23 Hàng Thanh, P. Nguyễn Trung Trực, Quận Ba Đình, Hà Nội"
Voucher Bulgogi Burger Set tại Lotteria,Lotteria,"Tầng 1 Tòa A8, An Bình City, 232 Phạm Văn Đồng, Quận Bắc Từ Liêm, Hà Nội"
Voucher Bulgogi Burger Set tại Lotteria,Lotteria,"72A Nguyễn Trãi, Quận Thanh Xuân, Hà Nội"
Voucher Bulgogi Burger Set tại Lotteria,Lotteria,"210-212 Nguyễn Văn Cừ, P. Ngọc Lâm, Quận Long Biên, Hà Nội"
Voucher Bulgogi Burger Set tại Lotteria,Lotteria,"Tòa Horizon city, 87 Lĩnh Nam, P. Mai Động, Quận Hoàng Mai, Hà Nội"
Voucher Bulgogi Burger Set tại Lotteria,Lotteria,"112 Trần Duy Hưng, P. Trung Hòa, Quận Cầu Giấy, Hà Nội"
Voucher Bulgogi Burger Set tại Lotteria,Lotteria,"Tầng hầm B1 Times City, 458 Minh Khai, P. Vĩnh Tuy, Quận Hai Bà Trưng, Hà Nội"
Voucher Bulgogi Burger Set tại Lotteria,Lotteria,"Tầng 1 CT 4A.B KĐT Xa La, xã Phúc La, Quận Hà Đông, Hà Nội"
Voucher Bulgogi Burger Set tại Lotteria,Lotteria,"TTTM Mê Linh, Tô Hiệu, Quận Hà Đông, Hà Nội"
Voucher Bulgogi Burger Set tại Lotteria,Lotteria,"Tầng 1 tòa nhà Housing, 299 Trung Kính, Trung Hòa, Quận Cầu Giấy, Hà Nội"
Voucher Bulgogi Burger Set tại Lotteria,Lotteria,"TTTM Mua Sắm Aeon - Tân Phú Celadon, 30 Bờ Bao Tân Thắng, P. Sơn Kỳ, Quận Tân Phú, Hồ Chí Minh"
Voucher Bulgogi Burger Set tại Lotteria,Lotteria,"Tầng 1, 18 Phan Văn Trị, P. 10, Quận Gò Vấp, Hồ Chí Minh"
Voucher Bulgogi Burger Set tại Lotteria,Lotteria,"211 - 213 Bình Phú, P. 11, Quận 6, Hồ Chí Minh"
Voucher Bulgogi Burger Set tại Lotteria,Lotteria,"445 Bạch Đằng, P. 12, Quận Bình Thạnh, Hồ Chí Minh"
Voucher Bulgogi Burger Set tại Lotteria,Lotteria,"Khu B, KĐT mới An Phú - An Khánh, P. An Phú, Quận 2, Hồ Chí Minh"
Voucher Bulgogi Burger Set tại Lotteria,Lotteria,"572A Ba Tháng Hai, P. 14, Quận 10, Hồ Chí Minh"
Voucher Bulgogi Burger Set tại Lotteria,Lotteria,"95A Trần Hưng Đạo, P. Cầu Ông Lãnh, Quận 1, Hồ Chí Minh"
Voucher Bulgogi Burger Set tại Lotteria,Lotteria,"Tầng 5, 101 Tôn Dật Tiên, P. Tân Phú, Quận 7, Hồ Chí Minh"
Voucher Bulgogi Burger Set tại Lotteria,Lotteria,"66 Mạc Cửu-67 Vạn Kiếp, P. 13, Quận 5, Hồ Chí Minh"
Voucher Bulgogi Burger Set tại Lotteria,Lotteria,"11 Sư Phạn Vạn Hạnh, P. 12, Quận 10, Hồ Chí Minh"
Voucher Bulgogi Burger Set tại Lotteria,Lotteria,"33 Nguyễn Văn Nghi, P. 4, Quận Gò Vấp, Hồ Chí Minh"
Voucher Bulgogi Burger Set tại Lotteria,Lotteria,"158 - 160 Lê Bình, P. 4, Quận Tân Bình, Hồ Chí Minh"
Voucher Bulgogi Burger Set tại Lotteria,Lotteria,"111 Dương Bá Trạc, P. 1, Quận 8, Hồ Chí Minh"
Voucher Bulgogi Burger Set tại Lotteria,Lotteria,"357 Quốc lộ 22, ấp Thượng, xã Tân Thông Hội, Huyện Củ Chi, Hồ Chí Minh"
Voucher Bulgogi Burger Set tại Lotteria,Lotteria,"P5 _SH.02 Tòa Park 5 Vinhomes Central, 20A Điện Biên Phủ, Phường 22, Quận Bình Thạnh, Hồ Chí Minh"
Voucher Bulgogi Burger Set tại Lotteria,Lotteria,"469 Nguyễn Hữu Thọ, P. Tân Hưng, Quận 7, Hồ Chí Minh"
Voucher Bulgogi Burger Set tại Lotteria,Lotteria,"S6.0301.S04 & S6.0301.S03 Origami Vinhomes Grand Park, Quận 9, Hồ Chí Minh"
Voucher Bulgogi Burger Set tại Lotteria,Lotteria,"292 Đinh Bộ Lĩnh, P. 26, Quận Bình Thạnh, Hồ Chí Minh"
Voucher Bulgogi Burger Set tại Lotteria,Lotteria,"Số 2 Song Hành (gần Cầu Đen), P. An Phú, Quận 2, Hồ Chí Minh"
Voucher Bulgogi Burger Set tại Lotteria,Lotteria,"Coopmart Tuy Lý Vương, 40 - 54 Tuy Lý Vương, P. 13, Quận 8, Hồ Chí Minh"
Voucher Bulgogi Burger Set tại Lotteria,Lotteria,"801 Hồng Bàng, P. 9, Quận 6, Hồ Chí Minh"
Voucher Bulgogi Burger Set tại Lotteria,Lotteria,"573 Huỳnh Tấn Phát, P. Tân Thuận Đông, Quận 7, Hồ Chí Minh"
Voucher Bulgogi Burger Set tại Lotteria,Lotteria,"11-11 Bis Nguyễn Thị Minh Khai, P. Bến Nghé, Quận 1, Hồ Chí Minh"
Voucher Bulgogi Burger Set tại Lotteria,Lotteria,"303 Trần Hưng Đạo, P. Nguyễn Cư Trinh, Quận 1, Hồ Chí Minh"
Voucher Bulgogi Burger Set tại Lotteria,Lotteria,"1397 Nguyễn Văn Linh, KP Mỹ Khánh 2-H4-2, P. Tân Phong, Quận 7, Hồ Chí Minh"
Voucher Bulgogi Burger Set tại Lotteria,Lotteria,"380 Thoại Ngọc Hầu, P. Phú Thạnh, Quận Tân Phú, Hồ Chí Minh"
Voucher Bulgogi Burger Set tại Lotteria,Lotteria,"70 - 72 Bàu Cát, P. 14, Quận Tân Bình, Hồ Chí Minh"
Voucher Bulgogi Burger Set tại Lotteria,Lotteria,"02 Ngô Gia Tự - 145 Lý Thái Tổ, P. 9, Quận 10, Hồ Chí Minh"
Voucher Bulgogi Burger Set tại Lotteria,Lotteria,"159/6 - 160/1 ấp Trung Chánh, xã Tân Xuân, Huyện Hóc Môn, Hồ Chí Minh"
Voucher Bulgogi Burger Set tại Lotteria,Lotteria,"250B Lý Chính Thắng, P. 9, Quận 3, Hồ Chí Minh"
Voucher Bulgogi Burger Set tại Lotteria,Lotteria,"Pico Plaza, 20 Cộng Hòa, P. 12, Quận Tân Bình, Hồ Chí Minh"
Voucher Bulgogi Burger Set tại Lotteria,Lotteria,"10 Võ Văn Ngân, P. Trường Thọ, Quận Thủ Đức, Hồ Chí Minh"
Voucher Bulgogi Burger Set tại Lotteria,Lotteria,"68 Lê Văn Việt, Tổ 11, KP. 2, P. Hiệp Phú, Quận 9, Hồ Chí Minh"
Voucher Bulgogi Burger Set tại Lotteria,Lotteria,"102 Lê Quốc Hưng, P. 12, Quận 4, Hồ Chí Minh"
Voucher Bulgogi Burger Set tại Lotteria,Lotteria,"1271 Tỉnh lộ 10, KP. 9, P. Tân Tạo, Quận Bình Tân, Hồ Chí Minh"
Voucher Bulgogi Burger Set tại Lotteria,Lotteria,"52 Hậu Giang, P. 06, Quận 6, Hồ Chí Minh"
Voucher Bulgogi Burger Set tại Lotteria,Lotteria,"220/151/3B - 222 Xô Viết Nghệ Tĩnh, P. 21, Quận Bình Thạnh, Hồ Chí Minh"
Voucher Bulgogi Burger Set tại Lotteria,Lotteria,"309 - 311 Vành Đai Trong, P. Bình Trị Đông B, Quận Bình Tân, Hồ Chí Minh"
Voucher Bulgogi Burger Set tại Lotteria,Lotteria,"09 Quang Trung, P. 11, Quận Gò Vấp, Hồ Chí Minh"
Voucher Bulgogi Burger Set tại Lotteria,Lotteria,"251 Phan Xích Long, KDC Rạch Miễu P. 7, Quận Phú Nhuận, Hồ Chí Minh"
Voucher Bulgogi Burger Set tại Lotteria,Lotteria,"01 Nguyễn Thông, P. 9, Quận 3, Hồ Chí Minh"
Voucher Bulgogi Burger Set tại Lotteria,Lotteria,"175 H òa Bình, P. Hiệp Tân, Quận Tân Phú, Hồ Chí Minh"
Voucher Bulgogi Burger Set tại Lotteria,Lotteria,"TTTM Big C City Land, Lô A, KDC City Land, Số 99 Nguyễn Thị Thập, Quận 7, Hồ Chí Minh"
Voucher Bulgogi Burger Set tại Lotteria,Lotteria,"968 Ba Tháng Hai, P. 15, Quận 11, Hồ Chí Minh"
Voucher Bulgogi Burger Set tại Lotteria,Lotteria,"175 (số cũ 19/35) Độc Lập, P. Tân Quý, Quận Tân Phú, Hồ Chí Minh"
Voucher Bulgogi Burger Set tại Lotteria,Lotteria,"114 Trần Hưng Đạo, P. 7, Quận 5, Hồ Chí Minh"
Voucher Bulgogi Burger Set tại Lotteria,Lotteria,"307A (số cũ 155A) Tô Hiến Thành, P. 13, Quận 10, Hồ Chí Minh"
Voucher Bulgogi Burger Set tại Lotteria,Lotteria,"604 - 606 Điện Biên Phủ, P. 22, Quận Bình Thạnh, Hồ Chí Minh"
Voucher Bulgogi Burger Set tại Lotteria,Lotteria,"72 Ngô Tất Tố, Phường 19, Quận Bình Thạnh, Hồ Chí Minh"
Voucher Bulgogi Burger Set tại Lotteria,Lotteria,"283 Võ Văn Ngân, P. Linh Chiểu, Quận Thủ Đức, Hồ Chí Minh"
Voucher Bulgogi Burger Set tại Lotteria,Lotteria,"187 Xuân Hồng, Phường 12, Quận Tân Bình, Hồ Chí Minh"
Voucher Bulgogi Burger Set tại Lotteria,Lotteria,"346B Lê Quang Định, P. 11, Quận Bình Thạnh, Hồ Chí Minh"
Voucher Bulgogi Burger Set tại Lotteria,Lotteria,"120 Nguyễn Thị Minh Khai, P. Hải Châu 1, Quận Hải Châu, Đà Nẵng"
Voucher Bulgogi Burger Set tại Lotteria,Lotteria,"568 Trưng Nữ Vương, P. Hòa Thuận Tây, Quận Hải Châu, Đà Nẵng"
Voucher Bulgogi Burger Set tại Lotteria,Lotteria,"92A Phan Chu Trinh, Quận Hải Châu, Đà Nẵng"
Voucher Bulgogi Burger Set tại Lotteria,Lotteria,"Trần Nhân Tông, Bình Than, Quận Sơn Trà, Đà Nẵng"
Voucher Bulgogi Burger Set tại Lotteria,Lotteria,"TTTM khu Quy hoạch Bà Triệu - Hùng Vương, P. Phú Hội, Thừa Thiên Huế, Thành Phố Huế, Thừa Thiên Huế"
Voucher Bulgogi Burger Set tại Lotteria,Lotteria,"06 Trần Hưng Đạo, P. Phú Hòa, Thừa Thiên Huế, Thành Phố Huế, Thừa Thiên Huế"
Voucher Bulgogi Burger Set tại Lotteria,Lotteria,"T308, Tầng 3 Trung tâm thương mại Aeon Mall Huế, Số 8 đường Võ Nguyên Giáp, Phường An Đông, Huế, Thừa Thiên Huế"
Voucher Bulgogi Burger Set tại Lotteria,Lotteria,"207C Lạch Tray, Quận Ngô Quyền, Hải Phòng"
Voucher Bulgogi Burger Set tại Lotteria,Lotteria,"88 Trần Phú, Quận Ngô Quyền, Hải Phòng"
Voucher Bulgogi Burger Set tại Lotteria,Lotteria,"317 Trần Thành Ngọ, Quận Kiến An, Hải Phòng"
Voucher Bulgogi Burger Set tại Lotteria,Lotteria,"Số 2 Phạm Minh Đức, Phường Máy Tơ, Quận Ngô Quyền, Hải Phòng"
Voucher Bulgogi Burger Set tại Lotteria,Lotteria,"Lô 1/20 KĐT ngã 5, Sân bay Cát Bi, Quận Ngô Quyền, Hải Phòng"
Voucher Bulgogi Burger Set tại Lotteria,Lotteria,"118 - 120 Trần Nguyên Hãn, Quận Lê Trân, Hải Phòng"
Voucher Bulgogi Burger Set tại Lotteria,Lotteria,"Lô 1F11, Lottemart, số 84 Mậu Thân, Phường An Hòa, Quận Ninh Kiều, Cần Thơ"
Voucher Bulgogi Burger Set tại Lotteria,Lotteria,"Lô 01, KDC Hưng Phú 1, P. Hưng Phú, Quận Cái Răng, Cần Thơ"
Voucher Bulgogi Burger Set tại Lotteria,Lotteria,"170 Nguyễn Văn Cừ, P. An Khánh, Quận Ninh Kiều, Cần Thơ"
Voucher Bulgogi Burger Set tại Lotteria,Lotteria,"Soiva Plaza Me Linh, Quận Khai Hoang, Vĩnh Yên, Vĩnh Phúc"
Voucher Bulgogi Burger Set tại Lotteria,Lotteria,"TTTM Vincom Plaza, Đường Cù Chính Lan, Đồng Tiến, Hoà Bình"
Voucher Bulgogi Burger Set tại Lotteria,Lotteria,"Tầng 3, Vincom Bắc Kan, Số 8A Đức Xuân, Bắc Kạn"
Voucher Bulgogi Burger Set tại Lotteria,Lotteria,"Ngã 6, Plot 26, Khu 13, P. Kim Tân, Lào Cai, Lào Cai"
Voucher Bulgogi Burger Set tại Lotteria,Lotteria,"Đường Cầu Kì Lừa, P. Chi Lăng, Lạng Sơn, Lạng Sơn"
Voucher Bulgogi Burger Set tại Lotteria,Lotteria,"Tầng 1 TTTM Big C Bắc Giang, ngã 4 Hùng Vương kéo dài, xã Tân Tiến, Bắc Giang, Bắc Giang"
Voucher Bulgogi Burger Set tại Lotteria,Lotteria,"TTTM Big C Việt Trì, Nguyễn Tất Thành, P. Thanh Miếu, Việt Trì, Phú Thọ"
Voucher Bulgogi Burger Set tại Lotteria,Lotteria,"Lầu 3, Vincom Sơn La, Trường Chinh, P. Quyết Thắng, Sơn La, Sơn La"
Voucher Bulgogi Burger Set tại Lotteria,Lotteria,"TTTM Thiên Trường, Quận Lộc Hòa, Nam Định"
Voucher Bulgogi Burger Set tại Lotteria,Lotteria,"02 Hồng Quang, P. Quang Trung, Hải Dương"
Voucher Bulgogi Burger Set tại Lotteria,Lotteria,"TTTM Vincom Hạ Long, P. Bạch Đằng, Hạ Long, Quảng Ninh"
Voucher Bulgogi Burger Set tại Lotteria,Lotteria,"TTTM Big C, Cột 5, P. Hồng Hải, Hạ Long, Quảng Ninh"
Voucher Bulgogi Burger Set tại Lotteria,Lotteria,"160 Lê Thánh Tôn, Hạ Long, Quảng Ninh"
Voucher Bulgogi Burger Set tại Lotteria,Lotteria,"02 Trần Khánh Dư, P. Cẩm Đông, Cẩm Phả, Quảng Ninh"
Voucher Bulgogi Burger Set tại Lotteria,Lotteria,"Số 342-346 Trần Hưng Đạo, P. Cửa Bắc, Thành phố Nam Định, Nam Định"
Voucher Bulgogi Burger Set tại Lotteria,Lotteria,"TTTM Big C Ninh Bình, Trần Nhân Tông, Xã Ninh Phúc, Ninh Bình"
Voucher Bulgogi Burger Set tại Lotteria,Lotteria,"TTTM Vincom Plaza Thanh Hóa, Phường Trần Phú, Thanh Hóa"
Voucher Bulgogi Burger Set tại Lotteria,Lotteria,"Tầng 1 Big C Thanh Hóa, Xã Đông Hải, Thanh Hóa"
Voucher Bulgogi Burger Set tại Lotteria,Lotteria,"TTTM Big C Vinh, 02 Quang Trung, Vinh, Nghệ An"
Voucher Bulgogi Burger Set tại Lotteria,Lotteria,"87A Nguyễn Văn Cừ, Khối 2, Phường Trường Thi, Vinh, Nghệ An"
Voucher Bulgogi Burger Set tại Lotteria,Lotteria,"Tầng 3-16, Lotte Mart Vinh, 295 đường V.I Lê Ninh, P. Hà Huy Tập, Vinh, Nghệ An"
Voucher Bulgogi Burger Set tại Lotteria,Lotteria,"74 Trần Phú, P. Bắc Hà, Hà Tĩnh"
Voucher Bulgogi Burger Set tại Lotteria,Lotteria,"Số 1 Hùng Vương, Phường Cẩm Phô, Hội An, Quảng Nam"
Voucher Bulgogi Burger Set tại Lotteria,Lotteria,"Cổng Nam TTTM Go! Đường Lý Thường Kiệt, Nghĩa Chánh, Quảng Ngãi"
Voucher Bulgogi Burger Set tại Lotteria,Lotteria,"117B Đại lộ Hùng Vương, Trần Hưng Đạo, Quảng Ngãi"
Voucher Bulgogi Burger Set tại Lotteria,Lotteria,"01 Phan Bội Châu, P. Hội Thương, Pleiku, Gia Lai"
Voucher Bulgogi Burger Set tại Lotteria,Lotteria,"02 - 2A Nguyễn Thái Học, Quy Nhơn, Bình Định"
Voucher Bulgogi Burger Set tại Lotteria,Lotteria,"KĐT xanh Vũng Chua, P. Ghềnh Ráng, Quy Nhơn, Bình Định"
Voucher Bulgogi Burger Set tại Lotteria,Lotteria,"178 Y Jut, Thắng Lợi, Buôn Ma Thuột, Đắk Lắk"
Voucher Bulgogi Burger Set tại Lotteria,Lotteria,"73 Thống Nhất, Nha Trang, Khánh Hòa"
Voucher Bulgogi Burger Set tại Lotteria,Lotteria,"CTXD số SB.D-70, Dự án Công viên văn hóa Vinwonders Nha Trang, Đảo Hòn Tre, P. Vĩnh Nguyên, Nha Trang, Khánh Hòa"
Voucher Bulgogi Burger Set tại Lotteria,Lotteria,"Lô 04, đường 19/5, KĐT Vĩnh Điềm Trung, xã Vĩnh Hiệp, Nha Trang, Khánh Hòa"
Voucher Bulgogi Burger Set tại Lotteria,Lotteria,"2038 Hùng Vương, P. Cam Lộc, Cam Ranh, Khánh Hòa"
Voucher Bulgogi Burger Set tại Lotteria,Lotteria,"2+2/1 Nguyễn Đình Chiểu, P. Vĩnh Phước, Nha Trang, Khánh Hòa"
Voucher Bulgogi Burger Set tại Lotteria,Lotteria,"133 Bà Triệu, P. Thắng Lợi, Kon Tum, Kon Tum"
Voucher Bulgogi Burger Set tại Lotteria,Lotteria,"285 Bùi Thị Xuân, P. 8, Đà Lạt, Lâm Đồng"
Voucher Bulgogi Burger Set tại Lotteria,Lotteria,"Tầng trệt, Tháp nước, Trần Phú, P. 2, Bảo Lộc, Lâm Đồng"
Voucher Bulgogi Burger Set tại Lotteria,Lotteria,"01 Nguyễn Thị Minh Khai, P. 01, Đà Lạt, Lâm Đồng"
Voucher Bulgogi Burger Set tại Lotteria,Lotteria,"Quảng Trường Lâm Viên, góc đường Hồ Tùng Mậu - Trần Quốc Thảo, P. 10, Đà Lạt, Lâm Đồng"
Voucher Bulgogi Burger Set tại Lotteria,Lotteria,"62 Thủ Khoa Huân, KP. 1, P. Bình Hưng, Phan Thiết, Bình Thuận"
Voucher Bulgogi Burger Set tại Lotteria,Lotteria,"KDC Hùng Vương 1, P. Phú Thủy, Phan Thiết, Bình Thuận"
Voucher Bulgogi Burger Set tại Lotteria,Lotteria,"1A Nguyễn Tất Thành, P. Bình Hưng, Phan Thiết, Bình Thuận"
Voucher Bulgogi Burger Set tại Lotteria,Lotteria,"Quốc Lộ 51, KP 1, P. Long Bình Tân, Biên Hòa, Đồng Nai"
Voucher Bulgogi Burger Set tại Lotteria,Lotteria,"Siêu Thị Hoàng Đức Gia Kiệm - 166 ấp Bạch Lâm 1, xã Gia Tân 2, Huyện Thống Nhất, Đồng Nai"
Voucher Bulgogi Burger Set tại Lotteria,Lotteria,"03 Phan Chu Trinh, P. Quang Vinh, Biên Hòa, Đồng Nai"
Voucher Bulgogi Burger Set tại Lotteria,Lotteria,"F230-F231 Võ Thị Sáu, Phường Thống Nhất, Biên Hòa, Đồng Nai"
Voucher Bulgogi Burger Set tại Lotteria,Lotteria,"Lô B-03, KTM Amata, Quốc lộ 1A, P. Long Bình, Biên Hòa, Đồng Nai"
Voucher Bulgogi Burger Set tại Lotteria,Lotteria,"198 Hùng Vương, P. Xuân Bình, Thị xã Long Khánh, Đồng Nai"
Voucher Bulgogi Burger Set tại Lotteria,Lotteria,"TTTM Chợ Thanh Hà, Trần Phú, P. Phủ Hòa, Phan Rang - Tháp Chàm, Ninh Thuận"
Voucher Bulgogi Burger Set tại Lotteria,Lotteria,"555B đại lộ Bình Dương, P. Hiệp Bình, Thị xã Thủ Dầu Một, Bình Dương"
Voucher Bulgogi Burger Set tại Lotteria,Lotteria,"TTTM Green Square, P. Đông Hòa, Thị xã Dĩ An, Bình Dương"
Voucher Bulgogi Burger Set tại Lotteria,Lotteria,"231 Yersin, P. Hiệp Thành, Thị xã Thủ Dầu Một, Bình Dương"
Voucher Bulgogi Burger Set tại Lotteria,Lotteria,"KĐT The Seasons Bình Dương, P. Lái Thiêu, Thị xã Thuận An, Bình Dương"
Voucher Bulgogi Burger Set tại Lotteria,Lotteria,"368 đường 30/4 P. Chánh Nghĩa, Thị xã Thủ Dầu Một, Bình Dương"
Voucher Bulgogi Burger Set tại Lotteria,Lotteria,"01 Trần Hưng Đạo, P. Phú Cường, Thị xã Thủ Dầu Một, Bình Dương"
Voucher Bulgogi Burger Set tại Lotteria,Lotteria,"TTMS Aeon - Bình Dương Canary, 1 Đại Lộ Bình Dương, KP. Bình Giao, P. Thuận Giao, Thị xã Thuận An, Bình Dương"
Voucher Bulgogi Burger Set tại Lotteria,Lotteria,"576 Cách Mạng Tháng Tám, Phường 3, Tây Ninh"
Voucher Bulgogi Burger Set tại Lotteria,Lotteria,"Tầng trệt, KP. Lộc An, Thị trấn Trảng Bàng, Huyện Trảng Bàng, Tây Ninh"
Voucher Bulgogi Burger Set tại Lotteria,Lotteria,"09 Hạ Long, P. 2, Vũng Tàu, Bà Rịa - Vũng Tàu"
Voucher Bulgogi Burger Set tại Lotteria,Lotteria,"227 Nam Kỳ Khởi Nghĩa - 378 Lê Hồng Phong, P. 03, Vũng Tàu, Bà Rịa - Vũng Tàu"
Voucher Bulgogi Burger Set tại Lotteria,Lotteria,"Tầng 1, Góc đường 3/2 - Thi Sách, P. 8, Vũng Tàu, Bà Rịa - Vũng Tàu"
Voucher Bulgogi Burger Set tại Lotteria,Lotteria,"Shop GF-01, Ấp Thanh Ba, Xã Mỹ Lộc, Thị trấn Cần Giuộc, Huyện Cần Giuộc, Long An"
Voucher Bulgogi Burger Set tại Lotteria,Lotteria,"15 Trương Định - 11 Phan Đình Phùng, KP. 01, P. 1, Thị xã Gò Công, Tiền Giang"
Voucher Bulgogi Burger Set tại Lotteria,Lotteria,"545 Lê Văn Phẩm, P. 5, Mỹ Tho, Tiền Giang"
Voucher Bulgogi Burger Set tại Lotteria,Lotteria,"34 Ngô Quyền, P. 1, Mỹ Tho, Tiền Giang"
Voucher Bulgogi Burger Set tại Lotteria,Lotteria,"Go Mart Trà Vinh, Đường Võ Nguyên Giáp, P. 7, Trà Vinh"
Voucher Bulgogi Burger Set tại Lotteria,Lotteria,"Tầng trệt, Nguyễn Sinh Sắc, khóm 2, P. 2, Sa Đéc, Đồng Tháp"
Voucher Bulgogi Burger Set tại Lotteria,Lotteria,"65 Nguyễn Huệ, P. 01, Cao Lãnh, Đồng Tháp"
Voucher Bulgogi Burger Set tại Lotteria,Lotteria,"01 Ngô Thời Nhậm, P. 1, Cao Lãnh, Đồng Tháp"
Voucher Bulgogi Burger Set tại Lotteria,Lotteria,"92 Nguyễn Trãi, P. Mỹ Long, Long Xuyên, An Giang"
Voucher Bulgogi Burger Set tại Lotteria,Lotteria,"29 Trần Hưng Đạo, P. 5, Cà Mau, Cà Mau"
Voucher Fried chicken tại Lotteria,Lotteria,"Ngã 3 Đào Duy Anh - Kim Liên - Phạm Ngọc Thạch, Quận Đống Đa, Hà Nội"
Voucher Fried chicken tại Lotteria,Lotteria,"Phạm Văn Đồng, P. Cổ Nhuế 1, Quận Bắc Từ Liêm, Hà Nội"
Voucher Fried chicken tại Lotteria,Lotteria,"Toà nhà Mandarin Garden 2, Số 493 Tân Mai, P. Tân Mai, Quận Hoàng Mai, Hà Nội"
Voucher Fried chicken tại Lotteria,Lotteria,"64 BT X2, khu đô thị Bắc Linh Đàm, Quận Hoàng Mai, Hà Nội"
Voucher Fried chicken tại Lotteria,Lotteria,"201 Khâm Thiên, Quận Đống Đa, Hà Nội"
Voucher Fried chicken tại Lotteria,Lotteria,"154 Bà Triệu, Nguyễn Du, Quận Hai Bà Trưng, Hà Nội"
Voucher Fried chicken tại Lotteria,Lotteria,"152 Thái Thịnh, Láng Hạ, Quận Đống Đa, Hà Nội"
Voucher Fried chicken tại Lotteria,Lotteria,"TTTM EBEST xã Minh Khai, Quận Từ Liêm, Hà Nội"
Voucher Fried chicken tại Lotteria,Lotteria,"Tầng 1, Aeon Mall Long Biên, Cổ Linh, Quận Long Biên, Hà Nội"
Voucher Fried chicken tại Lotteria,Lotteria,"Tầng 1C2 Nguyễn Cơ Thạch, KĐT Mỹ Đình, Quận Từ Liêm, Hà Nội"
Voucher Fried chicken tại Lotteria,Lotteria,"138 Lê Thanh Nghị, P. Bách Khoa, Quận Hai Bà Trưng, Hà Nội"
Voucher Fried chicken tại Lotteria,Lotteria,"7-9 Đinh Tiên Hoàng, P. Hàng Bạc, Quận Hoàn Kiếm, Hà Nội"
Voucher Fried chicken tại Lotteria,Lotteria,"01 Núi Trúc, P.Kim Mã, Quận Ba Đình, Hà Nội"
Voucher Fried chicken tại Lotteria,Lotteria,"298 Cầu Giấy, P. Quan Hoa, Quận Cầu Giấy, Hà Nội"
Voucher Fried chicken tại Lotteria,Lotteria,"391 Hoàng Quốc Việt, P. Nghĩa Tân, Quận Cầu giấy, Hà Nội"
Voucher Fried chicken tại Lotteria,Lotteria,"66 Lò Đúc, P. Phạm Đình Hổ, Quận Hai Bà Trưng, Hà Nội"
Voucher Fried chicken tại Lotteria,Lotteria,"Tầng 4 , Ô số 430+431, Lotte Mall, Ngõ 683 Lạc Long Quân, P. Phú Thượng, Quận Tây Hồ, Hà Nội"
Voucher Fried chicken tại Lotteria,Lotteria,"203 Nguyễn Thị Minh Khai, P. Minh Khai, Quận Hai Bà Trưng, Hà Nội"
Voucher Fried chicken tại Lotteria,Lotteria,"Tầng 1 Mễ Trì, P. Mễ Trì, Quận Từ Liêm, Hà Nội"
Voucher Fried chicken tại Lotteria,Lotteria,"TTTM Savico Nguyễn Văn Linh, Quận Long Biên, Hà Nội"
Voucher Fried chicken tại Lotteria,Lotteria,"2A Trần Vũ, P. Quán Thánh, Quận Ba Đình, Hà Nội"
Voucher Fried chicken tại Lotteria,Lotteria,"Km 10 Nguyễn Trãi, P. Mỗ Lao, Quận Hà Đông, Hà Nội"
Voucher Fried chicken tại Lotteria,Lotteria,"Ngã 3 Yên Xá, Tân Triều, Quận Hà Đông, Hà Nội"
Voucher Fried chicken tại Lotteria,Lotteria,"103DN11 Nguyễn Khánh Toàn, P. Quan Hoa, Quận Cầu Giấy, Hà Nội"
Voucher Fried chicken tại Lotteria,Lotteria,"54 Liễu Giai, P. Cống Vị, Quận Ba Đình, Hà Nội"
Voucher Fried chicken tại Lotteria,Lotteria,"445a Lạc Long Quân, Phường Xuân La, Quận Tây Hồ, Hà Nội"
Voucher Fried chicken tại Lotteria,Lotteria,"Tầng 1 Citimart Hà Đông, CT 7A-CT7B KĐTM Văn Quán, P. Phúc La, Quận Hà Đông, Hà Nội"
Voucher Fried chicken tại Lotteria,Lotteria,"63 Huỳnh Thúc Kháng, P. Láng Hạ, Quận Đống Đa, Hà Nội"
Voucher Fried chicken tại Lotteria,Lotteria,"SH20.21 Tòa S1.05 Vinhomes Ocean Park, xã Đa Tốn, Huyện Gia Lâm, Hà Nội"
Voucher Fried chicken tại Lotteria,Lotteria,"TTTM Aeon Mall, P. Dương Nội, Quận Hà Đông, Hà Nội"
Voucher Fried chicken tại Lotteria,Lotteria,"34 Hoàng Cầu, P. Ô Chợ Dừa, Quận Đống Đa, Hà Nội"
Voucher Fried chicken tại Lotteria,Lotteria,"Lô D5, KĐTM Cầu Giấy, P. Dịch Vọng, Quận Cầu Giấy, Hà Nội"
Voucher Fried chicken tại Lotteria,Lotteria,"437 Bạch Mai, P. Trương Định, Quận Hai Bà Trưng, Hà Nội"
Voucher Fried chicken tại Lotteria,Lotteria,"Tầng 2 Big C Thăng Long, 222 Trần Duy Hưng, P. Trung Hòa, Quận Cầu Giấy, Hà Nội"
Voucher Fried chicken tại Lotteria,Lotteria,"23 Hàng Thanh, P. Nguyễn Trung Trực, Quận Ba Đình, Hà Nội"
Voucher Fried chicken tại Lotteria,Lotteria,"Tầng 1 Tòa A8, An Bình City, 232 Phạm Văn Đồng, Quận Bắc Từ Liêm, Hà Nội"
Voucher Fried chicken tại Lotteria,Lotteria,"72A Nguyễn Trãi, Quận Thanh Xuân, Hà Nội"
Voucher Fried chicken tại Lotteria,Lotteria,"210-212 Nguyễn Văn Cừ, P. Ngọc Lâm, Quận Long Biên, Hà Nội"
Voucher Fried chicken tại Lotteria,Lotteria,"Tòa Horizon city, 87 Lĩnh Nam, P. Mai Động, Quận Hoàng Mai, Hà Nội"
Voucher Fried chicken tại Lotteria,Lotteria,"112 Trần Duy Hưng, P. Trung Hòa, Quận Cầu Giấy, Hà Nội"
Voucher Fried chicken tại Lotteria,Lotteria,"Tầng hầm B1 Times City, 458 Minh Khai, P. Vĩnh Tuy, Quận Hai Bà Trưng, Hà Nội"
Voucher Fried chicken tại Lotteria,Lotteria,"Tầng 1 CT 4A.B KĐT Xa La, xã Phúc La, Quận Hà Đông, Hà Nội"
Voucher Fried chicken tại Lotteria,Lotteria,"TTTM Mê Linh, Tô Hiệu, Quận Hà Đông, Hà Nội"
Voucher Fried chicken tại Lotteria,Lotteria,"Tầng 1 tòa nhà Housing, 299 Trung Kính, Trung Hòa, Quận Cầu Giấy, Hà Nội"
Voucher Fried chicken tại Lotteria,Lotteria,"TTTM Mua Sắm Aeon - Tân Phú Celadon, 30 Bờ Bao Tân Thắng, P. Sơn Kỳ, Quận Tân Phú, Hồ Chí Minh"
Voucher Fried chicken tại Lotteria,Lotteria,"Tầng 1, 18 Phan Văn Trị, P. 10, Quận Gò Vấp, Hồ Chí Minh"
Voucher Fried chicken tại Lotteria,Lotteria,"211 - 213 Bình Phú, P. 11, Quận 6, Hồ Chí Minh"
Voucher Fried chicken tại Lotteria,Lotteria,"445 Bạch Đằng, P. 12, Quận Bình Thạnh, Hồ Chí Minh"
Voucher Fried chicken tại Lotteria,Lotteria,"Khu B, KĐT mới An Phú - An Khánh, P. An Phú, Quận 2, Hồ Chí Minh"
Voucher Fried chicken tại Lotteria,Lotteria,"572A Ba Tháng Hai, P. 14, Quận 10, Hồ Chí Minh"
Voucher Fried chicken tại Lotteria,Lotteria,"95A Trần Hưng Đạo, P. Cầu Ông Lãnh, Quận 1, Hồ Chí Minh"
Voucher Fried chicken tại Lotteria,Lotteria,"Tầng 5, 101 Tôn Dật Tiên, P. Tân Phú, Quận 7, Hồ Chí Minh"
Voucher Fried chicken tại Lotteria,Lotteria,"66 Mạc Cửu-67 Vạn Kiếp, P. 13, Quận 5, Hồ Chí Minh"
Voucher Fried chicken tại Lotteria,Lotteria,"11 Sư Phạn Vạn Hạnh, P. 12, Quận 10, Hồ Chí Minh"
Voucher Fried chicken tại Lotteria,Lotteria,"33 Nguyễn Văn Nghi, P. 4, Quận Gò Vấp, Hồ Chí Minh"
Voucher Fried chicken tại Lotteria,Lotteria,"158 - 160 Lê Bình, P. 4, Quận Tân Bình, Hồ Chí Minh"
Voucher Fried chicken tại Lotteria,Lotteria,"111 Dương Bá Trạc, P. 1, Quận 8, Hồ Chí Minh"
Voucher Fried chicken tại Lotteria,Lotteria,"357 Quốc lộ 22, ấp Thượng, xã Tân Thông Hội, Huyện Củ Chi, Hồ Chí Minh"
Voucher Fried chicken tại Lotteria,Lotteria,"P5 _SH.02 Tòa Park 5 Vinhomes Central, 20A Điện Biên Phủ, Phường 22, Quận Bình Thạnh, Hồ Chí Minh"
Voucher Fried chicken tại Lotteria,Lotteria,"469 Nguyễn Hữu Thọ, P. Tân Hưng, Quận 7, Hồ Chí Minh"
Voucher Fried chicken tại Lotteria,Lotteria,"S6.0301.S04 & S6.0301.S03 Origami Vinhomes Grand Park, Quận 9, Hồ Chí Minh"
Voucher Fried chicken tại Lotteria,Lotteria,"292 Đinh Bộ Lĩnh, P. 26, Quận Bình Thạnh, Hồ Chí Minh"
Voucher Fried chicken tại Lotteria,Lotteria,"Số 2 Song Hành (gần Cầu Đen), P. An Phú, Quận 2, Hồ Chí Minh"
Voucher Fried chicken tại Lotteria,Lotteria,"Coopmart Tuy Lý Vương, 40 - 54 Tuy Lý Vương, P. 13, Quận 8, Hồ Chí Minh"
Voucher Fried chicken tại Lotteria,Lotteria,"801 Hồng Bàng, P. 9, Quận 6, Hồ Chí Minh"
Voucher Fried chicken tại Lotteria,Lotteria,"573 Huỳnh Tấn Phát, P. Tân Thuận Đông, Quận 7, Hồ Chí Minh"
Voucher Fried chicken tại Lotteria,Lotteria,"11-11 Bis Nguyễn Thị Minh Khai, P. Bến Nghé, Quận 1, Hồ Chí Minh"
Voucher Fried chicken tại Lotteria,Lotteria,"303 Trần Hưng Đạo, P. Nguyễn Cư Trinh, Quận 1, Hồ Chí Minh"
Voucher Fried chicken tại Lotteria,Lotteria,"1397 Nguyễn Văn Linh, KP Mỹ Khánh 2-H4-2, P. Tân Phong, Quận 7, Hồ Chí Minh"
Voucher Fried chicken tại Lotteria,Lotteria,"380 Thoại Ngọc Hầu, P. Phú Thạnh, Quận Tân Phú, Hồ Chí Minh"
Voucher Fried chicken tại Lotteria,Lotteria,"70 - 72 Bàu Cát, P. 14, Quận Tân Bình, Hồ Chí Minh"
Voucher Fried chicken tại Lotteria,Lotteria,"02 Ngô Gia Tự - 145 Lý Thái Tổ, P. 9, Quận 10, Hồ Chí Minh"
Voucher Fried chicken tại Lotteria,Lotteria,"159/6 - 160/1 ấp Trung Chánh, xã Tân Xuân, Huyện Hóc Môn, Hồ Chí Minh"
Voucher Fried chicken tại Lotteria,Lotteria,"250B Lý Chính Thắng, P. 9, Quận 3, Hồ Chí Minh"
Voucher Fried chicken tại Lotteria,Lotteria,"Pico Plaza, 20 Cộng Hòa, P. 12, Quận Tân Bình, Hồ Chí Minh"
Voucher Fried chicken tại Lotteria,Lotteria,"10 Võ Văn Ngân, P. Trường Thọ, Quận Thủ Đức, Hồ Chí Minh"
Voucher Fried chicken tại Lotteria,Lotteria,"68 Lê Văn Việt, Tổ 11, KP. 2, P. Hiệp Phú, Quận 9, Hồ Chí Minh"
Voucher Fried chicken tại Lotteria,Lotteria,"102 Lê Quốc Hưng, P. 12, Quận 4, Hồ Chí Minh"
Voucher Fried chicken tại Lotteria,Lotteria,"1271 Tỉnh lộ 10, KP. 9, P. Tân Tạo, Quận Bình Tân, Hồ Chí Minh"
Voucher Fried chicken tại Lotteria,Lotteria,"52 Hậu Giang, P. 06, Quận 6, Hồ Chí Minh"
Voucher Fried chicken tại Lotteria,Lotteria,"220/151/3B - 222 Xô Viết Nghệ Tĩnh, P. 21, Quận Bình Thạnh, Hồ Chí Minh"
Voucher Fried chicken tại Lotteria,Lotteria,"309 - 311 Vành Đai Trong, P. Bình Trị Đông B, Quận Bình Tân, Hồ Chí Minh"
Voucher Fried chicken tại Lotteria,Lotteria,"09 Quang Trung, P. 11, Quận Gò Vấp, Hồ Chí Minh"
Voucher Fried chicken tại Lotteria,Lotteria,"251 Phan Xích Long, KDC Rạch Miễu P. 7, Quận Phú Nhuận, Hồ Chí Minh"
Voucher Fried chicken tại Lotteria,Lotteria,"01 Nguyễn Thông, P. 9, Quận 3, Hồ Chí Minh"
Voucher Fried chicken tại Lotteria,Lotteria,"175 H òa Bình, P. Hiệp Tân, Quận Tân Phú, Hồ Chí Minh"
Voucher Fried chicken tại Lotteria,Lotteria,"TTTM Big C City Land, Lô A, KDC City Land, Số 99 Nguyễn Thị Thập, Quận 7, Hồ Chí Minh"
Voucher Fried chicken tại Lotteria,Lotteria,"968 Ba Tháng Hai, P. 15, Quận 11, Hồ Chí Minh"
Voucher Fried chicken tại Lotteria,Lotteria,"175 (số cũ 19/35) Độc Lập, P. Tân Quý, Quận Tân Phú, Hồ Chí Minh"
Voucher Fried chicken tại Lotteria,Lotteria,"114 Trần Hưng Đạo, P. 7, Quận 5, Hồ Chí Minh"
Voucher Fried chicken tại Lotteria,Lotteria,"307A (số cũ 155A) Tô Hiến Thành, P. 13, Quận 10, Hồ Chí Minh"
Voucher Fried chicken tại Lotteria,Lotteria,"604 - 606 Điện Biên Phủ, P. 22, Quận Bình Thạnh, Hồ Chí Minh"
Voucher Fried chicken tại Lotteria,Lotteria,"72 Ngô Tất Tố, Phường 19, Quận Bình Thạnh, Hồ Chí Minh"
Voucher Fried chicken tại Lotteria,Lotteria,"283 Võ Văn Ngân, P. Linh Chiểu, Quận Thủ Đức, Hồ Chí Minh"
Voucher Fried chicken tại Lotteria,Lotteria,"187 Xuân Hồng, Phường 12, Quận Tân Bình, Hồ Chí Minh"
Voucher Fried chicken tại Lotteria,Lotteria,"346B Lê Quang Định, P. 11, Quận Bình Thạnh, Hồ Chí Minh"
Voucher Fried chicken tại Lotteria,Lotteria,"120 Nguyễn Thị Minh Khai, P. Hải Châu 1, Quận Hải Châu, Đà Nẵng"
Voucher Fried chicken tại Lotteria,Lotteria,"568 Trưng Nữ Vương, P. Hòa Thuận Tây, Quận Hải Châu, Đà Nẵng"
Voucher Fried chicken tại Lotteria,Lotteria,"92A Phan Chu Trinh, Quận Hải Châu, Đà Nẵng"
Voucher Fried chicken tại Lotteria,Lotteria,"Trần Nhân Tông, Bình Than, Quận Sơn Trà, Đà Nẵng"
Voucher Fried chicken tại Lotteria,Lotteria,"TTTM khu Quy hoạch Bà Triệu - Hùng Vương, P. Phú Hội, Thừa Thiên Huế, Thành Phố Huế, Thừa Thiên Huế"
Voucher Fried chicken tại Lotteria,Lotteria,"06 Trần Hưng Đạo, P. Phú Hòa, Thừa Thiên Huế, Thành Phố Huế, Thừa Thiên Huế"
Voucher Fried chicken tại Lotteria,Lotteria,"T308, Tầng 3 Trung tâm thương mại Aeon Mall Huế, Số 8 đường Võ Nguyên Giáp, Phường An Đông, Huế, Thừa Thiên Huế"
Voucher Fried chicken tại Lotteria,Lotteria,"207C Lạch Tray, Quận Ngô Quyền, Hải Phòng"
Voucher Fried chicken tại Lotteria,Lotteria,"88 Trần Phú, Quận Ngô Quyền, Hải Phòng"
Voucher Fried chicken tại Lotteria,Lotteria,"317 Trần Thành Ngọ, Quận Kiến An, Hải Phòng"
Voucher Fried chicken tại Lotteria,Lotteria,"Số 2 Phạm Minh Đức, Phường Máy Tơ, Quận Ngô Quyền, Hải Phòng"
Voucher Fried chicken tại Lotteria,Lotteria,"Lô 1/20 KĐT ngã 5, Sân bay Cát Bi, Quận Ngô Quyền, Hải Phòng"
Voucher Fried chicken tại Lotteria,Lotteria,"118 - 120 Trần Nguyên Hãn, Quận Lê Trân, Hải Phòng"
Voucher Fried chicken tại Lotteria,Lotteria,"Lô 1F11, Lottemart, số 84 Mậu Thân, Phường An Hòa, Quận Ninh Kiều, Cần Thơ"
Voucher Fried chicken tại Lotteria,Lotteria,"Lô 01, KDC Hưng Phú 1, P. Hưng Phú, Quận Cái Răng, Cần Thơ"
Voucher Fried chicken tại Lotteria,Lotteria,"170 Nguyễn Văn Cừ, P. An Khánh, Quận Ninh Kiều, Cần Thơ"
Voucher Fried chicken tại Lotteria,Lotteria,"Soiva Plaza Me Linh, Quận Khai Hoang, Vĩnh Yên, Vĩnh Phúc"
Voucher Fried chicken tại Lotteria,Lotteria,"TTTM Vincom Plaza, Đường Cù Chính Lan, Đồng Tiến, Hoà Bình"
Voucher Fried chicken tại Lotteria,Lotteria,"Tầng 3, Vincom Bắc Kan, Số 8A Đức Xuân, Bắc Kạn"
Voucher Fried chicken tại Lotteria,Lotteria,"Ngã 6, Plot 26, Khu 13, P. Kim Tân, Lào Cai, Lào Cai"
Voucher Fried chicken tại Lotteria,Lotteria,"Đường Cầu Kì Lừa, P. Chi Lăng, Lạng Sơn, Lạng Sơn"
Voucher Fried chicken tại Lotteria,Lotteria,"Tầng 1 TTTM Big C Bắc Giang, ngã 4 Hùng Vương kéo dài, xã Tân Tiến, Bắc Giang, Bắc Giang"
Voucher Fried chicken tại Lotteria,Lotteria,"TTTM Big C Việt Trì, Nguyễn Tất Thành, P. Thanh Miếu, Việt Trì, Phú Thọ"
Voucher Fried chicken tại Lotteria,Lotteria,"Lầu 3, Vincom Sơn La, Trường Chinh, P. Quyết Thắng, Sơn La, Sơn La"
Voucher Fried chicken tại Lotteria,Lotteria,"TTTM Thiên Trường, Quận Lộc Hòa, Nam Định"
Voucher Fried chicken tại Lotteria,Lotteria,"02 Hồng Quang, P. Quang Trung, Hải Dương"
Voucher Fried chicken tại Lotteria,Lotteria,"TTTM Vincom Hạ Long, P. Bạch Đằng, Hạ Long, Quảng Ninh"
Voucher Fried chicken tại Lotteria,Lotteria,"TTTM Big C, Cột 5, P. Hồng Hải, Hạ Long, Quảng Ninh"
Voucher Fried chicken tại Lotteria,Lotteria,"160 Lê Thánh Tôn, Hạ Long, Quảng Ninh"
Voucher Fried chicken tại Lotteria,Lotteria,"02 Trần Khánh Dư, P. Cẩm Đông, Cẩm Phả, Quảng Ninh"
Voucher Fried chicken tại Lotteria,Lotteria,"Số 342-346 Trần Hưng Đạo, P. Cửa Bắc, Thành phố Nam Định, Nam Định"
Voucher Fried chicken tại Lotteria,Lotteria,"TTTM Big C Ninh Bình, Trần Nhân Tông, Xã Ninh Phúc, Ninh Bình"
Voucher Fried chicken tại Lotteria,Lotteria,"TTTM Vincom Plaza Thanh Hóa, Phường Trần Phú, Thanh Hóa"
Voucher Fried chicken tại Lotteria,Lotteria,"Tầng 1 Big C Thanh Hóa, Xã Đông Hải, Thanh Hóa"
Voucher Fried chicken tại Lotteria,Lotteria,"TTTM Big C Vinh, 02 Quang Trung, Vinh, Nghệ An"
Voucher Fried chicken tại Lotteria,Lotteria,"87A Nguyễn Văn Cừ, Khối 2, Phường Trường Thi, Vinh, Nghệ An"
Voucher Fried chicken tại Lotteria,Lotteria,"Tầng 3-16, Lotte Mart Vinh, 295 đường V.I Lê Ninh, P. Hà Huy Tập, Vinh, Nghệ An"
Voucher Fried chicken tại Lotteria,Lotteria,"74 Trần Phú, P. Bắc Hà, Hà Tĩnh"
Voucher Fried chicken tại Lotteria,Lotteria,"Số 1 Hùng Vương, Phường Cẩm Phô, Hội An, Quảng Nam"
Voucher Fried chicken tại Lotteria,Lotteria,"Cổng Nam TTTM Go! Đường Lý Thường Kiệt, Nghĩa Chánh, Quảng Ngãi"
Voucher Fried chicken tại Lotteria,Lotteria,"117B Đại lộ Hùng Vương, Trần Hưng Đạo, Quảng Ngãi"
Voucher Fried chicken tại Lotteria,Lotteria,"01 Phan Bội Châu, P. Hội Thương, Pleiku, Gia Lai"
Voucher Fried chicken tại Lotteria,Lotteria,"02 - 2A Nguyễn Thái Học, Quy Nhơn, Bình Định"
Voucher Fried chicken tại Lotteria,Lotteria,"KĐT xanh Vũng Chua, P. Ghềnh Ráng, Quy Nhơn, Bình Định"
Voucher Fried chicken tại Lotteria,Lotteria,"178 Y Jut, Thắng Lợi, Buôn Ma Thuột, Đắk Lắk"
Voucher Fried chicken tại Lotteria,Lotteria,"73 Thống Nhất, Nha Trang, Khánh Hòa"
Voucher Fried chicken tại Lotteria,Lotteria,"CTXD số SB.D-70, Dự án Công viên văn hóa Vinwonders Nha Trang, Đảo Hòn Tre, P. Vĩnh Nguyên, Nha Trang, Khánh Hòa"
Voucher Fried chicken tại Lotteria,Lotteria,"Lô 04, đường 19/5, KĐT Vĩnh Điềm Trung, xã Vĩnh Hiệp, Nha Trang, Khánh Hòa"
Voucher Fried chicken tại Lotteria,Lotteria,"2038 Hùng Vương, P. Cam Lộc, Cam Ranh, Khánh Hòa"
Voucher Fried chicken tại Lotteria,Lotteria,"2+2/1 Nguyễn Đình Chiểu, P. Vĩnh Phước, Nha Trang, Khánh Hòa"
Voucher Fried chicken tại Lotteria,Lotteria,"133 Bà Triệu, P. Thắng Lợi, Kon Tum, Kon Tum"
Voucher Fried chicken tại Lotteria,Lotteria,"285 Bùi Thị Xuân, P. 8, Đà Lạt, Lâm Đồng"
Voucher Fried chicken tại Lotteria,Lotteria,"Tầng trệt, Tháp nước, Trần Phú, P. 2, Bảo Lộc, Lâm Đồng"
Voucher Fried chicken tại Lotteria,Lotteria,"01 Nguyễn Thị Minh Khai, P. 01, Đà Lạt, Lâm Đồng"
Voucher Fried chicken tại Lotteria,Lotteria,"Quảng Trường Lâm Viên, góc đường Hồ Tùng Mậu - Trần Quốc Thảo, P. 10, Đà Lạt, Lâm Đồng"
Voucher Fried chicken tại Lotteria,Lotteria,"62 Thủ Khoa Huân, KP. 1, P. Bình Hưng, Phan Thiết, Bình Thuận"
Voucher Fried chicken tại Lotteria,Lotteria,"KDC Hùng Vương 1, P. Phú Thủy, Phan Thiết, Bình Thuận"
Voucher Fried chicken tại Lotteria,Lotteria,"1A Nguyễn Tất Thành, P. Bình Hưng, Phan Thiết, Bình Thuận"
Voucher Fried chicken tại Lotteria,Lotteria,"Quốc Lộ 51, KP 1, P. Long Bình Tân, Biên Hòa, Đồng Nai"
Voucher Fried chicken tại Lotteria,Lotteria,"Siêu Thị Hoàng Đức Gia Kiệm - 166 ấp Bạch Lâm 1, xã Gia Tân 2, Huyện Thống Nhất, Đồng Nai"
Voucher Fried chicken tại Lotteria,Lotteria,"03 Phan Chu Trinh, P. Quang Vinh, Biên Hòa, Đồng Nai"
Voucher Fried chicken tại Lotteria,Lotteria,"F230-F231 Võ Thị Sáu, Phường Thống Nhất, Biên Hòa, Đồng Nai"
Voucher Fried chicken tại Lotteria,Lotteria,"Lô B-03, KTM Amata, Quốc lộ 1A, P. Long Bình, Biên Hòa, Đồng Nai"
Voucher Fried chicken tại Lotteria,Lotteria,"198 Hùng Vương, P. Xuân Bình, Thị xã Long Khánh, Đồng Nai"
Voucher Fried chicken tại Lotteria,Lotteria,"TTTM Chợ Thanh Hà, Trần Phú, P. Phủ Hòa, Phan Rang - Tháp Chàm, Ninh Thuận"
Voucher Fried chicken tại Lotteria,Lotteria,"555B đại lộ Bình Dương, P. Hiệp Bình, Thị xã Thủ Dầu Một, Bình Dương"
Voucher Fried chicken tại Lotteria,Lotteria,"TTTM Green Square, P. Đông Hòa, Thị xã Dĩ An, Bình Dương"
Voucher Fried chicken tại Lotteria,Lotteria,"231 Yersin, P. Hiệp Thành, Thị xã Thủ Dầu Một, Bình Dương"
Voucher Fried chicken tại Lotteria,Lotteria,"KĐT The Seasons Bình Dương, P. Lái Thiêu, Thị xã Thuận An, Bình Dương"
Voucher Fried chicken tại Lotteria,Lotteria,"368 đường 30/4 P. Chánh Nghĩa, Thị xã Thủ Dầu Một, Bình Dương"
Voucher Fried chicken tại Lotteria,Lotteria,"01 Trần Hưng Đạo, P. Phú Cường, Thị xã Thủ Dầu Một, Bình Dương"
Voucher Fried chicken tại Lotteria,Lotteria,"TTMS Aeon - Bình Dương Canary, 1 Đại Lộ Bình Dương, KP. Bình Giao, P. Thuận Giao, Thị xã Thuận An, Bình Dương"
Voucher Fried chicken tại Lotteria,Lotteria,"576 Cách Mạng Tháng Tám, Phường 3, Tây Ninh"
Voucher Fried chicken tại Lotteria,Lotteria,"Tầng trệt, KP. Lộc An, Thị trấn Trảng Bàng, Huyện Trảng Bàng, Tây Ninh"
Voucher Fried chicken tại Lotteria,Lotteria,"09 Hạ Long, P. 2, Vũng Tàu, Bà Rịa - Vũng Tàu"
Voucher Fried chicken tại Lotteria,Lotteria,"227 Nam Kỳ Khởi Nghĩa - 378 Lê Hồng Phong, P. 03, Vũng Tàu, Bà Rịa - Vũng Tàu"
Voucher Fried chicken tại Lotteria,Lotteria,"Tầng 1, Góc đường 3/2 - Thi Sách, P. 8, Vũng Tàu, Bà Rịa - Vũng Tàu"
Voucher Fried chicken tại Lotteria,Lotteria,"Shop GF-01, Ấp Thanh Ba, Xã Mỹ Lộc, Thị trấn Cần Giuộc, Huyện Cần Giuộc, Long An"
Voucher Fried chicken tại Lotteria,Lotteria,"15 Trương Định - 11 Phan Đình Phùng, KP. 01, P. 1, Thị xã Gò Công, Tiền Giang"
Voucher Fried chicken tại Lotteria,Lotteria,"545 Lê Văn Phẩm, P. 5, Mỹ Tho, Tiền Giang"
Voucher Fried chicken tại Lotteria,Lotteria,"34 Ngô Quyền, P. 1, Mỹ Tho, Tiền Giang"
Voucher Fried chicken tại Lotteria,Lotteria,"Go Mart Trà Vinh, Đường Võ Nguyên Giáp, P. 7, Trà Vinh"
Voucher Fried chicken tại Lotteria,Lotteria,"Tầng trệt, Nguyễn Sinh Sắc, khóm 2, P. 2, Sa Đéc, Đồng Tháp"
Voucher Fried chicken tại Lotteria,Lotteria,"65 Nguyễn Huệ, P. 01, Cao Lãnh, Đồng Tháp"
Voucher Fried chicken tại Lotteria,Lotteria,"01 Ngô Thời Nhậm, P. 1, Cao Lãnh, Đồng Tháp"
Voucher Fried chicken tại Lotteria,Lotteria,"92 Nguyễn Trãi, P. Mỹ Long, Long Xuyên, An Giang"
Voucher Fried chicken tại Lotteria,Lotteria,"29 Trần Hưng Đạo, P. 5, Cà Mau, Cà Mau"
Voucher Soybean Chicken Rice Set tại Lotteria,Lotteria,"Lô D5, KĐTM Cầu Giấy, P. Dịch Vọng, Quận Cầu Giấy, Hà Nội"
Voucher Soybean Chicken Rice Set tại Lotteria,Lotteria,"34 Hoàng Cầu, P. Ô Chợ Dừa, Quận Đống Đa, Hà Nội"
Voucher Soybean Chicken Rice Set tại Lotteria,Lotteria,"Tầng 2 Big C Thăng Long, 222 Trần Duy Hưng, P. Trung Hòa, Quận Cầu Giấy, Hà Nội"
Voucher Soybean Chicken Rice Set tại Lotteria,Lotteria,"23 Hàng Thanh, P. Nguyễn Trung Trực, Quận Ba Đình, Hà Nội"
Voucher Soybean Chicken Rice Set tại Lotteria,Lotteria,"Tầng 1 Tòa A8, An Bình City, 232 Phạm Văn Đồng, Quận Bắc Từ Liêm, Hà Nội"
Voucher Soybean Chicken Rice Set tại Lotteria,Lotteria,"72A Nguyễn Trãi, Quận Thanh Xuân, Hà Nội"
Voucher Soybean Chicken Rice Set tại Lotteria,Lotteria,"210-212 Nguyễn Văn Cừ, P. Ngọc Lâm, Quận Long Biên, Hà Nội"
Voucher Soybean Chicken Rice Set tại Lotteria,Lotteria,"Tòa Horizon city, 87 Lĩnh Nam, P. Mai Động, Quận Hoàng Mai, Hà Nội"
Voucher Soybean Chicken Rice Set tại Lotteria,Lotteria,"112 Trần Duy Hưng, P. Trung Hòa, Quận Cầu Giấy, Hà Nội"
Voucher Soybean Chicken Rice Set tại Lotteria,Lotteria,"Tầng hầm B1 Times City, 458 Minh Khai, P. Vĩnh Tuy, Quận Hai Bà Trưng, Hà Nội"
Voucher Soybean Chicken Rice Set tại Lotteria,Lotteria,"Tầng 1 CT 4A.B KĐT Xa La, xã Phúc La, Quận Hà Đông, Hà Nội"
Voucher Soybean Chicken Rice Set tại Lotteria,Lotteria,"TTTM Mê Linh, Tô Hiệu, Quận Hà Đông, Hà Nội"
Voucher Soybean Chicken Rice Set tại Lotteria,Lotteria,"Phạm Văn Đồng, P. Cổ Nhuế 1, Quận Bắc Từ Liêm, Hà Nội"
Voucher Soybean Chicken Rice Set tại Lotteria,Lotteria,"Ngã 3 Đào Duy Anh - Kim Liên - Phạm Ngọc Thạch, Quận Đống Đa, Hà Nội"
Voucher Soybean Chicken Rice Set tại Lotteria,Lotteria,"Tầng 1 tòa nhà Housing, 299 Trung Kính, Trung Hòa, Quận Cầu Giấy, Hà Nội"
Voucher Soybean Chicken Rice Set tại Lotteria,Lotteria,"Toà nhà Mandarin Garden 2, Số 493 Tân Mai, P. Tân Mai, Quận Hoàng Mai, Hà Nội"
Voucher Soybean Chicken Rice Set tại Lotteria,Lotteria,"64 BT X2, khu đô thị Bắc Linh Đàm, Quận Hoàng Mai, Hà Nội"
Voucher Soybean Chicken Rice Set tại Lotteria,Lotteria,"201 Khâm Thiên, Quận Đống Đa, Hà Nội"
Voucher Soybean Chicken Rice Set tại Lotteria,Lotteria,"154 Bà Triệu, Nguyễn Du, Quận Hai Bà Trưng, Hà Nội"
Voucher Soybean Chicken Rice Set tại Lotteria,Lotteria,"152 Thái Thịnh, Láng Hạ, Quận Đống Đa, Hà Nội"
Voucher Soybean Chicken Rice Set tại Lotteria,Lotteria,"TTTM EBEST xã Minh Khai, Quận Từ Liêm, Hà Nội"
Voucher Soybean Chicken Rice Set tại Lotteria,Lotteria,"Tầng 1, Aeon Mall Long Biên, Cổ Linh, Quận Long Biên, Hà Nội"
Voucher Soybean Chicken Rice Set tại Lotteria,Lotteria,"Tầng 1C2 Nguyễn Cơ Thạch, KĐT Mỹ Đình, Quận Từ Liêm, Hà Nội"
Voucher Soybean Chicken Rice Set tại Lotteria,Lotteria,"138 Lê Thanh Nghị, P. Bách Khoa, Quận Hai Bà Trưng, Hà Nội"
Voucher Soybean Chicken Rice Set tại Lotteria,Lotteria,"TTTM Savico Nguyễn Văn Linh, Quận Long Biên, Hà Nội"
Voucher Soybean Chicken Rice Set tại Lotteria,Lotteria,"7-9 Đinh Tiên Hoàng, P. Hàng Bạc, Quận Hoàn Kiếm, Hà Nội"
Voucher Soybean Chicken Rice Set tại Lotteria,Lotteria,"01 Núi Trúc, P.Kim Mã, Quận Ba Đình, Hà Nội"
Voucher Soybean Chicken Rice Set tại Lotteria,Lotteria,"298 Cầu Giấy, P. Quan Hoa, Quận Cầu Giấy, Hà Nội"
Voucher Soybean Chicken Rice Set tại Lotteria,Lotteria,"391 Hoàng Quốc Việt, P. Nghĩa Tân, Quận Cầu giấy, Hà Nội"
Voucher Soybean Chicken Rice Set tại Lotteria,Lotteria,"66 Lò Đúc, P. Phạm Đình Hổ, Quận Hai Bà Trưng, Hà Nội"
Voucher Soybean Chicken Rice Set tại Lotteria,Lotteria,"Tầng 4 , Ô số 430+431, Lotte Mall, Ngõ 683 Lạc Long Quân, P. Phú Thượng, Quận Tây Hồ, Hà Nội"
Voucher Soybean Chicken Rice Set tại Lotteria,Lotteria,"203 Nguyễn Thị Minh Khai, P. Minh Khai, Quận Hai Bà Trưng, Hà Nội"
Voucher Soybean Chicken Rice Set tại Lotteria,Lotteria,"Tầng 1 Mễ Trì, P. Mễ Trì, Quận Từ Liêm, Hà Nội"
Voucher Soybean Chicken Rice Set tại Lotteria,Lotteria,"2A Trần Vũ, P. Quán Thánh, Quận Ba Đình, Hà Nội"
Voucher Soybean Chicken Rice Set tại Lotteria,Lotteria,"SH20.21 Tòa S1.05 Vinhomes Ocean Park, xã Đa Tốn, Huyện Gia Lâm, Hà Nội"
Voucher Soybean Chicken Rice Set tại Lotteria,Lotteria,"Km 10 Nguyễn Trãi, P. Mỗ Lao, Quận Hà Đông, Hà Nội"
Voucher Soybean Chicken Rice Set tại Lotteria,Lotteria,"Ngã 3 Yên Xá, Tân Triều, Quận Hà Đông, Hà Nội"
Voucher Soybean Chicken Rice Set tại Lotteria,Lotteria,"103DN11 Nguyễn Khánh Toàn, P. Quan Hoa, Quận Cầu Giấy, Hà Nội"
Voucher Soybean Chicken Rice Set tại Lotteria,Lotteria,"54 Liễu Giai, P. Cống Vị, Quận Ba Đình, Hà Nội"
Voucher Soybean Chicken Rice Set tại Lotteria,Lotteria,"445a Lạc Long Quân, Phường Xuân La, Quận Tây Hồ, Hà Nội"
Voucher Soybean Chicken Rice Set tại Lotteria,Lotteria,"Tầng 1 Citimart Hà Đông, CT 7A-CT7B KĐTM Văn Quán, P. Phúc La, Quận Hà Đông, Hà Nội"
Voucher Soybean Chicken Rice Set tại Lotteria,Lotteria,"63 Huỳnh Thúc Kháng, P. Láng Hạ, Quận Đống Đa, Hà Nội"
Voucher Soybean Chicken Rice Set tại Lotteria,Lotteria,"TTTM Aeon Mall, P. Dương Nội, Quận Hà Đông, Hà Nội"
Voucher Soybean Chicken Rice Set tại Lotteria,Lotteria,"437 Bạch Mai, P. Trương Định, Quận Hai Bà Trưng, Hà Nội"
Voucher Soybean Chicken Rice Set tại Lotteria,Lotteria,"250B Lý Chính Thắng, P. 9, Quận 3, Hồ Chí Minh"
Voucher Soybean Chicken Rice Set tại Lotteria,Lotteria,"Pico Plaza, 20 Cộng Hòa, P. 12, Quận Tân Bình, Hồ Chí Minh"
Voucher Soybean Chicken Rice Set tại Lotteria,Lotteria,"10 Võ Văn Ngân, P. Trường Thọ, Quận Thủ Đức, Hồ Chí Minh"
Voucher Soybean Chicken Rice Set tại Lotteria,Lotteria,"68 Lê Văn Việt, Tổ 11, KP. 2, P. Hiệp Phú, Quận 9, Hồ Chí Minh"
Voucher Soybean Chicken Rice Set tại Lotteria,Lotteria,"102 Lê Quốc Hưng, P. 12, Quận 4, Hồ Chí Minh"
Voucher Soybean Chicken Rice Set tại Lotteria,Lotteria,"1271 Tỉnh lộ 10, KP. 9, P. Tân Tạo, Quận Bình Tân, Hồ Chí Minh"
Voucher Soybean Chicken Rice Set tại Lotteria,Lotteria,"52 Hậu Giang, P. 06, Quận 6, Hồ Chí Minh"
Voucher Soybean Chicken Rice Set tại Lotteria,Lotteria,"220/151/3B - 222 Xô Viết Nghệ Tĩnh, P. 21, Quận Bình Thạnh, Hồ Chí Minh"
Voucher Soybean Chicken Rice Set tại Lotteria,Lotteria,"309 - 311 Vành Đai Trong, P. Bình Trị Đông B, Quận Bình Tân, Hồ Chí Minh"
Voucher Soybean Chicken Rice Set tại Lotteria,Lotteria,"09 Quang Trung, P. 11, Quận Gò Vấp, Hồ Chí Minh"
Voucher Soybean Chicken Rice Set tại Lotteria,Lotteria,"251 Phan Xích Long, KDC Rạch Miễu P. 7, Quận Phú Nhuận, Hồ Chí Minh"
Voucher Soybean Chicken Rice Set tại Lotteria,Lotteria,"01 Nguyễn Thông, P. 9, Quận 3, Hồ Chí Minh"
Voucher Soybean Chicken Rice Set tại Lotteria,Lotteria,"175 H òa Bình, P. Hiệp Tân, Quận Tân Phú, Hồ Chí Minh"
Voucher Soybean Chicken Rice Set tại Lotteria,Lotteria,"TTTM Big C City Land, Lô A, KDC City Land, Số 99 Nguyễn Thị Thập, Quận 7, Hồ Chí Minh"
Voucher Soybean Chicken Rice Set tại Lotteria,Lotteria,"968 Ba Tháng Hai, P. 15, Quận 11, Hồ Chí Minh"
Voucher Soybean Chicken Rice Set tại Lotteria,Lotteria,"175 (số cũ 19/35) Độc Lập, P. Tân Quý, Quận Tân Phú, Hồ Chí Minh"
Voucher Soybean Chicken Rice Set tại Lotteria,Lotteria,"114 Trần Hưng Đạo, P. 7, Quận 5, Hồ Chí Minh"
Voucher Soybean Chicken Rice Set tại Lotteria,Lotteria,"307A (số cũ 155A) Tô Hiến Thành, P. 13, Quận 10, Hồ Chí Minh"
Voucher Soybean Chicken Rice Set tại Lotteria,Lotteria,"604 - 606 Điện Biên Phủ, P. 22, Quận Bình Thạnh, Hồ Chí Minh"
Voucher Soybean Chicken Rice Set tại Lotteria,Lotteria,"72 Ngô Tất Tố, Phường 19, Quận Bình Thạnh, Hồ Chí Minh"
Voucher Soybean Chicken Rice Set tại Lotteria,Lotteria,"283 Võ Văn Ngân, P. Linh Chiểu, Quận Thủ Đức, Hồ Chí Minh"
Voucher Soybean Chicken Rice Set tại Lotteria,Lotteria,"187 Xuân Hồng, Phường 12, Quận Tân Bình, Hồ Chí Minh"
Voucher Soybean Chicken Rice Set tại Lotteria,Lotteria,"346B Lê Quang Định, P. 11, Quận Bình Thạnh, Hồ Chí Minh"
Voucher Soybean Chicken Rice Set tại Lotteria,Lotteria,"TTTM Mua Sắm Aeon - Tân Phú Celadon, 30 Bờ Bao Tân Thắng, P. Sơn Kỳ, Quận Tân Phú, Hồ Chí Minh"
Voucher Soybean Chicken Rice Set tại Lotteria,Lotteria,"Tầng 1, 18 Phan Văn Trị, P. 10, Quận Gò Vấp, Hồ Chí Minh"
Voucher Soybean Chicken Rice Set tại Lotteria,Lotteria,"211 - 213 Bình Phú, P. 11, Quận 6, Hồ Chí Minh"
Voucher Soybean Chicken Rice Set tại Lotteria,Lotteria,"445 Bạch Đằng, P. 12, Quận Bình Thạnh, Hồ Chí Minh"
Voucher Soybean Chicken Rice Set tại Lotteria,Lotteria,"Khu B, KĐT mới An Phú - An Khánh, P. An Phú, Quận 2, Hồ Chí Minh"
Voucher Soybean Chicken Rice Set tại Lotteria,Lotteria,"572A Ba Tháng Hai, P. 14, Quận 10, Hồ Chí Minh"
Voucher Soybean Chicken Rice Set tại Lotteria,Lotteria,"95A Trần Hưng Đạo, P. Cầu Ông Lãnh, Quận 1, Hồ Chí Minh"
Voucher Soybean Chicken Rice Set tại Lotteria,Lotteria,"Tầng 5, 101 Tôn Dật Tiên, P. Tân Phú, Quận 7, Hồ Chí Minh"
Voucher Soybean Chicken Rice Set tại Lotteria,Lotteria,"66 Mạc Cửu-67 Vạn Kiếp, P. 13, Quận 5, Hồ Chí Minh"
Voucher Soybean Chicken Rice Set tại Lotteria,Lotteria,"11 Sư Phạn Vạn Hạnh, P. 12, Quận 10, Hồ Chí Minh"
Voucher Soybean Chicken Rice Set tại Lotteria,Lotteria,"33 Nguyễn Văn Nghi, P. 4, Quận Gò Vấp, Hồ Chí Minh"
Voucher Soybean Chicken Rice Set tại Lotteria,Lotteria,"158 - 160 Lê Bình, P. 4, Quận Tân Bình, Hồ Chí Minh"
Voucher Soybean Chicken Rice Set tại Lotteria,Lotteria,"111 Dương Bá Trạc, P. 1, Quận 8, Hồ Chí Minh"
Voucher Soybean Chicken Rice Set tại Lotteria,Lotteria,"357 Quốc lộ 22, ấp Thượng, xã Tân Thông Hội, Huyện Củ Chi, Hồ Chí Minh"
Voucher Soybean Chicken Rice Set tại Lotteria,Lotteria,"P5 _SH.02 Tòa Park 5 Vinhomes Central, 20A Điện Biên Phủ, Phường 22, Quận Bình Thạnh, Hồ Chí Minh"
Voucher Soybean Chicken Rice Set tại Lotteria,Lotteria,"469 Nguyễn Hữu Thọ, P. Tân Hưng, Quận 7, Hồ Chí Minh"
Voucher Soybean Chicken Rice Set tại Lotteria,Lotteria,"S6.0301.S04 & S6.0301.S03 Origami Vinhomes Grand Park, Quận 9, Hồ Chí Minh"
Voucher Soybean Chicken Rice Set tại Lotteria,Lotteria,"292 Đinh Bộ Lĩnh, P. 26, Quận Bình Thạnh, Hồ Chí Minh"
Voucher Soybean Chicken Rice Set tại Lotteria,Lotteria,"Số 2 Song Hành (gần Cầu Đen), P. An Phú, Quận 2, Hồ Chí Minh"
Voucher Soybean Chicken Rice Set tại Lotteria,Lotteria,"Coopmart Tuy Lý Vương, 40 - 54 Tuy Lý Vương, P. 13, Quận 8, Hồ Chí Minh"
Voucher Soybean Chicken Rice Set tại Lotteria,Lotteria,"801 Hồng Bàng, P. 9, Quận 6, Hồ Chí Minh"
Voucher Soybean Chicken Rice Set tại Lotteria,Lotteria,"573 Huỳnh Tấn Phát, P. Tân Thuận Đông, Quận 7, Hồ Chí Minh"
Voucher Soybean Chicken Rice Set tại Lotteria,Lotteria,"11-11 Bis Nguyễn Thị Minh Khai, P. Bến Nghé, Quận 1, Hồ Chí Minh"
Voucher Soybean Chicken Rice Set tại Lotteria,Lotteria,"303 Trần Hưng Đạo, P. Nguyễn Cư Trinh, Quận 1, Hồ Chí Minh"
Voucher Soybean Chicken Rice Set tại Lotteria,Lotteria,"1397 Nguyễn Văn Linh, KP Mỹ Khánh 2-H4-2, P. Tân Phong, Quận 7, Hồ Chí Minh"
Voucher Soybean Chicken Rice Set tại Lotteria,Lotteria,"380 Thoại Ngọc Hầu, P. Phú Thạnh, Quận Tân Phú, Hồ Chí Minh"
Voucher Soybean Chicken Rice Set tại Lotteria,Lotteria,"70 - 72 Bàu Cát, P. 14, Quận Tân Bình, Hồ Chí Minh"
Voucher Soybean Chicken Rice Set tại Lotteria,Lotteria,"02 Ngô Gia Tự - 145 Lý Thái Tổ, P. 9, Quận 10, Hồ Chí Minh"
Voucher Soybean Chicken Rice Set tại Lotteria,Lotteria,"159/6 - 160/1 ấp Trung Chánh, xã Tân Xuân, Huyện Hóc Môn, Hồ Chí Minh"
Voucher Soybean Chicken Rice Set tại Lotteria,Lotteria,"92A Phan Chu Trinh, Quận Hải Châu, Đà Nẵng"
Voucher Soybean Chicken Rice Set tại Lotteria,Lotteria,"Trần Nhân Tông, Bình Than, Quận Sơn Trà, Đà Nẵng"
Voucher Soybean Chicken Rice Set tại Lotteria,Lotteria,"568 Trưng Nữ Vương, P. Hòa Thuận Tây, Quận Hải Châu, Đà Nẵng"
Voucher Soybean Chicken Rice Set tại Lotteria,Lotteria,"120 Nguyễn Thị Minh Khai, P. Hải Châu 1, Quận Hải Châu, Đà Nẵng"
Voucher Soybean Chicken Rice Set tại Lotteria,Lotteria,"06 Trần Hưng Đạo, P. Phú Hòa, Thừa Thiên Huế, Thành Phố Huế, Thừa Thiên Huế"
Voucher Soybean Chicken Rice Set tại Lotteria,Lotteria,"TTTM khu Quy hoạch Bà Triệu - Hùng Vương, P. Phú Hội, Thừa Thiên Huế, Thành Phố Huế, Thừa Thiên Huế"
Voucher Soybean Chicken Rice Set tại Lotteria,Lotteria,"T308, Tầng 3 Trung tâm thương mại Aeon Mall Huế, Số 8 đường Võ Nguyên Giáp, Phường An Đông, Huế, Thừa Thiên Huế"
Voucher Soybean Chicken Rice Set tại Lotteria,Lotteria,"Số 2 Phạm Minh Đức, Phường Máy Tơ, Quận Ngô Quyền, Hải Phòng"
Voucher Soybean Chicken Rice Set tại Lotteria,Lotteria,"Lô 1/20 KĐT ngã 5, Sân bay Cát Bi, Quận Ngô Quyền, Hải Phòng"
Voucher Soybean Chicken Rice Set tại Lotteria,Lotteria,"207C Lạch Tray, Quận Ngô Quyền, Hải Phòng"
Voucher Soybean Chicken Rice Set tại Lotteria,Lotteria,"317 Trần Thành Ngọ, Quận Kiến An, Hải Phòng"
Voucher Soybean Chicken Rice Set tại Lotteria,Lotteria,"88 Trần Phú, Quận Ngô Quyền, Hải Phòng"
Voucher Soybean Chicken Rice Set tại Lotteria,Lotteria,"118 - 120 Trần Nguyên Hãn, Quận Lê Trân, Hải Phòng"
Voucher Soybean Chicken Rice Set tại Lotteria,Lotteria,"Lô 01, KDC Hưng Phú 1, P. Hưng Phú, Quận Cái Răng, Cần Thơ"
Voucher Soybean Chicken Rice Set tại Lotteria,Lotteria,"170 Nguyễn Văn Cừ, P. An Khánh, Quận Ninh Kiều, Cần Thơ"
Voucher Soybean Chicken Rice Set tại Lotteria,Lotteria,"Lô 1F11, Lottemart, số 84 Mậu Thân, Phường An Hòa, Quận Ninh Kiều, Cần Thơ"
Voucher Soybean Chicken Rice Set tại Lotteria,Lotteria,"Soiva Plaza Me Linh, Quận Khai Hoang, Vĩnh Yên, Vĩnh Phúc"
Voucher Soybean Chicken Rice Set tại Lotteria,Lotteria,"TTTM Vincom Plaza, Đường Cù Chính Lan, Đồng Tiến, Hoà Bình"
Voucher Soybean Chicken Rice Set tại Lotteria,Lotteria,"Tầng 3, Vincom Bắc Kan, Số 8A Đức Xuân, Bắc Kạn"
Voucher Soybean Chicken Rice Set tại Lotteria,Lotteria,"Ngã 6, Plot 26, Khu 13, P. Kim Tân, Lào Cai, Lào Cai"
Voucher Soybean Chicken Rice Set tại Lotteria,Lotteria,"Đường Cầu Kì Lừa, P. Chi Lăng, Lạng Sơn, Lạng Sơn"
Voucher Soybean Chicken Rice Set tại Lotteria,Lotteria,"Tầng 1 TTTM Big C Bắc Giang, ngã 4 Hùng Vương kéo dài, xã Tân Tiến, Bắc Giang, Bắc Giang"
Voucher Soybean Chicken Rice Set tại Lotteria,Lotteria,"TTTM Big C Việt Trì, Nguyễn Tất Thành, P. Thanh Miếu, Việt Trì, Phú Thọ"
Voucher Soybean Chicken Rice Set tại Lotteria,Lotteria,"Lầu 3, Vincom Sơn La, Trường Chinh, P. Quyết Thắng, Sơn La, Sơn La"
Voucher Soybean Chicken Rice Set tại Lotteria,Lotteria,"TTTM Thiên Trường, Quận Lộc Hòa, Nam Định"
Voucher Soybean Chicken Rice Set tại Lotteria,Lotteria,"02 Hồng Quang, P. Quang Trung, Hải Dương"
Voucher Soybean Chicken Rice Set tại Lotteria,Lotteria,"02 Trần Khánh Dư, P. Cẩm Đông, Cẩm Phả, Quảng Ninh"
Voucher Soybean Chicken Rice Set tại Lotteria,Lotteria,"160 Lê Thánh Tôn, Hạ Long, Quảng Ninh"
Voucher Soybean Chicken Rice Set tại Lotteria,Lotteria,"TTTM Vincom Hạ Long, P. Bạch Đằng, Hạ Long, Quảng Ninh"
Voucher Soybean Chicken Rice Set tại Lotteria,Lotteria,"TTTM Big C, Cột 5, P. Hồng Hải, Hạ Long, Quảng Ninh"
Voucher Soybean Chicken Rice Set tại Lotteria,Lotteria,"TTTM Big C Ninh Bình, Trần Nhân Tông, Xã Ninh Phúc, Ninh Bình"
Voucher Soybean Chicken Rice Set tại Lotteria,Lotteria,"Số 342-346 Trần Hưng Đạo, P. Cửa Bắc, Thành phố Nam Định, Nam Định"
Voucher Soybean Chicken Rice Set tại Lotteria,Lotteria,"Tầng 1 Big C Thanh Hóa, Xã Đông Hải, Thanh Hóa"
Voucher Soybean Chicken Rice Set tại Lotteria,Lotteria,"TTTM Vincom Plaza Thanh Hóa, Phường Trần Phú, Thanh Hóa"
Voucher Soybean Chicken Rice Set tại Lotteria,Lotteria,"TTTM Big C Vinh, 02 Quang Trung, Vinh, Nghệ An"
Voucher Soybean Chicken Rice Set tại Lotteria,Lotteria,"Tầng 3-16, Lotte Mart Vinh, 295 đường V.I Lê Ninh, P. Hà Huy Tập, Vinh, Nghệ An"
Voucher Soybean Chicken Rice Set tại Lotteria,Lotteria,"87A Nguyễn Văn Cừ, Khối 2, Phường Trường Thi, Vinh, Nghệ An"
Voucher Soybean Chicken Rice Set tại Lotteria,Lotteria,"74 Trần Phú, P. Bắc Hà, Hà Tĩnh"
Voucher Soybean Chicken Rice Set tại Lotteria,Lotteria,"Số 1 Hùng Vương, Phường Cẩm Phô, Hội An, Quảng Nam"
Voucher Soybean Chicken Rice Set tại Lotteria,Lotteria,"117B Đại lộ Hùng Vương, Trần Hưng Đạo, Quảng Ngãi"
Voucher Soybean Chicken Rice Set tại Lotteria,Lotteria,"Cổng Nam TTTM Go! Đường Lý Thường Kiệt, Nghĩa Chánh, Quảng Ngãi"
Voucher Soybean Chicken Rice Set tại Lotteria,Lotteria,"01 Phan Bội Châu, P. Hội Thương, Pleiku, Gia Lai"
Voucher Soybean Chicken Rice Set tại Lotteria,Lotteria,"02 - 2A Nguyễn Thái Học, Quy Nhơn, Bình Định"
Voucher Soybean Chicken Rice Set tại Lotteria,Lotteria,"KĐT xanh Vũng Chua, P. Ghềnh Ráng, Quy Nhơn, Bình Định"
Voucher Soybean Chicken Rice Set tại Lotteria,Lotteria,"178 Y Jut, Thắng Lợi, Buôn Ma Thuột, Đắk Lắk"
Voucher Soybean Chicken Rice Set tại Lotteria,Lotteria,"2038 Hùng Vương, P. Cam Lộc, Cam Ranh, Khánh Hòa"
Voucher Soybean Chicken Rice Set tại Lotteria,Lotteria,"2+2/1 Nguyễn Đình Chiểu, P. Vĩnh Phước, Nha Trang, Khánh Hòa"
Voucher Soybean Chicken Rice Set tại Lotteria,Lotteria,"73 Thống Nhất, Nha Trang, Khánh Hòa"
Voucher Soybean Chicken Rice Set tại Lotteria,Lotteria,"Lô 04, đường 19/5, KĐT Vĩnh Điềm Trung, xã Vĩnh Hiệp, Nha Trang, Khánh Hòa"
Voucher Soybean Chicken Rice Set tại Lotteria,Lotteria,"CTXD số SB.D-70, Dự án Công viên văn hóa Vinwonders Nha Trang, Đảo Hòn Tre, P. Vĩnh Nguyên, Nha Trang, Khánh Hòa"
Voucher Soybean Chicken Rice Set tại Lotteria,Lotteria,"133 Bà Triệu, P. Thắng Lợi, Kon Tum, Kon Tum"
Voucher Soybean Chicken Rice Set tại Lotteria,Lotteria,"Tầng trệt, Tháp nước, Trần Phú, P. 2, Bảo Lộc, Lâm Đồng"
Voucher Soybean Chicken Rice Set tại Lotteria,Lotteria,"Quảng Trường Lâm Viên, góc đường Hồ Tùng Mậu - Trần Quốc Thảo, P. 10, Đà Lạt, Lâm Đồng"
Voucher Soybean Chicken Rice Set tại Lotteria,Lotteria,"01 Nguyễn Thị Minh Khai, P. 01, Đà Lạt, Lâm Đồng"
Voucher Soybean Chicken Rice Set tại Lotteria,Lotteria,"285 Bùi Thị Xuân, P. 8, Đà Lạt, Lâm Đồng"
Voucher Soybean Chicken Rice Set tại Lotteria,Lotteria,"KDC Hùng Vương 1, P. Phú Thủy, Phan Thiết, Bình Thuận"
Voucher Soybean Chicken Rice Set tại Lotteria,Lotteria,"62 Thủ Khoa Huân, KP. 1, P. Bình Hưng, Phan Thiết, Bình Thuận"
Voucher Soybean Chicken Rice Set tại Lotteria,Lotteria,"1A Nguyễn Tất Thành, P. Bình Hưng, Phan Thiết, Bình Thuận"
Voucher Soybean Chicken Rice Set tại Lotteria,Lotteria,"Siêu Thị Hoàng Đức Gia Kiệm - 166 ấp Bạch Lâm 1, xã Gia Tân 2, Huyện Thống Nhất, Đồng Nai"
Voucher Soybean Chicken Rice Set tại Lotteria,Lotteria,"F230-F231 Võ Thị Sáu, Phường Thống Nhất, Biên Hòa, Đồng Nai"
Voucher Soybean Chicken Rice Set tại Lotteria,Lotteria,"Lô B-03, KTM Amata, Quốc lộ 1A, P. Long Bình, Biên Hòa, Đồng Nai"
Voucher Soybean Chicken Rice Set tại Lotteria,Lotteria,"03 Phan Chu Trinh, P. Quang Vinh, Biên Hòa, Đồng Nai"
Voucher Soybean Chicken Rice Set tại Lotteria,Lotteria,"198 Hùng Vương, P. Xuân Bình, Thị xã Long Khánh, Đồng Nai"
Voucher Soybean Chicken Rice Set tại Lotteria,Lotteria,"Quốc Lộ 51, KP 1, P. Long Bình Tân, Biên Hòa, Đồng Nai"
Voucher Soybean Chicken Rice Set tại Lotteria,Lotteria,"TTTM Chợ Thanh Hà, Trần Phú, P. Phủ Hòa, Phan Rang - Tháp Chàm, Ninh Thuận"
Voucher Soybean Chicken Rice Set tại Lotteria,Lotteria,"231 Yersin, P. Hiệp Thành, Thị xã Thủ Dầu Một, Bình Dương"
Voucher Soybean Chicken Rice Set tại Lotteria,Lotteria,"555B đại lộ Bình Dương, P. Hiệp Bình, Thị xã Thủ Dầu Một, Bình Dương"
Voucher Soybean Chicken Rice Set tại Lotteria,Lotteria,"368 đường 30/4 P. Chánh Nghĩa, Thị xã Thủ Dầu Một, Bình Dương"
Voucher Soybean Chicken Rice Set tại Lotteria,Lotteria,"TTMS Aeon - Bình Dương Canary, 1 Đại Lộ Bình Dương, KP. Bình Giao, P. Thuận Giao, Thị xã Thuận An, Bình Dương"
Voucher Soybean Chicken Rice Set tại Lotteria,Lotteria,"TTTM Green Square, P. Đông Hòa, Thị xã Dĩ An, Bình Dương"
Voucher Soybean Chicken Rice Set tại Lotteria,Lotteria,"KĐT The Seasons Bình Dương, P. Lái Thiêu, Thị xã Thuận An, Bình Dương"
Voucher Soybean Chicken Rice Set tại Lotteria,Lotteria,"01 Trần Hưng Đạo, P. Phú Cường, Thị xã Thủ Dầu Một, Bình Dương"
Voucher Soybean Chicken Rice Set tại Lotteria,Lotteria,"576 Cách Mạng Tháng Tám, Phường 3, Tây Ninh"
Voucher Soybean Chicken Rice Set tại Lotteria,Lotteria,"Tầng trệt, KP. Lộc An, Thị trấn Trảng Bàng, Huyện Trảng Bàng, Tây Ninh"
Voucher Soybean Chicken Rice Set tại Lotteria,Lotteria,"09 Hạ Long, P. 2, Vũng Tàu, Bà Rịa - Vũng Tàu"
Voucher Soybean Chicken Rice Set tại Lotteria,Lotteria,"227 Nam Kỳ Khởi Nghĩa - 378 Lê Hồng Phong, P. 03, Vũng Tàu, Bà Rịa - Vũng Tàu"
Voucher Soybean Chicken Rice Set tại Lotteria,Lotteria,"Tầng 1, Góc đường 3/2 - Thi Sách, P. 8, Vũng Tàu, Bà Rịa - Vũng Tàu"
Voucher Soybean Chicken Rice Set tại Lotteria,Lotteria,"Shop GF-01, Ấp Thanh Ba, Xã Mỹ Lộc, Thị trấn Cần Giuộc, Huyện Cần Giuộc, Long An"
Voucher Soybean Chicken Rice Set tại Lotteria,Lotteria,"15 Trương Định - 11 Phan Đình Phùng, KP. 01, P. 1, Thị xã Gò Công, Tiền Giang"
Voucher Soybean Chicken Rice Set tại Lotteria,Lotteria,"545 Lê Văn Phẩm, P. 5, Mỹ Tho, Tiền Giang"
Voucher Soybean Chicken Rice Set tại Lotteria,Lotteria,"34 Ngô Quyền, P. 1, Mỹ Tho, Tiền Giang"
Voucher Soybean Chicken Rice Set tại Lotteria,Lotteria,"Go Mart Trà Vinh, Đường Võ Nguyên Giáp, P. 7, Trà Vinh"
Voucher Soybean Chicken Rice Set tại Lotteria,Lotteria,"Tầng trệt, Nguyễn Sinh Sắc, khóm 2, P. 2, Sa Đéc, Đồng Tháp"
Voucher Soybean Chicken Rice Set tại Lotteria,Lotteria,"65 Nguyễn Huệ, P. 01, Cao Lãnh, Đồng Tháp"
Voucher Soybean Chicken Rice Set tại Lotteria,Lotteria,"01 Ngô Thời Nhậm, P. 1, Cao Lãnh, Đồng Tháp"
Voucher Soybean Chicken Rice Set tại Lotteria,Lotteria,"92 Nguyễn Trãi, P. Mỹ Long, Long Xuyên, An Giang"
Voucher Soybean Chicken Rice Set tại Lotteria,Lotteria,"29 Trần Hưng Đạo, P. 5, Cà Mau, Cà Mau"
Voucher HS Chicken Rice Set tại Lotteria,Lotteria,"Ngã 3 Đào Duy Anh - Kim Liên - Phạm Ngọc Thạch, Quận Đống Đa, Hà Nội"
Voucher HS Chicken Rice Set tại Lotteria,Lotteria,"Phạm Văn Đồng, P. Cổ Nhuế 1, Quận Bắc Từ Liêm, Hà Nội"
Voucher HS Chicken Rice Set tại Lotteria,Lotteria,"Toà nhà Mandarin Garden 2, Số 493 Tân Mai, P. Tân Mai, Quận Hoàng Mai, Hà Nội"
Voucher HS Chicken Rice Set tại Lotteria,Lotteria,"64 BT X2, khu đô thị Bắc Linh Đàm, Quận Hoàng Mai, Hà Nội"
Voucher HS Chicken Rice Set tại Lotteria,Lotteria,"201 Khâm Thiên, Quận Đống Đa, Hà Nội"
Voucher HS Chicken Rice Set tại Lotteria,Lotteria,"154 Bà Triệu, Nguyễn Du, Quận Hai Bà Trưng, Hà Nội"
Voucher HS Chicken Rice Set tại Lotteria,Lotteria,"152 Thái Thịnh, Láng Hạ, Quận Đống Đa, Hà Nội"
Voucher HS Chicken Rice Set tại Lotteria,Lotteria,"TTTM EBEST xã Minh Khai, Quận Từ Liêm, Hà Nội"
Voucher HS Chicken Rice Set tại Lotteria,Lotteria,"Tầng 1, Aeon Mall Long Biên, Cổ Linh, Quận Long Biên, Hà Nội"
Voucher HS Chicken Rice Set tại Lotteria,Lotteria,"Tầng 1C2 Nguyễn Cơ Thạch, KĐT Mỹ Đình, Quận Từ Liêm, Hà Nội"
Voucher HS Chicken Rice Set tại Lotteria,Lotteria,"138 Lê Thanh Nghị, P. Bách Khoa, Quận Hai Bà Trưng, Hà Nội"
Voucher HS Chicken Rice Set tại Lotteria,Lotteria,"7-9 Đinh Tiên Hoàng, P. Hàng Bạc, Quận Hoàn Kiếm, Hà Nội"
Voucher HS Chicken Rice Set tại Lotteria,Lotteria,"01 Núi Trúc, P.Kim Mã, Quận Ba Đình, Hà Nội"
Voucher HS Chicken Rice Set tại Lotteria,Lotteria,"298 Cầu Giấy, P. Quan Hoa, Quận Cầu Giấy, Hà Nội"
Voucher HS Chicken Rice Set tại Lotteria,Lotteria,"391 Hoàng Quốc Việt, P. Nghĩa Tân, Quận Cầu giấy, Hà Nội"
Voucher HS Chicken Rice Set tại Lotteria,Lotteria,"66 Lò Đúc, P. Phạm Đình Hổ, Quận Hai Bà Trưng, Hà Nội"
Voucher HS Chicken Rice Set tại Lotteria,Lotteria,"Tầng 4 , Ô số 430+431, Lotte Mall, Ngõ 683 Lạc Long Quân, P. Phú Thượng, Quận Tây Hồ, Hà Nội"
Voucher HS Chicken Rice Set tại Lotteria,Lotteria,"203 Nguyễn Thị Minh Khai, P. Minh Khai, Quận Hai Bà Trưng, Hà Nội"
Voucher HS Chicken Rice Set tại Lotteria,Lotteria,"Tầng 1 Mễ Trì, P. Mễ Trì, Quận Từ Liêm, Hà Nội"
Voucher HS Chicken Rice Set tại Lotteria,Lotteria,"TTTM Savico Nguyễn Văn Linh, Quận Long Biên, Hà Nội"
Voucher HS Chicken Rice Set tại Lotteria,Lotteria,"2A Trần Vũ, P. Quán Thánh, Quận Ba Đình, Hà Nội"
Voucher HS Chicken Rice Set tại Lotteria,Lotteria,"Km 10 Nguyễn Trãi, P. Mỗ Lao, Quận Hà Đông, Hà Nội"
Voucher HS Chicken Rice Set tại Lotteria,Lotteria,"Ngã 3 Yên Xá, Tân Triều, Quận Hà Đông, Hà Nội"
Voucher HS Chicken Rice Set tại Lotteria,Lotteria,"103DN11 Nguyễn Khánh Toàn, P. Quan Hoa, Quận Cầu Giấy, Hà Nội"
Voucher HS Chicken Rice Set tại Lotteria,Lotteria,"54 Liễu Giai, P. Cống Vị, Quận Ba Đình, Hà Nội"
Voucher HS Chicken Rice Set tại Lotteria,Lotteria,"445a Lạc Long Quân, Phường Xuân La, Quận Tây Hồ, Hà Nội"
Voucher HS Chicken Rice Set tại Lotteria,Lotteria,"Tầng 1 Citimart Hà Đông, CT 7A-CT7B KĐTM Văn Quán, P. Phúc La, Quận Hà Đông, Hà Nội"
Voucher HS Chicken Rice Set tại Lotteria,Lotteria,"63 Huỳnh Thúc Kháng, P. Láng Hạ, Quận Đống Đa, Hà Nội"
Voucher HS Chicken Rice Set tại Lotteria,Lotteria,"SH20.21 Tòa S1.05 Vinhomes Ocean Park, xã Đa Tốn, Huyện Gia Lâm, Hà Nội"
Voucher HS Chicken Rice Set tại Lotteria,Lotteria,"TTTM Aeon Mall, P. Dương Nội, Quận Hà Đông, Hà Nội"
Voucher HS Chicken Rice Set tại Lotteria,Lotteria,"34 Hoàng Cầu, P. Ô Chợ Dừa, Quận Đống Đa, Hà Nội"
Voucher HS Chicken Rice Set tại Lotteria,Lotteria,"Lô D5, KĐTM Cầu Giấy, P. Dịch Vọng, Quận Cầu Giấy, Hà Nội"
Voucher HS Chicken Rice Set tại Lotteria,Lotteria,"437 Bạch Mai, P. Trương Định, Quận Hai Bà Trưng, Hà Nội"
Voucher HS Chicken Rice Set tại Lotteria,Lotteria,"Tầng 2 Big C Thăng Long, 222 Trần Duy Hưng, P. Trung Hòa, Quận Cầu Giấy, Hà Nội"
Voucher HS Chicken Rice Set tại Lotteria,Lotteria,"23 Hàng Thanh, P. Nguyễn Trung Trực, Quận Ba Đình, Hà Nội"
Voucher HS Chicken Rice Set tại Lotteria,Lotteria,"Tầng 1 Tòa A8, An Bình City, 232 Phạm Văn Đồng, Quận Bắc Từ Liêm, Hà Nội"
Voucher HS Chicken Rice Set tại Lotteria,Lotteria,"72A Nguyễn Trãi, Quận Thanh Xuân, Hà Nội"
Voucher HS Chicken Rice Set tại Lotteria,Lotteria,"210-212 Nguyễn Văn Cừ, P. Ngọc Lâm, Quận Long Biên, Hà Nội"
Voucher HS Chicken Rice Set tại Lotteria,Lotteria,"Tòa Horizon city, 87 Lĩnh Nam, P. Mai Động, Quận Hoàng Mai, Hà Nội"
Voucher HS Chicken Rice Set tại Lotteria,Lotteria,"112 Trần Duy Hưng, P. Trung Hòa, Quận Cầu Giấy, Hà Nội"
Voucher HS Chicken Rice Set tại Lotteria,Lotteria,"Tầng hầm B1 Times City, 458 Minh Khai, P. Vĩnh Tuy, Quận Hai Bà Trưng, Hà Nội"
Voucher HS Chicken Rice Set tại Lotteria,Lotteria,"Tầng 1 CT 4A.B KĐT Xa La, xã Phúc La, Quận Hà Đông, Hà Nội"
Voucher HS Chicken Rice Set tại Lotteria,Lotteria,"TTTM Mê Linh, Tô Hiệu, Quận Hà Đông, Hà Nội"
Voucher HS Chicken Rice Set tại Lotteria,Lotteria,"Tầng 1 tòa nhà Housing, 299 Trung Kính, Trung Hòa, Quận Cầu Giấy, Hà Nội"
Voucher HS Chicken Rice Set tại Lotteria,Lotteria,"TTTM Mua Sắm Aeon - Tân Phú Celadon, 30 Bờ Bao Tân Thắng, P. Sơn Kỳ, Quận Tân Phú, Hồ Chí Minh"
Voucher HS Chicken Rice Set tại Lotteria,Lotteria,"Tầng 1, 18 Phan Văn Trị, P. 10, Quận Gò Vấp, Hồ Chí Minh"
Voucher HS Chicken Rice Set tại Lotteria,Lotteria,"211 - 213 Bình Phú, P. 11, Quận 6, Hồ Chí Minh"
Voucher HS Chicken Rice Set tại Lotteria,Lotteria,"445 Bạch Đằng, P. 12, Quận Bình Thạnh, Hồ Chí Minh"
Voucher HS Chicken Rice Set tại Lotteria,Lotteria,"Khu B, KĐT mới An Phú - An Khánh, P. An Phú, Quận 2, Hồ Chí Minh"
Voucher HS Chicken Rice Set tại Lotteria,Lotteria,"572A Ba Tháng Hai, P. 14, Quận 10, Hồ Chí Minh"
Voucher HS Chicken Rice Set tại Lotteria,Lotteria,"95A Trần Hưng Đạo, P. Cầu Ông Lãnh, Quận 1, Hồ Chí Minh"
Voucher HS Chicken Rice Set tại Lotteria,Lotteria,"Tầng 5, 101 Tôn Dật Tiên, P. Tân Phú, Quận 7, Hồ Chí Minh"
Voucher HS Chicken Rice Set tại Lotteria,Lotteria,"66 Mạc Cửu-67 Vạn Kiếp, P. 13, Quận 5, Hồ Chí Minh"
Voucher HS Chicken Rice Set tại Lotteria,Lotteria,"11 Sư Phạn Vạn Hạnh, P. 12, Quận 10, Hồ Chí Minh"
Voucher HS Chicken Rice Set tại Lotteria,Lotteria,"33 Nguyễn Văn Nghi, P. 4, Quận Gò Vấp, Hồ Chí Minh"
Voucher HS Chicken Rice Set tại Lotteria,Lotteria,"158 - 160 Lê Bình, P. 4, Quận Tân Bình, Hồ Chí Minh"
Voucher HS Chicken Rice Set tại Lotteria,Lotteria,"111 Dương Bá Trạc, P. 1, Quận 8, Hồ Chí Minh"
Voucher HS Chicken Rice Set tại Lotteria,Lotteria,"357 Quốc lộ 22, ấp Thượng, xã Tân Thông Hội, Huyện Củ Chi, Hồ Chí Minh"
Voucher HS Chicken Rice Set tại Lotteria,Lotteria,"P5 _SH.02 Tòa Park 5 Vinhomes Central, 20A Điện Biên Phủ, Phường 22, Quận Bình Thạnh, Hồ Chí Minh"
Voucher HS Chicken Rice Set tại Lotteria,Lotteria,"469 Nguyễn Hữu Thọ, P. Tân Hưng, Quận 7, Hồ Chí Minh"
Voucher HS Chicken Rice Set tại Lotteria,Lotteria,"S6.0301.S04 & S6.0301.S03 Origami Vinhomes Grand Park, Quận 9, Hồ Chí Minh"
Voucher HS Chicken Rice Set tại Lotteria,Lotteria,"292 Đinh Bộ Lĩnh, P. 26, Quận Bình Thạnh, Hồ Chí Minh"
Voucher HS Chicken Rice Set tại Lotteria,Lotteria,"Số 2 Song Hành (gần Cầu Đen), P. An Phú, Quận 2, Hồ Chí Minh"
Voucher HS Chicken Rice Set tại Lotteria,Lotteria,"Coopmart Tuy Lý Vương, 40 - 54 Tuy Lý Vương, P. 13, Quận 8, Hồ Chí Minh"
Voucher HS Chicken Rice Set tại Lotteria,Lotteria,"801 Hồng Bàng, P. 9, Quận 6, Hồ Chí Minh"
Voucher HS Chicken Rice Set tại Lotteria,Lotteria,"573 Huỳnh Tấn Phát, P. Tân Thuận Đông, Quận 7, Hồ Chí Minh"
Voucher HS Chicken Rice Set tại Lotteria,Lotteria,"11-11 Bis Nguyễn Thị Minh Khai, P. Bến Nghé, Quận 1, Hồ Chí Minh"
Voucher HS Chicken Rice Set tại Lotteria,Lotteria,"303 Trần Hưng Đạo, P. Nguyễn Cư Trinh, Quận 1, Hồ Chí Minh"
Voucher HS Chicken Rice Set tại Lotteria,Lotteria,"1397 Nguyễn Văn Linh, KP Mỹ Khánh 2-H4-2, P. Tân Phong, Quận 7, Hồ Chí Minh"
Voucher HS Chicken Rice Set tại Lotteria,Lotteria,"380 Thoại Ngọc Hầu, P. Phú Thạnh, Quận Tân Phú, Hồ Chí Minh"
Voucher HS Chicken Rice Set tại Lotteria,Lotteria,"70 - 72 Bàu Cát, P. 14, Quận Tân Bình, Hồ Chí Minh"
Voucher HS Chicken Rice Set tại Lotteria,Lotteria,"02 Ngô Gia Tự - 145 Lý Thái Tổ, P. 9, Quận 10, Hồ Chí Minh"
Voucher HS Chicken Rice Set tại Lotteria,Lotteria,"159/6 - 160/1 ấp Trung Chánh, xã Tân Xuân, Huyện Hóc Môn, Hồ Chí Minh"
Voucher HS Chicken Rice Set tại Lotteria,Lotteria,"250B Lý Chính Thắng, P. 9, Quận 3, Hồ Chí Minh"
Voucher HS Chicken Rice Set tại Lotteria,Lotteria,"Pico Plaza, 20 Cộng Hòa, P. 12, Quận Tân Bình, Hồ Chí Minh"
Voucher HS Chicken Rice Set tại Lotteria,Lotteria,"10 Võ Văn Ngân, P. Trường Thọ, Quận Thủ Đức, Hồ Chí Minh"
Voucher HS Chicken Rice Set tại Lotteria,Lotteria,"68 Lê Văn Việt, Tổ 11, KP. 2, P. Hiệp Phú, Quận 9, Hồ Chí Minh"
Voucher HS Chicken Rice Set tại Lotteria,Lotteria,"102 Lê Quốc Hưng, P. 12, Quận 4, Hồ Chí Minh"
Voucher HS Chicken Rice Set tại Lotteria,Lotteria,"1271 Tỉnh lộ 10, KP. 9, P. Tân Tạo, Quận Bình Tân, Hồ Chí Minh"
Voucher HS Chicken Rice Set tại Lotteria,Lotteria,"52 Hậu Giang, P. 06, Quận 6, Hồ Chí Minh"
Voucher HS Chicken Rice Set tại Lotteria,Lotteria,"220/151/3B - 222 Xô Viết Nghệ Tĩnh, P. 21, Quận Bình Thạnh, Hồ Chí Minh"
Voucher HS Chicken Rice Set tại Lotteria,Lotteria,"309 - 311 Vành Đai Trong, P. Bình Trị Đông B, Quận Bình Tân, Hồ Chí Minh"
Voucher HS Chicken Rice Set tại Lotteria,Lotteria,"09 Quang Trung, P. 11, Quận Gò Vấp, Hồ Chí Minh"
Voucher HS Chicken Rice Set tại Lotteria,Lotteria,"251 Phan Xích Long, KDC Rạch Miễu P. 7, Quận Phú Nhuận, Hồ Chí Minh"
Voucher HS Chicken Rice Set tại Lotteria,Lotteria,"01 Nguyễn Thông, P. 9, Quận 3, Hồ Chí Minh"
Voucher HS Chicken Rice Set tại Lotteria,Lotteria,"175 H òa Bình, P. Hiệp Tân, Quận Tân Phú, Hồ Chí Minh"
Voucher HS Chicken Rice Set tại Lotteria,Lotteria,"TTTM Big C City Land, Lô A, KDC City Land, Số 99 Nguyễn Thị Thập, Quận 7, Hồ Chí Minh"
Voucher HS Chicken Rice Set tại Lotteria,Lotteria,"968 Ba Tháng Hai, P. 15, Quận 11, Hồ Chí Minh"
Voucher HS Chicken Rice Set tại Lotteria,Lotteria,"175 (số cũ 19/35) Độc Lập, P. Tân Quý, Quận Tân Phú, Hồ Chí Minh"
Voucher HS Chicken Rice Set tại Lotteria,Lotteria,"114 Trần Hưng Đạo, P. 7, Quận 5, Hồ Chí Minh"
Voucher HS Chicken Rice Set tại Lotteria,Lotteria,"307A (số cũ 155A) Tô Hiến Thành, P. 13, Quận 10, Hồ Chí Minh"
Voucher HS Chicken Rice Set tại Lotteria,Lotteria,"604 - 606 Điện Biên Phủ, P. 22, Quận Bình Thạnh, Hồ Chí Minh"
Voucher HS Chicken Rice Set tại Lotteria,Lotteria,"72 Ngô Tất Tố, Phường 19, Quận Bình Thạnh, Hồ Chí Minh"
Voucher HS Chicken Rice Set tại Lotteria,Lotteria,"283 Võ Văn Ngân, P. Linh Chiểu, Quận Thủ Đức, Hồ Chí Minh"
Voucher HS Chicken Rice Set tại Lotteria,Lotteria,"187 Xuân Hồng, Phường 12, Quận Tân Bình, Hồ Chí Minh"
Voucher HS Chicken Rice Set tại Lotteria,Lotteria,"346B Lê Quang Định, P. 11, Quận Bình Thạnh, Hồ Chí Minh"
Voucher HS Chicken Rice Set tại Lotteria,Lotteria,"120 Nguyễn Thị Minh Khai, P. Hải Châu 1, Quận Hải Châu, Đà Nẵng"
Voucher HS Chicken Rice Set tại Lotteria,Lotteria,"568 Trưng Nữ Vương, P. Hòa Thuận Tây, Quận Hải Châu, Đà Nẵng"
Voucher HS Chicken Rice Set tại Lotteria,Lotteria,"92A Phan Chu Trinh, Quận Hải Châu, Đà Nẵng"
Voucher HS Chicken Rice Set tại Lotteria,Lotteria,"Trần Nhân Tông, Bình Than, Quận Sơn Trà, Đà Nẵng"
Voucher HS Chicken Rice Set tại Lotteria,Lotteria,"TTTM khu Quy hoạch Bà Triệu - Hùng Vương, P. Phú Hội, Thừa Thiên Huế, Thành Phố Huế, Thừa Thiên Huế"
Voucher HS Chicken Rice Set tại Lotteria,Lotteria,"06 Trần Hưng Đạo, P. Phú Hòa, Thừa Thiên Huế, Thành Phố Huế, Thừa Thiên Huế"
Voucher HS Chicken Rice Set tại Lotteria,Lotteria,"T308, Tầng 3 Trung tâm thương mại Aeon Mall Huế, Số 8 đường Võ Nguyên Giáp, Phường An Đông, Huế, Thừa Thiên Huế"
Voucher HS Chicken Rice Set tại Lotteria,Lotteria,"207C Lạch Tray, Quận Ngô Quyền, Hải Phòng"
Voucher HS Chicken Rice Set tại Lotteria,Lotteria,"88 Trần Phú, Quận Ngô Quyền, Hải Phòng"
Voucher HS Chicken Rice Set tại Lotteria,Lotteria,"317 Trần Thành Ngọ, Quận Kiến An, Hải Phòng"
Voucher HS Chicken Rice Set tại Lotteria,Lotteria,"Số 2 Phạm Minh Đức, Phường Máy Tơ, Quận Ngô Quyền, Hải Phòng"
Voucher HS Chicken Rice Set tại Lotteria,Lotteria,"Lô 1/20 KĐT ngã 5, Sân bay Cát Bi, Quận Ngô Quyền, Hải Phòng"
Voucher HS Chicken Rice Set tại Lotteria,Lotteria,"118 - 120 Trần Nguyên Hãn, Quận Lê Trân, Hải Phòng"
Voucher HS Chicken Rice Set tại Lotteria,Lotteria,"Lô 1F11, Lottemart, số 84 Mậu Thân, Phường An Hòa, Quận Ninh Kiều, Cần Thơ"
Voucher HS Chicken Rice Set tại Lotteria,Lotteria,"Lô 01, KDC Hưng Phú 1, P. Hưng Phú, Quận Cái Răng, Cần Thơ"
Voucher HS Chicken Rice Set tại Lotteria,Lotteria,"170 Nguyễn Văn Cừ, P. An Khánh, Quận Ninh Kiều, Cần Thơ"
Voucher HS Chicken Rice Set tại Lotteria,Lotteria,"Soiva Plaza Me Linh, Quận Khai Hoang, Vĩnh Yên, Vĩnh Phúc"
Voucher HS Chicken Rice Set tại Lotteria,Lotteria,"TTTM Vincom Plaza, Đường Cù Chính Lan, Đồng Tiến, Hoà Bình"
Voucher HS Chicken Rice Set tại Lotteria,Lotteria,"Tầng 3, Vincom Bắc Kan, Số 8A Đức Xuân, Bắc Kạn"
Voucher HS Chicken Rice Set tại Lotteria,Lotteria,"Ngã 6, Plot 26, Khu 13, P. Kim Tân, Lào Cai, Lào Cai"
Voucher HS Chicken Rice Set tại Lotteria,Lotteria,"Đường Cầu Kì Lừa, P. Chi Lăng, Lạng Sơn, Lạng Sơn"
Voucher HS Chicken Rice Set tại Lotteria,Lotteria,"Tầng 1 TTTM Big C Bắc Giang, ngã 4 Hùng Vương kéo dài, xã Tân Tiến, Bắc Giang, Bắc Giang"
Voucher HS Chicken Rice Set tại Lotteria,Lotteria,"TTTM Big C Việt Trì, Nguyễn Tất Thành, P. Thanh Miếu, Việt Trì, Phú Thọ"
Voucher HS Chicken Rice Set tại Lotteria,Lotteria,"Lầu 3, Vincom Sơn La, Trường Chinh, P. Quyết Thắng, Sơn La, Sơn La"
Voucher HS Chicken Rice Set tại Lotteria,Lotteria,"TTTM Thiên Trường, Quận Lộc Hòa, Nam Định"
Voucher HS Chicken Rice Set tại Lotteria,Lotteria,"02 Hồng Quang, P. Quang Trung, Hải Dương"
Voucher HS Chicken Rice Set tại Lotteria,Lotteria,"TTTM Vincom Hạ Long, P. Bạch Đằng, Hạ Long, Quảng Ninh"
Voucher HS Chicken Rice Set tại Lotteria,Lotteria,"TTTM Big C, Cột 5, P. Hồng Hải, Hạ Long, Quảng Ninh"
Voucher HS Chicken Rice Set tại Lotteria,Lotteria,"160 Lê Thánh Tôn, Hạ Long, Quảng Ninh"
Voucher HS Chicken Rice Set tại Lotteria,Lotteria,"02 Trần Khánh Dư, P. Cẩm Đông, Cẩm Phả, Quảng Ninh"
Voucher HS Chicken Rice Set tại Lotteria,Lotteria,"Số 342-346 Trần Hưng Đạo, P. Cửa Bắc, Thành phố Nam Định, Nam Định"
Voucher HS Chicken Rice Set tại Lotteria,Lotteria,"TTTM Big C Ninh Bình, Trần Nhân Tông, Xã Ninh Phúc, Ninh Bình"
Voucher HS Chicken Rice Set tại Lotteria,Lotteria,"TTTM Vincom Plaza Thanh Hóa, Phường Trần Phú, Thanh Hóa"
Voucher HS Chicken Rice Set tại Lotteria,Lotteria,"Tầng 1 Big C Thanh Hóa, Xã Đông Hải, Thanh Hóa"
Voucher HS Chicken Rice Set tại Lotteria,Lotteria,"TTTM Big C Vinh, 02 Quang Trung, Vinh, Nghệ An"
Voucher HS Chicken Rice Set tại Lotteria,Lotteria,"87A Nguyễn Văn Cừ, Khối 2, Phường Trường Thi, Vinh, Nghệ An"
Voucher HS Chicken Rice Set tại Lotteria,Lotteria,"Tầng 3-16, Lotte Mart Vinh, 295 đường V.I Lê Ninh, P. Hà Huy Tập, Vinh, Nghệ An"
Voucher HS Chicken Rice Set tại Lotteria,Lotteria,"74 Trần Phú, P. Bắc Hà, Hà Tĩnh"
Voucher HS Chicken Rice Set tại Lotteria,Lotteria,"Số 1 Hùng Vương, Phường Cẩm Phô, Hội An, Quảng Nam"
Voucher HS Chicken Rice Set tại Lotteria,Lotteria,"Cổng Nam TTTM Go! Đường Lý Thường Kiệt, Nghĩa Chánh, Quảng Ngãi"
Voucher HS Chicken Rice Set tại Lotteria,Lotteria,"117B Đại lộ Hùng Vương, Trần Hưng Đạo, Quảng Ngãi"
Voucher HS Chicken Rice Set tại Lotteria,Lotteria,"01 Phan Bội Châu, P. Hội Thương, Pleiku, Gia Lai"
Voucher HS Chicken Rice Set tại Lotteria,Lotteria,"02 - 2A Nguyễn Thái Học, Quy Nhơn, Bình Định"
Voucher HS Chicken Rice Set tại Lotteria,Lotteria,"KĐT xanh Vũng Chua, P. Ghềnh Ráng, Quy Nhơn, Bình Định"
Voucher HS Chicken Rice Set tại Lotteria,Lotteria,"178 Y Jut, Thắng Lợi, Buôn Ma Thuột, Đắk Lắk"
Voucher HS Chicken Rice Set tại Lotteria,Lotteria,"73 Thống Nhất, Nha Trang, Khánh Hòa"
Voucher HS Chicken Rice Set tại Lotteria,Lotteria,"CTXD số SB.D-70, Dự án Công viên văn hóa Vinwonders Nha Trang, Đảo Hòn Tre, P. Vĩnh Nguyên, Nha Trang, Khánh Hòa"
Voucher HS Chicken Rice Set tại Lotteria,Lotteria,"Lô 04, đường 19/5, KĐT Vĩnh Điềm Trung, xã Vĩnh Hiệp, Nha Trang, Khánh Hòa"
Voucher HS Chicken Rice Set tại Lotteria,Lotteria,"2038 Hùng Vương, P. Cam Lộc, Cam Ranh, Khánh Hòa"
Voucher HS Chicken Rice Set tại Lotteria,Lotteria,"2+2/1 Nguyễn Đình Chiểu, P. Vĩnh Phước, Nha Trang, Khánh Hòa"
Voucher HS Chicken Rice Set tại Lotteria,Lotteria,"133 Bà Triệu, P. Thắng Lợi, Kon Tum, Kon Tum"
Voucher HS Chicken Rice Set tại Lotteria,Lotteria,"285 Bùi Thị Xuân, P. 8, Đà Lạt, Lâm Đồng"
Voucher HS Chicken Rice Set tại Lotteria,Lotteria,"Tầng trệt, Tháp nước, Trần Phú, P. 2, Bảo Lộc, Lâm Đồng"
Voucher HS Chicken Rice Set tại Lotteria,Lotteria,"01 Nguyễn Thị Minh Khai, P. 01, Đà Lạt, Lâm Đồng"
Voucher HS Chicken Rice Set tại Lotteria,Lotteria,"Quảng Trường Lâm Viên, góc đường Hồ Tùng Mậu - Trần Quốc Thảo, P. 10, Đà Lạt, Lâm Đồng"
Voucher HS Chicken Rice Set tại Lotteria,Lotteria,"62 Thủ Khoa Huân, KP. 1, P. Bình Hưng, Phan Thiết, Bình Thuận"
Voucher HS Chicken Rice Set tại Lotteria,Lotteria,"KDC Hùng Vương 1, P. Phú Thủy, Phan Thiết, Bình Thuận"
Voucher HS Chicken Rice Set tại Lotteria,Lotteria,"1A Nguyễn Tất Thành, P. Bình Hưng, Phan Thiết, Bình Thuận"
Voucher HS Chicken Rice Set tại Lotteria,Lotteria,"Quốc Lộ 51, KP 1, P. Long Bình Tân, Biên Hòa, Đồng Nai"
Voucher HS Chicken Rice Set tại Lotteria,Lotteria,"Siêu Thị Hoàng Đức Gia Kiệm - 166 ấp Bạch Lâm 1, xã Gia Tân 2, Huyện Thống Nhất, Đồng Nai"
Voucher HS Chicken Rice Set tại Lotteria,Lotteria,"03 Phan Chu Trinh, P. Quang Vinh, Biên Hòa, Đồng Nai"
Voucher HS Chicken Rice Set tại Lotteria,Lotteria,"F230-F231 Võ Thị Sáu, Phường Thống Nhất, Biên Hòa, Đồng Nai"
Voucher HS Chicken Rice Set tại Lotteria,Lotteria,"Lô B-03, KTM Amata, Quốc lộ 1A, P. Long Bình, Biên Hòa, Đồng Nai"
Voucher HS Chicken Rice Set tại Lotteria,Lotteria,"198 Hùng Vương, P. Xuân Bình, Thị xã Long Khánh, Đồng Nai"
Voucher HS Chicken Rice Set tại Lotteria,Lotteria,"TTTM Chợ Thanh Hà, Trần Phú, P. Phủ Hòa, Phan Rang - Tháp Chàm, Ninh Thuận"
Voucher HS Chicken Rice Set tại Lotteria,Lotteria,"555B đại lộ Bình Dương, P. Hiệp Bình, Thị xã Thủ Dầu Một, Bình Dương"
Voucher HS Chicken Rice Set tại Lotteria,Lotteria,"TTTM Green Square, P. Đông Hòa, Thị xã Dĩ An, Bình Dương"
Voucher HS Chicken Rice Set tại Lotteria,Lotteria,"231 Yersin, P. Hiệp Thành, Thị xã Thủ Dầu Một, Bình Dương"
Voucher HS Chicken Rice Set tại Lotteria,Lotteria,"KĐT The Seasons Bình Dương, P. Lái Thiêu, Thị xã Thuận An, Bình Dương"
Voucher HS Chicken Rice Set tại Lotteria,Lotteria,"368 đường 30/4 P. Chánh Nghĩa, Thị xã Thủ Dầu Một, Bình Dương"
Voucher HS Chicken Rice Set tại Lotteria,Lotteria,"01 Trần Hưng Đạo, P. Phú Cường, Thị xã Thủ Dầu Một, Bình Dương"
Voucher HS Chicken Rice Set tại Lotteria,Lotteria,"TTMS Aeon - Bình Dương Canary, 1 Đại Lộ Bình Dương, KP. Bình Giao, P. Thuận Giao, Thị xã Thuận An, Bình Dương"
Voucher HS Chicken Rice Set tại Lotteria,Lotteria,"576 Cách Mạng Tháng Tám, Phường 3, Tây Ninh"
Voucher HS Chicken Rice Set tại Lotteria,Lotteria,"Tầng trệt, KP. Lộc An, Thị trấn Trảng Bàng, Huyện Trảng Bàng, Tây Ninh"
Voucher HS Chicken Rice Set tại Lotteria,Lotteria,"09 Hạ Long, P. 2, Vũng Tàu, Bà Rịa - Vũng Tàu"
Voucher HS Chicken Rice Set tại Lotteria,Lotteria,"227 Nam Kỳ Khởi Nghĩa - 378 Lê Hồng Phong, P. 03, Vũng Tàu, Bà Rịa - Vũng Tàu"
Voucher HS Chicken Rice Set tại Lotteria,Lotteria,"Tầng 1, Góc đường 3/2 - Thi Sách, P. 8, Vũng Tàu, Bà Rịa - Vũng Tàu"
Voucher HS Chicken Rice Set tại Lotteria,Lotteria,"Shop GF-01, Ấp Thanh Ba, Xã Mỹ Lộc, Thị trấn Cần Giuộc, Huyện Cần Giuộc, Long An"
Voucher HS Chicken Rice Set tại Lotteria,Lotteria,"15 Trương Định - 11 Phan Đình Phùng, KP. 01, P. 1, Thị xã Gò Công, Tiền Giang"
Voucher HS Chicken Rice Set tại Lotteria,Lotteria,"545 Lê Văn Phẩm, P. 5, Mỹ Tho, Tiền Giang"
Voucher HS Chicken Rice Set tại Lotteria,Lotteria,"34 Ngô Quyền, P. 1, Mỹ Tho, Tiền Giang"
Voucher HS Chicken Rice Set tại Lotteria,Lotteria,"Go Mart Trà Vinh, Đường Võ Nguyên Giáp, P. 7, Trà Vinh"
Voucher HS Chicken Rice Set tại Lotteria,Lotteria,"Tầng trệt, Nguyễn Sinh Sắc, khóm 2, P. 2, Sa Đéc, Đồng Tháp"
Voucher HS Chicken Rice Set tại Lotteria,Lotteria,"65 Nguyễn Huệ, P. 01, Cao Lãnh, Đồng Tháp"
Voucher HS Chicken Rice Set tại Lotteria,Lotteria,"01 Ngô Thời Nhậm, P. 1, Cao Lãnh, Đồng Tháp"
Voucher HS Chicken Rice Set tại Lotteria,Lotteria,"92 Nguyễn Trãi, P. Mỹ Long, Long Xuyên, An Giang"
Voucher HS Chicken Rice Set tại Lotteria,Lotteria,"29 Trần Hưng Đạo, P. 5, Cà Mau, Cà Mau"
Voucher HS Chicken Set tại Lotteria,Lotteria,"Toà nhà Mandarin Garden 2, Số 493 Tân Mai, P. Tân Mai, Quận Hoàng Mai, Hà Nội"
Voucher HS Chicken Set tại Lotteria,Lotteria,"Phạm Văn Đồng, P. Cổ Nhuế 1, Quận Bắc Từ Liêm, Hà Nội"
Voucher HS Chicken Set tại Lotteria,Lotteria,"201 Khâm Thiên, Quận Đống Đa, Hà Nội"
Voucher HS Chicken Set tại Lotteria,Lotteria,"154 Bà Triệu, Nguyễn Du, Quận Hai Bà Trưng, Hà Nội"
Voucher HS Chicken Set tại Lotteria,Lotteria,"152 Thái Thịnh, Láng Hạ, Quận Đống Đa, Hà Nội"
Voucher HS Chicken Set tại Lotteria,Lotteria,"Ngã 3 Đào Duy Anh - Kim Liên - Phạm Ngọc Thạch, Quận Đống Đa, Hà Nội"
Voucher HS Chicken Set tại Lotteria,Lotteria,"Tầng 1 tòa nhà Housing, 299 Trung Kính, Trung Hòa, Quận Cầu Giấy, Hà Nội"
Voucher HS Chicken Set tại Lotteria,Lotteria,"Tầng 1C2 Nguyễn Cơ Thạch, KĐT Mỹ Đình, Quận Từ Liêm, Hà Nội"
Voucher HS Chicken Set tại Lotteria,Lotteria,"TTTM EBEST xã Minh Khai, Quận Từ Liêm, Hà Nội"
Voucher HS Chicken Set tại Lotteria,Lotteria,"Tầng 1, Aeon Mall Long Biên, Cổ Linh, Quận Long Biên, Hà Nội"
Voucher HS Chicken Set tại Lotteria,Lotteria,"298 Cầu Giấy, P. Quan Hoa, Quận Cầu Giấy, Hà Nội"
Voucher HS Chicken Set tại Lotteria,Lotteria,"391 Hoàng Quốc Việt, P. Nghĩa Tân, Quận Cầu giấy, Hà Nội"
Voucher HS Chicken Set tại Lotteria,Lotteria,"66 Lò Đúc, P. Phạm Đình Hổ, Quận Hai Bà Trưng, Hà Nội"
Voucher HS Chicken Set tại Lotteria,Lotteria,"Tầng 4 , Ô số 430+431, Lotte Mall, Ngõ 683 Lạc Long Quân, P. Phú Thượng, Quận Tây Hồ, Hà Nội"
Voucher HS Chicken Set tại Lotteria,Lotteria,"203 Nguyễn Thị Minh Khai, P. Minh Khai, Quận Hai Bà Trưng, Hà Nội"
Voucher HS Chicken Set tại Lotteria,Lotteria,"Tầng 1 Mễ Trì, P. Mễ Trì, Quận Từ Liêm, Hà Nội"
Voucher HS Chicken Set tại Lotteria,Lotteria,"TTTM Savico Nguyễn Văn Linh, Quận Long Biên, Hà Nội"
Voucher HS Chicken Set tại Lotteria,Lotteria,"138 Lê Thanh Nghị, P. Bách Khoa, Quận Hai Bà Trưng, Hà Nội"
Voucher HS Chicken Set tại Lotteria,Lotteria,"7-9 Đinh Tiên Hoàng, P. Hàng Bạc, Quận Hoàn Kiếm, Hà Nội"
Voucher HS Chicken Set tại Lotteria,Lotteria,"01 Núi Trúc, P.Kim Mã, Quận Ba Đình, Hà Nội"
Voucher HS Chicken Set tại Lotteria,Lotteria,"Ngã 3 Yên Xá, Tân Triều, Quận Hà Đông, Hà Nội"
Voucher HS Chicken Set tại Lotteria,Lotteria,"103DN11 Nguyễn Khánh Toàn, P. Quan Hoa, Quận Cầu Giấy, Hà Nội"
Voucher HS Chicken Set tại Lotteria,Lotteria,"54 Liễu Giai, P. Cống Vị, Quận Ba Đình, Hà Nội"
Voucher HS Chicken Set tại Lotteria,Lotteria,"445a Lạc Long Quân, Phường Xuân La, Quận Tây Hồ, Hà Nội"
Voucher HS Chicken Set tại Lotteria,Lotteria,"Tầng 1 Citimart Hà Đông, CT 7A-CT7B KĐTM Văn Quán, P. Phúc La, Quận Hà Đông, Hà Nội"
Voucher HS Chicken Set tại Lotteria,Lotteria,"63 Huỳnh Thúc Kháng, P. Láng Hạ, Quận Đống Đa, Hà Nội"
Voucher HS Chicken Set tại Lotteria,Lotteria,"SH20.21 Tòa S1.05 Vinhomes Ocean Park, xã Đa Tốn, Huyện Gia Lâm, Hà Nội"
Voucher HS Chicken Set tại Lotteria,Lotteria,"2A Trần Vũ, P. Quán Thánh, Quận Ba Đình, Hà Nội"
Voucher HS Chicken Set tại Lotteria,Lotteria,"Km 10 Nguyễn Trãi, P. Mỗ Lao, Quận Hà Đông, Hà Nội"
Voucher HS Chicken Set tại Lotteria,Lotteria,"Lô D5, KĐTM Cầu Giấy, P. Dịch Vọng, Quận Cầu Giấy, Hà Nội"
Voucher HS Chicken Set tại Lotteria,Lotteria,"437 Bạch Mai, P. Trương Định, Quận Hai Bà Trưng, Hà Nội"
Voucher HS Chicken Set tại Lotteria,Lotteria,"TTTM Aeon Mall, P. Dương Nội, Quận Hà Đông, Hà Nội"
Voucher HS Chicken Set tại Lotteria,Lotteria,"34 Hoàng Cầu, P. Ô Chợ Dừa, Quận Đống Đa, Hà Nội"
Voucher HS Chicken Set tại Lotteria,Lotteria,"23 Hàng Thanh, P. Nguyễn Trung Trực, Quận Ba Đình, Hà Nội"
Voucher HS Chicken Set tại Lotteria,Lotteria,"Tầng 1 Tòa A8, An Bình City, 232 Phạm Văn Đồng, Quận Bắc Từ Liêm, Hà Nội"
Voucher HS Chicken Set tại Lotteria,Lotteria,"72A Nguyễn Trãi, Quận Thanh Xuân, Hà Nội"
Voucher HS Chicken Set tại Lotteria,Lotteria,"210-212 Nguyễn Văn Cừ, P. Ngọc Lâm, Quận Long Biên, Hà Nội"
Voucher HS Chicken Set tại Lotteria,Lotteria,"Tòa Horizon city, 87 Lĩnh Nam, P. Mai Động, Quận Hoàng Mai, Hà Nội"
Voucher HS Chicken Set tại Lotteria,Lotteria,"Tầng 2 Big C Thăng Long, 222 Trần Duy Hưng, P. Trung Hòa, Quận Cầu Giấy, Hà Nội"
Voucher HS Chicken Set tại Lotteria,Lotteria,"Tầng hầm B1 Times City, 458 Minh Khai, P. Vĩnh Tuy, Quận Hai Bà Trưng, Hà Nội"
Voucher HS Chicken Set tại Lotteria,Lotteria,"112 Trần Duy Hưng, P. Trung Hòa, Quận Cầu Giấy, Hà Nội"
Voucher HS Chicken Set tại Lotteria,Lotteria,"Tầng 1 CT 4A.B KĐT Xa La, xã Phúc La, Quận Hà Đông, Hà Nội"
Voucher HS Chicken Set tại Lotteria,Lotteria,"TTTM Mê Linh, Tô Hiệu, Quận Hà Đông, Hà Nội"
Voucher HS Chicken Set tại Lotteria,Lotteria,"64 BT X2, khu đô thị Bắc Linh Đàm, Quận Hoàng Mai, Hà Nội"
Voucher HS Chicken Set tại Lotteria,Lotteria,"95A Trần Hưng Đạo, P. Cầu Ông Lãnh, Quận 1, Hồ Chí Minh"
Voucher HS Chicken Set tại Lotteria,Lotteria,"Tầng 5, 101 Tôn Dật Tiên, P. Tân Phú, Quận 7, Hồ Chí Minh"
Voucher HS Chicken Set tại Lotteria,Lotteria,"572A Ba Tháng Hai, P. 14, Quận 10, Hồ Chí Minh"
Voucher HS Chicken Set tại Lotteria,Lotteria,"66 Mạc Cửu-67 Vạn Kiếp, P. 13, Quận 5, Hồ Chí Minh"
Voucher HS Chicken Set tại Lotteria,Lotteria,"11 Sư Phạn Vạn Hạnh, P. 12, Quận 10, Hồ Chí Minh"
Voucher HS Chicken Set tại Lotteria,Lotteria,"33 Nguyễn Văn Nghi, P. 4, Quận Gò Vấp, Hồ Chí Minh"
Voucher HS Chicken Set tại Lotteria,Lotteria,"158 - 160 Lê Bình, P. 4, Quận Tân Bình, Hồ Chí Minh"
Voucher HS Chicken Set tại Lotteria,Lotteria,"111 Dương Bá Trạc, P. 1, Quận 8, Hồ Chí Minh"
Voucher HS Chicken Set tại Lotteria,Lotteria,"TTTM Mua Sắm Aeon - Tân Phú Celadon, 30 Bờ Bao Tân Thắng, P. Sơn Kỳ, Quận Tân Phú, Hồ Chí Minh"
Voucher HS Chicken Set tại Lotteria,Lotteria,"Tầng 1, 18 Phan Văn Trị, P. 10, Quận Gò Vấp, Hồ Chí Minh"
Voucher HS Chicken Set tại Lotteria,Lotteria,"211 - 213 Bình Phú, P. 11, Quận 6, Hồ Chí Minh"
Voucher HS Chicken Set tại Lotteria,Lotteria,"445 Bạch Đằng, P. 12, Quận Bình Thạnh, Hồ Chí Minh"
Voucher HS Chicken Set tại Lotteria,Lotteria,"Khu B, KĐT mới An Phú - An Khánh, P. An Phú, Quận 2, Hồ Chí Minh"
Voucher HS Chicken Set tại Lotteria,Lotteria,"469 Nguyễn Hữu Thọ, P. Tân Hưng, Quận 7, Hồ Chí Minh"
Voucher HS Chicken Set tại Lotteria,Lotteria,"S6.0301.S04 & S6.0301.S03 Origami Vinhomes Grand Park, Quận 9, Hồ Chí Minh"
Voucher HS Chicken Set tại Lotteria,Lotteria,"292 Đinh Bộ Lĩnh, P. 26, Quận Bình Thạnh, Hồ Chí Minh"
Voucher HS Chicken Set tại Lotteria,Lotteria,"357 Quốc lộ 22, ấp Thượng, xã Tân Thông Hội, Huyện Củ Chi, Hồ Chí Minh"
Voucher HS Chicken Set tại Lotteria,Lotteria,"P5 _SH.02 Tòa Park 5 Vinhomes Central, 20A Điện Biên Phủ, Phường 22, Quận Bình Thạnh, Hồ Chí Minh"
Voucher HS Chicken Set tại Lotteria,Lotteria,"Coopmart Tuy Lý Vương, 40 - 54 Tuy Lý Vương, P. 13, Quận 8, Hồ Chí Minh"
Voucher HS Chicken Set tại Lotteria,Lotteria,"801 Hồng Bàng, P. 9, Quận 6, Hồ Chí Minh"
Voucher HS Chicken Set tại Lotteria,Lotteria,"573 Huỳnh Tấn Phát, P. Tân Thuận Đông, Quận 7, Hồ Chí Minh"
Voucher HS Chicken Set tại Lotteria,Lotteria,"11-11 Bis Nguyễn Thị Minh Khai, P. Bến Nghé, Quận 1, Hồ Chí Minh"
Voucher HS Chicken Set tại Lotteria,Lotteria,"303 Trần Hưng Đạo, P. Nguyễn Cư Trinh, Quận 1, Hồ Chí Minh"
Voucher HS Chicken Set tại Lotteria,Lotteria,"Số 2 Song Hành (gần Cầu Đen), P. An Phú, Quận 2, Hồ Chí Minh"
Voucher HS Chicken Set tại Lotteria,Lotteria,"380 Thoại Ngọc Hầu, P. Phú Thạnh, Quận Tân Phú, Hồ Chí Minh"
Voucher HS Chicken Set tại Lotteria,Lotteria,"70 - 72 Bàu Cát, P. 14, Quận Tân Bình, Hồ Chí Minh"
Voucher HS Chicken Set tại Lotteria,Lotteria,"02 Ngô Gia Tự - 145 Lý Thái Tổ, P. 9, Quận 10, Hồ Chí Minh"
Voucher HS Chicken Set tại Lotteria,Lotteria,"1397 Nguyễn Văn Linh, KP Mỹ Khánh 2-H4-2, P. Tân Phong, Quận 7, Hồ Chí Minh"
Voucher HS Chicken Set tại Lotteria,Lotteria,"159/6 - 160/1 ấp Trung Chánh, xã Tân Xuân, Huyện Hóc Môn, Hồ Chí Minh"
Voucher HS Chicken Set tại Lotteria,Lotteria,"10 Võ Văn Ngân, P. Trường Thọ, Quận Thủ Đức, Hồ Chí Minh"
Voucher HS Chicken Set tại Lotteria,Lotteria,"68 Lê Văn Việt, Tổ 11, KP. 2, P. Hiệp Phú, Quận 9, Hồ Chí Minh"
Voucher HS Chicken Set tại Lotteria,Lotteria,"102 Lê Quốc Hưng, P. 12, Quận 4, Hồ Chí Minh"
Voucher HS Chicken Set tại Lotteria,Lotteria,"1271 Tỉnh lộ 10, KP. 9, P. Tân Tạo, Quận Bình Tân, Hồ Chí Minh"
Voucher HS Chicken Set tại Lotteria,Lotteria,"52 Hậu Giang, P. 06, Quận 6, Hồ Chí Minh"
Voucher HS Chicken Set tại Lotteria,Lotteria,"220/151/3B - 222 Xô Viết Nghệ Tĩnh, P. 21, Quận Bình Thạnh, Hồ Chí Minh"
Voucher HS Chicken Set tại Lotteria,Lotteria,"309 - 311 Vành Đai Trong, P. Bình Trị Đông B, Quận Bình Tân, Hồ Chí Minh"
Voucher HS Chicken Set tại Lotteria,Lotteria,"250B Lý Chính Thắng, P. 9, Quận 3, Hồ Chí Minh"
Voucher HS Chicken Set tại Lotteria,Lotteria,"Pico Plaza, 20 Cộng Hòa, P. 12, Quận Tân Bình, Hồ Chí Minh"
Voucher HS Chicken Set tại Lotteria,Lotteria,"01 Nguyễn Thông, P. 9, Quận 3, Hồ Chí Minh"
Voucher HS Chicken Set tại Lotteria,Lotteria,"175 H òa Bình, P. Hiệp Tân, Quận Tân Phú, Hồ Chí Minh"
Voucher HS Chicken Set tại Lotteria,Lotteria,"TTTM Big C City Land, Lô A, KDC City Land, Số 99 Nguyễn Thị Thập, Quận 7, Hồ Chí Minh"
Voucher HS Chicken Set tại Lotteria,Lotteria,"968 Ba Tháng Hai, P. 15, Quận 11, Hồ Chí Minh"
Voucher HS Chicken Set tại Lotteria,Lotteria,"09 Quang Trung, P. 11, Quận Gò Vấp, Hồ Chí Minh"
Voucher HS Chicken Set tại Lotteria,Lotteria,"251 Phan Xích Long, KDC Rạch Miễu P. 7, Quận Phú Nhuận, Hồ Chí Minh"
Voucher HS Chicken Set tại Lotteria,Lotteria,"604 - 606 Điện Biên Phủ, P. 22, Quận Bình Thạnh, Hồ Chí Minh"
Voucher HS Chicken Set tại Lotteria,Lotteria,"72 Ngô Tất Tố, Phường 19, Quận Bình Thạnh, Hồ Chí Minh"
Voucher HS Chicken Set tại Lotteria,Lotteria,"283 Võ Văn Ngân, P. Linh Chiểu, Quận Thủ Đức, Hồ Chí Minh"
Voucher HS Chicken Set tại Lotteria,Lotteria,"187 Xuân Hồng, Phường 12, Quận Tân Bình, Hồ Chí Minh"
Voucher HS Chicken Set tại Lotteria,Lotteria,"346B Lê Quang Định, P. 11, Quận Bình Thạnh, Hồ Chí Minh"
Voucher HS Chicken Set tại Lotteria,Lotteria,"175 (số cũ 19/35) Độc Lập, P. Tân Quý, Quận Tân Phú, Hồ Chí Minh"
Voucher HS Chicken Set tại Lotteria,Lotteria,"114 Trần Hưng Đạo, P. 7, Quận 5, Hồ Chí Minh"
Voucher HS Chicken Set tại Lotteria,Lotteria,"307A (số cũ 155A) Tô Hiến Thành, P. 13, Quận 10, Hồ Chí Minh"
Voucher HS Chicken Set tại Lotteria,Lotteria,"120 Nguyễn Thị Minh Khai, P. Hải Châu 1, Quận Hải Châu, Đà Nẵng"
Voucher HS Chicken Set tại Lotteria,Lotteria,"568 Trưng Nữ Vương, P. Hòa Thuận Tây, Quận Hải Châu, Đà Nẵng"
Voucher HS Chicken Set tại Lotteria,Lotteria,"92A Phan Chu Trinh, Quận Hải Châu, Đà Nẵng"
Voucher HS Chicken Set tại Lotteria,Lotteria,"Trần Nhân Tông, Bình Than, Quận Sơn Trà, Đà Nẵng"
Voucher HS Chicken Set tại Lotteria,Lotteria,"TTTM khu Quy hoạch Bà Triệu - Hùng Vương, P. Phú Hội, Thừa Thiên Huế, Thành Phố Huế, Thừa Thiên Huế"
Voucher HS Chicken Set tại Lotteria,Lotteria,"06 Trần Hưng Đạo, P. Phú Hòa, Thừa Thiên Huế, Thành Phố Huế, Thừa Thiên Huế"
Voucher HS Chicken Set tại Lotteria,Lotteria,"T308, Tầng 3 Trung tâm thương mại Aeon Mall Huế, Số 8 đường Võ Nguyên Giáp, Phường An Đông, Huế, Thừa Thiên Huế"
Voucher HS Chicken Set tại Lotteria,Lotteria,"Số 2 Phạm Minh Đức, Phường Máy Tơ, Quận Ngô Quyền, Hải Phòng"
Voucher HS Chicken Set tại Lotteria,Lotteria,"317 Trần Thành Ngọ, Quận Kiến An, Hải Phòng"
Voucher HS Chicken Set tại Lotteria,Lotteria,"Lô 1/20 KĐT ngã 5, Sân bay Cát Bi, Quận Ngô Quyền, Hải Phòng"
Voucher HS Chicken Set tại Lotteria,Lotteria,"88 Trần Phú, Quận Ngô Quyền, Hải Phòng"
Voucher HS Chicken Set tại Lotteria,Lotteria,"118 - 120 Trần Nguyên Hãn, Quận Lê Trân, Hải Phòng"
Voucher HS Chicken Set tại Lotteria,Lotteria,"207C Lạch Tray, Quận Ngô Quyền, Hải Phòng"
Voucher HS Chicken Set tại Lotteria,Lotteria,"170 Nguyễn Văn Cừ, P. An Khánh, Quận Ninh Kiều, Cần Thơ"
Voucher HS Chicken Set tại Lotteria,Lotteria,"Lô 1F11, Lottemart, số 84 Mậu Thân, Phường An Hòa, Quận Ninh Kiều, Cần Thơ"
Voucher HS Chicken Set tại Lotteria,Lotteria,"Lô 01, KDC Hưng Phú 1, P. Hưng Phú, Quận Cái Răng, Cần Thơ"
Voucher HS Chicken Set tại Lotteria,Lotteria,"Soiva Plaza Me Linh, Quận Khai Hoang, Vĩnh Yên, Vĩnh Phúc"
Voucher HS Chicken Set tại Lotteria,Lotteria,"TTTM Vincom Plaza, Đường Cù Chính Lan, Đồng Tiến, Hoà Bình"
Voucher HS Chicken Set tại Lotteria,Lotteria,"Tầng 3, Vincom Bắc Kan, Số 8A Đức Xuân, Bắc Kạn"
Voucher HS Chicken Set tại Lotteria,Lotteria,"Ngã 6, Plot 26, Khu 13, P. Kim Tân, Lào Cai, Lào Cai"
Voucher HS Chicken Set tại Lotteria,Lotteria,"Đường Cầu Kì Lừa, P. Chi Lăng, Lạng Sơn, Lạng Sơn"
Voucher HS Chicken Set tại Lotteria,Lotteria,"Tầng 1 TTTM Big C Bắc Giang, ngã 4 Hùng Vương kéo dài, xã Tân Tiến, Bắc Giang, Bắc Giang"
Voucher HS Chicken Set tại Lotteria,Lotteria,"TTTM Big C Việt Trì, Nguyễn Tất Thành, P. Thanh Miếu, Việt Trì, Phú Thọ"
Voucher HS Chicken Set tại Lotteria,Lotteria,"Lầu 3, Vincom Sơn La, Trường Chinh, P. Quyết Thắng, Sơn La, Sơn La"
Voucher HS Chicken Set tại Lotteria,Lotteria,"TTTM Thiên Trường, Quận Lộc Hòa, Nam Định"
Voucher HS Chicken Set tại Lotteria,Lotteria,"02 Hồng Quang, P. Quang Trung, Hải Dương"
Voucher HS Chicken Set tại Lotteria,Lotteria,"TTTM Vincom Hạ Long, P. Bạch Đằng, Hạ Long, Quảng Ninh"
Voucher HS Chicken Set tại Lotteria,Lotteria,"TTTM Big C, Cột 5, P. Hồng Hải, Hạ Long, Quảng Ninh"
Voucher HS Chicken Set tại Lotteria,Lotteria,"160 Lê Thánh Tôn, Hạ Long, Quảng Ninh"
Voucher HS Chicken Set tại Lotteria,Lotteria,"02 Trần Khánh Dư, P. Cẩm Đông, Cẩm Phả, Quảng Ninh"
Voucher HS Chicken Set tại Lotteria,Lotteria,"TTTM Big C Ninh Bình, Trần Nhân Tông, Xã Ninh Phúc, Ninh Bình"
Voucher HS Chicken Set tại Lotteria,Lotteria,"Số 342-346 Trần Hưng Đạo, P. Cửa Bắc, Thành phố Nam Định, Nam Định"
Voucher HS Chicken Set tại Lotteria,Lotteria,"TTTM Vincom Plaza Thanh Hóa, Phường Trần Phú, Thanh Hóa"
Voucher HS Chicken Set tại Lotteria,Lotteria,"Tầng 1 Big C Thanh Hóa, Xã Đông Hải, Thanh Hóa"
Voucher HS Chicken Set tại Lotteria,Lotteria,"87A Nguyễn Văn Cừ, Khối 2, Phường Trường Thi, Vinh, Nghệ An"
Voucher HS Chicken Set tại Lotteria,Lotteria,"Tầng 3-16, Lotte Mart Vinh, 295 đường V.I Lê Ninh, P. Hà Huy Tập, Vinh, Nghệ An"
Voucher HS Chicken Set tại Lotteria,Lotteria,"TTTM Big C Vinh, 02 Quang Trung, Vinh, Nghệ An"
Voucher HS Chicken Set tại Lotteria,Lotteria,"74 Trần Phú, P. Bắc Hà, Hà Tĩnh"
Voucher HS Chicken Set tại Lotteria,Lotteria,"Số 1 Hùng Vương, Phường Cẩm Phô, Hội An, Quảng Nam"
Voucher HS Chicken Set tại Lotteria,Lotteria,"117B Đại lộ Hùng Vương, Trần Hưng Đạo, Quảng Ngãi"
Voucher HS Chicken Set tại Lotteria,Lotteria,"Cổng Nam TTTM Go! Đường Lý Thường Kiệt, Nghĩa Chánh, Quảng Ngãi"
Voucher HS Chicken Set tại Lotteria,Lotteria,"01 Phan Bội Châu, P. Hội Thương, Pleiku, Gia Lai"
Voucher HS Chicken Set tại Lotteria,Lotteria,"02 - 2A Nguyễn Thái Học, Quy Nhơn, Bình Định"
Voucher HS Chicken Set tại Lotteria,Lotteria,"KĐT xanh Vũng Chua, P. Ghềnh Ráng, Quy Nhơn, Bình Định"
Voucher HS Chicken Set tại Lotteria,Lotteria,"178 Y Jut, Thắng Lợi, Buôn Ma Thuột, Đắk Lắk"
Voucher HS Chicken Set tại Lotteria,Lotteria,"2+2/1 Nguyễn Đình Chiểu, P. Vĩnh Phước, Nha Trang, Khánh Hòa"
Voucher HS Chicken Set tại Lotteria,Lotteria,"73 Thống Nhất, Nha Trang, Khánh Hòa"
Voucher HS Chicken Set tại Lotteria,Lotteria,"Lô 04, đường 19/5, KĐT Vĩnh Điềm Trung, xã Vĩnh Hiệp, Nha Trang, Khánh Hòa"
Voucher HS Chicken Set tại Lotteria,Lotteria,"CTXD số SB.D-70, Dự án Công viên văn hóa Vinwonders Nha Trang, Đảo Hòn Tre, P. Vĩnh Nguyên, Nha Trang, Khánh Hòa"
Voucher HS Chicken Set tại Lotteria,Lotteria,"2038 Hùng Vương, P. Cam Lộc, Cam Ranh, Khánh Hòa"
Voucher HS Chicken Set tại Lotteria,Lotteria,"133 Bà Triệu, P. Thắng Lợi, Kon Tum, Kon Tum"
Voucher HS Chicken Set tại Lotteria,Lotteria,"Tầng trệt, Tháp nước, Trần Phú, P. 2, Bảo Lộc, Lâm Đồng"
Voucher HS Chicken Set tại Lotteria,Lotteria,"Quảng Trường Lâm Viên, góc đường Hồ Tùng Mậu - Trần Quốc Thảo, P. 10, Đà Lạt, Lâm Đồng"
Voucher HS Chicken Set tại Lotteria,Lotteria,"285 Bùi Thị Xuân, P. 8, Đà Lạt, Lâm Đồng"
Voucher HS Chicken Set tại Lotteria,Lotteria,"01 Nguyễn Thị Minh Khai, P. 01, Đà Lạt, Lâm Đồng"
Voucher HS Chicken Set tại Lotteria,Lotteria,"KDC Hùng Vương 1, P. Phú Thủy, Phan Thiết, Bình Thuận"
Voucher HS Chicken Set tại Lotteria,Lotteria,"62 Thủ Khoa Huân, KP. 1, P. Bình Hưng, Phan Thiết, Bình Thuận"
Voucher HS Chicken Set tại Lotteria,Lotteria,"1A Nguyễn Tất Thành, P. Bình Hưng, Phan Thiết, Bình Thuận"
Voucher HS Chicken Set tại Lotteria,Lotteria,"198 Hùng Vương, P. Xuân Bình, Thị xã Long Khánh, Đồng Nai"
Voucher HS Chicken Set tại Lotteria,Lotteria,"Quốc Lộ 51, KP 1, P. Long Bình Tân, Biên Hòa, Đồng Nai"
Voucher HS Chicken Set tại Lotteria,Lotteria,"Siêu Thị Hoàng Đức Gia Kiệm - 166 ấp Bạch Lâm 1, xã Gia Tân 2, Huyện Thống Nhất, Đồng Nai"
Voucher HS Chicken Set tại Lotteria,Lotteria,"03 Phan Chu Trinh, P. Quang Vinh, Biên Hòa, Đồng Nai"
Voucher HS Chicken Set tại Lotteria,Lotteria,"F230-F231 Võ Thị Sáu, Phường Thống Nhất, Biên Hòa, Đồng Nai"
Voucher HS Chicken Set tại Lotteria,Lotteria,"Lô B-03, KTM Amata, Quốc lộ 1A, P. Long Bình, Biên Hòa, Đồng Nai"
Voucher HS Chicken Set tại Lotteria,Lotteria,"TTTM Chợ Thanh Hà, Trần Phú, P. Phủ Hòa, Phan Rang - Tháp Chàm, Ninh Thuận"
Voucher HS Chicken Set tại Lotteria,Lotteria,"TTTM Green Square, P. Đông Hòa, Thị xã Dĩ An, Bình Dương"
Voucher HS Chicken Set tại Lotteria,Lotteria,"368 đường 30/4 P. Chánh Nghĩa, Thị xã Thủ Dầu Một, Bình Dương"
Voucher HS Chicken Set tại Lotteria,Lotteria,"KĐT The Seasons Bình Dương, P. Lái Thiêu, Thị xã Thuận An, Bình Dương"
Voucher HS Chicken Set tại Lotteria,Lotteria,"01 Trần Hưng Đạo, P. Phú Cường, Thị xã Thủ Dầu Một, Bình Dương"
Voucher HS Chicken Set tại Lotteria,Lotteria,"TTMS Aeon - Bình Dương Canary, 1 Đại Lộ Bình Dương, KP. Bình Giao, P. Thuận Giao, Thị xã Thuận An, Bình Dương"
Voucher HS Chicken Set tại Lotteria,Lotteria,"231 Yersin, P. Hiệp Thành, Thị xã Thủ Dầu Một, Bình Dương"
Voucher HS Chicken Set tại Lotteria,Lotteria,"555B đại lộ Bình Dương, P. Hiệp Bình, Thị xã Thủ Dầu Một, Bình Dương"
Voucher HS Chicken Set tại Lotteria,Lotteria,"Tầng trệt, KP. Lộc An, Thị trấn Trảng Bàng, Huyện Trảng Bàng, Tây Ninh"
Voucher HS Chicken Set tại Lotteria,Lotteria,"576 Cách Mạng Tháng Tám, Phường 3, Tây Ninh"
Voucher HS Chicken Set tại Lotteria,Lotteria,"09 Hạ Long, P. 2, Vũng Tàu, Bà Rịa - Vũng Tàu"
Voucher HS Chicken Set tại Lotteria,Lotteria,"227 Nam Kỳ Khởi Nghĩa - 378 Lê Hồng Phong, P. 03, Vũng Tàu, Bà Rịa - Vũng Tàu"
Voucher HS Chicken Set tại Lotteria,Lotteria,"Tầng 1, Góc đường 3/2 - Thi Sách, P. 8, Vũng Tàu, Bà Rịa - Vũng Tàu"
Voucher HS Chicken Set tại Lotteria,Lotteria,"Shop GF-01, Ấp Thanh Ba, Xã Mỹ Lộc, Thị trấn Cần Giuộc, Huyện Cần Giuộc, Long An"
Voucher HS Chicken Set tại Lotteria,Lotteria,"545 Lê Văn Phẩm, P. 5, Mỹ Tho, Tiền Giang"
Voucher HS Chicken Set tại Lotteria,Lotteria,"34 Ngô Quyền, P. 1, Mỹ Tho, Tiền Giang"
Voucher HS Chicken Set tại Lotteria,Lotteria,"15 Trương Định - 11 Phan Đình Phùng, KP. 01, P. 1, Thị xã Gò Công, Tiền Giang"
Voucher HS Chicken Set tại Lotteria,Lotteria,"Go Mart Trà Vinh, Đường Võ Nguyên Giáp, P. 7, Trà Vinh"
Voucher HS Chicken Set tại Lotteria,Lotteria,"01 Ngô Thời Nhậm, P. 1, Cao Lãnh, Đồng Tháp"
Voucher HS Chicken Set tại Lotteria,Lotteria,"Tầng trệt, Nguyễn Sinh Sắc, khóm 2, P. 2, Sa Đéc, Đồng Tháp"
Voucher HS Chicken Set tại Lotteria,Lotteria,"65 Nguyễn Huệ, P. 01, Cao Lãnh, Đồng Tháp"
Voucher HS Chicken Set tại Lotteria,Lotteria,"92 Nguyễn Trãi, P. Mỹ Long, Long Xuyên, An Giang"
Voucher HS Chicken Set tại Lotteria,Lotteria,"29 Trần Hưng Đạo, P. 5, Cà Mau, Cà Mau"
Voucher Soybean Chicken tại Lotteria,Lotteria,"Ngã 3 Đào Duy Anh - Kim Liên - Phạm Ngọc Thạch, Quận Đống Đa, Hà Nội"
Voucher Soybean Chicken tại Lotteria,Lotteria,"Phạm Văn Đồng, P. Cổ Nhuế 1, Quận Bắc Từ Liêm, Hà Nội"
Voucher Soybean Chicken tại Lotteria,Lotteria,"Toà nhà Mandarin Garden 2, Số 493 Tân Mai, P. Tân Mai, Quận Hoàng Mai, Hà Nội"
Voucher Soybean Chicken tại Lotteria,Lotteria,"64 BT X2, khu đô thị Bắc Linh Đàm, Quận Hoàng Mai, Hà Nội"
Voucher Soybean Chicken tại Lotteria,Lotteria,"201 Khâm Thiên, Quận Đống Đa, Hà Nội"
Voucher Soybean Chicken tại Lotteria,Lotteria,"154 Bà Triệu, Nguyễn Du, Quận Hai Bà Trưng, Hà Nội"
Voucher Soybean Chicken tại Lotteria,Lotteria,"152 Thái Thịnh, Láng Hạ, Quận Đống Đa, Hà Nội"
Voucher Soybean Chicken tại Lotteria,Lotteria,"TTTM EBEST xã Minh Khai, Quận Từ Liêm, Hà Nội"
Voucher Soybean Chicken tại Lotteria,Lotteria,"Tầng 1, Aeon Mall Long Biên, Cổ Linh, Quận Long Biên, Hà Nội"
Voucher Soybean Chicken tại Lotteria,Lotteria,"Tầng 1C2 Nguyễn Cơ Thạch, KĐT Mỹ Đình, Quận Từ Liêm, Hà Nội"
Voucher Soybean Chicken tại Lotteria,Lotteria,"138 Lê Thanh Nghị, P. Bách Khoa, Quận Hai Bà Trưng, Hà Nội"
Voucher Soybean Chicken tại Lotteria,Lotteria,"7-9 Đinh Tiên Hoàng, P. Hàng Bạc, Quận Hoàn Kiếm, Hà Nội"
Voucher Soybean Chicken tại Lotteria,Lotteria,"01 Núi Trúc, P.Kim Mã, Quận Ba Đình, Hà Nội"
Voucher Soybean Chicken tại Lotteria,Lotteria,"298 Cầu Giấy, P. Quan Hoa, Quận Cầu Giấy, Hà Nội"
Voucher Soybean Chicken tại Lotteria,Lotteria,"391 Hoàng Quốc Việt, P. Nghĩa Tân, Quận Cầu giấy, Hà Nội"
Voucher Soybean Chicken tại Lotteria,Lotteria,"66 Lò Đúc, P. Phạm Đình Hổ, Quận Hai Bà Trưng, Hà Nội"
Voucher Soybean Chicken tại Lotteria,Lotteria,"Tầng 4 , Ô số 430+431, Lotte Mall, Ngõ 683 Lạc Long Quân, P. Phú Thượng, Quận Tây Hồ, Hà Nội"
Voucher Soybean Chicken tại Lotteria,Lotteria,"203 Nguyễn Thị Minh Khai, P. Minh Khai, Quận Hai Bà Trưng, Hà Nội"
Voucher Soybean Chicken tại Lotteria,Lotteria,"Tầng 1 Mễ Trì, P. Mễ Trì, Quận Từ Liêm, Hà Nội"
Voucher Soybean Chicken tại Lotteria,Lotteria,"TTTM Savico Nguyễn Văn Linh, Quận Long Biên, Hà Nội"
Voucher Soybean Chicken tại Lotteria,Lotteria,"2A Trần Vũ, P. Quán Thánh, Quận Ba Đình, Hà Nội"
Voucher Soybean Chicken tại Lotteria,Lotteria,"Km 10 Nguyễn Trãi, P. Mỗ Lao, Quận Hà Đông, Hà Nội"
Voucher Soybean Chicken tại Lotteria,Lotteria,"Ngã 3 Yên Xá, Tân Triều, Quận Hà Đông, Hà Nội"
Voucher Soybean Chicken tại Lotteria,Lotteria,"103DN11 Nguyễn Khánh Toàn, P. Quan Hoa, Quận Cầu Giấy, Hà Nội"
Voucher Soybean Chicken tại Lotteria,Lotteria,"54 Liễu Giai, P. Cống Vị, Quận Ba Đình, Hà Nội"
Voucher Soybean Chicken tại Lotteria,Lotteria,"445a Lạc Long Quân, Phường Xuân La, Quận Tây Hồ, Hà Nội"
Voucher Soybean Chicken tại Lotteria,Lotteria,"Tầng 1 Citimart Hà Đông, CT 7A-CT7B KĐTM Văn Quán, P. Phúc La, Quận Hà Đông, Hà Nội"
Voucher Soybean Chicken tại Lotteria,Lotteria,"63 Huỳnh Thúc Kháng, P. Láng Hạ, Quận Đống Đa, Hà Nội"
Voucher Soybean Chicken tại Lotteria,Lotteria,"SH20.21 Tòa S1.05 Vinhomes Ocean Park, xã Đa Tốn, Huyện Gia Lâm, Hà Nội"
Voucher Soybean Chicken tại Lotteria,Lotteria,"TTTM Aeon Mall, P. Dương Nội, Quận Hà Đông, Hà Nội"
Voucher Soybean Chicken tại Lotteria,Lotteria,"34 Hoàng Cầu, P. Ô Chợ Dừa, Quận Đống Đa, Hà Nội"
Voucher Soybean Chicken tại Lotteria,Lotteria,"Lô D5, KĐTM Cầu Giấy, P. Dịch Vọng, Quận Cầu Giấy, Hà Nội"
Voucher Soybean Chicken tại Lotteria,Lotteria,"437 Bạch Mai, P. Trương Định, Quận Hai Bà Trưng, Hà Nội"
Voucher Soybean Chicken tại Lotteria,Lotteria,"Tầng 2 Big C Thăng Long, 222 Trần Duy Hưng, P. Trung Hòa, Quận Cầu Giấy, Hà Nội"
Voucher Soybean Chicken tại Lotteria,Lotteria,"23 Hàng Thanh, P. Nguyễn Trung Trực, Quận Ba Đình, Hà Nội"
Voucher Soybean Chicken tại Lotteria,Lotteria,"Tầng 1 Tòa A8, An Bình City, 232 Phạm Văn Đồng, Quận Bắc Từ Liêm, Hà Nội"
Voucher Soybean Chicken tại Lotteria,Lotteria,"72A Nguyễn Trãi, Quận Thanh Xuân, Hà Nội"
Voucher Soybean Chicken tại Lotteria,Lotteria,"210-212 Nguyễn Văn Cừ, P. Ngọc Lâm, Quận Long Biên, Hà Nội"
Voucher Soybean Chicken tại Lotteria,Lotteria,"Tòa Horizon city, 87 Lĩnh Nam, P. Mai Động, Quận Hoàng Mai, Hà Nội"
Voucher Soybean Chicken tại Lotteria,Lotteria,"112 Trần Duy Hưng, P. Trung Hòa, Quận Cầu Giấy, Hà Nội"
Voucher Soybean Chicken tại Lotteria,Lotteria,"Tầng hầm B1 Times City, 458 Minh Khai, P. Vĩnh Tuy, Quận Hai Bà Trưng, Hà Nội"
Voucher Soybean Chicken tại Lotteria,Lotteria,"Tầng 1 CT 4A.B KĐT Xa La, xã Phúc La, Quận Hà Đông, Hà Nội"
Voucher Soybean Chicken tại Lotteria,Lotteria,"TTTM Mê Linh, Tô Hiệu, Quận Hà Đông, Hà Nội"
Voucher Soybean Chicken tại Lotteria,Lotteria,"Tầng 1 tòa nhà Housing, 299 Trung Kính, Trung Hòa, Quận Cầu Giấy, Hà Nội"
Voucher Soybean Chicken tại Lotteria,Lotteria,"TTTM Mua Sắm Aeon - Tân Phú Celadon, 30 Bờ Bao Tân Thắng, P. Sơn Kỳ, Quận Tân Phú, Hồ Chí Minh"
Voucher Soybean Chicken tại Lotteria,Lotteria,"Tầng 1, 18 Phan Văn Trị, P. 10, Quận Gò Vấp, Hồ Chí Minh"
Voucher Soybean Chicken tại Lotteria,Lotteria,"211 - 213 Bình Phú, P. 11, Quận 6, Hồ Chí Minh"
Voucher Soybean Chicken tại Lotteria,Lotteria,"445 Bạch Đằng, P. 12, Quận Bình Thạnh, Hồ Chí Minh"
Voucher Soybean Chicken tại Lotteria,Lotteria,"Khu B, KĐT mới An Phú - An Khánh, P. An Phú, Quận 2, Hồ Chí Minh"
Voucher Soybean Chicken tại Lotteria,Lotteria,"572A Ba Tháng Hai, P. 14, Quận 10, Hồ Chí Minh"
Voucher Soybean Chicken tại Lotteria,Lotteria,"95A Trần Hưng Đạo, P. Cầu Ông Lãnh, Quận 1, Hồ Chí Minh"
Voucher Soybean Chicken tại Lotteria,Lotteria,"Tầng 5, 101 Tôn Dật Tiên, P. Tân Phú, Quận 7, Hồ Chí Minh"
Voucher Soybean Chicken tại Lotteria,Lotteria,"66 Mạc Cửu-67 Vạn Kiếp, P. 13, Quận 5, Hồ Chí Minh"
Voucher Soybean Chicken tại Lotteria,Lotteria,"11 Sư Phạn Vạn Hạnh, P. 12, Quận 10, Hồ Chí Minh"
Voucher Soybean Chicken tại Lotteria,Lotteria,"33 Nguyễn Văn Nghi, P. 4, Quận Gò Vấp, Hồ Chí Minh"
Voucher Soybean Chicken tại Lotteria,Lotteria,"158 - 160 Lê Bình, P. 4, Quận Tân Bình, Hồ Chí Minh"
Voucher Soybean Chicken tại Lotteria,Lotteria,"111 Dương Bá Trạc, P. 1, Quận 8, Hồ Chí Minh"
Voucher Soybean Chicken tại Lotteria,Lotteria,"357 Quốc lộ 22, ấp Thượng, xã Tân Thông Hội, Huyện Củ Chi, Hồ Chí Minh"
Voucher Soybean Chicken tại Lotteria,Lotteria,"P5 _SH.02 Tòa Park 5 Vinhomes Central, 20A Điện Biên Phủ, Phường 22, Quận Bình Thạnh, Hồ Chí Minh"
Voucher Soybean Chicken tại Lotteria,Lotteria,"469 Nguyễn Hữu Thọ, P. Tân Hưng, Quận 7, Hồ Chí Minh"
Voucher Soybean Chicken tại Lotteria,Lotteria,"S6.0301.S04 & S6.0301.S03 Origami Vinhomes Grand Park, Quận 9, Hồ Chí Minh"
Voucher Soybean Chicken tại Lotteria,Lotteria,"292 Đinh Bộ Lĩnh, P. 26, Quận Bình Thạnh, Hồ Chí Minh"
Voucher Soybean Chicken tại Lotteria,Lotteria,"Số 2 Song Hành (gần Cầu Đen), P. An Phú, Quận 2, Hồ Chí Minh"
Voucher Soybean Chicken tại Lotteria,Lotteria,"Coopmart Tuy Lý Vương, 40 - 54 Tuy Lý Vương, P. 13, Quận 8, Hồ Chí Minh"
Voucher Soybean Chicken tại Lotteria,Lotteria,"801 Hồng Bàng, P. 9, Quận 6, Hồ Chí Minh"
Voucher Soybean Chicken tại Lotteria,Lotteria,"573 Huỳnh Tấn Phát, P. Tân Thuận Đông, Quận 7, Hồ Chí Minh"
Voucher Soybean Chicken tại Lotteria,Lotteria,"11-11 Bis Nguyễn Thị Minh Khai, P. Bến Nghé, Quận 1, Hồ Chí Minh"
Voucher Soybean Chicken tại Lotteria,Lotteria,"303 Trần Hưng Đạo, P. Nguyễn Cư Trinh, Quận 1, Hồ Chí Minh"
Voucher Soybean Chicken tại Lotteria,Lotteria,"1397 Nguyễn Văn Linh, KP Mỹ Khánh 2-H4-2, P. Tân Phong, Quận 7, Hồ Chí Minh"
Voucher Soybean Chicken tại Lotteria,Lotteria,"380 Thoại Ngọc Hầu, P. Phú Thạnh, Quận Tân Phú, Hồ Chí Minh"
Voucher Soybean Chicken tại Lotteria,Lotteria,"70 - 72 Bàu Cát, P. 14, Quận Tân Bình, Hồ Chí Minh"
Voucher Soybean Chicken tại Lotteria,Lotteria,"02 Ngô Gia Tự - 145 Lý Thái Tổ, P. 9, Quận 10, Hồ Chí Minh"
Voucher Soybean Chicken tại Lotteria,Lotteria,"159/6 - 160/1 ấp Trung Chánh, xã Tân Xuân, Huyện Hóc Môn, Hồ Chí Minh"
Voucher Soybean Chicken tại Lotteria,Lotteria,"250B Lý Chính Thắng, P. 9, Quận 3, Hồ Chí Minh"
Voucher Soybean Chicken tại Lotteria,Lotteria,"Pico Plaza, 20 Cộng Hòa, P. 12, Quận Tân Bình, Hồ Chí Minh"
Voucher Soybean Chicken tại Lotteria,Lotteria,"10 Võ Văn Ngân, P. Trường Thọ, Quận Thủ Đức, Hồ Chí Minh"
Voucher Soybean Chicken tại Lotteria,Lotteria,"68 Lê Văn Việt, Tổ 11, KP. 2, P. Hiệp Phú, Quận 9, Hồ Chí Minh"
Voucher Soybean Chicken tại Lotteria,Lotteria,"102 Lê Quốc Hưng, P. 12, Quận 4, Hồ Chí Minh"
Voucher Soybean Chicken tại Lotteria,Lotteria,"1271 Tỉnh lộ 10, KP. 9, P. Tân Tạo, Quận Bình Tân, Hồ Chí Minh"
Voucher Soybean Chicken tại Lotteria,Lotteria,"52 Hậu Giang, P. 06, Quận 6, Hồ Chí Minh"
Voucher Soybean Chicken tại Lotteria,Lotteria,"220/151/3B - 222 Xô Viết Nghệ Tĩnh, P. 21, Quận Bình Thạnh, Hồ Chí Minh"
Voucher Soybean Chicken tại Lotteria,Lotteria,"309 - 311 Vành Đai Trong, P. Bình Trị Đông B, Quận Bình Tân, Hồ Chí Minh"
Voucher Soybean Chicken tại Lotteria,Lotteria,"09 Quang Trung, P. 11, Quận Gò Vấp, Hồ Chí Minh"
Voucher Soybean Chicken tại Lotteria,Lotteria,"251 Phan Xích Long, KDC Rạch Miễu P. 7, Quận Phú Nhuận, Hồ Chí Minh"
Voucher Soybean Chicken tại Lotteria,Lotteria,"01 Nguyễn Thông, P. 9, Quận 3, Hồ Chí Minh"
Voucher Soybean Chicken tại Lotteria,Lotteria,"175 H òa Bình, P. Hiệp Tân, Quận Tân Phú, Hồ Chí Minh"
Voucher Soybean Chicken tại Lotteria,Lotteria,"TTTM Big C City Land, Lô A, KDC City Land, Số 99 Nguyễn Thị Thập, Quận 7, Hồ Chí Minh"
Voucher Soybean Chicken tại Lotteria,Lotteria,"968 Ba Tháng Hai, P. 15, Quận 11, Hồ Chí Minh"
Voucher Soybean Chicken tại Lotteria,Lotteria,"175 (số cũ 19/35) Độc Lập, P. Tân Quý, Quận Tân Phú, Hồ Chí Minh"
Voucher Soybean Chicken tại Lotteria,Lotteria,"114 Trần Hưng Đạo, P. 7, Quận 5, Hồ Chí Minh"
Voucher Soybean Chicken tại Lotteria,Lotteria,"307A (số cũ 155A) Tô Hiến Thành, P. 13, Quận 10, Hồ Chí Minh"
Voucher Soybean Chicken tại Lotteria,Lotteria,"604 - 606 Điện Biên Phủ, P. 22, Quận Bình Thạnh, Hồ Chí Minh"
Voucher Soybean Chicken tại Lotteria,Lotteria,"72 Ngô Tất Tố, Phường 19, Quận Bình Thạnh, Hồ Chí Minh"
Voucher Soybean Chicken tại Lotteria,Lotteria,"283 Võ Văn Ngân, P. Linh Chiểu, Quận Thủ Đức, Hồ Chí Minh"
Voucher Soybean Chicken tại Lotteria,Lotteria,"187 Xuân Hồng, Phường 12, Quận Tân Bình, Hồ Chí Minh"
Voucher Soybean Chicken tại Lotteria,Lotteria,"346B Lê Quang Định, P. 11, Quận Bình Thạnh, Hồ Chí Minh"
Voucher Soybean Chicken tại Lotteria,Lotteria,"120 Nguyễn Thị Minh Khai, P. Hải Châu 1, Quận Hải Châu, Đà Nẵng"
Voucher Soybean Chicken tại Lotteria,Lotteria,"568 Trưng Nữ Vương, P. Hòa Thuận Tây, Quận Hải Châu, Đà Nẵng"
Voucher Soybean Chicken tại Lotteria,Lotteria,"92A Phan Chu Trinh, Quận Hải Châu, Đà Nẵng"
Voucher Soybean Chicken tại Lotteria,Lotteria,"Trần Nhân Tông, Bình Than, Quận Sơn Trà, Đà Nẵng"
Voucher Soybean Chicken tại Lotteria,Lotteria,"TTTM khu Quy hoạch Bà Triệu - Hùng Vương, P. Phú Hội, Thừa Thiên Huế, Thành Phố Huế, Thừa Thiên Huế"
Voucher Soybean Chicken tại Lotteria,Lotteria,"06 Trần Hưng Đạo, P. Phú Hòa, Thừa Thiên Huế, Thành Phố Huế, Thừa Thiên Huế"
Voucher Soybean Chicken tại Lotteria,Lotteria,"T308, Tầng 3 Trung tâm thương mại Aeon Mall Huế, Số 8 đường Võ Nguyên Giáp, Phường An Đông, Huế, Thừa Thiên Huế"
Voucher Soybean Chicken tại Lotteria,Lotteria,"207C Lạch Tray, Quận Ngô Quyền, Hải Phòng"
Voucher Soybean Chicken tại Lotteria,Lotteria,"88 Trần Phú, Quận Ngô Quyền, Hải Phòng"
Voucher Soybean Chicken tại Lotteria,Lotteria,"317 Trần Thành Ngọ, Quận Kiến An, Hải Phòng"
Voucher Soybean Chicken tại Lotteria,Lotteria,"Số 2 Phạm Minh Đức, Phường Máy Tơ, Quận Ngô Quyền, Hải Phòng"
Voucher Soybean Chicken tại Lotteria,Lotteria,"Lô 1/20 KĐT ngã 5, Sân bay Cát Bi, Quận Ngô Quyền, Hải Phòng"
Voucher Soybean Chicken tại Lotteria,Lotteria,"118 - 120 Trần Nguyên Hãn, Quận Lê Trân, Hải Phòng"
Voucher Soybean Chicken tại Lotteria,Lotteria,"Lô 1F11, Lottemart, số 84 Mậu Thân, Phường An Hòa, Quận Ninh Kiều, Cần Thơ"
Voucher Soybean Chicken tại Lotteria,Lotteria,"Lô 01, KDC Hưng Phú 1, P. Hưng Phú, Quận Cái Răng, Cần Thơ"
Voucher Soybean Chicken tại Lotteria,Lotteria,"170 Nguyễn Văn Cừ, P. An Khánh, Quận Ninh Kiều, Cần Thơ"
Voucher Soybean Chicken tại Lotteria,Lotteria,"Soiva Plaza Me Linh, Quận Khai Hoang, Vĩnh Yên, Vĩnh Phúc"
Voucher Soybean Chicken tại Lotteria,Lotteria,"TTTM Vincom Plaza, Đường Cù Chính Lan, Đồng Tiến, Hoà Bình"
Voucher Soybean Chicken tại Lotteria,Lotteria,"Tầng 3, Vincom Bắc Kan, Số 8A Đức Xuân, Bắc Kạn"
Voucher Soybean Chicken tại Lotteria,Lotteria,"Ngã 6, Plot 26, Khu 13, P. Kim Tân, Lào Cai, Lào Cai"
Voucher Soybean Chicken tại Lotteria,Lotteria,"Đường Cầu Kì Lừa, P. Chi Lăng, Lạng Sơn, Lạng Sơn"
Voucher Soybean Chicken tại Lotteria,Lotteria,"Tầng 1 TTTM Big C Bắc Giang, ngã 4 Hùng Vương kéo dài, xã Tân Tiến, Bắc Giang, Bắc Giang"
Voucher Soybean Chicken tại Lotteria,Lotteria,"TTTM Big C Việt Trì, Nguyễn Tất Thành, P. Thanh Miếu, Việt Trì, Phú Thọ"
Voucher Soybean Chicken tại Lotteria,Lotteria,"Lầu 3, Vincom Sơn La, Trường Chinh, P. Quyết Thắng, Sơn La, Sơn La"
Voucher Soybean Chicken tại Lotteria,Lotteria,"TTTM Thiên Trường, Quận Lộc Hòa, Nam Định"
Voucher Soybean Chicken tại Lotteria,Lotteria,"02 Hồng Quang, P. Quang Trung, Hải Dương"
Voucher Soybean Chicken tại Lotteria,Lotteria,"TTTM Vincom Hạ Long, P. Bạch Đằng, Hạ Long, Quảng Ninh"
Voucher Soybean Chicken tại Lotteria,Lotteria,"TTTM Big C, Cột 5, P. Hồng Hải, Hạ Long, Quảng Ninh"
Voucher Soybean Chicken tại Lotteria,Lotteria,"160 Lê Thánh Tôn, Hạ Long, Quảng Ninh"
Voucher Soybean Chicken tại Lotteria,Lotteria,"02 Trần Khánh Dư, P. Cẩm Đông, Cẩm Phả, Quảng Ninh"
Voucher Soybean Chicken tại Lotteria,Lotteria,"Số 342-346 Trần Hưng Đạo, P. Cửa Bắc, Thành phố Nam Định, Nam Định"
Voucher Soybean Chicken tại Lotteria,Lotteria,"TTTM Big C Ninh Bình, Trần Nhân Tông, Xã Ninh Phúc, Ninh Bình"
Voucher Soybean Chicken tại Lotteria,Lotteria,"TTTM Vincom Plaza Thanh Hóa, Phường Trần Phú, Thanh Hóa"
Voucher Soybean Chicken tại Lotteria,Lotteria,"Tầng 1 Big C Thanh Hóa, Xã Đông Hải, Thanh Hóa"
Voucher Soybean Chicken tại Lotteria,Lotteria,"TTTM Big C Vinh, 02 Quang Trung, Vinh, Nghệ An"
Voucher Soybean Chicken tại Lotteria,Lotteria,"87A Nguyễn Văn Cừ, Khối 2, Phường Trường Thi, Vinh, Nghệ An"
Voucher Soybean Chicken tại Lotteria,Lotteria,"Tầng 3-16, Lotte Mart Vinh, 295 đường V.I Lê Ninh, P. Hà Huy Tập, Vinh, Nghệ An"
Voucher Soybean Chicken tại Lotteria,Lotteria,"74 Trần Phú, P. Bắc Hà, Hà Tĩnh"
Voucher Soybean Chicken tại Lotteria,Lotteria,"Số 1 Hùng Vương, Phường Cẩm Phô, Hội An, Quảng Nam"
Voucher Soybean Chicken tại Lotteria,Lotteria,"Cổng Nam TTTM Go! Đường Lý Thường Kiệt, Nghĩa Chánh, Quảng Ngãi"
Voucher Soybean Chicken tại Lotteria,Lotteria,"117B Đại lộ Hùng Vương, Trần Hưng Đạo, Quảng Ngãi"
Voucher Soybean Chicken tại Lotteria,Lotteria,"01 Phan Bội Châu, P. Hội Thương, Pleiku, Gia Lai"
Voucher Soybean Chicken tại Lotteria,Lotteria,"02 - 2A Nguyễn Thái Học, Quy Nhơn, Bình Định"
Voucher Soybean Chicken tại Lotteria,Lotteria,"KĐT xanh Vũng Chua, P. Ghềnh Ráng, Quy Nhơn, Bình Định"
Voucher Soybean Chicken tại Lotteria,Lotteria,"178 Y Jut, Thắng Lợi, Buôn Ma Thuột, Đắk Lắk"
Voucher Soybean Chicken tại Lotteria,Lotteria,"73 Thống Nhất, Nha Trang, Khánh Hòa"
Voucher Soybean Chicken tại Lotteria,Lotteria,"CTXD số SB.D-70, Dự án Công viên văn hóa Vinwonders Nha Trang, Đảo Hòn Tre, P. Vĩnh Nguyên, Nha Trang, Khánh Hòa"
Voucher Soybean Chicken tại Lotteria,Lotteria,"Lô 04, đường 19/5, KĐT Vĩnh Điềm Trung, xã Vĩnh Hiệp, Nha Trang, Khánh Hòa"
Voucher Soybean Chicken tại Lotteria,Lotteria,"2038 Hùng Vương, P. Cam Lộc, Cam Ranh, Khánh Hòa"
Voucher Soybean Chicken tại Lotteria,Lotteria,"2+2/1 Nguyễn Đình Chiểu, P. Vĩnh Phước, Nha Trang, Khánh Hòa"
Voucher Soybean Chicken tại Lotteria,Lotteria,"133 Bà Triệu, P. Thắng Lợi, Kon Tum, Kon Tum"
Voucher Soybean Chicken tại Lotteria,Lotteria,"285 Bùi Thị Xuân, P. 8, Đà Lạt, Lâm Đồng"
Voucher Soybean Chicken tại Lotteria,Lotteria,"Tầng trệt, Tháp nước, Trần Phú, P. 2, Bảo Lộc, Lâm Đồng"
Voucher Soybean Chicken tại Lotteria,Lotteria,"01 Nguyễn Thị Minh Khai, P. 01, Đà Lạt, Lâm Đồng"
Voucher Soybean Chicken tại Lotteria,Lotteria,"Quảng Trường Lâm Viên, góc đường Hồ Tùng Mậu - Trần Quốc Thảo, P. 10, Đà Lạt, Lâm Đồng"
Voucher Soybean Chicken tại Lotteria,Lotteria,"62 Thủ Khoa Huân, KP. 1, P. Bình Hưng, Phan Thiết, Bình Thuận"
Voucher Soybean Chicken tại Lotteria,Lotteria,"KDC Hùng Vương 1, P. Phú Thủy, Phan Thiết, Bình Thuận"
Voucher Soybean Chicken tại Lotteria,Lotteria,"1A Nguyễn Tất Thành, P. Bình Hưng, Phan Thiết, Bình Thuận"
Voucher Soybean Chicken tại Lotteria,Lotteria,"Quốc Lộ 51, KP 1, P. Long Bình Tân, Biên Hòa, Đồng Nai"
Voucher Soybean Chicken tại Lotteria,Lotteria,"Siêu Thị Hoàng Đức Gia Kiệm - 166 ấp Bạch Lâm 1, xã Gia Tân 2, Huyện Thống Nhất, Đồng Nai"
Voucher Soybean Chicken tại Lotteria,Lotteria,"03 Phan Chu Trinh, P. Quang Vinh, Biên Hòa, Đồng Nai"
Voucher Soybean Chicken tại Lotteria,Lotteria,"F230-F231 Võ Thị Sáu, Phường Thống Nhất, Biên Hòa, Đồng Nai"
Voucher Soybean Chicken tại Lotteria,Lotteria,"Lô B-03, KTM Amata, Quốc lộ 1A, P. Long Bình, Biên Hòa, Đồng Nai"
Voucher Soybean Chicken tại Lotteria,Lotteria,"198 Hùng Vương, P. Xuân Bình, Thị xã Long Khánh, Đồng Nai"
Voucher Soybean Chicken tại Lotteria,Lotteria,"TTTM Chợ Thanh Hà, Trần Phú, P. Phủ Hòa, Phan Rang - Tháp Chàm, Ninh Thuận"
Voucher Soybean Chicken tại Lotteria,Lotteria,"555B đại lộ Bình Dương, P. Hiệp Bình, Thị xã Thủ Dầu Một, Bình Dương"
Voucher Soybean Chicken tại Lotteria,Lotteria,"TTTM Green Square, P. Đông Hòa, Thị xã Dĩ An, Bình Dương"
Voucher Soybean Chicken tại Lotteria,Lotteria,"231 Yersin, P. Hiệp Thành, Thị xã Thủ Dầu Một, Bình Dương"
Voucher Soybean Chicken tại Lotteria,Lotteria,"KĐT The Seasons Bình Dương, P. Lái Thiêu, Thị xã Thuận An, Bình Dương"
Voucher Soybean Chicken tại Lotteria,Lotteria,"368 đường 30/4 P. Chánh Nghĩa, Thị xã Thủ Dầu Một, Bình Dương"
Voucher Soybean Chicken tại Lotteria,Lotteria,"01 Trần Hưng Đạo, P. Phú Cường, Thị xã Thủ Dầu Một, Bình Dương"
Voucher Soybean Chicken tại Lotteria,Lotteria,"TTMS Aeon - Bình Dương Canary, 1 Đại Lộ Bình Dương, KP. Bình Giao, P. Thuận Giao, Thị xã Thuận An, Bình Dương"
Voucher Soybean Chicken tại Lotteria,Lotteria,"576 Cách Mạng Tháng Tám, Phường 3, Tây Ninh"
Voucher Soybean Chicken tại Lotteria,Lotteria,"Tầng trệt, KP. Lộc An, Thị trấn Trảng Bàng, Huyện Trảng Bàng, Tây Ninh"
Voucher Soybean Chicken tại Lotteria,Lotteria,"09 Hạ Long, P. 2, Vũng Tàu, Bà Rịa - Vũng Tàu"
Voucher Soybean Chicken tại Lotteria,Lotteria,"227 Nam Kỳ Khởi Nghĩa - 378 Lê Hồng Phong, P. 03, Vũng Tàu, Bà Rịa - Vũng Tàu"
Voucher Soybean Chicken tại Lotteria,Lotteria,"Tầng 1, Góc đường 3/2 - Thi Sách, P. 8, Vũng Tàu, Bà Rịa - Vũng Tàu"
Voucher Soybean Chicken tại Lotteria,Lotteria,"Shop GF-01, Ấp Thanh Ba, Xã Mỹ Lộc, Thị trấn Cần Giuộc, Huyện Cần Giuộc, Long An"
Voucher Soybean Chicken tại Lotteria,Lotteria,"15 Trương Định - 11 Phan Đình Phùng, KP. 01, P. 1, Thị xã Gò Công, Tiền Giang"
Voucher Soybean Chicken tại Lotteria,Lotteria,"545 Lê Văn Phẩm, P. 5, Mỹ Tho, Tiền Giang"
Voucher Soybean Chicken tại Lotteria,Lotteria,"34 Ngô Quyền, P. 1, Mỹ Tho, Tiền Giang"
Voucher Soybean Chicken tại Lotteria,Lotteria,"Go Mart Trà Vinh, Đường Võ Nguyên Giáp, P. 7, Trà Vinh"
Voucher Soybean Chicken tại Lotteria,Lotteria,"Tầng trệt, Nguyễn Sinh Sắc, khóm 2, P. 2, Sa Đéc, Đồng Tháp"
Voucher Soybean Chicken tại Lotteria,Lotteria,"65 Nguyễn Huệ, P. 01, Cao Lãnh, Đồng Tháp"
Voucher Soybean Chicken tại Lotteria,Lotteria,"01 Ngô Thời Nhậm, P. 1, Cao Lãnh, Đồng Tháp"
Voucher Soybean Chicken tại Lotteria,Lotteria,"92 Nguyễn Trãi, P. Mỹ Long, Long Xuyên, An Giang"
Voucher Soybean Chicken tại Lotteria,Lotteria,"29 Trần Hưng Đạo, P. 5, Cà Mau, Cà Mau"
Voucher Cheese Chicken Rice Set tại Lotteria,Lotteria,"Ngã 3 Đào Duy Anh - Kim Liên - Phạm Ngọc Thạch, Quận Đống Đa, Hà Nội"
Voucher Cheese Chicken Rice Set tại Lotteria,Lotteria,"Phạm Văn Đồng, P. Cổ Nhuế 1, Quận Bắc Từ Liêm, Hà Nội"
Voucher Cheese Chicken Rice Set tại Lotteria,Lotteria,"Toà nhà Mandarin Garden 2, Số 493 Tân Mai, P. Tân Mai, Quận Hoàng Mai, Hà Nội"
Voucher Cheese Chicken Rice Set tại Lotteria,Lotteria,"64 BT X2, khu đô thị Bắc Linh Đàm, Quận Hoàng Mai, Hà Nội"
Voucher Cheese Chicken Rice Set tại Lotteria,Lotteria,"201 Khâm Thiên, Quận Đống Đa, Hà Nội"
Voucher Cheese Chicken Rice Set tại Lotteria,Lotteria,"154 Bà Triệu, Nguyễn Du, Quận Hai Bà Trưng, Hà Nội"
Voucher Cheese Chicken Rice Set tại Lotteria,Lotteria,"152 Thái Thịnh, Láng Hạ, Quận Đống Đa, Hà Nội"
Voucher Cheese Chicken Rice Set tại Lotteria,Lotteria,"TTTM EBEST xã Minh Khai, Quận Từ Liêm, Hà Nội"
Voucher Cheese Chicken Rice Set tại Lotteria,Lotteria,"Tầng 1, Aeon Mall Long Biên, Cổ Linh, Quận Long Biên, Hà Nội"
Voucher Cheese Chicken Rice Set tại Lotteria,Lotteria,"Tầng 1C2 Nguyễn Cơ Thạch, KĐT Mỹ Đình, Quận Từ Liêm, Hà Nội"
Voucher Cheese Chicken Rice Set tại Lotteria,Lotteria,"138 Lê Thanh Nghị, P. Bách Khoa, Quận Hai Bà Trưng, Hà Nội"
Voucher Cheese Chicken Rice Set tại Lotteria,Lotteria,"7-9 Đinh Tiên Hoàng, P. Hàng Bạc, Quận Hoàn Kiếm, Hà Nội"
Voucher Cheese Chicken Rice Set tại Lotteria,Lotteria,"01 Núi Trúc, P.Kim Mã, Quận Ba Đình, Hà Nội"
Voucher Cheese Chicken Rice Set tại Lotteria,Lotteria,"298 Cầu Giấy, P. Quan Hoa, Quận Cầu Giấy, Hà Nội"
Voucher Cheese Chicken Rice Set tại Lotteria,Lotteria,"391 Hoàng Quốc Việt, P. Nghĩa Tân, Quận Cầu giấy, Hà Nội"
Voucher Cheese Chicken Rice Set tại Lotteria,Lotteria,"66 Lò Đúc, P. Phạm Đình Hổ, Quận Hai Bà Trưng, Hà Nội"
Voucher Cheese Chicken Rice Set tại Lotteria,Lotteria,"Tầng 4 , Ô số 430+431, Lotte Mall, Ngõ 683 Lạc Long Quân, P. Phú Thượng, Quận Tây Hồ, Hà Nội"
Voucher Cheese Chicken Rice Set tại Lotteria,Lotteria,"203 Nguyễn Thị Minh Khai, P. Minh Khai, Quận Hai Bà Trưng, Hà Nội"
Voucher Cheese Chicken Rice Set tại Lotteria,Lotteria,"Tầng 1 Mễ Trì, P. Mễ Trì, Quận Từ Liêm, Hà Nội"
Voucher Cheese Chicken Rice Set tại Lotteria,Lotteria,"TTTM Savico Nguyễn Văn Linh, Quận Long Biên, Hà Nội"
Voucher Cheese Chicken Rice Set tại Lotteria,Lotteria,"2A Trần Vũ, P. Quán Thánh, Quận Ba Đình, Hà Nội"
Voucher Cheese Chicken Rice Set tại Lotteria,Lotteria,"Km 10 Nguyễn Trãi, P. Mỗ Lao, Quận Hà Đông, Hà Nội"
Voucher Cheese Chicken Rice Set tại Lotteria,Lotteria,"Ngã 3 Yên Xá, Tân Triều, Quận Hà Đông, Hà Nội"
Voucher Cheese Chicken Rice Set tại Lotteria,Lotteria,"103DN11 Nguyễn Khánh Toàn, P. Quan Hoa, Quận Cầu Giấy, Hà Nội"
Voucher Cheese Chicken Rice Set tại Lotteria,Lotteria,"54 Liễu Giai, P. Cống Vị, Quận Ba Đình, Hà Nội"
Voucher Cheese Chicken Rice Set tại Lotteria,Lotteria,"445a Lạc Long Quân, Phường Xuân La, Quận Tây Hồ, Hà Nội"
Voucher Cheese Chicken Rice Set tại Lotteria,Lotteria,"Tầng 1 Citimart Hà Đông, CT 7A-CT7B KĐTM Văn Quán, P. Phúc La, Quận Hà Đông, Hà Nội"
Voucher Cheese Chicken Rice Set tại Lotteria,Lotteria,"63 Huỳnh Thúc Kháng, P. Láng Hạ, Quận Đống Đa, Hà Nội"
Voucher Cheese Chicken Rice Set tại Lotteria,Lotteria,"SH20.21 Tòa S1.05 Vinhomes Ocean Park, xã Đa Tốn, Huyện Gia Lâm, Hà Nội"
Voucher Cheese Chicken Rice Set tại Lotteria,Lotteria,"TTTM Aeon Mall, P. Dương Nội, Quận Hà Đông, Hà Nội"
Voucher Cheese Chicken Rice Set tại Lotteria,Lotteria,"34 Hoàng Cầu, P. Ô Chợ Dừa, Quận Đống Đa, Hà Nội"
Voucher Cheese Chicken Rice Set tại Lotteria,Lotteria,"Lô D5, KĐTM Cầu Giấy, P. Dịch Vọng, Quận Cầu Giấy, Hà Nội"
Voucher Cheese Chicken Rice Set tại Lotteria,Lotteria,"437 Bạch Mai, P. Trương Định, Quận Hai Bà Trưng, Hà Nội"
Voucher Cheese Chicken Rice Set tại Lotteria,Lotteria,"Tầng 2 Big C Thăng Long, 222 Trần Duy Hưng, P. Trung Hòa, Quận Cầu Giấy, Hà Nội"
Voucher Cheese Chicken Rice Set tại Lotteria,Lotteria,"23 Hàng Thanh, P. Nguyễn Trung Trực, Quận Ba Đình, Hà Nội"
Voucher Cheese Chicken Rice Set tại Lotteria,Lotteria,"Tầng 1 Tòa A8, An Bình City, 232 Phạm Văn Đồng, Quận Bắc Từ Liêm, Hà Nội"
Voucher Cheese Chicken Rice Set tại Lotteria,Lotteria,"72A Nguyễn Trãi, Quận Thanh Xuân, Hà Nội"
Voucher Cheese Chicken Rice Set tại Lotteria,Lotteria,"210-212 Nguyễn Văn Cừ, P. Ngọc Lâm, Quận Long Biên, Hà Nội"
Voucher Cheese Chicken Rice Set tại Lotteria,Lotteria,"Tòa Horizon city, 87 Lĩnh Nam, P. Mai Động, Quận Hoàng Mai, Hà Nội"
Voucher Cheese Chicken Rice Set tại Lotteria,Lotteria,"112 Trần Duy Hưng, P. Trung Hòa, Quận Cầu Giấy, Hà Nội"
Voucher Cheese Chicken Rice Set tại Lotteria,Lotteria,"Tầng hầm B1 Times City, 458 Minh Khai, P. Vĩnh Tuy, Quận Hai Bà Trưng, Hà Nội"
Voucher Cheese Chicken Rice Set tại Lotteria,Lotteria,"Tầng 1 CT 4A.B KĐT Xa La, xã Phúc La, Quận Hà Đông, Hà Nội"
Voucher Cheese Chicken Rice Set tại Lotteria,Lotteria,"TTTM Mê Linh, Tô Hiệu, Quận Hà Đông, Hà Nội"
Voucher Cheese Chicken Rice Set tại Lotteria,Lotteria,"Tầng 1 tòa nhà Housing, 299 Trung Kính, Trung Hòa, Quận Cầu Giấy, Hà Nội"
Voucher Cheese Chicken Rice Set tại Lotteria,Lotteria,"TTTM Mua Sắm Aeon - Tân Phú Celadon, 30 Bờ Bao Tân Thắng, P. Sơn Kỳ, Quận Tân Phú, Hồ Chí Minh"
Voucher Cheese Chicken Rice Set tại Lotteria,Lotteria,"Tầng 1, 18 Phan Văn Trị, P. 10, Quận Gò Vấp, Hồ Chí Minh"
Voucher Cheese Chicken Rice Set tại Lotteria,Lotteria,"211 - 213 Bình Phú, P. 11, Quận 6, Hồ Chí Minh"
Voucher Cheese Chicken Rice Set tại Lotteria,Lotteria,"445 Bạch Đằng, P. 12, Quận Bình Thạnh, Hồ Chí Minh"
Voucher Cheese Chicken Rice Set tại Lotteria,Lotteria,"Khu B, KĐT mới An Phú - An Khánh, P. An Phú, Quận 2, Hồ Chí Minh"
Voucher Cheese Chicken Rice Set tại Lotteria,Lotteria,"572A Ba Tháng Hai, P. 14, Quận 10, Hồ Chí Minh"
Voucher Cheese Chicken Rice Set tại Lotteria,Lotteria,"95A Trần Hưng Đạo, P. Cầu Ông Lãnh, Quận 1, Hồ Chí Minh"
Voucher Cheese Chicken Rice Set tại Lotteria,Lotteria,"Tầng 5, 101 Tôn Dật Tiên, P. Tân Phú, Quận 7, Hồ Chí Minh"
Voucher Cheese Chicken Rice Set tại Lotteria,Lotteria,"66 Mạc Cửu-67 Vạn Kiếp, P. 13, Quận 5, Hồ Chí Minh"
Voucher Cheese Chicken Rice Set tại Lotteria,Lotteria,"11 Sư Phạn Vạn Hạnh, P. 12, Quận 10, Hồ Chí Minh"
Voucher Cheese Chicken Rice Set tại Lotteria,Lotteria,"33 Nguyễn Văn Nghi, P. 4, Quận Gò Vấp, Hồ Chí Minh"
Voucher Cheese Chicken Rice Set tại Lotteria,Lotteria,"158 - 160 Lê Bình, P. 4, Quận Tân Bình, Hồ Chí Minh"
Voucher Cheese Chicken Rice Set tại Lotteria,Lotteria,"111 Dương Bá Trạc, P. 1, Quận 8, Hồ Chí Minh"
Voucher Cheese Chicken Rice Set tại Lotteria,Lotteria,"357 Quốc lộ 22, ấp Thượng, xã Tân Thông Hội, Huyện Củ Chi, Hồ Chí Minh"
Voucher Cheese Chicken Rice Set tại Lotteria,Lotteria,"P5 _SH.02 Tòa Park 5 Vinhomes Central, 20A Điện Biên Phủ, Phường 22, Quận Bình Thạnh, Hồ Chí Minh"
Voucher Cheese Chicken Rice Set tại Lotteria,Lotteria,"469 Nguyễn Hữu Thọ, P. Tân Hưng, Quận 7, Hồ Chí Minh"
Voucher Cheese Chicken Rice Set tại Lotteria,Lotteria,"S6.0301.S04 & S6.0301.S03 Origami Vinhomes Grand Park, Quận 9, Hồ Chí Minh"
Voucher Cheese Chicken Rice Set tại Lotteria,Lotteria,"292 Đinh Bộ Lĩnh, P. 26, Quận Bình Thạnh, Hồ Chí Minh"
Voucher Cheese Chicken Rice Set tại Lotteria,Lotteria,"Số 2 Song Hành (gần Cầu Đen), P. An Phú, Quận 2, Hồ Chí Minh"
Voucher Cheese Chicken Rice Set tại Lotteria,Lotteria,"Coopmart Tuy Lý Vương, 40 - 54 Tuy Lý Vương, P. 13, Quận 8, Hồ Chí Minh"
Voucher Cheese Chicken Rice Set tại Lotteria,Lotteria,"801 Hồng Bàng, P. 9, Quận 6, Hồ Chí Minh"
Voucher Cheese Chicken Rice Set tại Lotteria,Lotteria,"573 Huỳnh Tấn Phát, P. Tân Thuận Đông, Quận 7, Hồ Chí Minh"
Voucher Cheese Chicken Rice Set tại Lotteria,Lotteria,"11-11 Bis Nguyễn Thị Minh Khai, P. Bến Nghé, Quận 1, Hồ Chí Minh"
Voucher Cheese Chicken Rice Set tại Lotteria,Lotteria,"303 Trần Hưng Đạo, P. Nguyễn Cư Trinh, Quận 1, Hồ Chí Minh"
Voucher Cheese Chicken Rice Set tại Lotteria,Lotteria,"1397 Nguyễn Văn Linh, KP Mỹ Khánh 2-H4-2, P. Tân Phong, Quận 7, Hồ Chí Minh"
Voucher Cheese Chicken Rice Set tại Lotteria,Lotteria,"380 Thoại Ngọc Hầu, P. Phú Thạnh, Quận Tân Phú, Hồ Chí Minh"
Voucher Cheese Chicken Rice Set tại Lotteria,Lotteria,"70 - 72 Bàu Cát, P. 14, Quận Tân Bình, Hồ Chí Minh"
Voucher Cheese Chicken Rice Set tại Lotteria,Lotteria,"02 Ngô Gia Tự - 145 Lý Thái Tổ, P. 9, Quận 10, Hồ Chí Minh"
Voucher Cheese Chicken Rice Set tại Lotteria,Lotteria,"159/6 - 160/1 ấp Trung Chánh, xã Tân Xuân, Huyện Hóc Môn, Hồ Chí Minh"
Voucher Cheese Chicken Rice Set tại Lotteria,Lotteria,"250B Lý Chính Thắng, P. 9, Quận 3, Hồ Chí Minh"
Voucher Cheese Chicken Rice Set tại Lotteria,Lotteria,"Pico Plaza, 20 Cộng Hòa, P. 12, Quận Tân Bình, Hồ Chí Minh"
Voucher Cheese Chicken Rice Set tại Lotteria,Lotteria,"10 Võ Văn Ngân, P. Trường Thọ, Quận Thủ Đức, Hồ Chí Minh"
Voucher Cheese Chicken Rice Set tại Lotteria,Lotteria,"68 Lê Văn Việt, Tổ 11, KP. 2, P. Hiệp Phú, Quận 9, Hồ Chí Minh"
Voucher Cheese Chicken Rice Set tại Lotteria,Lotteria,"102 Lê Quốc Hưng, P. 12, Quận 4, Hồ Chí Minh"
Voucher Cheese Chicken Rice Set tại Lotteria,Lotteria,"1271 Tỉnh lộ 10, KP. 9, P. Tân Tạo, Quận Bình Tân, Hồ Chí Minh"
Voucher Cheese Chicken Rice Set tại Lotteria,Lotteria,"52 Hậu Giang, P. 06, Quận 6, Hồ Chí Minh"
Voucher Cheese Chicken Rice Set tại Lotteria,Lotteria,"220/151/3B - 222 Xô Viết Nghệ Tĩnh, P. 21, Quận Bình Thạnh, Hồ Chí Minh"
Voucher Cheese Chicken Rice Set tại Lotteria,Lotteria,"309 - 311 Vành Đai Trong, P. Bình Trị Đông B, Quận Bình Tân, Hồ Chí Minh"
Voucher Cheese Chicken Rice Set tại Lotteria,Lotteria,"09 Quang Trung, P. 11, Quận Gò Vấp, Hồ Chí Minh"
Voucher Cheese Chicken Rice Set tại Lotteria,Lotteria,"251 Phan Xích Long, KDC Rạch Miễu P. 7, Quận Phú Nhuận, Hồ Chí Minh"
Voucher Cheese Chicken Rice Set tại Lotteria,Lotteria,"01 Nguyễn Thông, P. 9, Quận 3, Hồ Chí Minh"
Voucher Cheese Chicken Rice Set tại Lotteria,Lotteria,"175 H òa Bình, P. Hiệp Tân, Quận Tân Phú, Hồ Chí Minh"
Voucher Cheese Chicken Rice Set tại Lotteria,Lotteria,"TTTM Big C City Land, Lô A, KDC City Land, Số 99 Nguyễn Thị Thập, Quận 7, Hồ Chí Minh"
Voucher Cheese Chicken Rice Set tại Lotteria,Lotteria,"968 Ba Tháng Hai, P. 15, Quận 11, Hồ Chí Minh"
Voucher Cheese Chicken Rice Set tại Lotteria,Lotteria,"175 (số cũ 19/35) Độc Lập, P. Tân Quý, Quận Tân Phú, Hồ Chí Minh"
Voucher Cheese Chicken Rice Set tại Lotteria,Lotteria,"114 Trần Hưng Đạo, P. 7, Quận 5, Hồ Chí Minh"
Voucher Cheese Chicken Rice Set tại Lotteria,Lotteria,"307A (số cũ 155A) Tô Hiến Thành, P. 13, Quận 10, Hồ Chí Minh"
Voucher Cheese Chicken Rice Set tại Lotteria,Lotteria,"604 - 606 Điện Biên Phủ, P. 22, Quận Bình Thạnh, Hồ Chí Minh"
Voucher Cheese Chicken Rice Set tại Lotteria,Lotteria,"72 Ngô Tất Tố, Phường 19, Quận Bình Thạnh, Hồ Chí Minh"
Voucher Cheese Chicken Rice Set tại Lotteria,Lotteria,"283 Võ Văn Ngân, P. Linh Chiểu, Quận Thủ Đức, Hồ Chí Minh"
Voucher Cheese Chicken Rice Set tại Lotteria,Lotteria,"187 Xuân Hồng, Phường 12, Quận Tân Bình, Hồ Chí Minh"
Voucher Cheese Chicken Rice Set tại Lotteria,Lotteria,"346B Lê Quang Định, P. 11, Quận Bình Thạnh, Hồ Chí Minh"
Voucher Cheese Chicken Rice Set tại Lotteria,Lotteria,"120 Nguyễn Thị Minh Khai, P. Hải Châu 1, Quận Hải Châu, Đà Nẵng"
Voucher Cheese Chicken Rice Set tại Lotteria,Lotteria,"568 Trưng Nữ Vương, P. Hòa Thuận Tây, Quận Hải Châu, Đà Nẵng"
Voucher Cheese Chicken Rice Set tại Lotteria,Lotteria,"92A Phan Chu Trinh, Quận Hải Châu, Đà Nẵng"
Voucher Cheese Chicken Rice Set tại Lotteria,Lotteria,"Trần Nhân Tông, Bình Than, Quận Sơn Trà, Đà Nẵng"
Voucher Cheese Chicken Rice Set tại Lotteria,Lotteria,"TTTM khu Quy hoạch Bà Triệu - Hùng Vương, P. Phú Hội, Thừa Thiên Huế, Thành Phố Huế, Thừa Thiên Huế"
Voucher Cheese Chicken Rice Set tại Lotteria,Lotteria,"06 Trần Hưng Đạo, P. Phú Hòa, Thừa Thiên Huế, Thành Phố Huế, Thừa Thiên Huế"
Voucher Cheese Chicken Rice Set tại Lotteria,Lotteria,"T308, Tầng 3 Trung tâm thương mại Aeon Mall Huế, Số 8 đường Võ Nguyên Giáp, Phường An Đông, Huế, Thừa Thiên Huế"
Voucher Cheese Chicken Rice Set tại Lotteria,Lotteria,"207C Lạch Tray, Quận Ngô Quyền, Hải Phòng"
Voucher Cheese Chicken Rice Set tại Lotteria,Lotteria,"88 Trần Phú, Quận Ngô Quyền, Hải Phòng"
Voucher Cheese Chicken Rice Set tại Lotteria,Lotteria,"317 Trần Thành Ngọ, Quận Kiến An, Hải Phòng"
Voucher Cheese Chicken Rice Set tại Lotteria,Lotteria,"Số 2 Phạm Minh Đức, Phường Máy Tơ, Quận Ngô Quyền, Hải Phòng"
Voucher Cheese Chicken Rice Set tại Lotteria,Lotteria,"Lô 1/20 KĐT ngã 5, Sân bay Cát Bi, Quận Ngô Quyền, Hải Phòng"
Voucher Cheese Chicken Rice Set tại Lotteria,Lotteria,"118 - 120 Trần Nguyên Hãn, Quận Lê Trân, Hải Phòng"
Voucher Cheese Chicken Rice Set tại Lotteria,Lotteria,"Lô 1F11, Lottemart, số 84 Mậu Thân, Phường An Hòa, Quận Ninh Kiều, Cần Thơ"
Voucher Cheese Chicken Rice Set tại Lotteria,Lotteria,"Lô 01, KDC Hưng Phú 1, P. Hưng Phú, Quận Cái Răng, Cần Thơ"
Voucher Cheese Chicken Rice Set tại Lotteria,Lotteria,"170 Nguyễn Văn Cừ, P. An Khánh, Quận Ninh Kiều, Cần Thơ"
Voucher Cheese Chicken Rice Set tại Lotteria,Lotteria,"Soiva Plaza Me Linh, Quận Khai Hoang, Vĩnh Yên, Vĩnh Phúc"
Voucher Cheese Chicken Rice Set tại Lotteria,Lotteria,"TTTM Vincom Plaza, Đường Cù Chính Lan, Đồng Tiến, Hoà Bình"
Voucher Cheese Chicken Rice Set tại Lotteria,Lotteria,"Tầng 3, Vincom Bắc Kan, Số 8A Đức Xuân, Bắc Kạn"
Voucher Cheese Chicken Rice Set tại Lotteria,Lotteria,"Ngã 6, Plot 26, Khu 13, P. Kim Tân, Lào Cai, Lào Cai"
Voucher Cheese Chicken Rice Set tại Lotteria,Lotteria,"Đường Cầu Kì Lừa, P. Chi Lăng, Lạng Sơn, Lạng Sơn"
Voucher Cheese Chicken Rice Set tại Lotteria,Lotteria,"Tầng 1 TTTM Big C Bắc Giang, ngã 4 Hùng Vương kéo dài, xã Tân Tiến, Bắc Giang, Bắc Giang"
Voucher Cheese Chicken Rice Set tại Lotteria,Lotteria,"TTTM Big C Việt Trì, Nguyễn Tất Thành, P. Thanh Miếu, Việt Trì, Phú Thọ"
Voucher Cheese Chicken Rice Set tại Lotteria,Lotteria,"Lầu 3, Vincom Sơn La, Trường Chinh, P. Quyết Thắng, Sơn La, Sơn La"
Voucher Cheese Chicken Rice Set tại Lotteria,Lotteria,"TTTM Thiên Trường, Quận Lộc Hòa, Nam Định"
Voucher Cheese Chicken Rice Set tại Lotteria,Lotteria,"02 Hồng Quang, P. Quang Trung, Hải Dương"
Voucher Cheese Chicken Rice Set tại Lotteria,Lotteria,"TTTM Vincom Hạ Long, P. Bạch Đằng, Hạ Long, Quảng Ninh"
Voucher Cheese Chicken Rice Set tại Lotteria,Lotteria,"TTTM Big C, Cột 5, P. Hồng Hải, Hạ Long, Quảng Ninh"
Voucher Cheese Chicken Rice Set tại Lotteria,Lotteria,"160 Lê Thánh Tôn, Hạ Long, Quảng Ninh"
Voucher Cheese Chicken Rice Set tại Lotteria,Lotteria,"02 Trần Khánh Dư, P. Cẩm Đông, Cẩm Phả, Quảng Ninh"
Voucher Cheese Chicken Rice Set tại Lotteria,Lotteria,"Số 342-346 Trần Hưng Đạo, P. Cửa Bắc, Thành phố Nam Định, Nam Định"
Voucher Cheese Chicken Rice Set tại Lotteria,Lotteria,"TTTM Big C Ninh Bình, Trần Nhân Tông, Xã Ninh Phúc, Ninh Bình"
Voucher Cheese Chicken Rice Set tại Lotteria,Lotteria,"TTTM Vincom Plaza Thanh Hóa, Phường Trần Phú, Thanh Hóa"
Voucher Cheese Chicken Rice Set tại Lotteria,Lotteria,"Tầng 1 Big C Thanh Hóa, Xã Đông Hải, Thanh Hóa"
Voucher Cheese Chicken Rice Set tại Lotteria,Lotteria,"TTTM Big C Vinh, 02 Quang Trung, Vinh, Nghệ An"
Voucher Cheese Chicken Rice Set tại Lotteria,Lotteria,"87A Nguyễn Văn Cừ, Khối 2, Phường Trường Thi, Vinh, Nghệ An"
Voucher Cheese Chicken Rice Set tại Lotteria,Lotteria,"Tầng 3-16, Lotte Mart Vinh, 295 đường V.I Lê Ninh, P. Hà Huy Tập, Vinh, Nghệ An"
Voucher Cheese Chicken Rice Set tại Lotteria,Lotteria,"74 Trần Phú, P. Bắc Hà, Hà Tĩnh"
Voucher Cheese Chicken Rice Set tại Lotteria,Lotteria,"Số 1 Hùng Vương, Phường Cẩm Phô, Hội An, Quảng Nam"
Voucher Cheese Chicken Rice Set tại Lotteria,Lotteria,"Cổng Nam TTTM Go! Đường Lý Thường Kiệt, Nghĩa Chánh, Quảng Ngãi"
Voucher Cheese Chicken Rice Set tại Lotteria,Lotteria,"117B Đại lộ Hùng Vương, Trần Hưng Đạo, Quảng Ngãi"
Voucher Cheese Chicken Rice Set tại Lotteria,Lotteria,"01 Phan Bội Châu, P. Hội Thương, Pleiku, Gia Lai"
Voucher Cheese Chicken Rice Set tại Lotteria,Lotteria,"02 - 2A Nguyễn Thái Học, Quy Nhơn, Bình Định"
Voucher Cheese Chicken Rice Set tại Lotteria,Lotteria,"KĐT xanh Vũng Chua, P. Ghềnh Ráng, Quy Nhơn, Bình Định"
Voucher Cheese Chicken Rice Set tại Lotteria,Lotteria,"178 Y Jut, Thắng Lợi, Buôn Ma Thuột, Đắk Lắk"
Voucher Cheese Chicken Rice Set tại Lotteria,Lotteria,"73 Thống Nhất, Nha Trang, Khánh Hòa"
Voucher Cheese Chicken Rice Set tại Lotteria,Lotteria,"CTXD số SB.D-70, Dự án Công viên văn hóa Vinwonders Nha Trang, Đảo Hòn Tre, P. Vĩnh Nguyên, Nha Trang, Khánh Hòa"
Voucher Cheese Chicken Rice Set tại Lotteria,Lotteria,"Lô 04, đường 19/5, KĐT Vĩnh Điềm Trung, xã Vĩnh Hiệp, Nha Trang, Khánh Hòa"
Voucher Cheese Chicken Rice Set tại Lotteria,Lotteria,"2038 Hùng Vương, P. Cam Lộc, Cam Ranh, Khánh Hòa"
Voucher Cheese Chicken Rice Set tại Lotteria,Lotteria,"2+2/1 Nguyễn Đình Chiểu, P. Vĩnh Phước, Nha Trang, Khánh Hòa"
Voucher Cheese Chicken Rice Set tại Lotteria,Lotteria,"133 Bà Triệu, P. Thắng Lợi, Kon Tum, Kon Tum"
Voucher Cheese Chicken Rice Set tại Lotteria,Lotteria,"285 Bùi Thị Xuân, P. 8, Đà Lạt, Lâm Đồng"
Voucher Cheese Chicken Rice Set tại Lotteria,Lotteria,"Tầng trệt, Tháp nước, Trần Phú, P. 2, Bảo Lộc, Lâm Đồng"
Voucher Cheese Chicken Rice Set tại Lotteria,Lotteria,"01 Nguyễn Thị Minh Khai, P. 01, Đà Lạt, Lâm Đồng"
Voucher Cheese Chicken Rice Set tại Lotteria,Lotteria,"Quảng Trường Lâm Viên, góc đường Hồ Tùng Mậu - Trần Quốc Thảo, P. 10, Đà Lạt, Lâm Đồng"
Voucher Cheese Chicken Rice Set tại Lotteria,Lotteria,"62 Thủ Khoa Huân, KP. 1, P. Bình Hưng, Phan Thiết, Bình Thuận"
Voucher Cheese Chicken Rice Set tại Lotteria,Lotteria,"KDC Hùng Vương 1, P. Phú Thủy, Phan Thiết, Bình Thuận"
Voucher Cheese Chicken Rice Set tại Lotteria,Lotteria,"1A Nguyễn Tất Thành, P. Bình Hưng, Phan Thiết, Bình Thuận"
Voucher Cheese Chicken Rice Set tại Lotteria,Lotteria,"Quốc Lộ 51, KP 1, P. Long Bình Tân, Biên Hòa, Đồng Nai"
Voucher Cheese Chicken Rice Set tại Lotteria,Lotteria,"Siêu Thị Hoàng Đức Gia Kiệm - 166 ấp Bạch Lâm 1, xã Gia Tân 2, Huyện Thống Nhất, Đồng Nai"
Voucher Cheese Chicken Rice Set tại Lotteria,Lotteria,"03 Phan Chu Trinh, P. Quang Vinh, Biên Hòa, Đồng Nai"
Voucher Cheese Chicken Rice Set tại Lotteria,Lotteria,"F230-F231 Võ Thị Sáu, Phường Thống Nhất, Biên Hòa, Đồng Nai"
Voucher Cheese Chicken Rice Set tại Lotteria,Lotteria,"Lô B-03, KTM Amata, Quốc lộ 1A, P. Long Bình, Biên Hòa, Đồng Nai"
Voucher Cheese Chicken Rice Set tại Lotteria,Lotteria,"198 Hùng Vương, P. Xuân Bình, Thị xã Long Khánh, Đồng Nai"
Voucher Cheese Chicken Rice Set tại Lotteria,Lotteria,"TTTM Chợ Thanh Hà, Trần Phú, P. Phủ Hòa, Phan Rang - Tháp Chàm, Ninh Thuận"
Voucher Cheese Chicken Rice Set tại Lotteria,Lotteria,"555B đại lộ Bình Dương, P. Hiệp Bình, Thị xã Thủ Dầu Một, Bình Dương"
Voucher Cheese Chicken Rice Set tại Lotteria,Lotteria,"TTTM Green Square, P. Đông Hòa, Thị xã Dĩ An, Bình Dương"
Voucher Cheese Chicken Rice Set tại Lotteria,Lotteria,"231 Yersin, P. Hiệp Thành, Thị xã Thủ Dầu Một, Bình Dương"
Voucher Cheese Chicken Rice Set tại Lotteria,Lotteria,"KĐT The Seasons Bình Dương, P. Lái Thiêu, Thị xã Thuận An, Bình Dương"
Voucher Cheese Chicken Rice Set tại Lotteria,Lotteria,"368 đường 30/4 P. Chánh Nghĩa, Thị xã Thủ Dầu Một, Bình Dương"
Voucher Cheese Chicken Rice Set tại Lotteria,Lotteria,"01 Trần Hưng Đạo, P. Phú Cường, Thị xã Thủ Dầu Một, Bình Dương"
Voucher Cheese Chicken Rice Set tại Lotteria,Lotteria,"TTMS Aeon - Bình Dương Canary, 1 Đại Lộ Bình Dương, KP. Bình Giao, P. Thuận Giao, Thị xã Thuận An, Bình Dương"
Voucher Cheese Chicken Rice Set tại Lotteria,Lotteria,"576 Cách Mạng Tháng Tám, Phường 3, Tây Ninh"
Voucher Cheese Chicken Rice Set tại Lotteria,Lotteria,"Tầng trệt, KP. Lộc An, Thị trấn Trảng Bàng, Huyện Trảng Bàng, Tây Ninh"
Voucher Cheese Chicken Rice Set tại Lotteria,Lotteria,"09 Hạ Long, P. 2, Vũng Tàu, Bà Rịa - Vũng Tàu"
Voucher Cheese Chicken Rice Set tại Lotteria,Lotteria,"227 Nam Kỳ Khởi Nghĩa - 378 Lê Hồng Phong, P. 03, Vũng Tàu, Bà Rịa - Vũng Tàu"
Voucher Cheese Chicken Rice Set tại Lotteria,Lotteria,"Tầng 1, Góc đường 3/2 - Thi Sách, P. 8, Vũng Tàu, Bà Rịa - Vũng Tàu"
Voucher Cheese Chicken Rice Set tại Lotteria,Lotteria,"Shop GF-01, Ấp Thanh Ba, Xã Mỹ Lộc, Thị trấn Cần Giuộc, Huyện Cần Giuộc, Long An"
Voucher Cheese Chicken Rice Set tại Lotteria,Lotteria,"15 Trương Định - 11 Phan Đình Phùng, KP. 01, P. 1, Thị xã Gò Công, Tiền Giang"
Voucher Cheese Chicken Rice Set tại Lotteria,Lotteria,"545 Lê Văn Phẩm, P. 5, Mỹ Tho, Tiền Giang"
Voucher Cheese Chicken Rice Set tại Lotteria,Lotteria,"34 Ngô Quyền, P. 1, Mỹ Tho, Tiền Giang"
Voucher Cheese Chicken Rice Set tại Lotteria,Lotteria,"Go Mart Trà Vinh, Đường Võ Nguyên Giáp, P. 7, Trà Vinh"
Voucher Cheese Chicken Rice Set tại Lotteria,Lotteria,"Tầng trệt, Nguyễn Sinh Sắc, khóm 2, P. 2, Sa Đéc, Đồng Tháp"
Voucher Cheese Chicken Rice Set tại Lotteria,Lotteria,"65 Nguyễn Huệ, P. 01, Cao Lãnh, Đồng Tháp"
Voucher Cheese Chicken Rice Set tại Lotteria,Lotteria,"01 Ngô Thời Nhậm, P. 1, Cao Lãnh, Đồng Tháp"
Voucher Cheese Chicken Rice Set tại Lotteria,Lotteria,"92 Nguyễn Trãi, P. Mỹ Long, Long Xuyên, An Giang"
Voucher Cheese Chicken Rice Set tại Lotteria,Lotteria,"29 Trần Hưng Đạo, P. 5, Cà Mau, Cà Mau"
Voucher Beef Teriyaki Burger tại Lotteria,Lotteria,"Ngã 3 Đào Duy Anh - Kim Liên - Phạm Ngọc Thạch, Quận Đống Đa, Hà Nội"
Voucher Beef Teriyaki Burger tại Lotteria,Lotteria,"Phạm Văn Đồng, P. Cổ Nhuế 1, Quận Bắc Từ Liêm, Hà Nội"
Voucher Beef Teriyaki Burger tại Lotteria,Lotteria,"Toà nhà Mandarin Garden 2, Số 493 Tân Mai, P. Tân Mai, Quận Hoàng Mai, Hà Nội"
Voucher Beef Teriyaki Burger tại Lotteria,Lotteria,"64 BT X2, khu đô thị Bắc Linh Đàm, Quận Hoàng Mai, Hà Nội"
Voucher Beef Teriyaki Burger tại Lotteria,Lotteria,"201 Khâm Thiên, Quận Đống Đa, Hà Nội"
Voucher Beef Teriyaki Burger tại Lotteria,Lotteria,"154 Bà Triệu, Nguyễn Du, Quận Hai Bà Trưng, Hà Nội"
Voucher Beef Teriyaki Burger tại Lotteria,Lotteria,"152 Thái Thịnh, Láng Hạ, Quận Đống Đa, Hà Nội"
Voucher Beef Teriyaki Burger tại Lotteria,Lotteria,"TTTM EBEST xã Minh Khai, Quận Từ Liêm, Hà Nội"
Voucher Beef Teriyaki Burger tại Lotteria,Lotteria,"Tầng 1, Aeon Mall Long Biên, Cổ Linh, Quận Long Biên, Hà Nội"
Voucher Beef Teriyaki Burger tại Lotteria,Lotteria,"Tầng 1C2 Nguyễn Cơ Thạch, KĐT Mỹ Đình, Quận Từ Liêm, Hà Nội"
Voucher Beef Teriyaki Burger tại Lotteria,Lotteria,"138 Lê Thanh Nghị, P. Bách Khoa, Quận Hai Bà Trưng, Hà Nội"
Voucher Beef Teriyaki Burger tại Lotteria,Lotteria,"7-9 Đinh Tiên Hoàng, P. Hàng Bạc, Quận Hoàn Kiếm, Hà Nội"
Voucher Beef Teriyaki Burger tại Lotteria,Lotteria,"01 Núi Trúc, P.Kim Mã, Quận Ba Đình, Hà Nội"
Voucher Beef Teriyaki Burger tại Lotteria,Lotteria,"298 Cầu Giấy, P. Quan Hoa, Quận Cầu Giấy, Hà Nội"
Voucher Beef Teriyaki Burger tại Lotteria,Lotteria,"391 Hoàng Quốc Việt, P. Nghĩa Tân, Quận Cầu giấy, Hà Nội"
Voucher Beef Teriyaki Burger tại Lotteria,Lotteria,"66 Lò Đúc, P. Phạm Đình Hổ, Quận Hai Bà Trưng, Hà Nội"
Voucher Beef Teriyaki Burger tại Lotteria,Lotteria,"Tầng 4 , Ô số 430+431, Lotte Mall, Ngõ 683 Lạc Long Quân, P. Phú Thượng, Quận Tây Hồ, Hà Nội"
Voucher Beef Teriyaki Burger tại Lotteria,Lotteria,"203 Nguyễn Thị Minh Khai, P. Minh Khai, Quận Hai Bà Trưng, Hà Nội"
Voucher Beef Teriyaki Burger tại Lotteria,Lotteria,"Tầng 1 Mễ Trì, P. Mễ Trì, Quận Từ Liêm, Hà Nội"
Voucher Beef Teriyaki Burger tại Lotteria,Lotteria,"TTTM Savico Nguyễn Văn Linh, Quận Long Biên, Hà Nội"
Voucher Beef Teriyaki Burger tại Lotteria,Lotteria,"2A Trần Vũ, P. Quán Thánh, Quận Ba Đình, Hà Nội"
Voucher Beef Teriyaki Burger tại Lotteria,Lotteria,"Km 10 Nguyễn Trãi, P. Mỗ Lao, Quận Hà Đông, Hà Nội"
Voucher Beef Teriyaki Burger tại Lotteria,Lotteria,"Ngã 3 Yên Xá, Tân Triều, Quận Hà Đông, Hà Nội"
Voucher Beef Teriyaki Burger tại Lotteria,Lotteria,"103DN11 Nguyễn Khánh Toàn, P. Quan Hoa, Quận Cầu Giấy, Hà Nội"
Voucher Beef Teriyaki Burger tại Lotteria,Lotteria,"54 Liễu Giai, P. Cống Vị, Quận Ba Đình, Hà Nội"
Voucher Beef Teriyaki Burger tại Lotteria,Lotteria,"445a Lạc Long Quân, Phường Xuân La, Quận Tây Hồ, Hà Nội"
Voucher Beef Teriyaki Burger tại Lotteria,Lotteria,"Tầng 1 Citimart Hà Đông, CT 7A-CT7B KĐTM Văn Quán, P. Phúc La, Quận Hà Đông, Hà Nội"
Voucher Beef Teriyaki Burger tại Lotteria,Lotteria,"63 Huỳnh Thúc Kháng, P. Láng Hạ, Quận Đống Đa, Hà Nội"
Voucher Beef Teriyaki Burger tại Lotteria,Lotteria,"SH20.21 Tòa S1.05 Vinhomes Ocean Park, xã Đa Tốn, Huyện Gia Lâm, Hà Nội"
Voucher Beef Teriyaki Burger tại Lotteria,Lotteria,"TTTM Aeon Mall, P. Dương Nội, Quận Hà Đông, Hà Nội"
Voucher Beef Teriyaki Burger tại Lotteria,Lotteria,"34 Hoàng Cầu, P. Ô Chợ Dừa, Quận Đống Đa, Hà Nội"
Voucher Beef Teriyaki Burger tại Lotteria,Lotteria,"Lô D5, KĐTM Cầu Giấy, P. Dịch Vọng, Quận Cầu Giấy, Hà Nội"
Voucher Beef Teriyaki Burger tại Lotteria,Lotteria,"437 Bạch Mai, P. Trương Định, Quận Hai Bà Trưng, Hà Nội"
Voucher Beef Teriyaki Burger tại Lotteria,Lotteria,"Tầng 2 Big C Thăng Long, 222 Trần Duy Hưng, P. Trung Hòa, Quận Cầu Giấy, Hà Nội"
Voucher Beef Teriyaki Burger tại Lotteria,Lotteria,"23 Hàng Thanh, P. Nguyễn Trung Trực, Quận Ba Đình, Hà Nội"
Voucher Beef Teriyaki Burger tại Lotteria,Lotteria,"Tầng 1 Tòa A8, An Bình City, 232 Phạm Văn Đồng, Quận Bắc Từ Liêm, Hà Nội"
Voucher Beef Teriyaki Burger tại Lotteria,Lotteria,"72A Nguyễn Trãi, Quận Thanh Xuân, Hà Nội"
Voucher Beef Teriyaki Burger tại Lotteria,Lotteria,"210-212 Nguyễn Văn Cừ, P. Ngọc Lâm, Quận Long Biên, Hà Nội"
Voucher Beef Teriyaki Burger tại Lotteria,Lotteria,"Tòa Horizon city, 87 Lĩnh Nam, P. Mai Động, Quận Hoàng Mai, Hà Nội"
Voucher Beef Teriyaki Burger tại Lotteria,Lotteria,"112 Trần Duy Hưng, P. Trung Hòa, Quận Cầu Giấy, Hà Nội"
Voucher Beef Teriyaki Burger tại Lotteria,Lotteria,"Tầng hầm B1 Times City, 458 Minh Khai, P. Vĩnh Tuy, Quận Hai Bà Trưng, Hà Nội"
Voucher Beef Teriyaki Burger tại Lotteria,Lotteria,"Tầng 1 CT 4A.B KĐT Xa La, xã Phúc La, Quận Hà Đông, Hà Nội"
Voucher Beef Teriyaki Burger tại Lotteria,Lotteria,"TTTM Mê Linh, Tô Hiệu, Quận Hà Đông, Hà Nội"
Voucher Beef Teriyaki Burger tại Lotteria,Lotteria,"Tầng 1 tòa nhà Housing, 299 Trung Kính, Trung Hòa, Quận Cầu Giấy, Hà Nội"
Voucher Beef Teriyaki Burger tại Lotteria,Lotteria,"TTTM Mua Sắm Aeon - Tân Phú Celadon, 30 Bờ Bao Tân Thắng, P. Sơn Kỳ, Quận Tân Phú, Hồ Chí Minh"
Voucher Beef Teriyaki Burger tại Lotteria,Lotteria,"Tầng 1, 18 Phan Văn Trị, P. 10, Quận Gò Vấp, Hồ Chí Minh"
Voucher Beef Teriyaki Burger tại Lotteria,Lotteria,"211 - 213 Bình Phú, P. 11, Quận 6, Hồ Chí Minh"
Voucher Beef Teriyaki Burger tại Lotteria,Lotteria,"445 Bạch Đằng, P. 12, Quận Bình Thạnh, Hồ Chí Minh"
Voucher Beef Teriyaki Burger tại Lotteria,Lotteria,"Khu B, KĐT mới An Phú - An Khánh, P. An Phú, Quận 2, Hồ Chí Minh"
Voucher Beef Teriyaki Burger tại Lotteria,Lotteria,"572A Ba Tháng Hai, P. 14, Quận 10, Hồ Chí Minh"
Voucher Beef Teriyaki Burger tại Lotteria,Lotteria,"95A Trần Hưng Đạo, P. Cầu Ông Lãnh, Quận 1, Hồ Chí Minh"
Voucher Beef Teriyaki Burger tại Lotteria,Lotteria,"Tầng 5, 101 Tôn Dật Tiên, P. Tân Phú, Quận 7, Hồ Chí Minh"
Voucher Beef Teriyaki Burger tại Lotteria,Lotteria,"66 Mạc Cửu-67 Vạn Kiếp, P. 13, Quận 5, Hồ Chí Minh"
Voucher Beef Teriyaki Burger tại Lotteria,Lotteria,"11 Sư Phạn Vạn Hạnh, P. 12, Quận 10, Hồ Chí Minh"
Voucher Beef Teriyaki Burger tại Lotteria,Lotteria,"33 Nguyễn Văn Nghi, P. 4, Quận Gò Vấp, Hồ Chí Minh"
Voucher Beef Teriyaki Burger tại Lotteria,Lotteria,"158 - 160 Lê Bình, P. 4, Quận Tân Bình, Hồ Chí Minh"
Voucher Beef Teriyaki Burger tại Lotteria,Lotteria,"111 Dương Bá Trạc, P. 1, Quận 8, Hồ Chí Minh"
Voucher Beef Teriyaki Burger tại Lotteria,Lotteria,"357 Quốc lộ 22, ấp Thượng, xã Tân Thông Hội, Huyện Củ Chi, Hồ Chí Minh"
Voucher Beef Teriyaki Burger tại Lotteria,Lotteria,"P5 _SH.02 Tòa Park 5 Vinhomes Central, 20A Điện Biên Phủ, Phường 22, Quận Bình Thạnh, Hồ Chí Minh"
Voucher Beef Teriyaki Burger tại Lotteria,Lotteria,"469 Nguyễn Hữu Thọ, P. Tân Hưng, Quận 7, Hồ Chí Minh"
Voucher Beef Teriyaki Burger tại Lotteria,Lotteria,"S6.0301.S04 & S6.0301.S03 Origami Vinhomes Grand Park, Quận 9, Hồ Chí Minh"
Voucher Beef Teriyaki Burger tại Lotteria,Lotteria,"292 Đinh Bộ Lĩnh, P. 26, Quận Bình Thạnh, Hồ Chí Minh"
Voucher Beef Teriyaki Burger tại Lotteria,Lotteria,"Số 2 Song Hành (gần Cầu Đen), P. An Phú, Quận 2, Hồ Chí Minh"
Voucher Beef Teriyaki Burger tại Lotteria,Lotteria,"Coopmart Tuy Lý Vương, 40 - 54 Tuy Lý Vương, P. 13, Quận 8, Hồ Chí Minh"
Voucher Beef Teriyaki Burger tại Lotteria,Lotteria,"801 Hồng Bàng, P. 9, Quận 6, Hồ Chí Minh"
Voucher Beef Teriyaki Burger tại Lotteria,Lotteria,"573 Huỳnh Tấn Phát, P. Tân Thuận Đông, Quận 7, Hồ Chí Minh"
Voucher Beef Teriyaki Burger tại Lotteria,Lotteria,"11-11 Bis Nguyễn Thị Minh Khai, P. Bến Nghé, Quận 1, Hồ Chí Minh"
Voucher Beef Teriyaki Burger tại Lotteria,Lotteria,"303 Trần Hưng Đạo, P. Nguyễn Cư Trinh, Quận 1, Hồ Chí Minh"
Voucher Beef Teriyaki Burger tại Lotteria,Lotteria,"1397 Nguyễn Văn Linh, KP Mỹ Khánh 2-H4-2, P. Tân Phong, Quận 7, Hồ Chí Minh"
Voucher Beef Teriyaki Burger tại Lotteria,Lotteria,"380 Thoại Ngọc Hầu, P. Phú Thạnh, Quận Tân Phú, Hồ Chí Minh"
Voucher Beef Teriyaki Burger tại Lotteria,Lotteria,"70 - 72 Bàu Cát, P. 14, Quận Tân Bình, Hồ Chí Minh"
Voucher Beef Teriyaki Burger tại Lotteria,Lotteria,"02 Ngô Gia Tự - 145 Lý Thái Tổ, P. 9, Quận 10, Hồ Chí Minh"
Voucher Beef Teriyaki Burger tại Lotteria,Lotteria,"159/6 - 160/1 ấp Trung Chánh, xã Tân Xuân, Huyện Hóc Môn, Hồ Chí Minh"
Voucher Beef Teriyaki Burger tại Lotteria,Lotteria,"250B Lý Chính Thắng, P. 9, Quận 3, Hồ Chí Minh"
Voucher Beef Teriyaki Burger tại Lotteria,Lotteria,"Pico Plaza, 20 Cộng Hòa, P. 12, Quận Tân Bình, Hồ Chí Minh"
Voucher Beef Teriyaki Burger tại Lotteria,Lotteria,"10 Võ Văn Ngân, P. Trường Thọ, Quận Thủ Đức, Hồ Chí Minh"
Voucher Beef Teriyaki Burger tại Lotteria,Lotteria,"68 Lê Văn Việt, Tổ 11, KP. 2, P. Hiệp Phú, Quận 9, Hồ Chí Minh"
Voucher Beef Teriyaki Burger tại Lotteria,Lotteria,"102 Lê Quốc Hưng, P. 12, Quận 4, Hồ Chí Minh"
Voucher Beef Teriyaki Burger tại Lotteria,Lotteria,"1271 Tỉnh lộ 10, KP. 9, P. Tân Tạo, Quận Bình Tân, Hồ Chí Minh"
Voucher Beef Teriyaki Burger tại Lotteria,Lotteria,"52 Hậu Giang, P. 06, Quận 6, Hồ Chí Minh"
Voucher Beef Teriyaki Burger tại Lotteria,Lotteria,"220/151/3B - 222 Xô Viết Nghệ Tĩnh, P. 21, Quận Bình Thạnh, Hồ Chí Minh"
Voucher Beef Teriyaki Burger tại Lotteria,Lotteria,"309 - 311 Vành Đai Trong, P. Bình Trị Đông B, Quận Bình Tân, Hồ Chí Minh"
Voucher Beef Teriyaki Burger tại Lotteria,Lotteria,"09 Quang Trung, P. 11, Quận Gò Vấp, Hồ Chí Minh"
Voucher Beef Teriyaki Burger tại Lotteria,Lotteria,"251 Phan Xích Long, KDC Rạch Miễu P. 7, Quận Phú Nhuận, Hồ Chí Minh"
Voucher Beef Teriyaki Burger tại Lotteria,Lotteria,"01 Nguyễn Thông, P. 9, Quận 3, Hồ Chí Minh"
Voucher Beef Teriyaki Burger tại Lotteria,Lotteria,"175 H òa Bình, P. Hiệp Tân, Quận Tân Phú, Hồ Chí Minh"
Voucher Beef Teriyaki Burger tại Lotteria,Lotteria,"TTTM Big C City Land, Lô A, KDC City Land, Số 99 Nguyễn Thị Thập, Quận 7, Hồ Chí Minh"
Voucher Beef Teriyaki Burger tại Lotteria,Lotteria,"968 Ba Tháng Hai, P. 15, Quận 11, Hồ Chí Minh"
Voucher Beef Teriyaki Burger tại Lotteria,Lotteria,"175 (số cũ 19/35) Độc Lập, P. Tân Quý, Quận Tân Phú, Hồ Chí Minh"
Voucher Beef Teriyaki Burger tại Lotteria,Lotteria,"114 Trần Hưng Đạo, P. 7, Quận 5, Hồ Chí Minh"
Voucher Beef Teriyaki Burger tại Lotteria,Lotteria,"307A (số cũ 155A) Tô Hiến Thành, P. 13, Quận 10, Hồ Chí Minh"
Voucher Beef Teriyaki Burger tại Lotteria,Lotteria,"604 - 606 Điện Biên Phủ, P. 22, Quận Bình Thạnh, Hồ Chí Minh"
Voucher Beef Teriyaki Burger tại Lotteria,Lotteria,"72 Ngô Tất Tố, Phường 19, Quận Bình Thạnh, Hồ Chí Minh"
Voucher Beef Teriyaki Burger tại Lotteria,Lotteria,"283 Võ Văn Ngân, P. Linh Chiểu, Quận Thủ Đức, Hồ Chí Minh"
Voucher Beef Teriyaki Burger tại Lotteria,Lotteria,"187 Xuân Hồng, Phường 12, Quận Tân Bình, Hồ Chí Minh"
Voucher Beef Teriyaki Burger tại Lotteria,Lotteria,"346B Lê Quang Định, P. 11, Quận Bình Thạnh, Hồ Chí Minh"
Voucher Beef Teriyaki Burger tại Lotteria,Lotteria,"120 Nguyễn Thị Minh Khai, P. Hải Châu 1, Quận Hải Châu, Đà Nẵng"
Voucher Beef Teriyaki Burger tại Lotteria,Lotteria,"568 Trưng Nữ Vương, P. Hòa Thuận Tây, Quận Hải Châu, Đà Nẵng"
Voucher Beef Teriyaki Burger tại Lotteria,Lotteria,"92A Phan Chu Trinh, Quận Hải Châu, Đà Nẵng"
Voucher Beef Teriyaki Burger tại Lotteria,Lotteria,"Trần Nhân Tông, Bình Than, Quận Sơn Trà, Đà Nẵng"
Voucher Beef Teriyaki Burger tại Lotteria,Lotteria,"TTTM khu Quy hoạch Bà Triệu - Hùng Vương, P. Phú Hội, Thừa Thiên Huế, Thành Phố Huế, Thừa Thiên Huế"
Voucher Beef Teriyaki Burger tại Lotteria,Lotteria,"06 Trần Hưng Đạo, P. Phú Hòa, Thừa Thiên Huế, Thành Phố Huế, Thừa Thiên Huế"
Voucher Beef Teriyaki Burger tại Lotteria,Lotteria,"T308, Tầng 3 Trung tâm thương mại Aeon Mall Huế, Số 8 đường Võ Nguyên Giáp, Phường An Đông, Huế, Thừa Thiên Huế"
Voucher Beef Teriyaki Burger tại Lotteria,Lotteria,"207C Lạch Tray, Quận Ngô Quyền, Hải Phòng"
Voucher Beef Teriyaki Burger tại Lotteria,Lotteria,"88 Trần Phú, Quận Ngô Quyền, Hải Phòng"
Voucher Beef Teriyaki Burger tại Lotteria,Lotteria,"317 Trần Thành Ngọ, Quận Kiến An, Hải Phòng"
Voucher Beef Teriyaki Burger tại Lotteria,Lotteria,"Số 2 Phạm Minh Đức, Phường Máy Tơ, Quận Ngô Quyền, Hải Phòng"
Voucher Beef Teriyaki Burger tại Lotteria,Lotteria,"Lô 1/20 KĐT ngã 5, Sân bay Cát Bi, Quận Ngô Quyền, Hải Phòng"
Voucher Beef Teriyaki Burger tại Lotteria,Lotteria,"118 - 120 Trần Nguyên Hãn, Quận Lê Trân, Hải Phòng"
Voucher Beef Teriyaki Burger tại Lotteria,Lotteria,"Lô 1F11, Lottemart, số 84 Mậu Thân, Phường An Hòa, Quận Ninh Kiều, Cần Thơ"
Voucher Beef Teriyaki Burger tại Lotteria,Lotteria,"Lô 01, KDC Hưng Phú 1, P. Hưng Phú, Quận Cái Răng, Cần Thơ"
Voucher Beef Teriyaki Burger tại Lotteria,Lotteria,"170 Nguyễn Văn Cừ, P. An Khánh, Quận Ninh Kiều, Cần Thơ"
Voucher Beef Teriyaki Burger tại Lotteria,Lotteria,"Soiva Plaza Me Linh, Quận Khai Hoang, Vĩnh Yên, Vĩnh Phúc"
Voucher Beef Teriyaki Burger tại Lotteria,Lotteria,"TTTM Vincom Plaza, Đường Cù Chính Lan, Đồng Tiến, Hoà Bình"
Voucher Beef Teriyaki Burger tại Lotteria,Lotteria,"Tầng 3, Vincom Bắc Kan, Số 8A Đức Xuân, Bắc Kạn"
Voucher Beef Teriyaki Burger tại Lotteria,Lotteria,"Ngã 6, Plot 26, Khu 13, P. Kim Tân, Lào Cai, Lào Cai"
Voucher Beef Teriyaki Burger tại Lotteria,Lotteria,"Đường Cầu Kì Lừa, P. Chi Lăng, Lạng Sơn, Lạng Sơn"
Voucher Beef Teriyaki Burger tại Lotteria,Lotteria,"Tầng 1 TTTM Big C Bắc Giang, ngã 4 Hùng Vương kéo dài, xã Tân Tiến, Bắc Giang, Bắc Giang"
Voucher Beef Teriyaki Burger tại Lotteria,Lotteria,"TTTM Big C Việt Trì, Nguyễn Tất Thành, P. Thanh Miếu, Việt Trì, Phú Thọ"
Voucher Beef Teriyaki Burger tại Lotteria,Lotteria,"Lầu 3, Vincom Sơn La, Trường Chinh, P. Quyết Thắng, Sơn La, Sơn La"
Voucher Beef Teriyaki Burger tại Lotteria,Lotteria,"TTTM Thiên Trường, Quận Lộc Hòa, Nam Định"
Voucher Beef Teriyaki Burger tại Lotteria,Lotteria,"02 Hồng Quang, P. Quang Trung, Hải Dương"
Voucher Beef Teriyaki Burger tại Lotteria,Lotteria,"TTTM Vincom Hạ Long, P. Bạch Đằng, Hạ Long, Quảng Ninh"
Voucher Beef Teriyaki Burger tại Lotteria,Lotteria,"TTTM Big C, Cột 5, P. Hồng Hải, Hạ Long, Quảng Ninh"
Voucher Beef Teriyaki Burger tại Lotteria,Lotteria,"160 Lê Thánh Tôn, Hạ Long, Quảng Ninh"
Voucher Beef Teriyaki Burger tại Lotteria,Lotteria,"02 Trần Khánh Dư, P. Cẩm Đông, Cẩm Phả, Quảng Ninh"
Voucher Beef Teriyaki Burger tại Lotteria,Lotteria,"Số 342-346 Trần Hưng Đạo, P. Cửa Bắc, Thành phố Nam Định, Nam Định"
Voucher Beef Teriyaki Burger tại Lotteria,Lotteria,"TTTM Big C Ninh Bình, Trần Nhân Tông, Xã Ninh Phúc, Ninh Bình"
Voucher Beef Teriyaki Burger tại Lotteria,Lotteria,"TTTM Vincom Plaza Thanh Hóa, Phường Trần Phú, Thanh Hóa"
Voucher Beef Teriyaki Burger tại Lotteria,Lotteria,"Tầng 1 Big C Thanh Hóa, Xã Đông Hải, Thanh Hóa"
Voucher Beef Teriyaki Burger tại Lotteria,Lotteria,"TTTM Big C Vinh, 02 Quang Trung, Vinh, Nghệ An"
Voucher Beef Teriyaki Burger tại Lotteria,Lotteria,"87A Nguyễn Văn Cừ, Khối 2, Phường Trường Thi, Vinh, Nghệ An"
Voucher Beef Teriyaki Burger tại Lotteria,Lotteria,"Tầng 3-16, Lotte Mart Vinh, 295 đường V.I Lê Ninh, P. Hà Huy Tập, Vinh, Nghệ An"
Voucher Beef Teriyaki Burger tại Lotteria,Lotteria,"74 Trần Phú, P. Bắc Hà, Hà Tĩnh"
Voucher Beef Teriyaki Burger tại Lotteria,Lotteria,"Số 1 Hùng Vương, Phường Cẩm Phô, Hội An, Quảng Nam"
Voucher Beef Teriyaki Burger tại Lotteria,Lotteria,"Cổng Nam TTTM Go! Đường Lý Thường Kiệt, Nghĩa Chánh, Quảng Ngãi"
Voucher Beef Teriyaki Burger tại Lotteria,Lotteria,"117B Đại lộ Hùng Vương, Trần Hưng Đạo, Quảng Ngãi"
Voucher Beef Teriyaki Burger tại Lotteria,Lotteria,"01 Phan Bội Châu, P. Hội Thương, Pleiku, Gia Lai"
Voucher Beef Teriyaki Burger tại Lotteria,Lotteria,"02 - 2A Nguyễn Thái Học, Quy Nhơn, Bình Định"
Voucher Beef Teriyaki Burger tại Lotteria,Lotteria,"KĐT xanh Vũng Chua, P. Ghềnh Ráng, Quy Nhơn, Bình Định"
Voucher Beef Teriyaki Burger tại Lotteria,Lotteria,"178 Y Jut, Thắng Lợi, Buôn Ma Thuột, Đắk Lắk"
Voucher Beef Teriyaki Burger tại Lotteria,Lotteria,"73 Thống Nhất, Nha Trang, Khánh Hòa"
Voucher Beef Teriyaki Burger tại Lotteria,Lotteria,"CTXD số SB.D-70, Dự án Công viên văn hóa Vinwonders Nha Trang, Đảo Hòn Tre, P. Vĩnh Nguyên, Nha Trang, Khánh Hòa"
Voucher Beef Teriyaki Burger tại Lotteria,Lotteria,"Lô 04, đường 19/5, KĐT Vĩnh Điềm Trung, xã Vĩnh Hiệp, Nha Trang, Khánh Hòa"
Voucher Beef Teriyaki Burger tại Lotteria,Lotteria,"2038 Hùng Vương, P. Cam Lộc, Cam Ranh, Khánh Hòa"
Voucher Beef Teriyaki Burger tại Lotteria,Lotteria,"2+2/1 Nguyễn Đình Chiểu, P. Vĩnh Phước, Nha Trang, Khánh Hòa"
Voucher Beef Teriyaki Burger tại Lotteria,Lotteria,"133 Bà Triệu, P. Thắng Lợi, Kon Tum, Kon Tum"
Voucher Beef Teriyaki Burger tại Lotteria,Lotteria,"285 Bùi Thị Xuân, P. 8, Đà Lạt, Lâm Đồng"
Voucher Beef Teriyaki Burger tại Lotteria,Lotteria,"Tầng trệt, Tháp nước, Trần Phú, P. 2, Bảo Lộc, Lâm Đồng"
Voucher Beef Teriyaki Burger tại Lotteria,Lotteria,"01 Nguyễn Thị Minh Khai, P. 01, Đà Lạt, Lâm Đồng"
Voucher Beef Teriyaki Burger tại Lotteria,Lotteria,"Quảng Trường Lâm Viên, góc đường Hồ Tùng Mậu - Trần Quốc Thảo, P. 10, Đà Lạt, Lâm Đồng"
Voucher Beef Teriyaki Burger tại Lotteria,Lotteria,"62 Thủ Khoa Huân, KP. 1, P. Bình Hưng, Phan Thiết, Bình Thuận"
Voucher Beef Teriyaki Burger tại Lotteria,Lotteria,"KDC Hùng Vương 1, P. Phú Thủy, Phan Thiết, Bình Thuận"
Voucher Beef Teriyaki Burger tại Lotteria,Lotteria,"1A Nguyễn Tất Thành, P. Bình Hưng, Phan Thiết, Bình Thuận"
Voucher Beef Teriyaki Burger tại Lotteria,Lotteria,"Quốc Lộ 51, KP 1, P. Long Bình Tân, Biên Hòa, Đồng Nai"
Voucher Beef Teriyaki Burger tại Lotteria,Lotteria,"Siêu Thị Hoàng Đức Gia Kiệm - 166 ấp Bạch Lâm 1, xã Gia Tân 2, Huyện Thống Nhất, Đồng Nai"
Voucher Beef Teriyaki Burger tại Lotteria,Lotteria,"03 Phan Chu Trinh, P. Quang Vinh, Biên Hòa, Đồng Nai"
Voucher Beef Teriyaki Burger tại Lotteria,Lotteria,"F230-F231 Võ Thị Sáu, Phường Thống Nhất, Biên Hòa, Đồng Nai"
Voucher Beef Teriyaki Burger tại Lotteria,Lotteria,"Lô B-03, KTM Amata, Quốc lộ 1A, P. Long Bình, Biên Hòa, Đồng Nai"
Voucher Beef Teriyaki Burger tại Lotteria,Lotteria,"198 Hùng Vương, P. Xuân Bình, Thị xã Long Khánh, Đồng Nai"
Voucher Beef Teriyaki Burger tại Lotteria,Lotteria,"TTTM Chợ Thanh Hà, Trần Phú, P. Phủ Hòa, Phan Rang - Tháp Chàm, Ninh Thuận"
Voucher Beef Teriyaki Burger tại Lotteria,Lotteria,"555B đại lộ Bình Dương, P. Hiệp Bình, Thị xã Thủ Dầu Một, Bình Dương"
Voucher Beef Teriyaki Burger tại Lotteria,Lotteria,"TTTM Green Square, P. Đông Hòa, Thị xã Dĩ An, Bình Dương"
Voucher Beef Teriyaki Burger tại Lotteria,Lotteria,"231 Yersin, P. Hiệp Thành, Thị xã Thủ Dầu Một, Bình Dương"
Voucher Beef Teriyaki Burger tại Lotteria,Lotteria,"KĐT The Seasons Bình Dương, P. Lái Thiêu, Thị xã Thuận An, Bình Dương"
Voucher Beef Teriyaki Burger tại Lotteria,Lotteria,"368 đường 30/4 P. Chánh Nghĩa, Thị xã Thủ Dầu Một, Bình Dương"
Voucher Beef Teriyaki Burger tại Lotteria,Lotteria,"01 Trần Hưng Đạo, P. Phú Cường, Thị xã Thủ Dầu Một, Bình Dương"
Voucher Beef Teriyaki Burger tại Lotteria,Lotteria,"TTMS Aeon - Bình Dương Canary, 1 Đại Lộ Bình Dương, KP. Bình Giao, P. Thuận Giao, Thị xã Thuận An, Bình Dương"
Voucher Beef Teriyaki Burger tại Lotteria,Lotteria,"576 Cách Mạng Tháng Tám, Phường 3, Tây Ninh"
Voucher Beef Teriyaki Burger tại Lotteria,Lotteria,"Tầng trệt, KP. Lộc An, Thị trấn Trảng Bàng, Huyện Trảng Bàng, Tây Ninh"
Voucher Beef Teriyaki Burger tại Lotteria,Lotteria,"09 Hạ Long, P. 2, Vũng Tàu, Bà Rịa - Vũng Tàu"
Voucher Beef Teriyaki Burger tại Lotteria,Lotteria,"227 Nam Kỳ Khởi Nghĩa - 378 Lê Hồng Phong, P. 03, Vũng Tàu, Bà Rịa - Vũng Tàu"
Voucher Beef Teriyaki Burger tại Lotteria,Lotteria,"Tầng 1, Góc đường 3/2 - Thi Sách, P. 8, Vũng Tàu, Bà Rịa - Vũng Tàu"
Voucher Beef Teriyaki Burger tại Lotteria,Lotteria,"Shop GF-01, Ấp Thanh Ba, Xã Mỹ Lộc, Thị trấn Cần Giuộc, Huyện Cần Giuộc, Long An"
Voucher Beef Teriyaki Burger tại Lotteria,Lotteria,"15 Trương Định - 11 Phan Đình Phùng, KP. 01, P. 1, Thị xã Gò Công, Tiền Giang"
Voucher Beef Teriyaki Burger tại Lotteria,Lotteria,"545 Lê Văn Phẩm, P. 5, Mỹ Tho, Tiền Giang"
Voucher Beef Teriyaki Burger tại Lotteria,Lotteria,"34 Ngô Quyền, P. 1, Mỹ Tho, Tiền Giang"
Voucher Beef Teriyaki Burger tại Lotteria,Lotteria,"Go Mart Trà Vinh, Đường Võ Nguyên Giáp, P. 7, Trà Vinh"
Voucher Beef Teriyaki Burger tại Lotteria,Lotteria,"Tầng trệt, Nguyễn Sinh Sắc, khóm 2, P. 2, Sa Đéc, Đồng Tháp"
Voucher Beef Teriyaki Burger tại Lotteria,Lotteria,"65 Nguyễn Huệ, P. 01, Cao Lãnh, Đồng Tháp"
Voucher Beef Teriyaki Burger tại Lotteria,Lotteria,"01 Ngô Thời Nhậm, P. 1, Cao Lãnh, Đồng Tháp"
Voucher Beef Teriyaki Burger tại Lotteria,Lotteria,"92 Nguyễn Trãi, P. Mỹ Long, Long Xuyên, An Giang"
Voucher Beef Teriyaki Burger tại Lotteria,Lotteria,"29 Trần Hưng Đạo, P. 5, Cà Mau, Cà Mau"
Voucher Shrimp Burger tại Lotteria,Lotteria,"Ngã 3 Đào Duy Anh - Kim Liên - Phạm Ngọc Thạch, Quận Đống Đa, Hà Nội"
Voucher Shrimp Burger tại Lotteria,Lotteria,"Phạm Văn Đồng, P. Cổ Nhuế 1, Quận Bắc Từ Liêm, Hà Nội"
Voucher Shrimp Burger tại Lotteria,Lotteria,"Toà nhà Mandarin Garden 2, Số 493 Tân Mai, P. Tân Mai, Quận Hoàng Mai, Hà Nội"
Voucher Shrimp Burger tại Lotteria,Lotteria,"64 BT X2, khu đô thị Bắc Linh Đàm, Quận Hoàng Mai, Hà Nội"
Voucher Shrimp Burger tại Lotteria,Lotteria,"201 Khâm Thiên, Quận Đống Đa, Hà Nội"
Voucher Shrimp Burger tại Lotteria,Lotteria,"154 Bà Triệu, Nguyễn Du, Quận Hai Bà Trưng, Hà Nội"
Voucher Shrimp Burger tại Lotteria,Lotteria,"152 Thái Thịnh, Láng Hạ, Quận Đống Đa, Hà Nội"
Voucher Shrimp Burger tại Lotteria,Lotteria,"TTTM EBEST xã Minh Khai, Quận Từ Liêm, Hà Nội"
Voucher Shrimp Burger tại Lotteria,Lotteria,"Tầng 1, Aeon Mall Long Biên, Cổ Linh, Quận Long Biên, Hà Nội"
Voucher Shrimp Burger tại Lotteria,Lotteria,"Tầng 1C2 Nguyễn Cơ Thạch, KĐT Mỹ Đình, Quận Từ Liêm, Hà Nội"
Voucher Shrimp Burger tại Lotteria,Lotteria,"138 Lê Thanh Nghị, P. Bách Khoa, Quận Hai Bà Trưng, Hà Nội"
Voucher Shrimp Burger tại Lotteria,Lotteria,"7-9 Đinh Tiên Hoàng, P. Hàng Bạc, Quận Hoàn Kiếm, Hà Nội"
Voucher Shrimp Burger tại Lotteria,Lotteria,"01 Núi Trúc, P.Kim Mã, Quận Ba Đình, Hà Nội"
Voucher Shrimp Burger tại Lotteria,Lotteria,"298 Cầu Giấy, P. Quan Hoa, Quận Cầu Giấy, Hà Nội"
Voucher Shrimp Burger tại Lotteria,Lotteria,"391 Hoàng Quốc Việt, P. Nghĩa Tân, Quận Cầu giấy, Hà Nội"
Voucher Shrimp Burger tại Lotteria,Lotteria,"66 Lò Đúc, P. Phạm Đình Hổ, Quận Hai Bà Trưng, Hà Nội"
Voucher Shrimp Burger tại Lotteria,Lotteria,"Tầng 4 , Ô số 430+431, Lotte Mall, Ngõ 683 Lạc Long Quân, P. Phú Thượng, Quận Tây Hồ, Hà Nội"
Voucher Shrimp Burger tại Lotteria,Lotteria,"203 Nguyễn Thị Minh Khai, P. Minh Khai, Quận Hai Bà Trưng, Hà Nội"
Voucher Shrimp Burger tại Lotteria,Lotteria,"Tầng 1 Mễ Trì, P. Mễ Trì, Quận Từ Liêm, Hà Nội"
Voucher Shrimp Burger tại Lotteria,Lotteria,"TTTM Savico Nguyễn Văn Linh, Quận Long Biên, Hà Nội"
Voucher Shrimp Burger tại Lotteria,Lotteria,"2A Trần Vũ, P. Quán Thánh, Quận Ba Đình, Hà Nội"
Voucher Shrimp Burger tại Lotteria,Lotteria,"Km 10 Nguyễn Trãi, P. Mỗ Lao, Quận Hà Đông, Hà Nội"
Voucher Shrimp Burger tại Lotteria,Lotteria,"Ngã 3 Yên Xá, Tân Triều, Quận Hà Đông, Hà Nội"
Voucher Shrimp Burger tại Lotteria,Lotteria,"103DN11 Nguyễn Khánh Toàn, P. Quan Hoa, Quận Cầu Giấy, Hà Nội"
Voucher Shrimp Burger tại Lotteria,Lotteria,"54 Liễu Giai, P. Cống Vị, Quận Ba Đình, Hà Nội"
Voucher Shrimp Burger tại Lotteria,Lotteria,"445a Lạc Long Quân, Phường Xuân La, Quận Tây Hồ, Hà Nội"
Voucher Shrimp Burger tại Lotteria,Lotteria,"Tầng 1 Citimart Hà Đông, CT 7A-CT7B KĐTM Văn Quán, P. Phúc La, Quận Hà Đông, Hà Nội"
Voucher Shrimp Burger tại Lotteria,Lotteria,"63 Huỳnh Thúc Kháng, P. Láng Hạ, Quận Đống Đa, Hà Nội"
Voucher Shrimp Burger tại Lotteria,Lotteria,"SH20.21 Tòa S1.05 Vinhomes Ocean Park, xã Đa Tốn, Huyện Gia Lâm, Hà Nội"
Voucher Shrimp Burger tại Lotteria,Lotteria,"TTTM Aeon Mall, P. Dương Nội, Quận Hà Đông, Hà Nội"
Voucher Shrimp Burger tại Lotteria,Lotteria,"34 Hoàng Cầu, P. Ô Chợ Dừa, Quận Đống Đa, Hà Nội"
Voucher Shrimp Burger tại Lotteria,Lotteria,"Lô D5, KĐTM Cầu Giấy, P. Dịch Vọng, Quận Cầu Giấy, Hà Nội"
Voucher Shrimp Burger tại Lotteria,Lotteria,"437 Bạch Mai, P. Trương Định, Quận Hai Bà Trưng, Hà Nội"
Voucher Shrimp Burger tại Lotteria,Lotteria,"Tầng 2 Big C Thăng Long, 222 Trần Duy Hưng, P. Trung Hòa, Quận Cầu Giấy, Hà Nội"
Voucher Shrimp Burger tại Lotteria,Lotteria,"23 Hàng Thanh, P. Nguyễn Trung Trực, Quận Ba Đình, Hà Nội"
Voucher Shrimp Burger tại Lotteria,Lotteria,"Tầng 1 Tòa A8, An Bình City, 232 Phạm Văn Đồng, Quận Bắc Từ Liêm, Hà Nội"
Voucher Shrimp Burger tại Lotteria,Lotteria,"72A Nguyễn Trãi, Quận Thanh Xuân, Hà Nội"
Voucher Shrimp Burger tại Lotteria,Lotteria,"210-212 Nguyễn Văn Cừ, P. Ngọc Lâm, Quận Long Biên, Hà Nội"
Voucher Shrimp Burger tại Lotteria,Lotteria,"Tòa Horizon city, 87 Lĩnh Nam, P. Mai Động, Quận Hoàng Mai, Hà Nội"
Voucher Shrimp Burger tại Lotteria,Lotteria,"112 Trần Duy Hưng, P. Trung Hòa, Quận Cầu Giấy, Hà Nội"
Voucher Shrimp Burger tại Lotteria,Lotteria,"Tầng hầm B1 Times City, 458 Minh Khai, P. Vĩnh Tuy, Quận Hai Bà Trưng, Hà Nội"
Voucher Shrimp Burger tại Lotteria,Lotteria,"Tầng 1 CT 4A.B KĐT Xa La, xã Phúc La, Quận Hà Đông, Hà Nội"
Voucher Shrimp Burger tại Lotteria,Lotteria,"TTTM Mê Linh, Tô Hiệu, Quận Hà Đông, Hà Nội"
Voucher Shrimp Burger tại Lotteria,Lotteria,"Tầng 1 tòa nhà Housing, 299 Trung Kính, Trung Hòa, Quận Cầu Giấy, Hà Nội"
Voucher Shrimp Burger tại Lotteria,Lotteria,"TTTM Mua Sắm Aeon - Tân Phú Celadon, 30 Bờ Bao Tân Thắng, P. Sơn Kỳ, Quận Tân Phú, Hồ Chí Minh"
Voucher Shrimp Burger tại Lotteria,Lotteria,"Tầng 1, 18 Phan Văn Trị, P. 10, Quận Gò Vấp, Hồ Chí Minh"
Voucher Shrimp Burger tại Lotteria,Lotteria,"211 - 213 Bình Phú, P. 11, Quận 6, Hồ Chí Minh"
Voucher Shrimp Burger tại Lotteria,Lotteria,"445 Bạch Đằng, P. 12, Quận Bình Thạnh, Hồ Chí Minh"
Voucher Shrimp Burger tại Lotteria,Lotteria,"Khu B, KĐT mới An Phú - An Khánh, P. An Phú, Quận 2, Hồ Chí Minh"
Voucher Shrimp Burger tại Lotteria,Lotteria,"572A Ba Tháng Hai, P. 14, Quận 10, Hồ Chí Minh"
Voucher Shrimp Burger tại Lotteria,Lotteria,"95A Trần Hưng Đạo, P. Cầu Ông Lãnh, Quận 1, Hồ Chí Minh"
Voucher Shrimp Burger tại Lotteria,Lotteria,"Tầng 5, 101 Tôn Dật Tiên, P. Tân Phú, Quận 7, Hồ Chí Minh"
Voucher Shrimp Burger tại Lotteria,Lotteria,"66 Mạc Cửu-67 Vạn Kiếp, P. 13, Quận 5, Hồ Chí Minh"
Voucher Shrimp Burger tại Lotteria,Lotteria,"11 Sư Phạn Vạn Hạnh, P. 12, Quận 10, Hồ Chí Minh"
Voucher Shrimp Burger tại Lotteria,Lotteria,"33 Nguyễn Văn Nghi, P. 4, Quận Gò Vấp, Hồ Chí Minh"
Voucher Shrimp Burger tại Lotteria,Lotteria,"158 - 160 Lê Bình, P. 4, Quận Tân Bình, Hồ Chí Minh"
Voucher Shrimp Burger tại Lotteria,Lotteria,"111 Dương Bá Trạc, P. 1, Quận 8, Hồ Chí Minh"
Voucher Shrimp Burger tại Lotteria,Lotteria,"357 Quốc lộ 22, ấp Thượng, xã Tân Thông Hội, Huyện Củ Chi, Hồ Chí Minh"
Voucher Shrimp Burger tại Lotteria,Lotteria,"P5 _SH.02 Tòa Park 5 Vinhomes Central, 20A Điện Biên Phủ, Phường 22, Quận Bình Thạnh, Hồ Chí Minh"
Voucher Shrimp Burger tại Lotteria,Lotteria,"469 Nguyễn Hữu Thọ, P. Tân Hưng, Quận 7, Hồ Chí Minh"
Voucher Shrimp Burger tại Lotteria,Lotteria,"S6.0301.S04 & S6.0301.S03 Origami Vinhomes Grand Park, Quận 9, Hồ Chí Minh"
Voucher Shrimp Burger tại Lotteria,Lotteria,"292 Đinh Bộ Lĩnh, P. 26, Quận Bình Thạnh, Hồ Chí Minh"
Voucher Shrimp Burger tại Lotteria,Lotteria,"Số 2 Song Hành (gần Cầu Đen), P. An Phú, Quận 2, Hồ Chí Minh"
Voucher Shrimp Burger tại Lotteria,Lotteria,"Coopmart Tuy Lý Vương, 40 - 54 Tuy Lý Vương, P. 13, Quận 8, Hồ Chí Minh"
Voucher Shrimp Burger tại Lotteria,Lotteria,"801 Hồng Bàng, P. 9, Quận 6, Hồ Chí Minh"
Voucher Shrimp Burger tại Lotteria,Lotteria,"573 Huỳnh Tấn Phát, P. Tân Thuận Đông, Quận 7, Hồ Chí Minh"
Voucher Shrimp Burger tại Lotteria,Lotteria,"11-11 Bis Nguyễn Thị Minh Khai, P. Bến Nghé, Quận 1, Hồ Chí Minh"
Voucher Shrimp Burger tại Lotteria,Lotteria,"303 Trần Hưng Đạo, P. Nguyễn Cư Trinh, Quận 1, Hồ Chí Minh"
Voucher Shrimp Burger tại Lotteria,Lotteria,"1397 Nguyễn Văn Linh, KP Mỹ Khánh 2-H4-2, P. Tân Phong, Quận 7, Hồ Chí Minh"
Voucher Shrimp Burger tại Lotteria,Lotteria,"380 Thoại Ngọc Hầu, P. Phú Thạnh, Quận Tân Phú, Hồ Chí Minh"
Voucher Shrimp Burger tại Lotteria,Lotteria,"70 - 72 Bàu Cát, P. 14, Quận Tân Bình, Hồ Chí Minh"
Voucher Shrimp Burger tại Lotteria,Lotteria,"02 Ngô Gia Tự - 145 Lý Thái Tổ, P. 9, Quận 10, Hồ Chí Minh"
Voucher Shrimp Burger tại Lotteria,Lotteria,"159/6 - 160/1 ấp Trung Chánh, xã Tân Xuân, Huyện Hóc Môn, Hồ Chí Minh"
Voucher Shrimp Burger tại Lotteria,Lotteria,"250B Lý Chính Thắng, P. 9, Quận 3, Hồ Chí Minh"
Voucher Shrimp Burger tại Lotteria,Lotteria,"Pico Plaza, 20 Cộng Hòa, P. 12, Quận Tân Bình, Hồ Chí Minh"
Voucher Shrimp Burger tại Lotteria,Lotteria,"10 Võ Văn Ngân, P. Trường Thọ, Quận Thủ Đức, Hồ Chí Minh"
Voucher Shrimp Burger tại Lotteria,Lotteria,"68 Lê Văn Việt, Tổ 11, KP. 2, P. Hiệp Phú, Quận 9, Hồ Chí Minh"
Voucher Shrimp Burger tại Lotteria,Lotteria,"102 Lê Quốc Hưng, P. 12, Quận 4, Hồ Chí Minh"
Voucher Shrimp Burger tại Lotteria,Lotteria,"1271 Tỉnh lộ 10, KP. 9, P. Tân Tạo, Quận Bình Tân, Hồ Chí Minh"
Voucher Shrimp Burger tại Lotteria,Lotteria,"52 Hậu Giang, P. 06, Quận 6, Hồ Chí Minh"
Voucher Shrimp Burger tại Lotteria,Lotteria,"220/151/3B - 222 Xô Viết Nghệ Tĩnh, P. 21, Quận Bình Thạnh, Hồ Chí Minh"
Voucher Shrimp Burger tại Lotteria,Lotteria,"309 - 311 Vành Đai Trong, P. Bình Trị Đông B, Quận Bình Tân, Hồ Chí Minh"
Voucher Shrimp Burger tại Lotteria,Lotteria,"09 Quang Trung, P. 11, Quận Gò Vấp, Hồ Chí Minh"
Voucher Shrimp Burger tại Lotteria,Lotteria,"251 Phan Xích Long, KDC Rạch Miễu P. 7, Quận Phú Nhuận, Hồ Chí Minh"
Voucher Shrimp Burger tại Lotteria,Lotteria,"01 Nguyễn Thông, P. 9, Quận 3, Hồ Chí Minh"
Voucher Shrimp Burger tại Lotteria,Lotteria,"175 H òa Bình, P. Hiệp Tân, Quận Tân Phú, Hồ Chí Minh"
Voucher Shrimp Burger tại Lotteria,Lotteria,"TTTM Big C City Land, Lô A, KDC City Land, Số 99 Nguyễn Thị Thập, Quận 7, Hồ Chí Minh"
Voucher Shrimp Burger tại Lotteria,Lotteria,"968 Ba Tháng Hai, P. 15, Quận 11, Hồ Chí Minh"
Voucher Shrimp Burger tại Lotteria,Lotteria,"175 (số cũ 19/35) Độc Lập, P. Tân Quý, Quận Tân Phú, Hồ Chí Minh"
Voucher Shrimp Burger tại Lotteria,Lotteria,"114 Trần Hưng Đạo, P. 7, Quận 5, Hồ Chí Minh"
Voucher Shrimp Burger tại Lotteria,Lotteria,"307A (số cũ 155A) Tô Hiến Thành, P. 13, Quận 10, Hồ Chí Minh"
Voucher Shrimp Burger tại Lotteria,Lotteria,"604 - 606 Điện Biên Phủ, P. 22, Quận Bình Thạnh, Hồ Chí Minh"
Voucher Shrimp Burger tại Lotteria,Lotteria,"72 Ngô Tất Tố, Phường 19, Quận Bình Thạnh, Hồ Chí Minh"
Voucher Shrimp Burger tại Lotteria,Lotteria,"283 Võ Văn Ngân, P. Linh Chiểu, Quận Thủ Đức, Hồ Chí Minh"
Voucher Shrimp Burger tại Lotteria,Lotteria,"187 Xuân Hồng, Phường 12, Quận Tân Bình, Hồ Chí Minh"
Voucher Shrimp Burger tại Lotteria,Lotteria,"346B Lê Quang Định, P. 11, Quận Bình Thạnh, Hồ Chí Minh"
Voucher Shrimp Burger tại Lotteria,Lotteria,"120 Nguyễn Thị Minh Khai, P. Hải Châu 1, Quận Hải Châu, Đà Nẵng"
Voucher Shrimp Burger tại Lotteria,Lotteria,"568 Trưng Nữ Vương, P. Hòa Thuận Tây, Quận Hải Châu, Đà Nẵng"
Voucher Shrimp Burger tại Lotteria,Lotteria,"92A Phan Chu Trinh, Quận Hải Châu, Đà Nẵng"
Voucher Shrimp Burger tại Lotteria,Lotteria,"Trần Nhân Tông, Bình Than, Quận Sơn Trà, Đà Nẵng"
Voucher Shrimp Burger tại Lotteria,Lotteria,"TTTM khu Quy hoạch Bà Triệu - Hùng Vương, P. Phú Hội, Thừa Thiên Huế, Thành Phố Huế, Thừa Thiên Huế"
Voucher Shrimp Burger tại Lotteria,Lotteria,"06 Trần Hưng Đạo, P. Phú Hòa, Thừa Thiên Huế, Thành Phố Huế, Thừa Thiên Huế"
Voucher Shrimp Burger tại Lotteria,Lotteria,"T308, Tầng 3 Trung tâm thương mại Aeon Mall Huế, Số 8 đường Võ Nguyên Giáp, Phường An Đông, Huế, Thừa Thiên Huế"
Voucher Shrimp Burger tại Lotteria,Lotteria,"207C Lạch Tray, Quận Ngô Quyền, Hải Phòng"
Voucher Shrimp Burger tại Lotteria,Lotteria,"88 Trần Phú, Quận Ngô Quyền, Hải Phòng"
Voucher Shrimp Burger tại Lotteria,Lotteria,"317 Trần Thành Ngọ, Quận Kiến An, Hải Phòng"
Voucher Shrimp Burger tại Lotteria,Lotteria,"Số 2 Phạm Minh Đức, Phường Máy Tơ, Quận Ngô Quyền, Hải Phòng"
Voucher Shrimp Burger tại Lotteria,Lotteria,"Lô 1/20 KĐT ngã 5, Sân bay Cát Bi, Quận Ngô Quyền, Hải Phòng"
Voucher Shrimp Burger tại Lotteria,Lotteria,"118 - 120 Trần Nguyên Hãn, Quận Lê Trân, Hải Phòng"
Voucher Shrimp Burger tại Lotteria,Lotteria,"Lô 1F11, Lottemart, số 84 Mậu Thân, Phường An Hòa, Quận Ninh Kiều, Cần Thơ"
Voucher Shrimp Burger tại Lotteria,Lotteria,"Lô 01, KDC Hưng Phú 1, P. Hưng Phú, Quận Cái Răng, Cần Thơ"
Voucher Shrimp Burger tại Lotteria,Lotteria,"170 Nguyễn Văn Cừ, P. An Khánh, Quận Ninh Kiều, Cần Thơ"
Voucher Shrimp Burger tại Lotteria,Lotteria,"Soiva Plaza Me Linh, Quận Khai Hoang, Vĩnh Yên, Vĩnh Phúc"
Voucher Shrimp Burger tại Lotteria,Lotteria,"TTTM Vincom Plaza, Đường Cù Chính Lan, Đồng Tiến, Hoà Bình"
Voucher Shrimp Burger tại Lotteria,Lotteria,"Tầng 3, Vincom Bắc Kan, Số 8A Đức Xuân, Bắc Kạn"
Voucher Shrimp Burger tại Lotteria,Lotteria,"Ngã 6, Plot 26, Khu 13, P. Kim Tân, Lào Cai, Lào Cai"
Voucher Shrimp Burger tại Lotteria,Lotteria,"Đường Cầu Kì Lừa, P. Chi Lăng, Lạng Sơn, Lạng Sơn"
Voucher Shrimp Burger tại Lotteria,Lotteria,"Tầng 1 TTTM Big C Bắc Giang, ngã 4 Hùng Vương kéo dài, xã Tân Tiến, Bắc Giang, Bắc Giang"
Voucher Shrimp Burger tại Lotteria,Lotteria,"TTTM Big C Việt Trì, Nguyễn Tất Thành, P. Thanh Miếu, Việt Trì, Phú Thọ"
Voucher Shrimp Burger tại Lotteria,Lotteria,"Lầu 3, Vincom Sơn La, Trường Chinh, P. Quyết Thắng, Sơn La, Sơn La"
Voucher Shrimp Burger tại Lotteria,Lotteria,"TTTM Thiên Trường, Quận Lộc Hòa, Nam Định"
Voucher Shrimp Burger tại Lotteria,Lotteria,"02 Hồng Quang, P. Quang Trung, Hải Dương"
Voucher Shrimp Burger tại Lotteria,Lotteria,"TTTM Vincom Hạ Long, P. Bạch Đằng, Hạ Long, Quảng Ninh"
Voucher Shrimp Burger tại Lotteria,Lotteria,"TTTM Big C, Cột 5, P. Hồng Hải, Hạ Long, Quảng Ninh"
Voucher Shrimp Burger tại Lotteria,Lotteria,"160 Lê Thánh Tôn, Hạ Long, Quảng Ninh"
Voucher Shrimp Burger tại Lotteria,Lotteria,"02 Trần Khánh Dư, P. Cẩm Đông, Cẩm Phả, Quảng Ninh"
Voucher Shrimp Burger tại Lotteria,Lotteria,"Số 342-346 Trần Hưng Đạo, P. Cửa Bắc, Thành phố Nam Định, Nam Định"
Voucher Shrimp Burger tại Lotteria,Lotteria,"TTTM Big C Ninh Bình, Trần Nhân Tông, Xã Ninh Phúc, Ninh Bình"
Voucher Shrimp Burger tại Lotteria,Lotteria,"TTTM Vincom Plaza Thanh Hóa, Phường Trần Phú, Thanh Hóa"
Voucher Shrimp Burger tại Lotteria,Lotteria,"Tầng 1 Big C Thanh Hóa, Xã Đông Hải, Thanh Hóa"
Voucher Shrimp Burger tại Lotteria,Lotteria,"TTTM Big C Vinh, 02 Quang Trung, Vinh, Nghệ An"
Voucher Shrimp Burger tại Lotteria,Lotteria,"87A Nguyễn Văn Cừ, Khối 2, Phường Trường Thi, Vinh, Nghệ An"
Voucher Shrimp Burger tại Lotteria,Lotteria,"Tầng 3-16, Lotte Mart Vinh, 295 đường V.I Lê Ninh, P. Hà Huy Tập, Vinh, Nghệ An"
Voucher Shrimp Burger tại Lotteria,Lotteria,"74 Trần Phú, P. Bắc Hà, Hà Tĩnh"
Voucher Shrimp Burger tại Lotteria,Lotteria,"Số 1 Hùng Vương, Phường Cẩm Phô, Hội An, Quảng Nam"
Voucher Shrimp Burger tại Lotteria,Lotteria,"Cổng Nam TTTM Go! Đường Lý Thường Kiệt, Nghĩa Chánh, Quảng Ngãi"
Voucher Shrimp Burger tại Lotteria,Lotteria,"117B Đại lộ Hùng Vương, Trần Hưng Đạo, Quảng Ngãi"
Voucher Shrimp Burger tại Lotteria,Lotteria,"01 Phan Bội Châu, P. Hội Thương, Pleiku, Gia Lai"
Voucher Shrimp Burger tại Lotteria,Lotteria,"02 - 2A Nguyễn Thái Học, Quy Nhơn, Bình Định"
Voucher Shrimp Burger tại Lotteria,Lotteria,"KĐT xanh Vũng Chua, P. Ghềnh Ráng, Quy Nhơn, Bình Định"
Voucher Shrimp Burger tại Lotteria,Lotteria,"178 Y Jut, Thắng Lợi, Buôn Ma Thuột, Đắk Lắk"
Voucher Shrimp Burger tại Lotteria,Lotteria,"73 Thống Nhất, Nha Trang, Khánh Hòa"
Voucher Shrimp Burger tại Lotteria,Lotteria,"CTXD số SB.D-70, Dự án Công viên văn hóa Vinwonders Nha Trang, Đảo Hòn Tre, P. Vĩnh Nguyên, Nha Trang, Khánh Hòa"
Voucher Shrimp Burger tại Lotteria,Lotteria,"Lô 04, đường 19/5, KĐT Vĩnh Điềm Trung, xã Vĩnh Hiệp, Nha Trang, Khánh Hòa"
Voucher Shrimp Burger tại Lotteria,Lotteria,"2038 Hùng Vương, P. Cam Lộc, Cam Ranh, Khánh Hòa"
Voucher Shrimp Burger tại Lotteria,Lotteria,"2+2/1 Nguyễn Đình Chiểu, P. Vĩnh Phước, Nha Trang, Khánh Hòa"
Voucher Shrimp Burger tại Lotteria,Lotteria,"133 Bà Triệu, P. Thắng Lợi, Kon Tum, Kon Tum"
Voucher Shrimp Burger tại Lotteria,Lotteria,"285 Bùi Thị Xuân, P. 8, Đà Lạt, Lâm Đồng"
Voucher Shrimp Burger tại Lotteria,Lotteria,"Tầng trệt, Tháp nước, Trần Phú, P. 2, Bảo Lộc, Lâm Đồng"
Voucher Shrimp Burger tại Lotteria,Lotteria,"01 Nguyễn Thị Minh Khai, P. 01, Đà Lạt, Lâm Đồng"
Voucher Shrimp Burger tại Lotteria,Lotteria,"Quảng Trường Lâm Viên, góc đường Hồ Tùng Mậu - Trần Quốc Thảo, P. 10, Đà Lạt, Lâm Đồng"
Voucher Shrimp Burger tại Lotteria,Lotteria,"62 Thủ Khoa Huân, KP. 1, P. Bình Hưng, Phan Thiết, Bình Thuận"
Voucher Shrimp Burger tại Lotteria,Lotteria,"KDC Hùng Vương 1, P. Phú Thủy, Phan Thiết, Bình Thuận"
Voucher Shrimp Burger tại Lotteria,Lotteria,"1A Nguyễn Tất Thành, P. Bình Hưng, Phan Thiết, Bình Thuận"
Voucher Shrimp Burger tại Lotteria,Lotteria,"Quốc Lộ 51, KP 1, P. Long Bình Tân, Biên Hòa, Đồng Nai"
Voucher Shrimp Burger tại Lotteria,Lotteria,"Siêu Thị Hoàng Đức Gia Kiệm - 166 ấp Bạch Lâm 1, xã Gia Tân 2, Huyện Thống Nhất, Đồng Nai"
Voucher Shrimp Burger tại Lotteria,Lotteria,"03 Phan Chu Trinh, P. Quang Vinh, Biên Hòa, Đồng Nai"
Voucher Shrimp Burger tại Lotteria,Lotteria,"F230-F231 Võ Thị Sáu, Phường Thống Nhất, Biên Hòa, Đồng Nai"
Voucher Shrimp Burger tại Lotteria,Lotteria,"Lô B-03, KTM Amata, Quốc lộ 1A, P. Long Bình, Biên Hòa, Đồng Nai"
Voucher Shrimp Burger tại Lotteria,Lotteria,"198 Hùng Vương, P. Xuân Bình, Thị xã Long Khánh, Đồng Nai"
Voucher Shrimp Burger tại Lotteria,Lotteria,"TTTM Chợ Thanh Hà, Trần Phú, P. Phủ Hòa, Phan Rang - Tháp Chàm, Ninh Thuận"
Voucher Shrimp Burger tại Lotteria,Lotteria,"555B đại lộ Bình Dương, P. Hiệp Bình, Thị xã Thủ Dầu Một, Bình Dương"
Voucher Shrimp Burger tại Lotteria,Lotteria,"TTTM Green Square, P. Đông Hòa, Thị xã Dĩ An, Bình Dương"
Voucher Shrimp Burger tại Lotteria,Lotteria,"231 Yersin, P. Hiệp Thành, Thị xã Thủ Dầu Một, Bình Dương"
Voucher Shrimp Burger tại Lotteria,Lotteria,"KĐT The Seasons Bình Dương, P. Lái Thiêu, Thị xã Thuận An, Bình Dương"
Voucher Shrimp Burger tại Lotteria,Lotteria,"368 đường 30/4 P. Chánh Nghĩa, Thị xã Thủ Dầu Một, Bình Dương"
Voucher Shrimp Burger tại Lotteria,Lotteria,"01 Trần Hưng Đạo, P. Phú Cường, Thị xã Thủ Dầu Một, Bình Dương"
Voucher Shrimp Burger tại Lotteria,Lotteria,"TTMS Aeon - Bình Dương Canary, 1 Đại Lộ Bình Dương, KP. Bình Giao, P. Thuận Giao, Thị xã Thuận An, Bình Dương"
Voucher Shrimp Burger tại Lotteria,Lotteria,"576 Cách Mạng Tháng Tám, Phường 3, Tây Ninh"
Voucher Shrimp Burger tại Lotteria,Lotteria,"Tầng trệt, KP. Lộc An, Thị trấn Trảng Bàng, Huyện Trảng Bàng, Tây Ninh"
Voucher Shrimp Burger tại Lotteria,Lotteria,"09 Hạ Long, P. 2, Vũng Tàu, Bà Rịa - Vũng Tàu"
Voucher Shrimp Burger tại Lotteria,Lotteria,"227 Nam Kỳ Khởi Nghĩa - 378 Lê Hồng Phong, P. 03, Vũng Tàu, Bà Rịa - Vũng Tàu"
Voucher Shrimp Burger tại Lotteria,Lotteria,"Tầng 1, Góc đường 3/2 - Thi Sách, P. 8, Vũng Tàu, Bà Rịa - Vũng Tàu"
Voucher Shrimp Burger tại Lotteria,Lotteria,"Shop GF-01, Ấp Thanh Ba, Xã Mỹ Lộc, Thị trấn Cần Giuộc, Huyện Cần Giuộc, Long An"
Voucher Shrimp Burger tại Lotteria,Lotteria,"15 Trương Định - 11 Phan Đình Phùng, KP. 01, P. 1, Thị xã Gò Công, Tiền Giang"
Voucher Shrimp Burger tại Lotteria,Lotteria,"545 Lê Văn Phẩm, P. 5, Mỹ Tho, Tiền Giang"
Voucher Shrimp Burger tại Lotteria,Lotteria,"34 Ngô Quyền, P. 1, Mỹ Tho, Tiền Giang"
Voucher Shrimp Burger tại Lotteria,Lotteria,"Go Mart Trà Vinh, Đường Võ Nguyên Giáp, P. 7, Trà Vinh"
Voucher Shrimp Burger tại Lotteria,Lotteria,"Tầng trệt, Nguyễn Sinh Sắc, khóm 2, P. 2, Sa Đéc, Đồng Tháp"
Voucher Shrimp Burger tại Lotteria,Lotteria,"65 Nguyễn Huệ, P. 01, Cao Lãnh, Đồng Tháp"
Voucher Shrimp Burger tại Lotteria,Lotteria,"01 Ngô Thời Nhậm, P. 1, Cao Lãnh, Đồng Tháp"
Voucher Shrimp Burger tại Lotteria,Lotteria,"92 Nguyễn Trãi, P. Mỹ Long, Long Xuyên, An Giang"
Voucher Shrimp Burger tại Lotteria,Lotteria,"29 Trần Hưng Đạo, P. 5, Cà Mau, Cà Mau"
Voucher Soy Bean Chicken Set tại Lotteria,Lotteria,"Lô D5, KĐTM Cầu Giấy, P. Dịch Vọng, Quận Cầu Giấy, Hà Nội"
Voucher Soy Bean Chicken Set tại Lotteria,Lotteria,"34 Hoàng Cầu, P. Ô Chợ Dừa, Quận Đống Đa, Hà Nội"
Voucher Soy Bean Chicken Set tại Lotteria,Lotteria,"Tầng 2 Big C Thăng Long, 222 Trần Duy Hưng, P. Trung Hòa, Quận Cầu Giấy, Hà Nội"
Voucher Soy Bean Chicken Set tại Lotteria,Lotteria,"Tòa Horizon city, 87 Lĩnh Nam, P. Mai Động, Quận Hoàng Mai, Hà Nội"
Voucher Soy Bean Chicken Set tại Lotteria,Lotteria,"23 Hàng Thanh, P. Nguyễn Trung Trực, Quận Ba Đình, Hà Nội"
Voucher Soy Bean Chicken Set tại Lotteria,Lotteria,"Tầng 1 Tòa A8, An Bình City, 232 Phạm Văn Đồng, Quận Bắc Từ Liêm, Hà Nội"
Voucher Soy Bean Chicken Set tại Lotteria,Lotteria,"72A Nguyễn Trãi, Quận Thanh Xuân, Hà Nội"
Voucher Soy Bean Chicken Set tại Lotteria,Lotteria,"210-212 Nguyễn Văn Cừ, P. Ngọc Lâm, Quận Long Biên, Hà Nội"
Voucher Soy Bean Chicken Set tại Lotteria,Lotteria,"112 Trần Duy Hưng, P. Trung Hòa, Quận Cầu Giấy, Hà Nội"
Voucher Soy Bean Chicken Set tại Lotteria,Lotteria,"Tầng hầm B1 Times City, 458 Minh Khai, P. Vĩnh Tuy, Quận Hai Bà Trưng, Hà Nội"
Voucher Soy Bean Chicken Set tại Lotteria,Lotteria,"Tầng 1 CT 4A.B KĐT Xa La, xã Phúc La, Quận Hà Đông, Hà Nội"
Voucher Soy Bean Chicken Set tại Lotteria,Lotteria,"TTTM Mê Linh, Tô Hiệu, Quận Hà Đông, Hà Nội"
Voucher Soy Bean Chicken Set tại Lotteria,Lotteria,"Phạm Văn Đồng, P. Cổ Nhuế 1, Quận Bắc Từ Liêm, Hà Nội"
Voucher Soy Bean Chicken Set tại Lotteria,Lotteria,"Ngã 3 Đào Duy Anh - Kim Liên - Phạm Ngọc Thạch, Quận Đống Đa, Hà Nội"
Voucher Soy Bean Chicken Set tại Lotteria,Lotteria,"Tầng 1 tòa nhà Housing, 299 Trung Kính, Trung Hòa, Quận Cầu Giấy, Hà Nội"
Voucher Soy Bean Chicken Set tại Lotteria,Lotteria,"Toà nhà Mandarin Garden 2, Số 493 Tân Mai, P. Tân Mai, Quận Hoàng Mai, Hà Nội"
Voucher Soy Bean Chicken Set tại Lotteria,Lotteria,"64 BT X2, khu đô thị Bắc Linh Đàm, Quận Hoàng Mai, Hà Nội"
Voucher Soy Bean Chicken Set tại Lotteria,Lotteria,"201 Khâm Thiên, Quận Đống Đa, Hà Nội"
Voucher Soy Bean Chicken Set tại Lotteria,Lotteria,"154 Bà Triệu, Nguyễn Du, Quận Hai Bà Trưng, Hà Nội"
Voucher Soy Bean Chicken Set tại Lotteria,Lotteria,"152 Thái Thịnh, Láng Hạ, Quận Đống Đa, Hà Nội"
Voucher Soy Bean Chicken Set tại Lotteria,Lotteria,"TTTM EBEST xã Minh Khai, Quận Từ Liêm, Hà Nội"
Voucher Soy Bean Chicken Set tại Lotteria,Lotteria,"Tầng 1, Aeon Mall Long Biên, Cổ Linh, Quận Long Biên, Hà Nội"
Voucher Soy Bean Chicken Set tại Lotteria,Lotteria,"Tầng 1C2 Nguyễn Cơ Thạch, KĐT Mỹ Đình, Quận Từ Liêm, Hà Nội"
Voucher Soy Bean Chicken Set tại Lotteria,Lotteria,"138 Lê Thanh Nghị, P. Bách Khoa, Quận Hai Bà Trưng, Hà Nội"
Voucher Soy Bean Chicken Set tại Lotteria,Lotteria,"7-9 Đinh Tiên Hoàng, P. Hàng Bạc, Quận Hoàn Kiếm, Hà Nội"
Voucher Soy Bean Chicken Set tại Lotteria,Lotteria,"01 Núi Trúc, P.Kim Mã, Quận Ba Đình, Hà Nội"
Voucher Soy Bean Chicken Set tại Lotteria,Lotteria,"298 Cầu Giấy, P. Quan Hoa, Quận Cầu Giấy, Hà Nội"
Voucher Soy Bean Chicken Set tại Lotteria,Lotteria,"391 Hoàng Quốc Việt, P. Nghĩa Tân, Quận Cầu giấy, Hà Nội"
Voucher Soy Bean Chicken Set tại Lotteria,Lotteria,"66 Lò Đúc, P. Phạm Đình Hổ, Quận Hai Bà Trưng, Hà Nội"
Voucher Soy Bean Chicken Set tại Lotteria,Lotteria,"Tầng 4 , Ô số 430+431, Lotte Mall, Ngõ 683 Lạc Long Quân, P. Phú Thượng, Quận Tây Hồ, Hà Nội"
Voucher Soy Bean Chicken Set tại Lotteria,Lotteria,"203 Nguyễn Thị Minh Khai, P. Minh Khai, Quận Hai Bà Trưng, Hà Nội"
Voucher Soy Bean Chicken Set tại Lotteria,Lotteria,"Tầng 1 Mễ Trì, P. Mễ Trì, Quận Từ Liêm, Hà Nội"
Voucher Soy Bean Chicken Set tại Lotteria,Lotteria,"TTTM Savico Nguyễn Văn Linh, Quận Long Biên, Hà Nội"
Voucher Soy Bean Chicken Set tại Lotteria,Lotteria,"2A Trần Vũ, P. Quán Thánh, Quận Ba Đình, Hà Nội"
Voucher Soy Bean Chicken Set tại Lotteria,Lotteria,"Km 10 Nguyễn Trãi, P. Mỗ Lao, Quận Hà Đông, Hà Nội"
Voucher Soy Bean Chicken Set tại Lotteria,Lotteria,"Ngã 3 Yên Xá, Tân Triều, Quận Hà Đông, Hà Nội"
Voucher Soy Bean Chicken Set tại Lotteria,Lotteria,"103DN11 Nguyễn Khánh Toàn, P. Quan Hoa, Quận Cầu Giấy, Hà Nội"
Voucher Soy Bean Chicken Set tại Lotteria,Lotteria,"54 Liễu Giai, P. Cống Vị, Quận Ba Đình, Hà Nội"
Voucher Soy Bean Chicken Set tại Lotteria,Lotteria,"445a Lạc Long Quân, Phường Xuân La, Quận Tây Hồ, Hà Nội"
Voucher Soy Bean Chicken Set tại Lotteria,Lotteria,"Tầng 1 Citimart Hà Đông, CT 7A-CT7B KĐTM Văn Quán, P. Phúc La, Quận Hà Đông, Hà Nội"
Voucher Soy Bean Chicken Set tại Lotteria,Lotteria,"63 Huỳnh Thúc Kháng, P. Láng Hạ, Quận Đống Đa, Hà Nội"
Voucher Soy Bean Chicken Set tại Lotteria,Lotteria,"SH20.21 Tòa S1.05 Vinhomes Ocean Park, xã Đa Tốn, Huyện Gia Lâm, Hà Nội"
Voucher Soy Bean Chicken Set tại Lotteria,Lotteria,"TTTM Aeon Mall, P. Dương Nội, Quận Hà Đông, Hà Nội"
Voucher Soy Bean Chicken Set tại Lotteria,Lotteria,"437 Bạch Mai, P. Trương Định, Quận Hai Bà Trưng, Hà Nội"
Voucher Soy Bean Chicken Set tại Lotteria,Lotteria,"250B Lý Chính Thắng, P. 9, Quận 3, Hồ Chí Minh"
Voucher Soy Bean Chicken Set tại Lotteria,Lotteria,"Pico Plaza, 20 Cộng Hòa, P. 12, Quận Tân Bình, Hồ Chí Minh"
Voucher Soy Bean Chicken Set tại Lotteria,Lotteria,"10 Võ Văn Ngân, P. Trường Thọ, Quận Thủ Đức, Hồ Chí Minh"
Voucher Soy Bean Chicken Set tại Lotteria,Lotteria,"68 Lê Văn Việt, Tổ 11, KP. 2, P. Hiệp Phú, Quận 9, Hồ Chí Minh"
Voucher Soy Bean Chicken Set tại Lotteria,Lotteria,"102 Lê Quốc Hưng, P. 12, Quận 4, Hồ Chí Minh"
Voucher Soy Bean Chicken Set tại Lotteria,Lotteria,"1271 Tỉnh lộ 10, KP. 9, P. Tân Tạo, Quận Bình Tân, Hồ Chí Minh"
Voucher Soy Bean Chicken Set tại Lotteria,Lotteria,"52 Hậu Giang, P. 06, Quận 6, Hồ Chí Minh"
Voucher Soy Bean Chicken Set tại Lotteria,Lotteria,"220/151/3B - 222 Xô Viết Nghệ Tĩnh, P. 21, Quận Bình Thạnh, Hồ Chí Minh"
Voucher Soy Bean Chicken Set tại Lotteria,Lotteria,"309 - 311 Vành Đai Trong, P. Bình Trị Đông B, Quận Bình Tân, Hồ Chí Minh"
Voucher Soy Bean Chicken Set tại Lotteria,Lotteria,"09 Quang Trung, P. 11, Quận Gò Vấp, Hồ Chí Minh"
Voucher Soy Bean Chicken Set tại Lotteria,Lotteria,"251 Phan Xích Long, KDC Rạch Miễu P. 7, Quận Phú Nhuận, Hồ Chí Minh"
Voucher Soy Bean Chicken Set tại Lotteria,Lotteria,"01 Nguyễn Thông, P. 9, Quận 3, Hồ Chí Minh"
Voucher Soy Bean Chicken Set tại Lotteria,Lotteria,"175 H òa Bình, P. Hiệp Tân, Quận Tân Phú, Hồ Chí Minh"
Voucher Soy Bean Chicken Set tại Lotteria,Lotteria,"TTTM Big C City Land, Lô A, KDC City Land, Số 99 Nguyễn Thị Thập, Quận 7, Hồ Chí Minh"
Voucher Soy Bean Chicken Set tại Lotteria,Lotteria,"968 Ba Tháng Hai, P. 15, Quận 11, Hồ Chí Minh"
Voucher Soy Bean Chicken Set tại Lotteria,Lotteria,"175 (số cũ 19/35) Độc Lập, P. Tân Quý, Quận Tân Phú, Hồ Chí Minh"
Voucher Soy Bean Chicken Set tại Lotteria,Lotteria,"114 Trần Hưng Đạo, P. 7, Quận 5, Hồ Chí Minh"
Voucher Soy Bean Chicken Set tại Lotteria,Lotteria,"307A (số cũ 155A) Tô Hiến Thành, P. 13, Quận 10, Hồ Chí Minh"
Voucher Soy Bean Chicken Set tại Lotteria,Lotteria,"604 - 606 Điện Biên Phủ, P. 22, Quận Bình Thạnh, Hồ Chí Minh"
Voucher Soy Bean Chicken Set tại Lotteria,Lotteria,"72 Ngô Tất Tố, Phường 19, Quận Bình Thạnh, Hồ Chí Minh"
Voucher Soy Bean Chicken Set tại Lotteria,Lotteria,"283 Võ Văn Ngân, P. Linh Chiểu, Quận Thủ Đức, Hồ Chí Minh"
Voucher Soy Bean Chicken Set tại Lotteria,Lotteria,"187 Xuân Hồng, Phường 12, Quận Tân Bình, Hồ Chí Minh"
Voucher Soy Bean Chicken Set tại Lotteria,Lotteria,"346B Lê Quang Định, P. 11, Quận Bình Thạnh, Hồ Chí Minh"
Voucher Soy Bean Chicken Set tại Lotteria,Lotteria,"TTTM Mua Sắm Aeon - Tân Phú Celadon, 30 Bờ Bao Tân Thắng, P. Sơn Kỳ, Quận Tân Phú, Hồ Chí Minh"
Voucher Soy Bean Chicken Set tại Lotteria,Lotteria,"Tầng 1, 18 Phan Văn Trị, P. 10, Quận Gò Vấp, Hồ Chí Minh"
Voucher Soy Bean Chicken Set tại Lotteria,Lotteria,"211 - 213 Bình Phú, P. 11, Quận 6, Hồ Chí Minh"
Voucher Soy Bean Chicken Set tại Lotteria,Lotteria,"445 Bạch Đằng, P. 12, Quận Bình Thạnh, Hồ Chí Minh"
Voucher Soy Bean Chicken Set tại Lotteria,Lotteria,"Khu B, KĐT mới An Phú - An Khánh, P. An Phú, Quận 2, Hồ Chí Minh"
Voucher Soy Bean Chicken Set tại Lotteria,Lotteria,"572A Ba Tháng Hai, P. 14, Quận 10, Hồ Chí Minh"
Voucher Soy Bean Chicken Set tại Lotteria,Lotteria,"95A Trần Hưng Đạo, P. Cầu Ông Lãnh, Quận 1, Hồ Chí Minh"
Voucher Soy Bean Chicken Set tại Lotteria,Lotteria,"Tầng 5, 101 Tôn Dật Tiên, P. Tân Phú, Quận 7, Hồ Chí Minh"
Voucher Soy Bean Chicken Set tại Lotteria,Lotteria,"66 Mạc Cửu-67 Vạn Kiếp, P. 13, Quận 5, Hồ Chí Minh"
Voucher Soy Bean Chicken Set tại Lotteria,Lotteria,"11 Sư Phạn Vạn Hạnh, P. 12, Quận 10, Hồ Chí Minh"
Voucher Soy Bean Chicken Set tại Lotteria,Lotteria,"33 Nguyễn Văn Nghi, P. 4, Quận Gò Vấp, Hồ Chí Minh"
Voucher Soy Bean Chicken Set tại Lotteria,Lotteria,"158 - 160 Lê Bình, P. 4, Quận Tân Bình, Hồ Chí Minh"
Voucher Soy Bean Chicken Set tại Lotteria,Lotteria,"111 Dương Bá Trạc, P. 1, Quận 8, Hồ Chí Minh"
Voucher Soy Bean Chicken Set tại Lotteria,Lotteria,"357 Quốc lộ 22, ấp Thượng, xã Tân Thông Hội, Huyện Củ Chi, Hồ Chí Minh"
Voucher Soy Bean Chicken Set tại Lotteria,Lotteria,"P5 _SH.02 Tòa Park 5 Vinhomes Central, 20A Điện Biên Phủ, Phường 22, Quận Bình Thạnh, Hồ Chí Minh"
Voucher Soy Bean Chicken Set tại Lotteria,Lotteria,"469 Nguyễn Hữu Thọ, P. Tân Hưng, Quận 7, Hồ Chí Minh"
Voucher Soy Bean Chicken Set tại Lotteria,Lotteria,"S6.0301.S04 & S6.0301.S03 Origami Vinhomes Grand Park, Quận 9, Hồ Chí Minh"
Voucher Soy Bean Chicken Set tại Lotteria,Lotteria,"292 Đinh Bộ Lĩnh, P. 26, Quận Bình Thạnh, Hồ Chí Minh"
Voucher Soy Bean Chicken Set tại Lotteria,Lotteria,"Số 2 Song Hành (gần Cầu Đen), P. An Phú, Quận 2, Hồ Chí Minh"
Voucher Soy Bean Chicken Set tại Lotteria,Lotteria,"Coopmart Tuy Lý Vương, 40 - 54 Tuy Lý Vương, P. 13, Quận 8, Hồ Chí Minh"
Voucher Soy Bean Chicken Set tại Lotteria,Lotteria,"801 Hồng Bàng, P. 9, Quận 6, Hồ Chí Minh"
Voucher Soy Bean Chicken Set tại Lotteria,Lotteria,"573 Huỳnh Tấn Phát, P. Tân Thuận Đông, Quận 7, Hồ Chí Minh"
Voucher Soy Bean Chicken Set tại Lotteria,Lotteria,"11-11 Bis Nguyễn Thị Minh Khai, P. Bến Nghé, Quận 1, Hồ Chí Minh"
Voucher Soy Bean Chicken Set tại Lotteria,Lotteria,"303 Trần Hưng Đạo, P. Nguyễn Cư Trinh, Quận 1, Hồ Chí Minh"
Voucher Soy Bean Chicken Set tại Lotteria,Lotteria,"1397 Nguyễn Văn Linh, KP Mỹ Khánh 2-H4-2, P. Tân Phong, Quận 7, Hồ Chí Minh"
Voucher Soy Bean Chicken Set tại Lotteria,Lotteria,"380 Thoại Ngọc Hầu, P. Phú Thạnh, Quận Tân Phú, Hồ Chí Minh"
Voucher Soy Bean Chicken Set tại Lotteria,Lotteria,"70 - 72 Bàu Cát, P. 14, Quận Tân Bình, Hồ Chí Minh"
Voucher Soy Bean Chicken Set tại Lotteria,Lotteria,"02 Ngô Gia Tự - 145 Lý Thái Tổ, P. 9, Quận 10, Hồ Chí Minh"
Voucher Soy Bean Chicken Set tại Lotteria,Lotteria,"159/6 - 160/1 ấp Trung Chánh, xã Tân Xuân, Huyện Hóc Môn, Hồ Chí Minh"
Voucher Soy Bean Chicken Set tại Lotteria,Lotteria,"92A Phan Chu Trinh, Quận Hải Châu, Đà Nẵng"
Voucher Soy Bean Chicken Set tại Lotteria,Lotteria,"Trần Nhân Tông, Bình Than, Quận Sơn Trà, Đà Nẵng"
Voucher Soy Bean Chicken Set tại Lotteria,Lotteria,"568 Trưng Nữ Vương, P. Hòa Thuận Tây, Quận Hải Châu, Đà Nẵng"
Voucher Soy Bean Chicken Set tại Lotteria,Lotteria,"120 Nguyễn Thị Minh Khai, P. Hải Châu 1, Quận Hải Châu, Đà Nẵng"
Voucher Soy Bean Chicken Set tại Lotteria,Lotteria,"06 Trần Hưng Đạo, P. Phú Hòa, Thừa Thiên Huế, Thành Phố Huế, Thừa Thiên Huế"
Voucher Soy Bean Chicken Set tại Lotteria,Lotteria,"TTTM khu Quy hoạch Bà Triệu - Hùng Vương, P. Phú Hội, Thừa Thiên Huế, Thành Phố Huế, Thừa Thiên Huế"
Voucher Soy Bean Chicken Set tại Lotteria,Lotteria,"T308, Tầng 3 Trung tâm thương mại Aeon Mall Huế, Số 8 đường Võ Nguyên Giáp, Phường An Đông, Huế, Thừa Thiên Huế"
Voucher Soy Bean Chicken Set tại Lotteria,Lotteria,"118 - 120 Trần Nguyên Hãn, Quận Lê Trân, Hải Phòng"
Voucher Soy Bean Chicken Set tại Lotteria,Lotteria,"88 Trần Phú, Quận Ngô Quyền, Hải Phòng"
Voucher Soy Bean Chicken Set tại Lotteria,Lotteria,"207C Lạch Tray, Quận Ngô Quyền, Hải Phòng"
Voucher Soy Bean Chicken Set tại Lotteria,Lotteria,"317 Trần Thành Ngọ, Quận Kiến An, Hải Phòng"
Voucher Soy Bean Chicken Set tại Lotteria,Lotteria,"Lô 1/20 KĐT ngã 5, Sân bay Cát Bi, Quận Ngô Quyền, Hải Phòng"
Voucher Soy Bean Chicken Set tại Lotteria,Lotteria,"Số 2 Phạm Minh Đức, Phường Máy Tơ, Quận Ngô Quyền, Hải Phòng"
Voucher Soy Bean Chicken Set tại Lotteria,Lotteria,"170 Nguyễn Văn Cừ, P. An Khánh, Quận Ninh Kiều, Cần Thơ"
Voucher Soy Bean Chicken Set tại Lotteria,Lotteria,"Lô 01, KDC Hưng Phú 1, P. Hưng Phú, Quận Cái Răng, Cần Thơ"
Voucher Soy Bean Chicken Set tại Lotteria,Lotteria,"Lô 1F11, Lottemart, số 84 Mậu Thân, Phường An Hòa, Quận Ninh Kiều, Cần Thơ"
Voucher Soy Bean Chicken Set tại Lotteria,Lotteria,"Soiva Plaza Me Linh, Quận Khai Hoang, Vĩnh Yên, Vĩnh Phúc"
Voucher Soy Bean Chicken Set tại Lotteria,Lotteria,"TTTM Vincom Plaza, Đường Cù Chính Lan, Đồng Tiến, Hoà Bình"
Voucher Soy Bean Chicken Set tại Lotteria,Lotteria,"Tầng 3, Vincom Bắc Kan, Số 8A Đức Xuân, Bắc Kạn"
Voucher Soy Bean Chicken Set tại Lotteria,Lotteria,"Ngã 6, Plot 26, Khu 13, P. Kim Tân, Lào Cai, Lào Cai"
Voucher Soy Bean Chicken Set tại Lotteria,Lotteria,"Đường Cầu Kì Lừa, P. Chi Lăng, Lạng Sơn, Lạng Sơn"
Voucher Soy Bean Chicken Set tại Lotteria,Lotteria,"Tầng 1 TTTM Big C Bắc Giang, ngã 4 Hùng Vương kéo dài, xã Tân Tiến, Bắc Giang, Bắc Giang"
Voucher Soy Bean Chicken Set tại Lotteria,Lotteria,"TTTM Big C Việt Trì, Nguyễn Tất Thành, P. Thanh Miếu, Việt Trì, Phú Thọ"
Voucher Soy Bean Chicken Set tại Lotteria,Lotteria,"Lầu 3, Vincom Sơn La, Trường Chinh, P. Quyết Thắng, Sơn La, Sơn La"
Voucher Soy Bean Chicken Set tại Lotteria,Lotteria,"TTTM Thiên Trường, Quận Lộc Hòa, Nam Định"
Voucher Soy Bean Chicken Set tại Lotteria,Lotteria,"02 Hồng Quang, P. Quang Trung, Hải Dương"
Voucher Soy Bean Chicken Set tại Lotteria,Lotteria,"TTTM Big C, Cột 5, P. Hồng Hải, Hạ Long, Quảng Ninh"
Voucher Soy Bean Chicken Set tại Lotteria,Lotteria,"TTTM Vincom Hạ Long, P. Bạch Đằng, Hạ Long, Quảng Ninh"
Voucher Soy Bean Chicken Set tại Lotteria,Lotteria,"160 Lê Thánh Tôn, Hạ Long, Quảng Ninh"
Voucher Soy Bean Chicken Set tại Lotteria,Lotteria,"02 Trần Khánh Dư, P. Cẩm Đông, Cẩm Phả, Quảng Ninh"
Voucher Soy Bean Chicken Set tại Lotteria,Lotteria,"TTTM Big C Ninh Bình, Trần Nhân Tông, Xã Ninh Phúc, Ninh Bình"
Voucher Soy Bean Chicken Set tại Lotteria,Lotteria,"Số 342-346 Trần Hưng Đạo, P. Cửa Bắc, Thành phố Nam Định, Nam Định"
Voucher Soy Bean Chicken Set tại Lotteria,Lotteria,"Tầng 1 Big C Thanh Hóa, Xã Đông Hải, Thanh Hóa"
Voucher Soy Bean Chicken Set tại Lotteria,Lotteria,"TTTM Vincom Plaza Thanh Hóa, Phường Trần Phú, Thanh Hóa"
Voucher Soy Bean Chicken Set tại Lotteria,Lotteria,"Tầng 3-16, Lotte Mart Vinh, 295 đường V.I Lê Ninh, P. Hà Huy Tập, Vinh, Nghệ An"
Voucher Soy Bean Chicken Set tại Lotteria,Lotteria,"TTTM Big C Vinh, 02 Quang Trung, Vinh, Nghệ An"
Voucher Soy Bean Chicken Set tại Lotteria,Lotteria,"87A Nguyễn Văn Cừ, Khối 2, Phường Trường Thi, Vinh, Nghệ An"
Voucher Soy Bean Chicken Set tại Lotteria,Lotteria,"74 Trần Phú, P. Bắc Hà, Hà Tĩnh"
Voucher Soy Bean Chicken Set tại Lotteria,Lotteria,"Số 1 Hùng Vương, Phường Cẩm Phô, Hội An, Quảng Nam"
Voucher Soy Bean Chicken Set tại Lotteria,Lotteria,"117B Đại lộ Hùng Vương, Trần Hưng Đạo, Quảng Ngãi"
Voucher Soy Bean Chicken Set tại Lotteria,Lotteria,"Cổng Nam TTTM Go! Đường Lý Thường Kiệt, Nghĩa Chánh, Quảng Ngãi"
Voucher Soy Bean Chicken Set tại Lotteria,Lotteria,"01 Phan Bội Châu, P. Hội Thương, Pleiku, Gia Lai"
Voucher Soy Bean Chicken Set tại Lotteria,Lotteria,"KĐT xanh Vũng Chua, P. Ghềnh Ráng, Quy Nhơn, Bình Định"
Voucher Soy Bean Chicken Set tại Lotteria,Lotteria,"02 - 2A Nguyễn Thái Học, Quy Nhơn, Bình Định"
Voucher Soy Bean Chicken Set tại Lotteria,Lotteria,"178 Y Jut, Thắng Lợi, Buôn Ma Thuột, Đắk Lắk"
Voucher Soy Bean Chicken Set tại Lotteria,Lotteria,"2+2/1 Nguyễn Đình Chiểu, P. Vĩnh Phước, Nha Trang, Khánh Hòa"
Voucher Soy Bean Chicken Set tại Lotteria,Lotteria,"73 Thống Nhất, Nha Trang, Khánh Hòa"
Voucher Soy Bean Chicken Set tại Lotteria,Lotteria,"CTXD số SB.D-70, Dự án Công viên văn hóa Vinwonders Nha Trang, Đảo Hòn Tre, P. Vĩnh Nguyên, Nha Trang, Khánh Hòa"
Voucher Soy Bean Chicken Set tại Lotteria,Lotteria,"Lô 04, đường 19/5, KĐT Vĩnh Điềm Trung, xã Vĩnh Hiệp, Nha Trang, Khánh Hòa"
Voucher Soy Bean Chicken Set tại Lotteria,Lotteria,"2038 Hùng Vương, P. Cam Lộc, Cam Ranh, Khánh Hòa"
Voucher Soy Bean Chicken Set tại Lotteria,Lotteria,"133 Bà Triệu, P. Thắng Lợi, Kon Tum, Kon Tum"
Voucher Soy Bean Chicken Set tại Lotteria,Lotteria,"285 Bùi Thị Xuân, P. 8, Đà Lạt, Lâm Đồng"
Voucher Soy Bean Chicken Set tại Lotteria,Lotteria,"01 Nguyễn Thị Minh Khai, P. 01, Đà Lạt, Lâm Đồng"
Voucher Soy Bean Chicken Set tại Lotteria,Lotteria,"Tầng trệt, Tháp nước, Trần Phú, P. 2, Bảo Lộc, Lâm Đồng"
Voucher Soy Bean Chicken Set tại Lotteria,Lotteria,"Quảng Trường Lâm Viên, góc đường Hồ Tùng Mậu - Trần Quốc Thảo, P. 10, Đà Lạt, Lâm Đồng"
Voucher Soy Bean Chicken Set tại Lotteria,Lotteria,"1A Nguyễn Tất Thành, P. Bình Hưng, Phan Thiết, Bình Thuận"
Voucher Soy Bean Chicken Set tại Lotteria,Lotteria,"62 Thủ Khoa Huân, KP. 1, P. Bình Hưng, Phan Thiết, Bình Thuận"
Voucher Soy Bean Chicken Set tại Lotteria,Lotteria,"KDC Hùng Vương 1, P. Phú Thủy, Phan Thiết, Bình Thuận"
Voucher Soy Bean Chicken Set tại Lotteria,Lotteria,"198 Hùng Vương, P. Xuân Bình, Thị xã Long Khánh, Đồng Nai"
Voucher Soy Bean Chicken Set tại Lotteria,Lotteria,"03 Phan Chu Trinh, P. Quang Vinh, Biên Hòa, Đồng Nai"
Voucher Soy Bean Chicken Set tại Lotteria,Lotteria,"Lô B-03, KTM Amata, Quốc lộ 1A, P. Long Bình, Biên Hòa, Đồng Nai"
Voucher Soy Bean Chicken Set tại Lotteria,Lotteria,"F230-F231 Võ Thị Sáu, Phường Thống Nhất, Biên Hòa, Đồng Nai"
Voucher Soy Bean Chicken Set tại Lotteria,Lotteria,"Quốc Lộ 51, KP 1, P. Long Bình Tân, Biên Hòa, Đồng Nai"
Voucher Soy Bean Chicken Set tại Lotteria,Lotteria,"Siêu Thị Hoàng Đức Gia Kiệm - 166 ấp Bạch Lâm 1, xã Gia Tân 2, Huyện Thống Nhất, Đồng Nai"
Voucher Soy Bean Chicken Set tại Lotteria,Lotteria,"TTTM Chợ Thanh Hà, Trần Phú, P. Phủ Hòa, Phan Rang - Tháp Chàm, Ninh Thuận"
Voucher Soy Bean Chicken Set tại Lotteria,Lotteria,"TTMS Aeon - Bình Dương Canary, 1 Đại Lộ Bình Dương, KP. Bình Giao, P. Thuận Giao, Thị xã Thuận An, Bình Dương"
Voucher Soy Bean Chicken Set tại Lotteria,Lotteria,"231 Yersin, P. Hiệp Thành, Thị xã Thủ Dầu Một, Bình Dương"
Voucher Soy Bean Chicken Set tại Lotteria,Lotteria,"TTTM Green Square, P. Đông Hòa, Thị xã Dĩ An, Bình Dương"
Voucher Soy Bean Chicken Set tại Lotteria,Lotteria,"368 đường 30/4 P. Chánh Nghĩa, Thị xã Thủ Dầu Một, Bình Dương"
Voucher Soy Bean Chicken Set tại Lotteria,Lotteria,"555B đại lộ Bình Dương, P. Hiệp Bình, Thị xã Thủ Dầu Một, Bình Dương"
Voucher Soy Bean Chicken Set tại Lotteria,Lotteria,"KĐT The Seasons Bình Dương, P. Lái Thiêu, Thị xã Thuận An, Bình Dương"
Voucher Soy Bean Chicken Set tại Lotteria,Lotteria,"01 Trần Hưng Đạo, P. Phú Cường, Thị xã Thủ Dầu Một, Bình Dương"
Voucher Soy Bean Chicken Set tại Lotteria,Lotteria,"576 Cách Mạng Tháng Tám, Phường 3, Tây Ninh"
Voucher Soy Bean Chicken Set tại Lotteria,Lotteria,"Tầng trệt, KP. Lộc An, Thị trấn Trảng Bàng, Huyện Trảng Bàng, Tây Ninh"
Voucher Soy Bean Chicken Set tại Lotteria,Lotteria,"09 Hạ Long, P. 2, Vũng Tàu, Bà Rịa - Vũng Tàu"
Voucher Soy Bean Chicken Set tại Lotteria,Lotteria,"227 Nam Kỳ Khởi Nghĩa - 378 Lê Hồng Phong, P. 03, Vũng Tàu, Bà Rịa - Vũng Tàu"
Voucher Soy Bean Chicken Set tại Lotteria,Lotteria,"Tầng 1, Góc đường 3/2 - Thi Sách, P. 8, Vũng Tàu, Bà Rịa - Vũng Tàu"
Voucher Soy Bean Chicken Set tại Lotteria,Lotteria,"Shop GF-01, Ấp Thanh Ba, Xã Mỹ Lộc, Thị trấn Cần Giuộc, Huyện Cần Giuộc, Long An"
Voucher Soy Bean Chicken Set tại Lotteria,Lotteria,"545 Lê Văn Phẩm, P. 5, Mỹ Tho, Tiền Giang"
Voucher Soy Bean Chicken Set tại Lotteria,Lotteria,"15 Trương Định - 11 Phan Đình Phùng, KP. 01, P. 1, Thị xã Gò Công, Tiền Giang"
Voucher Soy Bean Chicken Set tại Lotteria,Lotteria,"34 Ngô Quyền, P. 1, Mỹ Tho, Tiền Giang"
Voucher Soy Bean Chicken Set tại Lotteria,Lotteria,"Go Mart Trà Vinh, Đường Võ Nguyên Giáp, P. 7, Trà Vinh"
Voucher Soy Bean Chicken Set tại Lotteria,Lotteria,"Tầng trệt, Nguyễn Sinh Sắc, khóm 2, P. 2, Sa Đéc, Đồng Tháp"
Voucher Soy Bean Chicken Set tại Lotteria,Lotteria,"01 Ngô Thời Nhậm, P. 1, Cao Lãnh, Đồng Tháp"
Voucher Soy Bean Chicken Set tại Lotteria,Lotteria,"65 Nguyễn Huệ, P. 01, Cao Lãnh, Đồng Tháp"
Voucher Soy Bean Chicken Set tại Lotteria,Lotteria,"92 Nguyễn Trãi, P. Mỹ Long, Long Xuyên, An Giang"
Voucher Soy Bean Chicken Set tại Lotteria,Lotteria,"29 Trần Hưng Đạo, P. 5, Cà Mau, Cà Mau"
Voucher Cheese Chicken Set tại Lotteria,Lotteria,"Ngã 3 Đào Duy Anh - Kim Liên - Phạm Ngọc Thạch, Quận Đống Đa, Hà Nội"
Voucher Cheese Chicken Set tại Lotteria,Lotteria,"Phạm Văn Đồng, P. Cổ Nhuế 1, Quận Bắc Từ Liêm, Hà Nội"
Voucher Cheese Chicken Set tại Lotteria,Lotteria,"Toà nhà Mandarin Garden 2, Số 493 Tân Mai, P. Tân Mai, Quận Hoàng Mai, Hà Nội"
Voucher Cheese Chicken Set tại Lotteria,Lotteria,"64 BT X2, khu đô thị Bắc Linh Đàm, Quận Hoàng Mai, Hà Nội"
Voucher Cheese Chicken Set tại Lotteria,Lotteria,"201 Khâm Thiên, Quận Đống Đa, Hà Nội"
Voucher Cheese Chicken Set tại Lotteria,Lotteria,"154 Bà Triệu, Nguyễn Du, Quận Hai Bà Trưng, Hà Nội"
Voucher Cheese Chicken Set tại Lotteria,Lotteria,"152 Thái Thịnh, Láng Hạ, Quận Đống Đa, Hà Nội"
Voucher Cheese Chicken Set tại Lotteria,Lotteria,"TTTM EBEST xã Minh Khai, Quận Từ Liêm, Hà Nội"
Voucher Cheese Chicken Set tại Lotteria,Lotteria,"Tầng 1, Aeon Mall Long Biên, Cổ Linh, Quận Long Biên, Hà Nội"
Voucher Cheese Chicken Set tại Lotteria,Lotteria,"Tầng 1C2 Nguyễn Cơ Thạch, KĐT Mỹ Đình, Quận Từ Liêm, Hà Nội"
Voucher Cheese Chicken Set tại Lotteria,Lotteria,"138 Lê Thanh Nghị, P. Bách Khoa, Quận Hai Bà Trưng, Hà Nội"
Voucher Cheese Chicken Set tại Lotteria,Lotteria,"7-9 Đinh Tiên Hoàng, P. Hàng Bạc, Quận Hoàn Kiếm, Hà Nội"
Voucher Cheese Chicken Set tại Lotteria,Lotteria,"01 Núi Trúc, P.Kim Mã, Quận Ba Đình, Hà Nội"
Voucher Cheese Chicken Set tại Lotteria,Lotteria,"298 Cầu Giấy, P. Quan Hoa, Quận Cầu Giấy, Hà Nội"
Voucher Cheese Chicken Set tại Lotteria,Lotteria,"391 Hoàng Quốc Việt, P. Nghĩa Tân, Quận Cầu giấy, Hà Nội"
Voucher Cheese Chicken Set tại Lotteria,Lotteria,"66 Lò Đúc, P. Phạm Đình Hổ, Quận Hai Bà Trưng, Hà Nội"
Voucher Cheese Chicken Set tại Lotteria,Lotteria,"Tầng 4 , Ô số 430+431, Lotte Mall, Ngõ 683 Lạc Long Quân, P. Phú Thượng, Quận Tây Hồ, Hà Nội"
Voucher Cheese Chicken Set tại Lotteria,Lotteria,"203 Nguyễn Thị Minh Khai, P. Minh Khai, Quận Hai Bà Trưng, Hà Nội"
Voucher Cheese Chicken Set tại Lotteria,Lotteria,"Tầng 1 Mễ Trì, P. Mễ Trì, Quận Từ Liêm, Hà Nội"
Voucher Cheese Chicken Set tại Lotteria,Lotteria,"TTTM Savico Nguyễn Văn Linh, Quận Long Biên, Hà Nội"
Voucher Cheese Chicken Set tại Lotteria,Lotteria,"2A Trần Vũ, P. Quán Thánh, Quận Ba Đình, Hà Nội"
Voucher Cheese Chicken Set tại Lotteria,Lotteria,"Km 10 Nguyễn Trãi, P. Mỗ Lao, Quận Hà Đông, Hà Nội"
Voucher Cheese Chicken Set tại Lotteria,Lotteria,"Ngã 3 Yên Xá, Tân Triều, Quận Hà Đông, Hà Nội"
Voucher Cheese Chicken Set tại Lotteria,Lotteria,"103DN11 Nguyễn Khánh Toàn, P. Quan Hoa, Quận Cầu Giấy, Hà Nội"
Voucher Cheese Chicken Set tại Lotteria,Lotteria,"54 Liễu Giai, P. Cống Vị, Quận Ba Đình, Hà Nội"
Voucher Cheese Chicken Set tại Lotteria,Lotteria,"445a Lạc Long Quân, Phường Xuân La, Quận Tây Hồ, Hà Nội"
Voucher Cheese Chicken Set tại Lotteria,Lotteria,"Tầng 1 Citimart Hà Đông, CT 7A-CT7B KĐTM Văn Quán, P. Phúc La, Quận Hà Đông, Hà Nội"
Voucher Cheese Chicken Set tại Lotteria,Lotteria,"63 Huỳnh Thúc Kháng, P. Láng Hạ, Quận Đống Đa, Hà Nội"
Voucher Cheese Chicken Set tại Lotteria,Lotteria,"SH20.21 Tòa S1.05 Vinhomes Ocean Park, xã Đa Tốn, Huyện Gia Lâm, Hà Nội"
Voucher Cheese Chicken Set tại Lotteria,Lotteria,"TTTM Aeon Mall, P. Dương Nội, Quận Hà Đông, Hà Nội"
Voucher Cheese Chicken Set tại Lotteria,Lotteria,"34 Hoàng Cầu, P. Ô Chợ Dừa, Quận Đống Đa, Hà Nội"
Voucher Cheese Chicken Set tại Lotteria,Lotteria,"Lô D5, KĐTM Cầu Giấy, P. Dịch Vọng, Quận Cầu Giấy, Hà Nội"
Voucher Cheese Chicken Set tại Lotteria,Lotteria,"437 Bạch Mai, P. Trương Định, Quận Hai Bà Trưng, Hà Nội"
Voucher Cheese Chicken Set tại Lotteria,Lotteria,"Tầng 2 Big C Thăng Long, 222 Trần Duy Hưng, P. Trung Hòa, Quận Cầu Giấy, Hà Nội"
Voucher Cheese Chicken Set tại Lotteria,Lotteria,"23 Hàng Thanh, P. Nguyễn Trung Trực, Quận Ba Đình, Hà Nội"
Voucher Cheese Chicken Set tại Lotteria,Lotteria,"Tầng 1 Tòa A8, An Bình City, 232 Phạm Văn Đồng, Quận Bắc Từ Liêm, Hà Nội"
Voucher Cheese Chicken Set tại Lotteria,Lotteria,"72A Nguyễn Trãi, Quận Thanh Xuân, Hà Nội"
Voucher Cheese Chicken Set tại Lotteria,Lotteria,"210-212 Nguyễn Văn Cừ, P. Ngọc Lâm, Quận Long Biên, Hà Nội"
Voucher Cheese Chicken Set tại Lotteria,Lotteria,"Tòa Horizon city, 87 Lĩnh Nam, P. Mai Động, Quận Hoàng Mai, Hà Nội"
Voucher Cheese Chicken Set tại Lotteria,Lotteria,"112 Trần Duy Hưng, P. Trung Hòa, Quận Cầu Giấy, Hà Nội"
Voucher Cheese Chicken Set tại Lotteria,Lotteria,"Tầng hầm B1 Times City, 458 Minh Khai, P. Vĩnh Tuy, Quận Hai Bà Trưng, Hà Nội"
Voucher Cheese Chicken Set tại Lotteria,Lotteria,"Tầng 1 CT 4A.B KĐT Xa La, xã Phúc La, Quận Hà Đông, Hà Nội"
Voucher Cheese Chicken Set tại Lotteria,Lotteria,"TTTM Mê Linh, Tô Hiệu, Quận Hà Đông, Hà Nội"
Voucher Cheese Chicken Set tại Lotteria,Lotteria,"Tầng 1 tòa nhà Housing, 299 Trung Kính, Trung Hòa, Quận Cầu Giấy, Hà Nội"
Voucher Cheese Chicken Set tại Lotteria,Lotteria,"TTTM Mua Sắm Aeon - Tân Phú Celadon, 30 Bờ Bao Tân Thắng, P. Sơn Kỳ, Quận Tân Phú, Hồ Chí Minh"
Voucher Cheese Chicken Set tại Lotteria,Lotteria,"Tầng 1, 18 Phan Văn Trị, P. 10, Quận Gò Vấp, Hồ Chí Minh"
Voucher Cheese Chicken Set tại Lotteria,Lotteria,"211 - 213 Bình Phú, P. 11, Quận 6, Hồ Chí Minh"
Voucher Cheese Chicken Set tại Lotteria,Lotteria,"445 Bạch Đằng, P. 12, Quận Bình Thạnh, Hồ Chí Minh"
Voucher Cheese Chicken Set tại Lotteria,Lotteria,"Khu B, KĐT mới An Phú - An Khánh, P. An Phú, Quận 2, Hồ Chí Minh"
Voucher Cheese Chicken Set tại Lotteria,Lotteria,"572A Ba Tháng Hai, P. 14, Quận 10, Hồ Chí Minh"
Voucher Cheese Chicken Set tại Lotteria,Lotteria,"95A Trần Hưng Đạo, P. Cầu Ông Lãnh, Quận 1, Hồ Chí Minh"
Voucher Cheese Chicken Set tại Lotteria,Lotteria,"Tầng 5, 101 Tôn Dật Tiên, P. Tân Phú, Quận 7, Hồ Chí Minh"
Voucher Cheese Chicken Set tại Lotteria,Lotteria,"66 Mạc Cửu-67 Vạn Kiếp, P. 13, Quận 5, Hồ Chí Minh"
Voucher Cheese Chicken Set tại Lotteria,Lotteria,"11 Sư Phạn Vạn Hạnh, P. 12, Quận 10, Hồ Chí Minh"
Voucher Cheese Chicken Set tại Lotteria,Lotteria,"33 Nguyễn Văn Nghi, P. 4, Quận Gò Vấp, Hồ Chí Minh"
Voucher Cheese Chicken Set tại Lotteria,Lotteria,"158 - 160 Lê Bình, P. 4, Quận Tân Bình, Hồ Chí Minh"
Voucher Cheese Chicken Set tại Lotteria,Lotteria,"111 Dương Bá Trạc, P. 1, Quận 8, Hồ Chí Minh"
Voucher Cheese Chicken Set tại Lotteria,Lotteria,"357 Quốc lộ 22, ấp Thượng, xã Tân Thông Hội, Huyện Củ Chi, Hồ Chí Minh"
Voucher Cheese Chicken Set tại Lotteria,Lotteria,"P5 _SH.02 Tòa Park 5 Vinhomes Central, 20A Điện Biên Phủ, Phường 22, Quận Bình Thạnh, Hồ Chí Minh"
Voucher Cheese Chicken Set tại Lotteria,Lotteria,"469 Nguyễn Hữu Thọ, P. Tân Hưng, Quận 7, Hồ Chí Minh"
Voucher Cheese Chicken Set tại Lotteria,Lotteria,"S6.0301.S04 & S6.0301.S03 Origami Vinhomes Grand Park, Quận 9, Hồ Chí Minh"
Voucher Cheese Chicken Set tại Lotteria,Lotteria,"292 Đinh Bộ Lĩnh, P. 26, Quận Bình Thạnh, Hồ Chí Minh"
Voucher Cheese Chicken Set tại Lotteria,Lotteria,"Số 2 Song Hành (gần Cầu Đen), P. An Phú, Quận 2, Hồ Chí Minh"
Voucher Cheese Chicken Set tại Lotteria,Lotteria,"Coopmart Tuy Lý Vương, 40 - 54 Tuy Lý Vương, P. 13, Quận 8, Hồ Chí Minh"
Voucher Cheese Chicken Set tại Lotteria,Lotteria,"801 Hồng Bàng, P. 9, Quận 6, Hồ Chí Minh"
Voucher Cheese Chicken Set tại Lotteria,Lotteria,"573 Huỳnh Tấn Phát, P. Tân Thuận Đông, Quận 7, Hồ Chí Minh"
Voucher Cheese Chicken Set tại Lotteria,Lotteria,"11-11 Bis Nguyễn Thị Minh Khai, P. Bến Nghé, Quận 1, Hồ Chí Minh"
Voucher Cheese Chicken Set tại Lotteria,Lotteria,"303 Trần Hưng Đạo, P. Nguyễn Cư Trinh, Quận 1, Hồ Chí Minh"
Voucher Cheese Chicken Set tại Lotteria,Lotteria,"1397 Nguyễn Văn Linh, KP Mỹ Khánh 2-H4-2, P. Tân Phong, Quận 7, Hồ Chí Minh"
Voucher Cheese Chicken Set tại Lotteria,Lotteria,"380 Thoại Ngọc Hầu, P. Phú Thạnh, Quận Tân Phú, Hồ Chí Minh"
Voucher Cheese Chicken Set tại Lotteria,Lotteria,"70 - 72 Bàu Cát, P. 14, Quận Tân Bình, Hồ Chí Minh"
Voucher Cheese Chicken Set tại Lotteria,Lotteria,"02 Ngô Gia Tự - 145 Lý Thái Tổ, P. 9, Quận 10, Hồ Chí Minh"
Voucher Cheese Chicken Set tại Lotteria,Lotteria,"159/6 - 160/1 ấp Trung Chánh, xã Tân Xuân, Huyện Hóc Môn, Hồ Chí Minh"
Voucher Cheese Chicken Set tại Lotteria,Lotteria,"250B Lý Chính Thắng, P. 9, Quận 3, Hồ Chí Minh"
Voucher Cheese Chicken Set tại Lotteria,Lotteria,"Pico Plaza, 20 Cộng Hòa, P. 12, Quận Tân Bình, Hồ Chí Minh"
Voucher Cheese Chicken Set tại Lotteria,Lotteria,"10 Võ Văn Ngân, P. Trường Thọ, Quận Thủ Đức, Hồ Chí Minh"
Voucher Cheese Chicken Set tại Lotteria,Lotteria,"68 Lê Văn Việt, Tổ 11, KP. 2, P. Hiệp Phú, Quận 9, Hồ Chí Minh"
Voucher Cheese Chicken Set tại Lotteria,Lotteria,"102 Lê Quốc Hưng, P. 12, Quận 4, Hồ Chí Minh"
Voucher Cheese Chicken Set tại Lotteria,Lotteria,"1271 Tỉnh lộ 10, KP. 9, P. Tân Tạo, Quận Bình Tân, Hồ Chí Minh"
Voucher Cheese Chicken Set tại Lotteria,Lotteria,"52 Hậu Giang, P. 06, Quận 6, Hồ Chí Minh"
Voucher Cheese Chicken Set tại Lotteria,Lotteria,"220/151/3B - 222 Xô Viết Nghệ Tĩnh, P. 21, Quận Bình Thạnh, Hồ Chí Minh"
Voucher Cheese Chicken Set tại Lotteria,Lotteria,"309 - 311 Vành Đai Trong, P. Bình Trị Đông B, Quận Bình Tân, Hồ Chí Minh"
Voucher Cheese Chicken Set tại Lotteria,Lotteria,"09 Quang Trung, P. 11, Quận Gò Vấp, Hồ Chí Minh"
Voucher Cheese Chicken Set tại Lotteria,Lotteria,"251 Phan Xích Long, KDC Rạch Miễu P. 7, Quận Phú Nhuận, Hồ Chí Minh"
Voucher Cheese Chicken Set tại Lotteria,Lotteria,"01 Nguyễn Thông, P. 9, Quận 3, Hồ Chí Minh"
Voucher Cheese Chicken Set tại Lotteria,Lotteria,"175 H òa Bình, P. Hiệp Tân, Quận Tân Phú, Hồ Chí Minh"
Voucher Cheese Chicken Set tại Lotteria,Lotteria,"TTTM Big C City Land, Lô A, KDC City Land, Số 99 Nguyễn Thị Thập, Quận 7, Hồ Chí Minh"
Voucher Cheese Chicken Set tại Lotteria,Lotteria,"968 Ba Tháng Hai, P. 15, Quận 11, Hồ Chí Minh"
Voucher Cheese Chicken Set tại Lotteria,Lotteria,"175 (số cũ 19/35) Độc Lập, P. Tân Quý, Quận Tân Phú, Hồ Chí Minh"
Voucher Cheese Chicken Set tại Lotteria,Lotteria,"114 Trần Hưng Đạo, P. 7, Quận 5, Hồ Chí Minh"
Voucher Cheese Chicken Set tại Lotteria,Lotteria,"307A (số cũ 155A) Tô Hiến Thành, P. 13, Quận 10, Hồ Chí Minh"
Voucher Cheese Chicken Set tại Lotteria,Lotteria,"604 - 606 Điện Biên Phủ, P. 22, Quận Bình Thạnh, Hồ Chí Minh"
Voucher Cheese Chicken Set tại Lotteria,Lotteria,"72 Ngô Tất Tố, Phường 19, Quận Bình Thạnh, Hồ Chí Minh"
Voucher Cheese Chicken Set tại Lotteria,Lotteria,"283 Võ Văn Ngân, P. Linh Chiểu, Quận Thủ Đức, Hồ Chí Minh"
Voucher Cheese Chicken Set tại Lotteria,Lotteria,"187 Xuân Hồng, Phường 12, Quận Tân Bình, Hồ Chí Minh"
Voucher Cheese Chicken Set tại Lotteria,Lotteria,"346B Lê Quang Định, P. 11, Quận Bình Thạnh, Hồ Chí Minh"
Voucher Cheese Chicken Set tại Lotteria,Lotteria,"120 Nguyễn Thị Minh Khai, P. Hải Châu 1, Quận Hải Châu, Đà Nẵng"
Voucher Cheese Chicken Set tại Lotteria,Lotteria,"568 Trưng Nữ Vương, P. Hòa Thuận Tây, Quận Hải Châu, Đà Nẵng"
Voucher Cheese Chicken Set tại Lotteria,Lotteria,"92A Phan Chu Trinh, Quận Hải Châu, Đà Nẵng"
Voucher Cheese Chicken Set tại Lotteria,Lotteria,"Trần Nhân Tông, Bình Than, Quận Sơn Trà, Đà Nẵng"
Voucher Cheese Chicken Set tại Lotteria,Lotteria,"TTTM khu Quy hoạch Bà Triệu - Hùng Vương, P. Phú Hội, Thừa Thiên Huế, Thành Phố Huế, Thừa Thiên Huế"
Voucher Cheese Chicken Set tại Lotteria,Lotteria,"06 Trần Hưng Đạo, P. Phú Hòa, Thừa Thiên Huế, Thành Phố Huế, Thừa Thiên Huế"
Voucher Cheese Chicken Set tại Lotteria,Lotteria,"T308, Tầng 3 Trung tâm thương mại Aeon Mall Huế, Số 8 đường Võ Nguyên Giáp, Phường An Đông, Huế, Thừa Thiên Huế"
Voucher Cheese Chicken Set tại Lotteria,Lotteria,"207C Lạch Tray, Quận Ngô Quyền, Hải Phòng"
Voucher Cheese Chicken Set tại Lotteria,Lotteria,"88 Trần Phú, Quận Ngô Quyền, Hải Phòng"
Voucher Cheese Chicken Set tại Lotteria,Lotteria,"317 Trần Thành Ngọ, Quận Kiến An, Hải Phòng"
Voucher Cheese Chicken Set tại Lotteria,Lotteria,"Số 2 Phạm Minh Đức, Phường Máy Tơ, Quận Ngô Quyền, Hải Phòng"
Voucher Cheese Chicken Set tại Lotteria,Lotteria,"Lô 1/20 KĐT ngã 5, Sân bay Cát Bi, Quận Ngô Quyền, Hải Phòng"
Voucher Cheese Chicken Set tại Lotteria,Lotteria,"118 - 120 Trần Nguyên Hãn, Quận Lê Trân, Hải Phòng"
Voucher Cheese Chicken Set tại Lotteria,Lotteria,"Lô 1F11, Lottemart, số 84 Mậu Thân, Phường An Hòa, Quận Ninh Kiều, Cần Thơ"
Voucher Cheese Chicken Set tại Lotteria,Lotteria,"Lô 01, KDC Hưng Phú 1, P. Hưng Phú, Quận Cái Răng, Cần Thơ"
Voucher Cheese Chicken Set tại Lotteria,Lotteria,"170 Nguyễn Văn Cừ, P. An Khánh, Quận Ninh Kiều, Cần Thơ"
Voucher Cheese Chicken Set tại Lotteria,Lotteria,"Soiva Plaza Me Linh, Quận Khai Hoang, Vĩnh Yên, Vĩnh Phúc"
Voucher Cheese Chicken Set tại Lotteria,Lotteria,"TTTM Vincom Plaza, Đường Cù Chính Lan, Đồng Tiến, Hoà Bình"
Voucher Cheese Chicken Set tại Lotteria,Lotteria,"Tầng 3, Vincom Bắc Kan, Số 8A Đức Xuân, Bắc Kạn"
Voucher Cheese Chicken Set tại Lotteria,Lotteria,"Ngã 6, Plot 26, Khu 13, P. Kim Tân, Lào Cai, Lào Cai"
Voucher Cheese Chicken Set tại Lotteria,Lotteria,"Đường Cầu Kì Lừa, P. Chi Lăng, Lạng Sơn, Lạng Sơn"
Voucher Cheese Chicken Set tại Lotteria,Lotteria,"Tầng 1 TTTM Big C Bắc Giang, ngã 4 Hùng Vương kéo dài, xã Tân Tiến, Bắc Giang, Bắc Giang"
Voucher Cheese Chicken Set tại Lotteria,Lotteria,"TTTM Big C Việt Trì, Nguyễn Tất Thành, P. Thanh Miếu, Việt Trì, Phú Thọ"
Voucher Cheese Chicken Set tại Lotteria,Lotteria,"Lầu 3, Vincom Sơn La, Trường Chinh, P. Quyết Thắng, Sơn La, Sơn La"
Voucher Cheese Chicken Set tại Lotteria,Lotteria,"TTTM Thiên Trường, Quận Lộc Hòa, Nam Định"
Voucher Cheese Chicken Set tại Lotteria,Lotteria,"02 Hồng Quang, P. Quang Trung, Hải Dương"
Voucher Cheese Chicken Set tại Lotteria,Lotteria,"TTTM Vincom Hạ Long, P. Bạch Đằng, Hạ Long, Quảng Ninh"
Voucher Cheese Chicken Set tại Lotteria,Lotteria,"TTTM Big C, Cột 5, P. Hồng Hải, Hạ Long, Quảng Ninh"
Voucher Cheese Chicken Set tại Lotteria,Lotteria,"160 Lê Thánh Tôn, Hạ Long, Quảng Ninh"
Voucher Cheese Chicken Set tại Lotteria,Lotteria,"02 Trần Khánh Dư, P. Cẩm Đông, Cẩm Phả, Quảng Ninh"
Voucher Cheese Chicken Set tại Lotteria,Lotteria,"Số 342-346 Trần Hưng Đạo, P. Cửa Bắc, Thành phố Nam Định, Nam Định"
Voucher Cheese Chicken Set tại Lotteria,Lotteria,"TTTM Big C Ninh Bình, Trần Nhân Tông, Xã Ninh Phúc, Ninh Bình"
Voucher Cheese Chicken Set tại Lotteria,Lotteria,"TTTM Vincom Plaza Thanh Hóa, Phường Trần Phú, Thanh Hóa"
Voucher Cheese Chicken Set tại Lotteria,Lotteria,"Tầng 1 Big C Thanh Hóa, Xã Đông Hải, Thanh Hóa"
Voucher Cheese Chicken Set tại Lotteria,Lotteria,"TTTM Big C Vinh, 02 Quang Trung, Vinh, Nghệ An"
Voucher Cheese Chicken Set tại Lotteria,Lotteria,"87A Nguyễn Văn Cừ, Khối 2, Phường Trường Thi, Vinh, Nghệ An"
Voucher Cheese Chicken Set tại Lotteria,Lotteria,"Tầng 3-16, Lotte Mart Vinh, 295 đường V.I Lê Ninh, P. Hà Huy Tập, Vinh, Nghệ An"
Voucher Cheese Chicken Set tại Lotteria,Lotteria,"74 Trần Phú, P. Bắc Hà, Hà Tĩnh"
Voucher Cheese Chicken Set tại Lotteria,Lotteria,"Số 1 Hùng Vương, Phường Cẩm Phô, Hội An, Quảng Nam"
Voucher Cheese Chicken Set tại Lotteria,Lotteria,"Cổng Nam TTTM Go! Đường Lý Thường Kiệt, Nghĩa Chánh, Quảng Ngãi"
Voucher Cheese Chicken Set tại Lotteria,Lotteria,"117B Đại lộ Hùng Vương, Trần Hưng Đạo, Quảng Ngãi"
Voucher Cheese Chicken Set tại Lotteria,Lotteria,"01 Phan Bội Châu, P. Hội Thương, Pleiku, Gia Lai"
Voucher Cheese Chicken Set tại Lotteria,Lotteria,"02 - 2A Nguyễn Thái Học, Quy Nhơn, Bình Định"
Voucher Cheese Chicken Set tại Lotteria,Lotteria,"KĐT xanh Vũng Chua, P. Ghềnh Ráng, Quy Nhơn, Bình Định"
Voucher Cheese Chicken Set tại Lotteria,Lotteria,"178 Y Jut, Thắng Lợi, Buôn Ma Thuột, Đắk Lắk"
Voucher Cheese Chicken Set tại Lotteria,Lotteria,"73 Thống Nhất, Nha Trang, Khánh Hòa"
Voucher Cheese Chicken Set tại Lotteria,Lotteria,"CTXD số SB.D-70, Dự án Công viên văn hóa Vinwonders Nha Trang, Đảo Hòn Tre, P. Vĩnh Nguyên, Nha Trang, Khánh Hòa"
Voucher Cheese Chicken Set tại Lotteria,Lotteria,"Lô 04, đường 19/5, KĐT Vĩnh Điềm Trung, xã Vĩnh Hiệp, Nha Trang, Khánh Hòa"
Voucher Cheese Chicken Set tại Lotteria,Lotteria,"2038 Hùng Vương, P. Cam Lộc, Cam Ranh, Khánh Hòa"
Voucher Cheese Chicken Set tại Lotteria,Lotteria,"2+2/1 Nguyễn Đình Chiểu, P. Vĩnh Phước, Nha Trang, Khánh Hòa"
Voucher Cheese Chicken Set tại Lotteria,Lotteria,"133 Bà Triệu, P. Thắng Lợi, Kon Tum, Kon Tum"
Voucher Cheese Chicken Set tại Lotteria,Lotteria,"285 Bùi Thị Xuân, P. 8, Đà Lạt, Lâm Đồng"
Voucher Cheese Chicken Set tại Lotteria,Lotteria,"Tầng trệt, Tháp nước, Trần Phú, P. 2, Bảo Lộc, Lâm Đồng"
Voucher Cheese Chicken Set tại Lotteria,Lotteria,"01 Nguyễn Thị Minh Khai, P. 01, Đà Lạt, Lâm Đồng"
Voucher Cheese Chicken Set tại Lotteria,Lotteria,"Quảng Trường Lâm Viên, góc đường Hồ Tùng Mậu - Trần Quốc Thảo, P. 10, Đà Lạt, Lâm Đồng"
Voucher Cheese Chicken Set tại Lotteria,Lotteria,"62 Thủ Khoa Huân, KP. 1, P. Bình Hưng, Phan Thiết, Bình Thuận"
Voucher Cheese Chicken Set tại Lotteria,Lotteria,"KDC Hùng Vương 1, P. Phú Thủy, Phan Thiết, Bình Thuận"
Voucher Cheese Chicken Set tại Lotteria,Lotteria,"1A Nguyễn Tất Thành, P. Bình Hưng, Phan Thiết, Bình Thuận"
Voucher Cheese Chicken Set tại Lotteria,Lotteria,"Quốc Lộ 51, KP 1, P. Long Bình Tân, Biên Hòa, Đồng Nai"
Voucher Cheese Chicken Set tại Lotteria,Lotteria,"Siêu Thị Hoàng Đức Gia Kiệm - 166 ấp Bạch Lâm 1, xã Gia Tân 2, Huyện Thống Nhất, Đồng Nai"
Voucher Cheese Chicken Set tại Lotteria,Lotteria,"03 Phan Chu Trinh, P. Quang Vinh, Biên Hòa, Đồng Nai"
Voucher Cheese Chicken Set tại Lotteria,Lotteria,"F230-F231 Võ Thị Sáu, Phường Thống Nhất, Biên Hòa, Đồng Nai"
Voucher Cheese Chicken Set tại Lotteria,Lotteria,"Lô B-03, KTM Amata, Quốc lộ 1A, P. Long Bình, Biên Hòa, Đồng Nai"
Voucher Cheese Chicken Set tại Lotteria,Lotteria,"198 Hùng Vương, P. Xuân Bình, Thị xã Long Khánh, Đồng Nai"
Voucher Cheese Chicken Set tại Lotteria,Lotteria,"TTTM Chợ Thanh Hà, Trần Phú, P. Phủ Hòa, Phan Rang - Tháp Chàm, Ninh Thuận"
Voucher Cheese Chicken Set tại Lotteria,Lotteria,"555B đại lộ Bình Dương, P. Hiệp Bình, Thị xã Thủ Dầu Một, Bình Dương"
Voucher Cheese Chicken Set tại Lotteria,Lotteria,"TTTM Green Square, P. Đông Hòa, Thị xã Dĩ An, Bình Dương"
Voucher Cheese Chicken Set tại Lotteria,Lotteria,"231 Yersin, P. Hiệp Thành, Thị xã Thủ Dầu Một, Bình Dương"
Voucher Cheese Chicken Set tại Lotteria,Lotteria,"KĐT The Seasons Bình Dương, P. Lái Thiêu, Thị xã Thuận An, Bình Dương"
Voucher Cheese Chicken Set tại Lotteria,Lotteria,"368 đường 30/4 P. Chánh Nghĩa, Thị xã Thủ Dầu Một, Bình Dương"
Voucher Cheese Chicken Set tại Lotteria,Lotteria,"01 Trần Hưng Đạo, P. Phú Cường, Thị xã Thủ Dầu Một, Bình Dương"
Voucher Cheese Chicken Set tại Lotteria,Lotteria,"TTMS Aeon - Bình Dương Canary, 1 Đại Lộ Bình Dương, KP. Bình Giao, P. Thuận Giao, Thị xã Thuận An, Bình Dương"
Voucher Cheese Chicken Set tại Lotteria,Lotteria,"576 Cách Mạng Tháng Tám, Phường 3, Tây Ninh"
Voucher Cheese Chicken Set tại Lotteria,Lotteria,"Tầng trệt, KP. Lộc An, Thị trấn Trảng Bàng, Huyện Trảng Bàng, Tây Ninh"
Voucher Cheese Chicken Set tại Lotteria,Lotteria,"09 Hạ Long, P. 2, Vũng Tàu, Bà Rịa - Vũng Tàu"
Voucher Cheese Chicken Set tại Lotteria,Lotteria,"227 Nam Kỳ Khởi Nghĩa - 378 Lê Hồng Phong, P. 03, Vũng Tàu, Bà Rịa - Vũng Tàu"
Voucher Cheese Chicken Set tại Lotteria,Lotteria,"Tầng 1, Góc đường 3/2 - Thi Sách, P. 8, Vũng Tàu, Bà Rịa - Vũng Tàu"
Voucher Cheese Chicken Set tại Lotteria,Lotteria,"Shop GF-01, Ấp Thanh Ba, Xã Mỹ Lộc, Thị trấn Cần Giuộc, Huyện Cần Giuộc, Long An"
Voucher Cheese Chicken Set tại Lotteria,Lotteria,"15 Trương Định - 11 Phan Đình Phùng, KP. 01, P. 1, Thị xã Gò Công, Tiền Giang"
Voucher Cheese Chicken Set tại Lotteria,Lotteria,"545 Lê Văn Phẩm, P. 5, Mỹ Tho, Tiền Giang"
Voucher Cheese Chicken Set tại Lotteria,Lotteria,"34 Ngô Quyền, P. 1, Mỹ Tho, Tiền Giang"
Voucher Cheese Chicken Set tại Lotteria,Lotteria,"Go Mart Trà Vinh, Đường Võ Nguyên Giáp, P. 7, Trà Vinh"
Voucher Cheese Chicken Set tại Lotteria,Lotteria,"Tầng trệt, Nguyễn Sinh Sắc, khóm 2, P. 2, Sa Đéc, Đồng Tháp"
Voucher Cheese Chicken Set tại Lotteria,Lotteria,"65 Nguyễn Huệ, P. 01, Cao Lãnh, Đồng Tháp"
Voucher Cheese Chicken Set tại Lotteria,Lotteria,"01 Ngô Thời Nhậm, P. 1, Cao Lãnh, Đồng Tháp"
Voucher Cheese Chicken Set tại Lotteria,Lotteria,"92 Nguyễn Trãi, P. Mỹ Long, Long Xuyên, An Giang"
Voucher Cheese Chicken Set tại Lotteria,Lotteria,"29 Trần Hưng Đạo, P. 5, Cà Mau, Cà Mau"
Voucher Cheese Stick Set tại Lotteria,Lotteria,"Ngã 3 Đào Duy Anh - Kim Liên - Phạm Ngọc Thạch, Quận Đống Đa, Hà Nội"
Voucher Cheese Stick Set tại Lotteria,Lotteria,"Phạm Văn Đồng, P. Cổ Nhuế 1, Quận Bắc Từ Liêm, Hà Nội"
Voucher Cheese Stick Set tại Lotteria,Lotteria,"Toà nhà Mandarin Garden 2, Số 493 Tân Mai, P. Tân Mai, Quận Hoàng Mai, Hà Nội"
Voucher Cheese Stick Set tại Lotteria,Lotteria,"64 BT X2, khu đô thị Bắc Linh Đàm, Quận Hoàng Mai, Hà Nội"
Voucher Cheese Stick Set tại Lotteria,Lotteria,"201 Khâm Thiên, Quận Đống Đa, Hà Nội"
Voucher Cheese Stick Set tại Lotteria,Lotteria,"154 Bà Triệu, Nguyễn Du, Quận Hai Bà Trưng, Hà Nội"
Voucher Cheese Stick Set tại Lotteria,Lotteria,"152 Thái Thịnh, Láng Hạ, Quận Đống Đa, Hà Nội"
Voucher Cheese Stick Set tại Lotteria,Lotteria,"TTTM EBEST xã Minh Khai, Quận Từ Liêm, Hà Nội"
Voucher Cheese Stick Set tại Lotteria,Lotteria,"Tầng 1, Aeon Mall Long Biên, Cổ Linh, Quận Long Biên, Hà Nội"
Voucher Cheese Stick Set tại Lotteria,Lotteria,"Tầng 1C2 Nguyễn Cơ Thạch, KĐT Mỹ Đình, Quận Từ Liêm, Hà Nội"
Voucher Cheese Stick Set tại Lotteria,Lotteria,"138 Lê Thanh Nghị, P. Bách Khoa, Quận Hai Bà Trưng, Hà Nội"
Voucher Cheese Stick Set tại Lotteria,Lotteria,"7-9 Đinh Tiên Hoàng, P. Hàng Bạc, Quận Hoàn Kiếm, Hà Nội"
Voucher Cheese Stick Set tại Lotteria,Lotteria,"01 Núi Trúc, P.Kim Mã, Quận Ba Đình, Hà Nội"
Voucher Cheese Stick Set tại Lotteria,Lotteria,"298 Cầu Giấy, P. Quan Hoa, Quận Cầu Giấy, Hà Nội"
Voucher Cheese Stick Set tại Lotteria,Lotteria,"391 Hoàng Quốc Việt, P. Nghĩa Tân, Quận Cầu giấy, Hà Nội"
Voucher Cheese Stick Set tại Lotteria,Lotteria,"66 Lò Đúc, P. Phạm Đình Hổ, Quận Hai Bà Trưng, Hà Nội"
Voucher Cheese Stick Set tại Lotteria,Lotteria,"Tầng 4 , Ô số 430+431, Lotte Mall, Ngõ 683 Lạc Long Quân, P. Phú Thượng, Quận Tây Hồ, Hà Nội"
Voucher Cheese Stick Set tại Lotteria,Lotteria,"203 Nguyễn Thị Minh Khai, P. Minh Khai, Quận Hai Bà Trưng, Hà Nội"
Voucher Cheese Stick Set tại Lotteria,Lotteria,"Tầng 1 Mễ Trì, P. Mễ Trì, Quận Từ Liêm, Hà Nội"
Voucher Cheese Stick Set tại Lotteria,Lotteria,"TTTM Savico Nguyễn Văn Linh, Quận Long Biên, Hà Nội"
Voucher Cheese Stick Set tại Lotteria,Lotteria,"2A Trần Vũ, P. Quán Thánh, Quận Ba Đình, Hà Nội"
Voucher Cheese Stick Set tại Lotteria,Lotteria,"Km 10 Nguyễn Trãi, P. Mỗ Lao, Quận Hà Đông, Hà Nội"
Voucher Cheese Stick Set tại Lotteria,Lotteria,"Ngã 3 Yên Xá, Tân Triều, Quận Hà Đông, Hà Nội"
Voucher Cheese Stick Set tại Lotteria,Lotteria,"103DN11 Nguyễn Khánh Toàn, P. Quan Hoa, Quận Cầu Giấy, Hà Nội"
Voucher Cheese Stick Set tại Lotteria,Lotteria,"54 Liễu Giai, P. Cống Vị, Quận Ba Đình, Hà Nội"
Voucher Cheese Stick Set tại Lotteria,Lotteria,"445a Lạc Long Quân, Phường Xuân La, Quận Tây Hồ, Hà Nội"
Voucher Cheese Stick Set tại Lotteria,Lotteria,"Tầng 1 Citimart Hà Đông, CT 7A-CT7B KĐTM Văn Quán, P. Phúc La, Quận Hà Đông, Hà Nội"
Voucher Cheese Stick Set tại Lotteria,Lotteria,"63 Huỳnh Thúc Kháng, P. Láng Hạ, Quận Đống Đa, Hà Nội"
Voucher Cheese Stick Set tại Lotteria,Lotteria,"SH20.21 Tòa S1.05 Vinhomes Ocean Park, xã Đa Tốn, Huyện Gia Lâm, Hà Nội"
Voucher Cheese Stick Set tại Lotteria,Lotteria,"TTTM Aeon Mall, P. Dương Nội, Quận Hà Đông, Hà Nội"
Voucher Cheese Stick Set tại Lotteria,Lotteria,"34 Hoàng Cầu, P. Ô Chợ Dừa, Quận Đống Đa, Hà Nội"
Voucher Cheese Stick Set tại Lotteria,Lotteria,"Lô D5, KĐTM Cầu Giấy, P. Dịch Vọng, Quận Cầu Giấy, Hà Nội"
Voucher Cheese Stick Set tại Lotteria,Lotteria,"437 Bạch Mai, P. Trương Định, Quận Hai Bà Trưng, Hà Nội"
Voucher Cheese Stick Set tại Lotteria,Lotteria,"Tầng 2 Big C Thăng Long, 222 Trần Duy Hưng, P. Trung Hòa, Quận Cầu Giấy, Hà Nội"
Voucher Cheese Stick Set tại Lotteria,Lotteria,"23 Hàng Thanh, P. Nguyễn Trung Trực, Quận Ba Đình, Hà Nội"
Voucher Cheese Stick Set tại Lotteria,Lotteria,"Tầng 1 Tòa A8, An Bình City, 232 Phạm Văn Đồng, Quận Bắc Từ Liêm, Hà Nội"
Voucher Cheese Stick Set tại Lotteria,Lotteria,"72A Nguyễn Trãi, Quận Thanh Xuân, Hà Nội"
Voucher Cheese Stick Set tại Lotteria,Lotteria,"210-212 Nguyễn Văn Cừ, P. Ngọc Lâm, Quận Long Biên, Hà Nội"
Voucher Cheese Stick Set tại Lotteria,Lotteria,"Tòa Horizon city, 87 Lĩnh Nam, P. Mai Động, Quận Hoàng Mai, Hà Nội"
Voucher Cheese Stick Set tại Lotteria,Lotteria,"112 Trần Duy Hưng, P. Trung Hòa, Quận Cầu Giấy, Hà Nội"
Voucher Cheese Stick Set tại Lotteria,Lotteria,"Tầng hầm B1 Times City, 458 Minh Khai, P. Vĩnh Tuy, Quận Hai Bà Trưng, Hà Nội"
Voucher Cheese Stick Set tại Lotteria,Lotteria,"Tầng 1 CT 4A.B KĐT Xa La, xã Phúc La, Quận Hà Đông, Hà Nội"
Voucher Cheese Stick Set tại Lotteria,Lotteria,"TTTM Mê Linh, Tô Hiệu, Quận Hà Đông, Hà Nội"
Voucher Cheese Stick Set tại Lotteria,Lotteria,"Tầng 1 tòa nhà Housing, 299 Trung Kính, Trung Hòa, Quận Cầu Giấy, Hà Nội"
Voucher Cheese Stick Set tại Lotteria,Lotteria,"TTTM Mua Sắm Aeon - Tân Phú Celadon, 30 Bờ Bao Tân Thắng, P. Sơn Kỳ, Quận Tân Phú, Hồ Chí Minh"
Voucher Cheese Stick Set tại Lotteria,Lotteria,"Tầng 1, 18 Phan Văn Trị, P. 10, Quận Gò Vấp, Hồ Chí Minh"
Voucher Cheese Stick Set tại Lotteria,Lotteria,"211 - 213 Bình Phú, P. 11, Quận 6, Hồ Chí Minh"
Voucher Cheese Stick Set tại Lotteria,Lotteria,"445 Bạch Đằng, P. 12, Quận Bình Thạnh, Hồ Chí Minh"
Voucher Cheese Stick Set tại Lotteria,Lotteria,"Khu B, KĐT mới An Phú - An Khánh, P. An Phú, Quận 2, Hồ Chí Minh"
Voucher Cheese Stick Set tại Lotteria,Lotteria,"572A Ba Tháng Hai, P. 14, Quận 10, Hồ Chí Minh"
Voucher Cheese Stick Set tại Lotteria,Lotteria,"95A Trần Hưng Đạo, P. Cầu Ông Lãnh, Quận 1, Hồ Chí Minh"
Voucher Cheese Stick Set tại Lotteria,Lotteria,"Tầng 5, 101 Tôn Dật Tiên, P. Tân Phú, Quận 7, Hồ Chí Minh"
Voucher Cheese Stick Set tại Lotteria,Lotteria,"66 Mạc Cửu-67 Vạn Kiếp, P. 13, Quận 5, Hồ Chí Minh"
Voucher Cheese Stick Set tại Lotteria,Lotteria,"11 Sư Phạn Vạn Hạnh, P. 12, Quận 10, Hồ Chí Minh"
Voucher Cheese Stick Set tại Lotteria,Lotteria,"33 Nguyễn Văn Nghi, P. 4, Quận Gò Vấp, Hồ Chí Minh"
Voucher Cheese Stick Set tại Lotteria,Lotteria,"158 - 160 Lê Bình, P. 4, Quận Tân Bình, Hồ Chí Minh"
Voucher Cheese Stick Set tại Lotteria,Lotteria,"111 Dương Bá Trạc, P. 1, Quận 8, Hồ Chí Minh"
Voucher Cheese Stick Set tại Lotteria,Lotteria,"357 Quốc lộ 22, ấp Thượng, xã Tân Thông Hội, Huyện Củ Chi, Hồ Chí Minh"
Voucher Cheese Stick Set tại Lotteria,Lotteria,"P5 _SH.02 Tòa Park 5 Vinhomes Central, 20A Điện Biên Phủ, Phường 22, Quận Bình Thạnh, Hồ Chí Minh"
Voucher Cheese Stick Set tại Lotteria,Lotteria,"469 Nguyễn Hữu Thọ, P. Tân Hưng, Quận 7, Hồ Chí Minh"
Voucher Cheese Stick Set tại Lotteria,Lotteria,"S6.0301.S04 & S6.0301.S03 Origami Vinhomes Grand Park, Quận 9, Hồ Chí Minh"
Voucher Cheese Stick Set tại Lotteria,Lotteria,"292 Đinh Bộ Lĩnh, P. 26, Quận Bình Thạnh, Hồ Chí Minh"
Voucher Cheese Stick Set tại Lotteria,Lotteria,"Số 2 Song Hành (gần Cầu Đen), P. An Phú, Quận 2, Hồ Chí Minh"
Voucher Cheese Stick Set tại Lotteria,Lotteria,"Coopmart Tuy Lý Vương, 40 - 54 Tuy Lý Vương, P. 13, Quận 8, Hồ Chí Minh"
Voucher Cheese Stick Set tại Lotteria,Lotteria,"801 Hồng Bàng, P. 9, Quận 6, Hồ Chí Minh"
Voucher Cheese Stick Set tại Lotteria,Lotteria,"573 Huỳnh Tấn Phát, P. Tân Thuận Đông, Quận 7, Hồ Chí Minh"
Voucher Cheese Stick Set tại Lotteria,Lotteria,"11-11 Bis Nguyễn Thị Minh Khai, P. Bến Nghé, Quận 1, Hồ Chí Minh"
Voucher Cheese Stick Set tại Lotteria,Lotteria,"303 Trần Hưng Đạo, P. Nguyễn Cư Trinh, Quận 1, Hồ Chí Minh"
Voucher Cheese Stick Set tại Lotteria,Lotteria,"1397 Nguyễn Văn Linh, KP Mỹ Khánh 2-H4-2, P. Tân Phong, Quận 7, Hồ Chí Minh"
Voucher Cheese Stick Set tại Lotteria,Lotteria,"380 Thoại Ngọc Hầu, P. Phú Thạnh, Quận Tân Phú, Hồ Chí Minh"
Voucher Cheese Stick Set tại Lotteria,Lotteria,"70 - 72 Bàu Cát, P. 14, Quận Tân Bình, Hồ Chí Minh"
Voucher Cheese Stick Set tại Lotteria,Lotteria,"02 Ngô Gia Tự - 145 Lý Thái Tổ, P. 9, Quận 10, Hồ Chí Minh"
Voucher Cheese Stick Set tại Lotteria,Lotteria,"159/6 - 160/1 ấp Trung Chánh, xã Tân Xuân, Huyện Hóc Môn, Hồ Chí Minh"
Voucher Cheese Stick Set tại Lotteria,Lotteria,"250B Lý Chính Thắng, P. 9, Quận 3, Hồ Chí Minh"
Voucher Cheese Stick Set tại Lotteria,Lotteria,"Pico Plaza, 20 Cộng Hòa, P. 12, Quận Tân Bình, Hồ Chí Minh"
Voucher Cheese Stick Set tại Lotteria,Lotteria,"10 Võ Văn Ngân, P. Trường Thọ, Quận Thủ Đức, Hồ Chí Minh"
Voucher Cheese Stick Set tại Lotteria,Lotteria,"68 Lê Văn Việt, Tổ 11, KP. 2, P. Hiệp Phú, Quận 9, Hồ Chí Minh"
Voucher Cheese Stick Set tại Lotteria,Lotteria,"102 Lê Quốc Hưng, P. 12, Quận 4, Hồ Chí Minh"
Voucher Cheese Stick Set tại Lotteria,Lotteria,"1271 Tỉnh lộ 10, KP. 9, P. Tân Tạo, Quận Bình Tân, Hồ Chí Minh"
Voucher Cheese Stick Set tại Lotteria,Lotteria,"52 Hậu Giang, P. 06, Quận 6, Hồ Chí Minh"
Voucher Cheese Stick Set tại Lotteria,Lotteria,"220/151/3B - 222 Xô Viết Nghệ Tĩnh, P. 21, Quận Bình Thạnh, Hồ Chí Minh"
Voucher Cheese Stick Set tại Lotteria,Lotteria,"309 - 311 Vành Đai Trong, P. Bình Trị Đông B, Quận Bình Tân, Hồ Chí Minh"
Voucher Cheese Stick Set tại Lotteria,Lotteria,"09 Quang Trung, P. 11, Quận Gò Vấp, Hồ Chí Minh"
Voucher Cheese Stick Set tại Lotteria,Lotteria,"251 Phan Xích Long, KDC Rạch Miễu P. 7, Quận Phú Nhuận, Hồ Chí Minh"
Voucher Cheese Stick Set tại Lotteria,Lotteria,"01 Nguyễn Thông, P. 9, Quận 3, Hồ Chí Minh"
Voucher Cheese Stick Set tại Lotteria,Lotteria,"175 H òa Bình, P. Hiệp Tân, Quận Tân Phú, Hồ Chí Minh"
Voucher Cheese Stick Set tại Lotteria,Lotteria,"TTTM Big C City Land, Lô A, KDC City Land, Số 99 Nguyễn Thị Thập, Quận 7, Hồ Chí Minh"
Voucher Cheese Stick Set tại Lotteria,Lotteria,"968 Ba Tháng Hai, P. 15, Quận 11, Hồ Chí Minh"
Voucher Cheese Stick Set tại Lotteria,Lotteria,"175 (số cũ 19/35) Độc Lập, P. Tân Quý, Quận Tân Phú, Hồ Chí Minh"
Voucher Cheese Stick Set tại Lotteria,Lotteria,"114 Trần Hưng Đạo, P. 7, Quận 5, Hồ Chí Minh"
Voucher Cheese Stick Set tại Lotteria,Lotteria,"307A (số cũ 155A) Tô Hiến Thành, P. 13, Quận 10, Hồ Chí Minh"
Voucher Cheese Stick Set tại Lotteria,Lotteria,"604 - 606 Điện Biên Phủ, P. 22, Quận Bình Thạnh, Hồ Chí Minh"
Voucher Cheese Stick Set tại Lotteria,Lotteria,"72 Ngô Tất Tố, Phường 19, Quận Bình Thạnh, Hồ Chí Minh"
Voucher Cheese Stick Set tại Lotteria,Lotteria,"283 Võ Văn Ngân, P. Linh Chiểu, Quận Thủ Đức, Hồ Chí Minh"
Voucher Cheese Stick Set tại Lotteria,Lotteria,"187 Xuân Hồng, Phường 12, Quận Tân Bình, Hồ Chí Minh"
Voucher Cheese Stick Set tại Lotteria,Lotteria,"346B Lê Quang Định, P. 11, Quận Bình Thạnh, Hồ Chí Minh"
Voucher Cheese Stick Set tại Lotteria,Lotteria,"120 Nguyễn Thị Minh Khai, P. Hải Châu 1, Quận Hải Châu, Đà Nẵng"
Voucher Cheese Stick Set tại Lotteria,Lotteria,"568 Trưng Nữ Vương, P. Hòa Thuận Tây, Quận Hải Châu, Đà Nẵng"
Voucher Cheese Stick Set tại Lotteria,Lotteria,"92A Phan Chu Trinh, Quận Hải Châu, Đà Nẵng"
Voucher Cheese Stick Set tại Lotteria,Lotteria,"Trần Nhân Tông, Bình Than, Quận Sơn Trà, Đà Nẵng"
Voucher Cheese Stick Set tại Lotteria,Lotteria,"TTTM khu Quy hoạch Bà Triệu - Hùng Vương, P. Phú Hội, Thừa Thiên Huế, Thành Phố Huế, Thừa Thiên Huế"
Voucher Cheese Stick Set tại Lotteria,Lotteria,"06 Trần Hưng Đạo, P. Phú Hòa, Thừa Thiên Huế, Thành Phố Huế, Thừa Thiên Huế"
Voucher Cheese Stick Set tại Lotteria,Lotteria,"T308, Tầng 3 Trung tâm thương mại Aeon Mall Huế, Số 8 đường Võ Nguyên Giáp, Phường An Đông, Huế, Thừa Thiên Huế"
Voucher Cheese Stick Set tại Lotteria,Lotteria,"207C Lạch Tray, Quận Ngô Quyền, Hải Phòng"
Voucher Cheese Stick Set tại Lotteria,Lotteria,"88 Trần Phú, Quận Ngô Quyền, Hải Phòng"
Voucher Cheese Stick Set tại Lotteria,Lotteria,"317 Trần Thành Ngọ, Quận Kiến An, Hải Phòng"
Voucher Cheese Stick Set tại Lotteria,Lotteria,"Số 2 Phạm Minh Đức, Phường Máy Tơ, Quận Ngô Quyền, Hải Phòng"
Voucher Cheese Stick Set tại Lotteria,Lotteria,"Lô 1/20 KĐT ngã 5, Sân bay Cát Bi, Quận Ngô Quyền, Hải Phòng"
Voucher Cheese Stick Set tại Lotteria,Lotteria,"118 - 120 Trần Nguyên Hãn, Quận Lê Trân, Hải Phòng"
Voucher Cheese Stick Set tại Lotteria,Lotteria,"Lô 1F11, Lottemart, số 84 Mậu Thân, Phường An Hòa, Quận Ninh Kiều, Cần Thơ"
Voucher Cheese Stick Set tại Lotteria,Lotteria,"Lô 01, KDC Hưng Phú 1, P. Hưng Phú, Quận Cái Răng, Cần Thơ"
Voucher Cheese Stick Set tại Lotteria,Lotteria,"170 Nguyễn Văn Cừ, P. An Khánh, Quận Ninh Kiều, Cần Thơ"
Voucher Cheese Stick Set tại Lotteria,Lotteria,"Soiva Plaza Me Linh, Quận Khai Hoang, Vĩnh Yên, Vĩnh Phúc"
Voucher Cheese Stick Set tại Lotteria,Lotteria,"TTTM Vincom Plaza, Đường Cù Chính Lan, Đồng Tiến, Hoà Bình"
Voucher Cheese Stick Set tại Lotteria,Lotteria,"Tầng 3, Vincom Bắc Kan, Số 8A Đức Xuân, Bắc Kạn"
Voucher Cheese Stick Set tại Lotteria,Lotteria,"Ngã 6, Plot 26, Khu 13, P. Kim Tân, Lào Cai, Lào Cai"
Voucher Cheese Stick Set tại Lotteria,Lotteria,"Đường Cầu Kì Lừa, P. Chi Lăng, Lạng Sơn, Lạng Sơn"
Voucher Cheese Stick Set tại Lotteria,Lotteria,"Tầng 1 TTTM Big C Bắc Giang, ngã 4 Hùng Vương kéo dài, xã Tân Tiến, Bắc Giang, Bắc Giang"
Voucher Cheese Stick Set tại Lotteria,Lotteria,"TTTM Big C Việt Trì, Nguyễn Tất Thành, P. Thanh Miếu, Việt Trì, Phú Thọ"
Voucher Cheese Stick Set tại Lotteria,Lotteria,"Lầu 3, Vincom Sơn La, Trường Chinh, P. Quyết Thắng, Sơn La, Sơn La"
Voucher Cheese Stick Set tại Lotteria,Lotteria,"TTTM Thiên Trường, Quận Lộc Hòa, Nam Định"
Voucher Cheese Stick Set tại Lotteria,Lotteria,"02 Hồng Quang, P. Quang Trung, Hải Dương"
Voucher Cheese Stick Set tại Lotteria,Lotteria,"TTTM Vincom Hạ Long, P. Bạch Đằng, Hạ Long, Quảng Ninh"
Voucher Cheese Stick Set tại Lotteria,Lotteria,"TTTM Big C, Cột 5, P. Hồng Hải, Hạ Long, Quảng Ninh"
Voucher Cheese Stick Set tại Lotteria,Lotteria,"160 Lê Thánh Tôn, Hạ Long, Quảng Ninh"
Voucher Cheese Stick Set tại Lotteria,Lotteria,"02 Trần Khánh Dư, P. Cẩm Đông, Cẩm Phả, Quảng Ninh"
Voucher Cheese Stick Set tại Lotteria,Lotteria,"Số 342-346 Trần Hưng Đạo, P. Cửa Bắc, Thành phố Nam Định, Nam Định"
Voucher Cheese Stick Set tại Lotteria,Lotteria,"TTTM Big C Ninh Bình, Trần Nhân Tông, Xã Ninh Phúc, Ninh Bình"
Voucher Cheese Stick Set tại Lotteria,Lotteria,"TTTM Vincom Plaza Thanh Hóa, Phường Trần Phú, Thanh Hóa"
Voucher Cheese Stick Set tại Lotteria,Lotteria,"Tầng 1 Big C Thanh Hóa, Xã Đông Hải, Thanh Hóa"
Voucher Cheese Stick Set tại Lotteria,Lotteria,"TTTM Big C Vinh, 02 Quang Trung, Vinh, Nghệ An"
Voucher Cheese Stick Set tại Lotteria,Lotteria,"87A Nguyễn Văn Cừ, Khối 2, Phường Trường Thi, Vinh, Nghệ An"
Voucher Cheese Stick Set tại Lotteria,Lotteria,"Tầng 3-16, Lotte Mart Vinh, 295 đường V.I Lê Ninh, P. Hà Huy Tập, Vinh, Nghệ An"
Voucher Cheese Stick Set tại Lotteria,Lotteria,"74 Trần Phú, P. Bắc Hà, Hà Tĩnh"
Voucher Cheese Stick Set tại Lotteria,Lotteria,"Số 1 Hùng Vương, Phường Cẩm Phô, Hội An, Quảng Nam"
Voucher Cheese Stick Set tại Lotteria,Lotteria,"Cổng Nam TTTM Go! Đường Lý Thường Kiệt, Nghĩa Chánh, Quảng Ngãi"
Voucher Cheese Stick Set tại Lotteria,Lotteria,"117B Đại lộ Hùng Vương, Trần Hưng Đạo, Quảng Ngãi"
Voucher Cheese Stick Set tại Lotteria,Lotteria,"01 Phan Bội Châu, P. Hội Thương, Pleiku, Gia Lai"
Voucher Cheese Stick Set tại Lotteria,Lotteria,"02 - 2A Nguyễn Thái Học, Quy Nhơn, Bình Định"
Voucher Cheese Stick Set tại Lotteria,Lotteria,"KĐT xanh Vũng Chua, P. Ghềnh Ráng, Quy Nhơn, Bình Định"
Voucher Cheese Stick Set tại Lotteria,Lotteria,"178 Y Jut, Thắng Lợi, Buôn Ma Thuột, Đắk Lắk"
Voucher Cheese Stick Set tại Lotteria,Lotteria,"73 Thống Nhất, Nha Trang, Khánh Hòa"
Voucher Cheese Stick Set tại Lotteria,Lotteria,"CTXD số SB.D-70, Dự án Công viên văn hóa Vinwonders Nha Trang, Đảo Hòn Tre, P. Vĩnh Nguyên, Nha Trang, Khánh Hòa"
Voucher Cheese Stick Set tại Lotteria,Lotteria,"Lô 04, đường 19/5, KĐT Vĩnh Điềm Trung, xã Vĩnh Hiệp, Nha Trang, Khánh Hòa"
Voucher Cheese Stick Set tại Lotteria,Lotteria,"2038 Hùng Vương, P. Cam Lộc, Cam Ranh, Khánh Hòa"
Voucher Cheese Stick Set tại Lotteria,Lotteria,"2+2/1 Nguyễn Đình Chiểu, P. Vĩnh Phước, Nha Trang, Khánh Hòa"
Voucher Cheese Stick Set tại Lotteria,Lotteria,"133 Bà Triệu, P. Thắng Lợi, Kon Tum, Kon Tum"
Voucher Cheese Stick Set tại Lotteria,Lotteria,"285 Bùi Thị Xuân, P. 8, Đà Lạt, Lâm Đồng"
Voucher Cheese Stick Set tại Lotteria,Lotteria,"Tầng trệt, Tháp nước, Trần Phú, P. 2, Bảo Lộc, Lâm Đồng"
Voucher Cheese Stick Set tại Lotteria,Lotteria,"01 Nguyễn Thị Minh Khai, P. 01, Đà Lạt, Lâm Đồng"
Voucher Cheese Stick Set tại Lotteria,Lotteria,"Quảng Trường Lâm Viên, góc đường Hồ Tùng Mậu - Trần Quốc Thảo, P. 10, Đà Lạt, Lâm Đồng"
Voucher Cheese Stick Set tại Lotteria,Lotteria,"62 Thủ Khoa Huân, KP. 1, P. Bình Hưng, Phan Thiết, Bình Thuận"
Voucher Cheese Stick Set tại Lotteria,Lotteria,"KDC Hùng Vương 1, P. Phú Thủy, Phan Thiết, Bình Thuận"
Voucher Cheese Stick Set tại Lotteria,Lotteria,"1A Nguyễn Tất Thành, P. Bình Hưng, Phan Thiết, Bình Thuận"
Voucher Cheese Stick Set tại Lotteria,Lotteria,"Quốc Lộ 51, KP 1, P. Long Bình Tân, Biên Hòa, Đồng Nai"
Voucher Cheese Stick Set tại Lotteria,Lotteria,"Siêu Thị Hoàng Đức Gia Kiệm - 166 ấp Bạch Lâm 1, xã Gia Tân 2, Huyện Thống Nhất, Đồng Nai"
Voucher Cheese Stick Set tại Lotteria,Lotteria,"03 Phan Chu Trinh, P. Quang Vinh, Biên Hòa, Đồng Nai"
Voucher Cheese Stick Set tại Lotteria,Lotteria,"F230-F231 Võ Thị Sáu, Phường Thống Nhất, Biên Hòa, Đồng Nai"
Voucher Cheese Stick Set tại Lotteria,Lotteria,"Lô B-03, KTM Amata, Quốc lộ 1A, P. Long Bình, Biên Hòa, Đồng Nai"
Voucher Cheese Stick Set tại Lotteria,Lotteria,"198 Hùng Vương, P. Xuân Bình, Thị xã Long Khánh, Đồng Nai"
Voucher Cheese Stick Set tại Lotteria,Lotteria,"TTTM Chợ Thanh Hà, Trần Phú, P. Phủ Hòa, Phan Rang - Tháp Chàm, Ninh Thuận"
Voucher Cheese Stick Set tại Lotteria,Lotteria,"555B đại lộ Bình Dương, P. Hiệp Bình, Thị xã Thủ Dầu Một, Bình Dương"
Voucher Cheese Stick Set tại Lotteria,Lotteria,"TTTM Green Square, P. Đông Hòa, Thị xã Dĩ An, Bình Dương"
Voucher Cheese Stick Set tại Lotteria,Lotteria,"231 Yersin, P. Hiệp Thành, Thị xã Thủ Dầu Một, Bình Dương"
Voucher Cheese Stick Set tại Lotteria,Lotteria,"KĐT The Seasons Bình Dương, P. Lái Thiêu, Thị xã Thuận An, Bình Dương"
Voucher Cheese Stick Set tại Lotteria,Lotteria,"368 đường 30/4 P. Chánh Nghĩa, Thị xã Thủ Dầu Một, Bình Dương"
Voucher Cheese Stick Set tại Lotteria,Lotteria,"01 Trần Hưng Đạo, P. Phú Cường, Thị xã Thủ Dầu Một, Bình Dương"
Voucher Cheese Stick Set tại Lotteria,Lotteria,"TTMS Aeon - Bình Dương Canary, 1 Đại Lộ Bình Dương, KP. Bình Giao, P. Thuận Giao, Thị xã Thuận An, Bình Dương"
Voucher Cheese Stick Set tại Lotteria,Lotteria,"576 Cách Mạng Tháng Tám, Phường 3, Tây Ninh"
Voucher Cheese Stick Set tại Lotteria,Lotteria,"Tầng trệt, KP. Lộc An, Thị trấn Trảng Bàng, Huyện Trảng Bàng, Tây Ninh"
Voucher Cheese Stick Set tại Lotteria,Lotteria,"09 Hạ Long, P. 2, Vũng Tàu, Bà Rịa - Vũng Tàu"
Voucher Cheese Stick Set tại Lotteria,Lotteria,"227 Nam Kỳ Khởi Nghĩa - 378 Lê Hồng Phong, P. 03, Vũng Tàu, Bà Rịa - Vũng Tàu"
Voucher Cheese Stick Set tại Lotteria,Lotteria,"Tầng 1, Góc đường 3/2 - Thi Sách, P. 8, Vũng Tàu, Bà Rịa - Vũng Tàu"
Voucher Cheese Stick Set tại Lotteria,Lotteria,"Shop GF-01, Ấp Thanh Ba, Xã Mỹ Lộc, Thị trấn Cần Giuộc, Huyện Cần Giuộc, Long An"
Voucher Cheese Stick Set tại Lotteria,Lotteria,"15 Trương Định - 11 Phan Đình Phùng, KP. 01, P. 1, Thị xã Gò Công, Tiền Giang"
Voucher Cheese Stick Set tại Lotteria,Lotteria,"545 Lê Văn Phẩm, P. 5, Mỹ Tho, Tiền Giang"
Voucher Cheese Stick Set tại Lotteria,Lotteria,"34 Ngô Quyền, P. 1, Mỹ Tho, Tiền Giang"
Voucher Cheese Stick Set tại Lotteria,Lotteria,"Go Mart Trà Vinh, Đường Võ Nguyên Giáp, P. 7, Trà Vinh"
Voucher Cheese Stick Set tại Lotteria,Lotteria,"Tầng trệt, Nguyễn Sinh Sắc, khóm 2, P. 2, Sa Đéc, Đồng Tháp"
Voucher Cheese Stick Set tại Lotteria,Lotteria,"65 Nguyễn Huệ, P. 01, Cao Lãnh, Đồng Tháp"
Voucher Cheese Stick Set tại Lotteria,Lotteria,"01 Ngô Thời Nhậm, P. 1, Cao Lãnh, Đồng Tháp"
Voucher Cheese Stick Set tại Lotteria,Lotteria,"92 Nguyễn Trãi, P. Mỹ Long, Long Xuyên, An Giang"
Voucher Cheese Stick Set tại Lotteria,Lotteria,"29 Trần Hưng Đạo, P. 5, Cà Mau, Cà Mau"
Voucher Squid Ring Set tại Lotteria,Lotteria,"Ngã 3 Đào Duy Anh - Kim Liên - Phạm Ngọc Thạch, Quận Đống Đa, Hà Nội"
Voucher Squid Ring Set tại Lotteria,Lotteria,"Phạm Văn Đồng, P. Cổ Nhuế 1, Quận Bắc Từ Liêm, Hà Nội"
Voucher Squid Ring Set tại Lotteria,Lotteria,"Toà nhà Mandarin Garden 2, Số 493 Tân Mai, P. Tân Mai, Quận Hoàng Mai, Hà Nội"
Voucher Squid Ring Set tại Lotteria,Lotteria,"64 BT X2, khu đô thị Bắc Linh Đàm, Quận Hoàng Mai, Hà Nội"
Voucher Squid Ring Set tại Lotteria,Lotteria,"201 Khâm Thiên, Quận Đống Đa, Hà Nội"
Voucher Squid Ring Set tại Lotteria,Lotteria,"154 Bà Triệu, Nguyễn Du, Quận Hai Bà Trưng, Hà Nội"
Voucher Squid Ring Set tại Lotteria,Lotteria,"152 Thái Thịnh, Láng Hạ, Quận Đống Đa, Hà Nội"
Voucher Squid Ring Set tại Lotteria,Lotteria,"TTTM EBEST xã Minh Khai, Quận Từ Liêm, Hà Nội"
Voucher Squid Ring Set tại Lotteria,Lotteria,"Tầng 1, Aeon Mall Long Biên, Cổ Linh, Quận Long Biên, Hà Nội"
Voucher Squid Ring Set tại Lotteria,Lotteria,"Tầng 1C2 Nguyễn Cơ Thạch, KĐT Mỹ Đình, Quận Từ Liêm, Hà Nội"
Voucher Squid Ring Set tại Lotteria,Lotteria,"138 Lê Thanh Nghị, P. Bách Khoa, Quận Hai Bà Trưng, Hà Nội"
Voucher Squid Ring Set tại Lotteria,Lotteria,"7-9 Đinh Tiên Hoàng, P. Hàng Bạc, Quận Hoàn Kiếm, Hà Nội"
Voucher Squid Ring Set tại Lotteria,Lotteria,"01 Núi Trúc, P.Kim Mã, Quận Ba Đình, Hà Nội"
Voucher Squid Ring Set tại Lotteria,Lotteria,"298 Cầu Giấy, P. Quan Hoa, Quận Cầu Giấy, Hà Nội"
Voucher Squid Ring Set tại Lotteria,Lotteria,"391 Hoàng Quốc Việt, P. Nghĩa Tân, Quận Cầu giấy, Hà Nội"
Voucher Squid Ring Set tại Lotteria,Lotteria,"66 Lò Đúc, P. Phạm Đình Hổ, Quận Hai Bà Trưng, Hà Nội"
Voucher Squid Ring Set tại Lotteria,Lotteria,"Tầng 4 , Ô số 430+431, Lotte Mall, Ngõ 683 Lạc Long Quân, P. Phú Thượng, Quận Tây Hồ, Hà Nội"
Voucher Squid Ring Set tại Lotteria,Lotteria,"203 Nguyễn Thị Minh Khai, P. Minh Khai, Quận Hai Bà Trưng, Hà Nội"
Voucher Squid Ring Set tại Lotteria,Lotteria,"Tầng 1 Mễ Trì, P. Mễ Trì, Quận Từ Liêm, Hà Nội"
Voucher Squid Ring Set tại Lotteria,Lotteria,"TTTM Savico Nguyễn Văn Linh, Quận Long Biên, Hà Nội"
Voucher Squid Ring Set tại Lotteria,Lotteria,"2A Trần Vũ, P. Quán Thánh, Quận Ba Đình, Hà Nội"
Voucher Squid Ring Set tại Lotteria,Lotteria,"Km 10 Nguyễn Trãi, P. Mỗ Lao, Quận Hà Đông, Hà Nội"
Voucher Squid Ring Set tại Lotteria,Lotteria,"Ngã 3 Yên Xá, Tân Triều, Quận Hà Đông, Hà Nội"
Voucher Squid Ring Set tại Lotteria,Lotteria,"103DN11 Nguyễn Khánh Toàn, P. Quan Hoa, Quận Cầu Giấy, Hà Nội"
Voucher Squid Ring Set tại Lotteria,Lotteria,"54 Liễu Giai, P. Cống Vị, Quận Ba Đình, Hà Nội"
Voucher Squid Ring Set tại Lotteria,Lotteria,"445a Lạc Long Quân, Phường Xuân La, Quận Tây Hồ, Hà Nội"
Voucher Squid Ring Set tại Lotteria,Lotteria,"Tầng 1 Citimart Hà Đông, CT 7A-CT7B KĐTM Văn Quán, P. Phúc La, Quận Hà Đông, Hà Nội"
Voucher Squid Ring Set tại Lotteria,Lotteria,"63 Huỳnh Thúc Kháng, P. Láng Hạ, Quận Đống Đa, Hà Nội"
Voucher Squid Ring Set tại Lotteria,Lotteria,"SH20.21 Tòa S1.05 Vinhomes Ocean Park, xã Đa Tốn, Huyện Gia Lâm, Hà Nội"
Voucher Squid Ring Set tại Lotteria,Lotteria,"TTTM Aeon Mall, P. Dương Nội, Quận Hà Đông, Hà Nội"
Voucher Squid Ring Set tại Lotteria,Lotteria,"34 Hoàng Cầu, P. Ô Chợ Dừa, Quận Đống Đa, Hà Nội"
Voucher Squid Ring Set tại Lotteria,Lotteria,"Lô D5, KĐTM Cầu Giấy, P. Dịch Vọng, Quận Cầu Giấy, Hà Nội"
Voucher Squid Ring Set tại Lotteria,Lotteria,"437 Bạch Mai, P. Trương Định, Quận Hai Bà Trưng, Hà Nội"
Voucher Squid Ring Set tại Lotteria,Lotteria,"Tầng 2 Big C Thăng Long, 222 Trần Duy Hưng, P. Trung Hòa, Quận Cầu Giấy, Hà Nội"
Voucher Squid Ring Set tại Lotteria,Lotteria,"23 Hàng Thanh, P. Nguyễn Trung Trực, Quận Ba Đình, Hà Nội"
Voucher Squid Ring Set tại Lotteria,Lotteria,"Tầng 1 Tòa A8, An Bình City, 232 Phạm Văn Đồng, Quận Bắc Từ Liêm, Hà Nội"
Voucher Squid Ring Set tại Lotteria,Lotteria,"72A Nguyễn Trãi, Quận Thanh Xuân, Hà Nội"
Voucher Squid Ring Set tại Lotteria,Lotteria,"210-212 Nguyễn Văn Cừ, P. Ngọc Lâm, Quận Long Biên, Hà Nội"
Voucher Squid Ring Set tại Lotteria,Lotteria,"Tòa Horizon city, 87 Lĩnh Nam, P. Mai Động, Quận Hoàng Mai, Hà Nội"
Voucher Squid Ring Set tại Lotteria,Lotteria,"112 Trần Duy Hưng, P. Trung Hòa, Quận Cầu Giấy, Hà Nội"
Voucher Squid Ring Set tại Lotteria,Lotteria,"Tầng hầm B1 Times City, 458 Minh Khai, P. Vĩnh Tuy, Quận Hai Bà Trưng, Hà Nội"
Voucher Squid Ring Set tại Lotteria,Lotteria,"Tầng 1 CT 4A.B KĐT Xa La, xã Phúc La, Quận Hà Đông, Hà Nội"
Voucher Squid Ring Set tại Lotteria,Lotteria,"TTTM Mê Linh, Tô Hiệu, Quận Hà Đông, Hà Nội"
Voucher Squid Ring Set tại Lotteria,Lotteria,"Tầng 1 tòa nhà Housing, 299 Trung Kính, Trung Hòa, Quận Cầu Giấy, Hà Nội"
Voucher Squid Ring Set tại Lotteria,Lotteria,"TTTM Mua Sắm Aeon - Tân Phú Celadon, 30 Bờ Bao Tân Thắng, P. Sơn Kỳ, Quận Tân Phú, Hồ Chí Minh"
Voucher Squid Ring Set tại Lotteria,Lotteria,"Tầng 1, 18 Phan Văn Trị, P. 10, Quận Gò Vấp, Hồ Chí Minh"
Voucher Squid Ring Set tại Lotteria,Lotteria,"211 - 213 Bình Phú, P. 11, Quận 6, Hồ Chí Minh"
Voucher Squid Ring Set tại Lotteria,Lotteria,"445 Bạch Đằng, P. 12, Quận Bình Thạnh, Hồ Chí Minh"
Voucher Squid Ring Set tại Lotteria,Lotteria,"Khu B, KĐT mới An Phú - An Khánh, P. An Phú, Quận 2, Hồ Chí Minh"
Voucher Squid Ring Set tại Lotteria,Lotteria,"572A Ba Tháng Hai, P. 14, Quận 10, Hồ Chí Minh"
Voucher Squid Ring Set tại Lotteria,Lotteria,"95A Trần Hưng Đạo, P. Cầu Ông Lãnh, Quận 1, Hồ Chí Minh"
Voucher Squid Ring Set tại Lotteria,Lotteria,"Tầng 5, 101 Tôn Dật Tiên, P. Tân Phú, Quận 7, Hồ Chí Minh"
Voucher Squid Ring Set tại Lotteria,Lotteria,"66 Mạc Cửu-67 Vạn Kiếp, P. 13, Quận 5, Hồ Chí Minh"
Voucher Squid Ring Set tại Lotteria,Lotteria,"11 Sư Phạn Vạn Hạnh, P. 12, Quận 10, Hồ Chí Minh"
Voucher Squid Ring Set tại Lotteria,Lotteria,"33 Nguyễn Văn Nghi, P. 4, Quận Gò Vấp, Hồ Chí Minh"
Voucher Squid Ring Set tại Lotteria,Lotteria,"158 - 160 Lê Bình, P. 4, Quận Tân Bình, Hồ Chí Minh"
Voucher Squid Ring Set tại Lotteria,Lotteria,"111 Dương Bá Trạc, P. 1, Quận 8, Hồ Chí Minh"
Voucher Squid Ring Set tại Lotteria,Lotteria,"357 Quốc lộ 22, ấp Thượng, xã Tân Thông Hội, Huyện Củ Chi, Hồ Chí Minh"
Voucher Squid Ring Set tại Lotteria,Lotteria,"P5 _SH.02 Tòa Park 5 Vinhomes Central, 20A Điện Biên Phủ, Phường 22, Quận Bình Thạnh, Hồ Chí Minh"
Voucher Squid Ring Set tại Lotteria,Lotteria,"469 Nguyễn Hữu Thọ, P. Tân Hưng, Quận 7, Hồ Chí Minh"
Voucher Squid Ring Set tại Lotteria,Lotteria,"S6.0301.S04 & S6.0301.S03 Origami Vinhomes Grand Park, Quận 9, Hồ Chí Minh"
Voucher Squid Ring Set tại Lotteria,Lotteria,"292 Đinh Bộ Lĩnh, P. 26, Quận Bình Thạnh, Hồ Chí Minh"
Voucher Squid Ring Set tại Lotteria,Lotteria,"Số 2 Song Hành (gần Cầu Đen), P. An Phú, Quận 2, Hồ Chí Minh"
Voucher Squid Ring Set tại Lotteria,Lotteria,"Coopmart Tuy Lý Vương, 40 - 54 Tuy Lý Vương, P. 13, Quận 8, Hồ Chí Minh"
Voucher Squid Ring Set tại Lotteria,Lotteria,"801 Hồng Bàng, P. 9, Quận 6, Hồ Chí Minh"
Voucher Squid Ring Set tại Lotteria,Lotteria,"573 Huỳnh Tấn Phát, P. Tân Thuận Đông, Quận 7, Hồ Chí Minh"
Voucher Squid Ring Set tại Lotteria,Lotteria,"11-11 Bis Nguyễn Thị Minh Khai, P. Bến Nghé, Quận 1, Hồ Chí Minh"
Voucher Squid Ring Set tại Lotteria,Lotteria,"303 Trần Hưng Đạo, P. Nguyễn Cư Trinh, Quận 1, Hồ Chí Minh"
Voucher Squid Ring Set tại Lotteria,Lotteria,"1397 Nguyễn Văn Linh, KP Mỹ Khánh 2-H4-2, P. Tân Phong, Quận 7, Hồ Chí Minh"
Voucher Squid Ring Set tại Lotteria,Lotteria,"380 Thoại Ngọc Hầu, P. Phú Thạnh, Quận Tân Phú, Hồ Chí Minh"
Voucher Squid Ring Set tại Lotteria,Lotteria,"70 - 72 Bàu Cát, P. 14, Quận Tân Bình, Hồ Chí Minh"
Voucher Squid Ring Set tại Lotteria,Lotteria,"02 Ngô Gia Tự - 145 Lý Thái Tổ, P. 9, Quận 10, Hồ Chí Minh"
Voucher Squid Ring Set tại Lotteria,Lotteria,"159/6 - 160/1 ấp Trung Chánh, xã Tân Xuân, Huyện Hóc Môn, Hồ Chí Minh"
Voucher Squid Ring Set tại Lotteria,Lotteria,"250B Lý Chính Thắng, P. 9, Quận 3, Hồ Chí Minh"
Voucher Squid Ring Set tại Lotteria,Lotteria,"Pico Plaza, 20 Cộng Hòa, P. 12, Quận Tân Bình, Hồ Chí Minh"
Voucher Squid Ring Set tại Lotteria,Lotteria,"10 Võ Văn Ngân, P. Trường Thọ, Quận Thủ Đức, Hồ Chí Minh"
Voucher Squid Ring Set tại Lotteria,Lotteria,"68 Lê Văn Việt, Tổ 11, KP. 2, P. Hiệp Phú, Quận 9, Hồ Chí Minh"
Voucher Squid Ring Set tại Lotteria,Lotteria,"102 Lê Quốc Hưng, P. 12, Quận 4, Hồ Chí Minh"
Voucher Squid Ring Set tại Lotteria,Lotteria,"1271 Tỉnh lộ 10, KP. 9, P. Tân Tạo, Quận Bình Tân, Hồ Chí Minh"
Voucher Squid Ring Set tại Lotteria,Lotteria,"52 Hậu Giang, P. 06, Quận 6, Hồ Chí Minh"
Voucher Squid Ring Set tại Lotteria,Lotteria,"220/151/3B - 222 Xô Viết Nghệ Tĩnh, P. 21, Quận Bình Thạnh, Hồ Chí Minh"
Voucher Squid Ring Set tại Lotteria,Lotteria,"309 - 311 Vành Đai Trong, P. Bình Trị Đông B, Quận Bình Tân, Hồ Chí Minh"
Voucher Squid Ring Set tại Lotteria,Lotteria,"09 Quang Trung, P. 11, Quận Gò Vấp, Hồ Chí Minh"
Voucher Squid Ring Set tại Lotteria,Lotteria,"251 Phan Xích Long, KDC Rạch Miễu P. 7, Quận Phú Nhuận, Hồ Chí Minh"
Voucher Squid Ring Set tại Lotteria,Lotteria,"01 Nguyễn Thông, P. 9, Quận 3, Hồ Chí Minh"
Voucher Squid Ring Set tại Lotteria,Lotteria,"175 H òa Bình, P. Hiệp Tân, Quận Tân Phú, Hồ Chí Minh"
Voucher Squid Ring Set tại Lotteria,Lotteria,"TTTM Big C City Land, Lô A, KDC City Land, Số 99 Nguyễn Thị Thập, Quận 7, Hồ Chí Minh"
Voucher Squid Ring Set tại Lotteria,Lotteria,"968 Ba Tháng Hai, P. 15, Quận 11, Hồ Chí Minh"
Voucher Squid Ring Set tại Lotteria,Lotteria,"175 (số cũ 19/35) Độc Lập, P. Tân Quý, Quận Tân Phú, Hồ Chí Minh"
Voucher Squid Ring Set tại Lotteria,Lotteria,"114 Trần Hưng Đạo, P. 7, Quận 5, Hồ Chí Minh"
Voucher Squid Ring Set tại Lotteria,Lotteria,"307A (số cũ 155A) Tô Hiến Thành, P. 13, Quận 10, Hồ Chí Minh"
Voucher Squid Ring Set tại Lotteria,Lotteria,"604 - 606 Điện Biên Phủ, P. 22, Quận Bình Thạnh, Hồ Chí Minh"
Voucher Squid Ring Set tại Lotteria,Lotteria,"72 Ngô Tất Tố, Phường 19, Quận Bình Thạnh, Hồ Chí Minh"
Voucher Squid Ring Set tại Lotteria,Lotteria,"283 Võ Văn Ngân, P. Linh Chiểu, Quận Thủ Đức, Hồ Chí Minh"
Voucher Squid Ring Set tại Lotteria,Lotteria,"187 Xuân Hồng, Phường 12, Quận Tân Bình, Hồ Chí Minh"
Voucher Squid Ring Set tại Lotteria,Lotteria,"346B Lê Quang Định, P. 11, Quận Bình Thạnh, Hồ Chí Minh"
Voucher Squid Ring Set tại Lotteria,Lotteria,"120 Nguyễn Thị Minh Khai, P. Hải Châu 1, Quận Hải Châu, Đà Nẵng"
Voucher Squid Ring Set tại Lotteria,Lotteria,"568 Trưng Nữ Vương, P. Hòa Thuận Tây, Quận Hải Châu, Đà Nẵng"
Voucher Squid Ring Set tại Lotteria,Lotteria,"92A Phan Chu Trinh, Quận Hải Châu, Đà Nẵng"
Voucher Squid Ring Set tại Lotteria,Lotteria,"Trần Nhân Tông, Bình Than, Quận Sơn Trà, Đà Nẵng"
Voucher Squid Ring Set tại Lotteria,Lotteria,"TTTM khu Quy hoạch Bà Triệu - Hùng Vương, P. Phú Hội, Thừa Thiên Huế, Thành Phố Huế, Thừa Thiên Huế"
Voucher Squid Ring Set tại Lotteria,Lotteria,"06 Trần Hưng Đạo, P. Phú Hòa, Thừa Thiên Huế, Thành Phố Huế, Thừa Thiên Huế"
Voucher Squid Ring Set tại Lotteria,Lotteria,"T308, Tầng 3 Trung tâm thương mại Aeon Mall Huế, Số 8 đường Võ Nguyên Giáp, Phường An Đông, Huế, Thừa Thiên Huế"
Voucher Squid Ring Set tại Lotteria,Lotteria,"207C Lạch Tray, Quận Ngô Quyền, Hải Phòng"
Voucher Squid Ring Set tại Lotteria,Lotteria,"88 Trần Phú, Quận Ngô Quyền, Hải Phòng"
Voucher Squid Ring Set tại Lotteria,Lotteria,"317 Trần Thành Ngọ, Quận Kiến An, Hải Phòng"
Voucher Squid Ring Set tại Lotteria,Lotteria,"Số 2 Phạm Minh Đức, Phường Máy Tơ, Quận Ngô Quyền, Hải Phòng"
Voucher Squid Ring Set tại Lotteria,Lotteria,"Lô 1/20 KĐT ngã 5, Sân bay Cát Bi, Quận Ngô Quyền, Hải Phòng"
Voucher Squid Ring Set tại Lotteria,Lotteria,"118 - 120 Trần Nguyên Hãn, Quận Lê Trân, Hải Phòng"
Voucher Squid Ring Set tại Lotteria,Lotteria,"Lô 1F11, Lottemart, số 84 Mậu Thân, Phường An Hòa, Quận Ninh Kiều, Cần Thơ"
Voucher Squid Ring Set tại Lotteria,Lotteria,"Lô 01, KDC Hưng Phú 1, P. Hưng Phú, Quận Cái Răng, Cần Thơ"
Voucher Squid Ring Set tại Lotteria,Lotteria,"170 Nguyễn Văn Cừ, P. An Khánh, Quận Ninh Kiều, Cần Thơ"
Voucher Squid Ring Set tại Lotteria,Lotteria,"Soiva Plaza Me Linh, Quận Khai Hoang, Vĩnh Yên, Vĩnh Phúc"
Voucher Squid Ring Set tại Lotteria,Lotteria,"TTTM Vincom Plaza, Đường Cù Chính Lan, Đồng Tiến, Hoà Bình"
Voucher Squid Ring Set tại Lotteria,Lotteria,"Tầng 3, Vincom Bắc Kan, Số 8A Đức Xuân, Bắc Kạn"
Voucher Squid Ring Set tại Lotteria,Lotteria,"Ngã 6, Plot 26, Khu 13, P. Kim Tân, Lào Cai, Lào Cai"
Voucher Squid Ring Set tại Lotteria,Lotteria,"Đường Cầu Kì Lừa, P. Chi Lăng, Lạng Sơn, Lạng Sơn"
Voucher Squid Ring Set tại Lotteria,Lotteria,"Tầng 1 TTTM Big C Bắc Giang, ngã 4 Hùng Vương kéo dài, xã Tân Tiến, Bắc Giang, Bắc Giang"
Voucher Squid Ring Set tại Lotteria,Lotteria,"TTTM Big C Việt Trì, Nguyễn Tất Thành, P. Thanh Miếu, Việt Trì, Phú Thọ"
Voucher Squid Ring Set tại Lotteria,Lotteria,"Lầu 3, Vincom Sơn La, Trường Chinh, P. Quyết Thắng, Sơn La, Sơn La"
Voucher Squid Ring Set tại Lotteria,Lotteria,"TTTM Thiên Trường, Quận Lộc Hòa, Nam Định"
Voucher Squid Ring Set tại Lotteria,Lotteria,"02 Hồng Quang, P. Quang Trung, Hải Dương"
Voucher Squid Ring Set tại Lotteria,Lotteria,"TTTM Vincom Hạ Long, P. Bạch Đằng, Hạ Long, Quảng Ninh"
Voucher Squid Ring Set tại Lotteria,Lotteria,"TTTM Big C, Cột 5, P. Hồng Hải, Hạ Long, Quảng Ninh"
Voucher Squid Ring Set tại Lotteria,Lotteria,"160 Lê Thánh Tôn, Hạ Long, Quảng Ninh"
Voucher Squid Ring Set tại Lotteria,Lotteria,"02 Trần Khánh Dư, P. Cẩm Đông, Cẩm Phả, Quảng Ninh"
Voucher Squid Ring Set tại Lotteria,Lotteria,"Số 342-346 Trần Hưng Đạo, P. Cửa Bắc, Thành phố Nam Định, Nam Định"
Voucher Squid Ring Set tại Lotteria,Lotteria,"TTTM Big C Ninh Bình, Trần Nhân Tông, Xã Ninh Phúc, Ninh Bình"
Voucher Squid Ring Set tại Lotteria,Lotteria,"TTTM Vincom Plaza Thanh Hóa, Phường Trần Phú, Thanh Hóa"
Voucher Squid Ring Set tại Lotteria,Lotteria,"Tầng 1 Big C Thanh Hóa, Xã Đông Hải, Thanh Hóa"
Voucher Squid Ring Set tại Lotteria,Lotteria,"TTTM Big C Vinh, 02 Quang Trung, Vinh, Nghệ An"
Voucher Squid Ring Set tại Lotteria,Lotteria,"87A Nguyễn Văn Cừ, Khối 2, Phường Trường Thi, Vinh, Nghệ An"
Voucher Squid Ring Set tại Lotteria,Lotteria,"Tầng 3-16, Lotte Mart Vinh, 295 đường V.I Lê Ninh, P. Hà Huy Tập, Vinh, Nghệ An"
Voucher Squid Ring Set tại Lotteria,Lotteria,"74 Trần Phú, P. Bắc Hà, Hà Tĩnh"
Voucher Squid Ring Set tại Lotteria,Lotteria,"Số 1 Hùng Vương, Phường Cẩm Phô, Hội An, Quảng Nam"
Voucher Squid Ring Set tại Lotteria,Lotteria,"Cổng Nam TTTM Go! Đường Lý Thường Kiệt, Nghĩa Chánh, Quảng Ngãi"
Voucher Squid Ring Set tại Lotteria,Lotteria,"117B Đại lộ Hùng Vương, Trần Hưng Đạo, Quảng Ngãi"
Voucher Squid Ring Set tại Lotteria,Lotteria,"01 Phan Bội Châu, P. Hội Thương, Pleiku, Gia Lai"
Voucher Squid Ring Set tại Lotteria,Lotteria,"02 - 2A Nguyễn Thái Học, Quy Nhơn, Bình Định"
Voucher Squid Ring Set tại Lotteria,Lotteria,"KĐT xanh Vũng Chua, P. Ghềnh Ráng, Quy Nhơn, Bình Định"
Voucher Squid Ring Set tại Lotteria,Lotteria,"178 Y Jut, Thắng Lợi, Buôn Ma Thuột, Đắk Lắk"
Voucher Squid Ring Set tại Lotteria,Lotteria,"73 Thống Nhất, Nha Trang, Khánh Hòa"
Voucher Squid Ring Set tại Lotteria,Lotteria,"CTXD số SB.D-70, Dự án Công viên văn hóa Vinwonders Nha Trang, Đảo Hòn Tre, P. Vĩnh Nguyên, Nha Trang, Khánh Hòa"
Voucher Squid Ring Set tại Lotteria,Lotteria,"Lô 04, đường 19/5, KĐT Vĩnh Điềm Trung, xã Vĩnh Hiệp, Nha Trang, Khánh Hòa"
Voucher Squid Ring Set tại Lotteria,Lotteria,"2038 Hùng Vương, P. Cam Lộc, Cam Ranh, Khánh Hòa"
Voucher Squid Ring Set tại Lotteria,Lotteria,"2+2/1 Nguyễn Đình Chiểu, P. Vĩnh Phước, Nha Trang, Khánh Hòa"
Voucher Squid Ring Set tại Lotteria,Lotteria,"133 Bà Triệu, P. Thắng Lợi, Kon Tum, Kon Tum"
Voucher Squid Ring Set tại Lotteria,Lotteria,"285 Bùi Thị Xuân, P. 8, Đà Lạt, Lâm Đồng"
Voucher Squid Ring Set tại Lotteria,Lotteria,"Tầng trệt, Tháp nước, Trần Phú, P. 2, Bảo Lộc, Lâm Đồng"
Voucher Squid Ring Set tại Lotteria,Lotteria,"01 Nguyễn Thị Minh Khai, P. 01, Đà Lạt, Lâm Đồng"
Voucher Squid Ring Set tại Lotteria,Lotteria,"Quảng Trường Lâm Viên, góc đường Hồ Tùng Mậu - Trần Quốc Thảo, P. 10, Đà Lạt, Lâm Đồng"
Voucher Squid Ring Set tại Lotteria,Lotteria,"62 Thủ Khoa Huân, KP. 1, P. Bình Hưng, Phan Thiết, Bình Thuận"
Voucher Squid Ring Set tại Lotteria,Lotteria,"KDC Hùng Vương 1, P. Phú Thủy, Phan Thiết, Bình Thuận"
Voucher Squid Ring Set tại Lotteria,Lotteria,"1A Nguyễn Tất Thành, P. Bình Hưng, Phan Thiết, Bình Thuận"
Voucher Squid Ring Set tại Lotteria,Lotteria,"Quốc Lộ 51, KP 1, P. Long Bình Tân, Biên Hòa, Đồng Nai"
Voucher Squid Ring Set tại Lotteria,Lotteria,"Siêu Thị Hoàng Đức Gia Kiệm - 166 ấp Bạch Lâm 1, xã Gia Tân 2, Huyện Thống Nhất, Đồng Nai"
Voucher Squid Ring Set tại Lotteria,Lotteria,"03 Phan Chu Trinh, P. Quang Vinh, Biên Hòa, Đồng Nai"
Voucher Squid Ring Set tại Lotteria,Lotteria,"F230-F231 Võ Thị Sáu, Phường Thống Nhất, Biên Hòa, Đồng Nai"
Voucher Squid Ring Set tại Lotteria,Lotteria,"Lô B-03, KTM Amata, Quốc lộ 1A, P. Long Bình, Biên Hòa, Đồng Nai"
Voucher Squid Ring Set tại Lotteria,Lotteria,"198 Hùng Vương, P. Xuân Bình, Thị xã Long Khánh, Đồng Nai"
Voucher Squid Ring Set tại Lotteria,Lotteria,"TTTM Chợ Thanh Hà, Trần Phú, P. Phủ Hòa, Phan Rang - Tháp Chàm, Ninh Thuận"
Voucher Squid Ring Set tại Lotteria,Lotteria,"555B đại lộ Bình Dương, P. Hiệp Bình, Thị xã Thủ Dầu Một, Bình Dương"
Voucher Squid Ring Set tại Lotteria,Lotteria,"TTTM Green Square, P. Đông Hòa, Thị xã Dĩ An, Bình Dương"
Voucher Squid Ring Set tại Lotteria,Lotteria,"231 Yersin, P. Hiệp Thành, Thị xã Thủ Dầu Một, Bình Dương"
Voucher Squid Ring Set tại Lotteria,Lotteria,"KĐT The Seasons Bình Dương, P. Lái Thiêu, Thị xã Thuận An, Bình Dương"
Voucher Squid Ring Set tại Lotteria,Lotteria,"368 đường 30/4 P. Chánh Nghĩa, Thị xã Thủ Dầu Một, Bình Dương"
Voucher Squid Ring Set tại Lotteria,Lotteria,"01 Trần Hưng Đạo, P. Phú Cường, Thị xã Thủ Dầu Một, Bình Dương"
Voucher Squid Ring Set tại Lotteria,Lotteria,"TTMS Aeon - Bình Dương Canary, 1 Đại Lộ Bình Dương, KP. Bình Giao, P. Thuận Giao, Thị xã Thuận An, Bình Dương"
Voucher Squid Ring Set tại Lotteria,Lotteria,"576 Cách Mạng Tháng Tám, Phường 3, Tây Ninh"
Voucher Squid Ring Set tại Lotteria,Lotteria,"Tầng trệt, KP. Lộc An, Thị trấn Trảng Bàng, Huyện Trảng Bàng, Tây Ninh"
Voucher Squid Ring Set tại Lotteria,Lotteria,"09 Hạ Long, P. 2, Vũng Tàu, Bà Rịa - Vũng Tàu"
Voucher Squid Ring Set tại Lotteria,Lotteria,"227 Nam Kỳ Khởi Nghĩa - 378 Lê Hồng Phong, P. 03, Vũng Tàu, Bà Rịa - Vũng Tàu"
Voucher Squid Ring Set tại Lotteria,Lotteria,"Tầng 1, Góc đường 3/2 - Thi Sách, P. 8, Vũng Tàu, Bà Rịa - Vũng Tàu"
Voucher Squid Ring Set tại Lotteria,Lotteria,"Shop GF-01, Ấp Thanh Ba, Xã Mỹ Lộc, Thị trấn Cần Giuộc, Huyện Cần Giuộc, Long An"
Voucher Squid Ring Set tại Lotteria,Lotteria,"15 Trương Định - 11 Phan Đình Phùng, KP. 01, P. 1, Thị xã Gò Công, Tiền Giang"
Voucher Squid Ring Set tại Lotteria,Lotteria,"545 Lê Văn Phẩm, P. 5, Mỹ Tho, Tiền Giang"
Voucher Squid Ring Set tại Lotteria,Lotteria,"34 Ngô Quyền, P. 1, Mỹ Tho, Tiền Giang"
Voucher Squid Ring Set tại Lotteria,Lotteria,"Go Mart Trà Vinh, Đường Võ Nguyên Giáp, P. 7, Trà Vinh"
Voucher Squid Ring Set tại Lotteria,Lotteria,"Tầng trệt, Nguyễn Sinh Sắc, khóm 2, P. 2, Sa Đéc, Đồng Tháp"
Voucher Squid Ring Set tại Lotteria,Lotteria,"65 Nguyễn Huệ, P. 01, Cao Lãnh, Đồng Tháp"
Voucher Squid Ring Set tại Lotteria,Lotteria,"01 Ngô Thời Nhậm, P. 1, Cao Lãnh, Đồng Tháp"
Voucher Squid Ring Set tại Lotteria,Lotteria,"92 Nguyễn Trãi, P. Mỹ Long, Long Xuyên, An Giang"
Voucher Squid Ring Set tại Lotteria,Lotteria,"29 Trần Hưng Đạo, P. 5, Cà Mau, Cà Mau"
Voucher Squid Ring 5pcs tại Lotteria,Lotteria,"Ngã 3 Đào Duy Anh - Kim Liên - Phạm Ngọc Thạch, Quận Đống Đa, Hà Nội"
Voucher Squid Ring 5pcs tại Lotteria,Lotteria,"Phạm Văn Đồng, P. Cổ Nhuế 1, Quận Bắc Từ Liêm, Hà Nội"
Voucher Squid Ring 5pcs tại Lotteria,Lotteria,"Toà nhà Mandarin Garden 2, Số 493 Tân Mai, P. Tân Mai, Quận Hoàng Mai, Hà Nội"
Voucher Squid Ring 5pcs tại Lotteria,Lotteria,"64 BT X2, khu đô thị Bắc Linh Đàm, Quận Hoàng Mai, Hà Nội"
Voucher Squid Ring 5pcs tại Lotteria,Lotteria,"201 Khâm Thiên, Quận Đống Đa, Hà Nội"
Voucher Squid Ring 5pcs tại Lotteria,Lotteria,"154 Bà Triệu, Nguyễn Du, Quận Hai Bà Trưng, Hà Nội"
Voucher Squid Ring 5pcs tại Lotteria,Lotteria,"152 Thái Thịnh, Láng Hạ, Quận Đống Đa, Hà Nội"
Voucher Squid Ring 5pcs tại Lotteria,Lotteria,"TTTM EBEST xã Minh Khai, Quận Từ Liêm, Hà Nội"
Voucher Squid Ring 5pcs tại Lotteria,Lotteria,"Tầng 1, Aeon Mall Long Biên, Cổ Linh, Quận Long Biên, Hà Nội"
Voucher Squid Ring 5pcs tại Lotteria,Lotteria,"Tầng 1C2 Nguyễn Cơ Thạch, KĐT Mỹ Đình, Quận Từ Liêm, Hà Nội"
Voucher Squid Ring 5pcs tại Lotteria,Lotteria,"138 Lê Thanh Nghị, P. Bách Khoa, Quận Hai Bà Trưng, Hà Nội"
Voucher Squid Ring 5pcs tại Lotteria,Lotteria,"7-9 Đinh Tiên Hoàng, P. Hàng Bạc, Quận Hoàn Kiếm, Hà Nội"
Voucher Squid Ring 5pcs tại Lotteria,Lotteria,"01 Núi Trúc, P.Kim Mã, Quận Ba Đình, Hà Nội"
Voucher Squid Ring 5pcs tại Lotteria,Lotteria,"298 Cầu Giấy, P. Quan Hoa, Quận Cầu Giấy, Hà Nội"
Voucher Squid Ring 5pcs tại Lotteria,Lotteria,"391 Hoàng Quốc Việt, P. Nghĩa Tân, Quận Cầu giấy, Hà Nội"
Voucher Squid Ring 5pcs tại Lotteria,Lotteria,"66 Lò Đúc, P. Phạm Đình Hổ, Quận Hai Bà Trưng, Hà Nội"
Voucher Squid Ring 5pcs tại Lotteria,Lotteria,"Tầng 4 , Ô số 430+431, Lotte Mall, Ngõ 683 Lạc Long Quân, P. Phú Thượng, Quận Tây Hồ, Hà Nội"
Voucher Squid Ring 5pcs tại Lotteria,Lotteria,"203 Nguyễn Thị Minh Khai, P. Minh Khai, Quận Hai Bà Trưng, Hà Nội"
Voucher Squid Ring 5pcs tại Lotteria,Lotteria,"Tầng 1 Mễ Trì, P. Mễ Trì, Quận Từ Liêm, Hà Nội"
Voucher Squid Ring 5pcs tại Lotteria,Lotteria,"TTTM Savico Nguyễn Văn Linh, Quận Long Biên, Hà Nội"
Voucher Squid Ring 5pcs tại Lotteria,Lotteria,"2A Trần Vũ, P. Quán Thánh, Quận Ba Đình, Hà Nội"
Voucher Squid Ring 5pcs tại Lotteria,Lotteria,"Km 10 Nguyễn Trãi, P. Mỗ Lao, Quận Hà Đông, Hà Nội"
Voucher Squid Ring 5pcs tại Lotteria,Lotteria,"Ngã 3 Yên Xá, Tân Triều, Quận Hà Đông, Hà Nội"
Voucher Squid Ring 5pcs tại Lotteria,Lotteria,"103DN11 Nguyễn Khánh Toàn, P. Quan Hoa, Quận Cầu Giấy, Hà Nội"
Voucher Squid Ring 5pcs tại Lotteria,Lotteria,"54 Liễu Giai, P. Cống Vị, Quận Ba Đình, Hà Nội"
Voucher Squid Ring 5pcs tại Lotteria,Lotteria,"445a Lạc Long Quân, Phường Xuân La, Quận Tây Hồ, Hà Nội"
Voucher Squid Ring 5pcs tại Lotteria,Lotteria,"Tầng 1 Citimart Hà Đông, CT 7A-CT7B KĐTM Văn Quán, P. Phúc La, Quận Hà Đông, Hà Nội"
Voucher Squid Ring 5pcs tại Lotteria,Lotteria,"63 Huỳnh Thúc Kháng, P. Láng Hạ, Quận Đống Đa, Hà Nội"
Voucher Squid Ring 5pcs tại Lotteria,Lotteria,"SH20.21 Tòa S1.05 Vinhomes Ocean Park, xã Đa Tốn, Huyện Gia Lâm, Hà Nội"
Voucher Squid Ring 5pcs tại Lotteria,Lotteria,"TTTM Aeon Mall, P. Dương Nội, Quận Hà Đông, Hà Nội"
Voucher Squid Ring 5pcs tại Lotteria,Lotteria,"34 Hoàng Cầu, P. Ô Chợ Dừa, Quận Đống Đa, Hà Nội"
Voucher Squid Ring 5pcs tại Lotteria,Lotteria,"Lô D5, KĐTM Cầu Giấy, P. Dịch Vọng, Quận Cầu Giấy, Hà Nội"
Voucher Squid Ring 5pcs tại Lotteria,Lotteria,"437 Bạch Mai, P. Trương Định, Quận Hai Bà Trưng, Hà Nội"
Voucher Squid Ring 5pcs tại Lotteria,Lotteria,"Tầng 2 Big C Thăng Long, 222 Trần Duy Hưng, P. Trung Hòa, Quận Cầu Giấy, Hà Nội"
Voucher Squid Ring 5pcs tại Lotteria,Lotteria,"23 Hàng Thanh, P. Nguyễn Trung Trực, Quận Ba Đình, Hà Nội"
Voucher Squid Ring 5pcs tại Lotteria,Lotteria,"Tầng 1 Tòa A8, An Bình City, 232 Phạm Văn Đồng, Quận Bắc Từ Liêm, Hà Nội"
Voucher Squid Ring 5pcs tại Lotteria,Lotteria,"72A Nguyễn Trãi, Quận Thanh Xuân, Hà Nội"
Voucher Squid Ring 5pcs tại Lotteria,Lotteria,"210-212 Nguyễn Văn Cừ, P. Ngọc Lâm, Quận Long Biên, Hà Nội"
Voucher Squid Ring 5pcs tại Lotteria,Lotteria,"Tòa Horizon city, 87 Lĩnh Nam, P. Mai Động, Quận Hoàng Mai, Hà Nội"
Voucher Squid Ring 5pcs tại Lotteria,Lotteria,"112 Trần Duy Hưng, P. Trung Hòa, Quận Cầu Giấy, Hà Nội"
Voucher Squid Ring 5pcs tại Lotteria,Lotteria,"Tầng hầm B1 Times City, 458 Minh Khai, P. Vĩnh Tuy, Quận Hai Bà Trưng, Hà Nội"
Voucher Squid Ring 5pcs tại Lotteria,Lotteria,"Tầng 1 CT 4A.B KĐT Xa La, xã Phúc La, Quận Hà Đông, Hà Nội"
Voucher Squid Ring 5pcs tại Lotteria,Lotteria,"TTTM Mê Linh, Tô Hiệu, Quận Hà Đông, Hà Nội"
Voucher Squid Ring 5pcs tại Lotteria,Lotteria,"Tầng 1 tòa nhà Housing, 299 Trung Kính, Trung Hòa, Quận Cầu Giấy, Hà Nội"
Voucher Squid Ring 5pcs tại Lotteria,Lotteria,"TTTM Mua Sắm Aeon - Tân Phú Celadon, 30 Bờ Bao Tân Thắng, P. Sơn Kỳ, Quận Tân Phú, Hồ Chí Minh"
Voucher Squid Ring 5pcs tại Lotteria,Lotteria,"Tầng 1, 18 Phan Văn Trị, P. 10, Quận Gò Vấp, Hồ Chí Minh"
Voucher Squid Ring 5pcs tại Lotteria,Lotteria,"211 - 213 Bình Phú, P. 11, Quận 6, Hồ Chí Minh"
Voucher Squid Ring 5pcs tại Lotteria,Lotteria,"445 Bạch Đằng, P. 12, Quận Bình Thạnh, Hồ Chí Minh"
Voucher Squid Ring 5pcs tại Lotteria,Lotteria,"Khu B, KĐT mới An Phú - An Khánh, P. An Phú, Quận 2, Hồ Chí Minh"
Voucher Squid Ring 5pcs tại Lotteria,Lotteria,"572A Ba Tháng Hai, P. 14, Quận 10, Hồ Chí Minh"
Voucher Squid Ring 5pcs tại Lotteria,Lotteria,"95A Trần Hưng Đạo, P. Cầu Ông Lãnh, Quận 1, Hồ Chí Minh"
Voucher Squid Ring 5pcs tại Lotteria,Lotteria,"Tầng 5, 101 Tôn Dật Tiên, P. Tân Phú, Quận 7, Hồ Chí Minh"
Voucher Squid Ring 5pcs tại Lotteria,Lotteria,"66 Mạc Cửu-67 Vạn Kiếp, P. 13, Quận 5, Hồ Chí Minh"
Voucher Squid Ring 5pcs tại Lotteria,Lotteria,"11 Sư Phạn Vạn Hạnh, P. 12, Quận 10, Hồ Chí Minh"
Voucher Squid Ring 5pcs tại Lotteria,Lotteria,"33 Nguyễn Văn Nghi, P. 4, Quận Gò Vấp, Hồ Chí Minh"
Voucher Squid Ring 5pcs tại Lotteria,Lotteria,"158 - 160 Lê Bình, P. 4, Quận Tân Bình, Hồ Chí Minh"
Voucher Squid Ring 5pcs tại Lotteria,Lotteria,"111 Dương Bá Trạc, P. 1, Quận 8, Hồ Chí Minh"
Voucher Squid Ring 5pcs tại Lotteria,Lotteria,"357 Quốc lộ 22, ấp Thượng, xã Tân Thông Hội, Huyện Củ Chi, Hồ Chí Minh"
Voucher Squid Ring 5pcs tại Lotteria,Lotteria,"P5 _SH.02 Tòa Park 5 Vinhomes Central, 20A Điện Biên Phủ, Phường 22, Quận Bình Thạnh, Hồ Chí Minh"
Voucher Squid Ring 5pcs tại Lotteria,Lotteria,"469 Nguyễn Hữu Thọ, P. Tân Hưng, Quận 7, Hồ Chí Minh"
Voucher Squid Ring 5pcs tại Lotteria,Lotteria,"S6.0301.S04 & S6.0301.S03 Origami Vinhomes Grand Park, Quận 9, Hồ Chí Minh"
Voucher Squid Ring 5pcs tại Lotteria,Lotteria,"292 Đinh Bộ Lĩnh, P. 26, Quận Bình Thạnh, Hồ Chí Minh"
Voucher Squid Ring 5pcs tại Lotteria,Lotteria,"Số 2 Song Hành (gần Cầu Đen), P. An Phú, Quận 2, Hồ Chí Minh"
Voucher Squid Ring 5pcs tại Lotteria,Lotteria,"Coopmart Tuy Lý Vương, 40 - 54 Tuy Lý Vương, P. 13, Quận 8, Hồ Chí Minh"
Voucher Squid Ring 5pcs tại Lotteria,Lotteria,"801 Hồng Bàng, P. 9, Quận 6, Hồ Chí Minh"
Voucher Squid Ring 5pcs tại Lotteria,Lotteria,"573 Huỳnh Tấn Phát, P. Tân Thuận Đông, Quận 7, Hồ Chí Minh"
Voucher Squid Ring 5pcs tại Lotteria,Lotteria,"11-11 Bis Nguyễn Thị Minh Khai, P. Bến Nghé, Quận 1, Hồ Chí Minh"
Voucher Squid Ring 5pcs tại Lotteria,Lotteria,"303 Trần Hưng Đạo, P. Nguyễn Cư Trinh, Quận 1, Hồ Chí Minh"
Voucher Squid Ring 5pcs tại Lotteria,Lotteria,"1397 Nguyễn Văn Linh, KP Mỹ Khánh 2-H4-2, P. Tân Phong, Quận 7, Hồ Chí Minh"
Voucher Squid Ring 5pcs tại Lotteria,Lotteria,"380 Thoại Ngọc Hầu, P. Phú Thạnh, Quận Tân Phú, Hồ Chí Minh"
Voucher Squid Ring 5pcs tại Lotteria,Lotteria,"70 - 72 Bàu Cát, P. 14, Quận Tân Bình, Hồ Chí Minh"
Voucher Squid Ring 5pcs tại Lotteria,Lotteria,"02 Ngô Gia Tự - 145 Lý Thái Tổ, P. 9, Quận 10, Hồ Chí Minh"
Voucher Squid Ring 5pcs tại Lotteria,Lotteria,"159/6 - 160/1 ấp Trung Chánh, xã Tân Xuân, Huyện Hóc Môn, Hồ Chí Minh"
Voucher Squid Ring 5pcs tại Lotteria,Lotteria,"250B Lý Chính Thắng, P. 9, Quận 3, Hồ Chí Minh"
Voucher Squid Ring 5pcs tại Lotteria,Lotteria,"Pico Plaza, 20 Cộng Hòa, P. 12, Quận Tân Bình, Hồ Chí Minh"
Voucher Squid Ring 5pcs tại Lotteria,Lotteria,"10 Võ Văn Ngân, P. Trường Thọ, Quận Thủ Đức, Hồ Chí Minh"
Voucher Squid Ring 5pcs tại Lotteria,Lotteria,"68 Lê Văn Việt, Tổ 11, KP. 2, P. Hiệp Phú, Quận 9, Hồ Chí Minh"
Voucher Squid Ring 5pcs tại Lotteria,Lotteria,"102 Lê Quốc Hưng, P. 12, Quận 4, Hồ Chí Minh"
Voucher Squid Ring 5pcs tại Lotteria,Lotteria,"1271 Tỉnh lộ 10, KP. 9, P. Tân Tạo, Quận Bình Tân, Hồ Chí Minh"
Voucher Squid Ring 5pcs tại Lotteria,Lotteria,"52 Hậu Giang, P. 06, Quận 6, Hồ Chí Minh"
Voucher Squid Ring 5pcs tại Lotteria,Lotteria,"220/151/3B - 222 Xô Viết Nghệ Tĩnh, P. 21, Quận Bình Thạnh, Hồ Chí Minh"
Voucher Squid Ring 5pcs tại Lotteria,Lotteria,"309 - 311 Vành Đai Trong, P. Bình Trị Đông B, Quận Bình Tân, Hồ Chí Minh"
Voucher Squid Ring 5pcs tại Lotteria,Lotteria,"09 Quang Trung, P. 11, Quận Gò Vấp, Hồ Chí Minh"
Voucher Squid Ring 5pcs tại Lotteria,Lotteria,"251 Phan Xích Long, KDC Rạch Miễu P. 7, Quận Phú Nhuận, Hồ Chí Minh"
Voucher Squid Ring 5pcs tại Lotteria,Lotteria,"01 Nguyễn Thông, P. 9, Quận 3, Hồ Chí Minh"
Voucher Squid Ring 5pcs tại Lotteria,Lotteria,"175 H òa Bình, P. Hiệp Tân, Quận Tân Phú, Hồ Chí Minh"
Voucher Squid Ring 5pcs tại Lotteria,Lotteria,"TTTM Big C City Land, Lô A, KDC City Land, Số 99 Nguyễn Thị Thập, Quận 7, Hồ Chí Minh"
Voucher Squid Ring 5pcs tại Lotteria,Lotteria,"968 Ba Tháng Hai, P. 15, Quận 11, Hồ Chí Minh"
Voucher Squid Ring 5pcs tại Lotteria,Lotteria,"175 (số cũ 19/35) Độc Lập, P. Tân Quý, Quận Tân Phú, Hồ Chí Minh"
Voucher Squid Ring 5pcs tại Lotteria,Lotteria,"114 Trần Hưng Đạo, P. 7, Quận 5, Hồ Chí Minh"
Voucher Squid Ring 5pcs tại Lotteria,Lotteria,"307A (số cũ 155A) Tô Hiến Thành, P. 13, Quận 10, Hồ Chí Minh"
Voucher Squid Ring 5pcs tại Lotteria,Lotteria,"604 - 606 Điện Biên Phủ, P. 22, Quận Bình Thạnh, Hồ Chí Minh"
Voucher Squid Ring 5pcs tại Lotteria,Lotteria,"72 Ngô Tất Tố, Phường 19, Quận Bình Thạnh, Hồ Chí Minh"
Voucher Squid Ring 5pcs tại Lotteria,Lotteria,"283 Võ Văn Ngân, P. Linh Chiểu, Quận Thủ Đức, Hồ Chí Minh"
Voucher Squid Ring 5pcs tại Lotteria,Lotteria,"187 Xuân Hồng, Phường 12, Quận Tân Bình, Hồ Chí Minh"
Voucher Squid Ring 5pcs tại Lotteria,Lotteria,"346B Lê Quang Định, P. 11, Quận Bình Thạnh, Hồ Chí Minh"
Voucher Squid Ring 5pcs tại Lotteria,Lotteria,"120 Nguyễn Thị Minh Khai, P. Hải Châu 1, Quận Hải Châu, Đà Nẵng"
Voucher Squid Ring 5pcs tại Lotteria,Lotteria,"568 Trưng Nữ Vương, P. Hòa Thuận Tây, Quận Hải Châu, Đà Nẵng"
Voucher Squid Ring 5pcs tại Lotteria,Lotteria,"92A Phan Chu Trinh, Quận Hải Châu, Đà Nẵng"
Voucher Squid Ring 5pcs tại Lotteria,Lotteria,"Trần Nhân Tông, Bình Than, Quận Sơn Trà, Đà Nẵng"
Voucher Squid Ring 5pcs tại Lotteria,Lotteria,"TTTM khu Quy hoạch Bà Triệu - Hùng Vương, P. Phú Hội, Thừa Thiên Huế, Thành Phố Huế, Thừa Thiên Huế"
Voucher Squid Ring 5pcs tại Lotteria,Lotteria,"06 Trần Hưng Đạo, P. Phú Hòa, Thừa Thiên Huế, Thành Phố Huế, Thừa Thiên Huế"
Voucher Squid Ring 5pcs tại Lotteria,Lotteria,"T308, Tầng 3 Trung tâm thương mại Aeon Mall Huế, Số 8 đường Võ Nguyên Giáp, Phường An Đông, Huế, Thừa Thiên Huế"
Voucher Squid Ring 5pcs tại Lotteria,Lotteria,"207C Lạch Tray, Quận Ngô Quyền, Hải Phòng"
Voucher Squid Ring 5pcs tại Lotteria,Lotteria,"88 Trần Phú, Quận Ngô Quyền, Hải Phòng"
Voucher Squid Ring 5pcs tại Lotteria,Lotteria,"317 Trần Thành Ngọ, Quận Kiến An, Hải Phòng"
Voucher Squid Ring 5pcs tại Lotteria,Lotteria,"Số 2 Phạm Minh Đức, Phường Máy Tơ, Quận Ngô Quyền, Hải Phòng"
Voucher Squid Ring 5pcs tại Lotteria,Lotteria,"Lô 1/20 KĐT ngã 5, Sân bay Cát Bi, Quận Ngô Quyền, Hải Phòng"
Voucher Squid Ring 5pcs tại Lotteria,Lotteria,"118 - 120 Trần Nguyên Hãn, Quận Lê Trân, Hải Phòng"
Voucher Squid Ring 5pcs tại Lotteria,Lotteria,"Lô 1F11, Lottemart, số 84 Mậu Thân, Phường An Hòa, Quận Ninh Kiều, Cần Thơ"
Voucher Squid Ring 5pcs tại Lotteria,Lotteria,"Lô 01, KDC Hưng Phú 1, P. Hưng Phú, Quận Cái Răng, Cần Thơ"
Voucher Squid Ring 5pcs tại Lotteria,Lotteria,"170 Nguyễn Văn Cừ, P. An Khánh, Quận Ninh Kiều, Cần Thơ"
Voucher Squid Ring 5pcs tại Lotteria,Lotteria,"Soiva Plaza Me Linh, Quận Khai Hoang, Vĩnh Yên, Vĩnh Phúc"
Voucher Squid Ring 5pcs tại Lotteria,Lotteria,"TTTM Vincom Plaza, Đường Cù Chính Lan, Đồng Tiến, Hoà Bình"
Voucher Squid Ring 5pcs tại Lotteria,Lotteria,"Tầng 3, Vincom Bắc Kan, Số 8A Đức Xuân, Bắc Kạn"
Voucher Squid Ring 5pcs tại Lotteria,Lotteria,"Ngã 6, Plot 26, Khu 13, P. Kim Tân, Lào Cai, Lào Cai"
Voucher Squid Ring 5pcs tại Lotteria,Lotteria,"Đường Cầu Kì Lừa, P. Chi Lăng, Lạng Sơn, Lạng Sơn"
Voucher Squid Ring 5pcs tại Lotteria,Lotteria,"Tầng 1 TTTM Big C Bắc Giang, ngã 4 Hùng Vương kéo dài, xã Tân Tiến, Bắc Giang, Bắc Giang"
Voucher Squid Ring 5pcs tại Lotteria,Lotteria,"TTTM Big C Việt Trì, Nguyễn Tất Thành, P. Thanh Miếu, Việt Trì, Phú Thọ"
Voucher Squid Ring 5pcs tại Lotteria,Lotteria,"Lầu 3, Vincom Sơn La, Trường Chinh, P. Quyết Thắng, Sơn La, Sơn La"
Voucher Squid Ring 5pcs tại Lotteria,Lotteria,"TTTM Thiên Trường, Quận Lộc Hòa, Nam Định"
Voucher Squid Ring 5pcs tại Lotteria,Lotteria,"02 Hồng Quang, P. Quang Trung, Hải Dương"
Voucher Squid Ring 5pcs tại Lotteria,Lotteria,"TTTM Vincom Hạ Long, P. Bạch Đằng, Hạ Long, Quảng Ninh"
Voucher Squid Ring 5pcs tại Lotteria,Lotteria,"TTTM Big C, Cột 5, P. Hồng Hải, Hạ Long, Quảng Ninh"
Voucher Squid Ring 5pcs tại Lotteria,Lotteria,"160 Lê Thánh Tôn, Hạ Long, Quảng Ninh"
Voucher Squid Ring 5pcs tại Lotteria,Lotteria,"02 Trần Khánh Dư, P. Cẩm Đông, Cẩm Phả, Quảng Ninh"
Voucher Squid Ring 5pcs tại Lotteria,Lotteria,"Số 342-346 Trần Hưng Đạo, P. Cửa Bắc, Thành phố Nam Định, Nam Định"
Voucher Squid Ring 5pcs tại Lotteria,Lotteria,"TTTM Big C Ninh Bình, Trần Nhân Tông, Xã Ninh Phúc, Ninh Bình"
Voucher Squid Ring 5pcs tại Lotteria,Lotteria,"TTTM Vincom Plaza Thanh Hóa, Phường Trần Phú, Thanh Hóa"
Voucher Squid Ring 5pcs tại Lotteria,Lotteria,"Tầng 1 Big C Thanh Hóa, Xã Đông Hải, Thanh Hóa"
Voucher Squid Ring 5pcs tại Lotteria,Lotteria,"TTTM Big C Vinh, 02 Quang Trung, Vinh, Nghệ An"
Voucher Squid Ring 5pcs tại Lotteria,Lotteria,"87A Nguyễn Văn Cừ, Khối 2, Phường Trường Thi, Vinh, Nghệ An"
Voucher Squid Ring 5pcs tại Lotteria,Lotteria,"Tầng 3-16, Lotte Mart Vinh, 295 đường V.I Lê Ninh, P. Hà Huy Tập, Vinh, Nghệ An"
Voucher Squid Ring 5pcs tại Lotteria,Lotteria,"74 Trần Phú, P. Bắc Hà, Hà Tĩnh"
Voucher Squid Ring 5pcs tại Lotteria,Lotteria,"Số 1 Hùng Vương, Phường Cẩm Phô, Hội An, Quảng Nam"
Voucher Squid Ring 5pcs tại Lotteria,Lotteria,"Cổng Nam TTTM Go! Đường Lý Thường Kiệt, Nghĩa Chánh, Quảng Ngãi"
Voucher Squid Ring 5pcs tại Lotteria,Lotteria,"117B Đại lộ Hùng Vương, Trần Hưng Đạo, Quảng Ngãi"
Voucher Squid Ring 5pcs tại Lotteria,Lotteria,"01 Phan Bội Châu, P. Hội Thương, Pleiku, Gia Lai"
Voucher Squid Ring 5pcs tại Lotteria,Lotteria,"02 - 2A Nguyễn Thái Học, Quy Nhơn, Bình Định"
Voucher Squid Ring 5pcs tại Lotteria,Lotteria,"KĐT xanh Vũng Chua, P. Ghềnh Ráng, Quy Nhơn, Bình Định"
Voucher Squid Ring 5pcs tại Lotteria,Lotteria,"178 Y Jut, Thắng Lợi, Buôn Ma Thuột, Đắk Lắk"
Voucher Squid Ring 5pcs tại Lotteria,Lotteria,"73 Thống Nhất, Nha Trang, Khánh Hòa"
Voucher Squid Ring 5pcs tại Lotteria,Lotteria,"CTXD số SB.D-70, Dự án Công viên văn hóa Vinwonders Nha Trang, Đảo Hòn Tre, P. Vĩnh Nguyên, Nha Trang, Khánh Hòa"
Voucher Squid Ring 5pcs tại Lotteria,Lotteria,"Lô 04, đường 19/5, KĐT Vĩnh Điềm Trung, xã Vĩnh Hiệp, Nha Trang, Khánh Hòa"
Voucher Squid Ring 5pcs tại Lotteria,Lotteria,"2038 Hùng Vương, P. Cam Lộc, Cam Ranh, Khánh Hòa"
Voucher Squid Ring 5pcs tại Lotteria,Lotteria,"2+2/1 Nguyễn Đình Chiểu, P. Vĩnh Phước, Nha Trang, Khánh Hòa"
Voucher Squid Ring 5pcs tại Lotteria,Lotteria,"133 Bà Triệu, P. Thắng Lợi, Kon Tum, Kon Tum"
Voucher Squid Ring 5pcs tại Lotteria,Lotteria,"285 Bùi Thị Xuân, P. 8, Đà Lạt, Lâm Đồng"
Voucher Squid Ring 5pcs tại Lotteria,Lotteria,"Tầng trệt, Tháp nước, Trần Phú, P. 2, Bảo Lộc, Lâm Đồng"
Voucher Squid Ring 5pcs tại Lotteria,Lotteria,"01 Nguyễn Thị Minh Khai, P. 01, Đà Lạt, Lâm Đồng"
Voucher Squid Ring 5pcs tại Lotteria,Lotteria,"Quảng Trường Lâm Viên, góc đường Hồ Tùng Mậu - Trần Quốc Thảo, P. 10, Đà Lạt, Lâm Đồng"
Voucher Squid Ring 5pcs tại Lotteria,Lotteria,"62 Thủ Khoa Huân, KP. 1, P. Bình Hưng, Phan Thiết, Bình Thuận"
Voucher Squid Ring 5pcs tại Lotteria,Lotteria,"KDC Hùng Vương 1, P. Phú Thủy, Phan Thiết, Bình Thuận"
Voucher Squid Ring 5pcs tại Lotteria,Lotteria,"1A Nguyễn Tất Thành, P. Bình Hưng, Phan Thiết, Bình Thuận"
Voucher Squid Ring 5pcs tại Lotteria,Lotteria,"Quốc Lộ 51, KP 1, P. Long Bình Tân, Biên Hòa, Đồng Nai"
Voucher Squid Ring 5pcs tại Lotteria,Lotteria,"Siêu Thị Hoàng Đức Gia Kiệm - 166 ấp Bạch Lâm 1, xã Gia Tân 2, Huyện Thống Nhất, Đồng Nai"
Voucher Squid Ring 5pcs tại Lotteria,Lotteria,"03 Phan Chu Trinh, P. Quang Vinh, Biên Hòa, Đồng Nai"
Voucher Squid Ring 5pcs tại Lotteria,Lotteria,"F230-F231 Võ Thị Sáu, Phường Thống Nhất, Biên Hòa, Đồng Nai"
Voucher Squid Ring 5pcs tại Lotteria,Lotteria,"Lô B-03, KTM Amata, Quốc lộ 1A, P. Long Bình, Biên Hòa, Đồng Nai"
Voucher Squid Ring 5pcs tại Lotteria,Lotteria,"198 Hùng Vương, P. Xuân Bình, Thị xã Long Khánh, Đồng Nai"
Voucher Squid Ring 5pcs tại Lotteria,Lotteria,"TTTM Chợ Thanh Hà, Trần Phú, P. Phủ Hòa, Phan Rang - Tháp Chàm, Ninh Thuận"
Voucher Squid Ring 5pcs tại Lotteria,Lotteria,"555B đại lộ Bình Dương, P. Hiệp Bình, Thị xã Thủ Dầu Một, Bình Dương"
Voucher Squid Ring 5pcs tại Lotteria,Lotteria,"TTTM Green Square, P. Đông Hòa, Thị xã Dĩ An, Bình Dương"
Voucher Squid Ring 5pcs tại Lotteria,Lotteria,"231 Yersin, P. Hiệp Thành, Thị xã Thủ Dầu Một, Bình Dương"
Voucher Squid Ring 5pcs tại Lotteria,Lotteria,"KĐT The Seasons Bình Dương, P. Lái Thiêu, Thị xã Thuận An, Bình Dương"
Voucher Squid Ring 5pcs tại Lotteria,Lotteria,"368 đường 30/4 P. Chánh Nghĩa, Thị xã Thủ Dầu Một, Bình Dương"
Voucher Squid Ring 5pcs tại Lotteria,Lotteria,"01 Trần Hưng Đạo, P. Phú Cường, Thị xã Thủ Dầu Một, Bình Dương"
Voucher Squid Ring 5pcs tại Lotteria,Lotteria,"TTMS Aeon - Bình Dương Canary, 1 Đại Lộ Bình Dương, KP. Bình Giao, P. Thuận Giao, Thị xã Thuận An, Bình Dương"
Voucher Squid Ring 5pcs tại Lotteria,Lotteria,"576 Cách Mạng Tháng Tám, Phường 3, Tây Ninh"
Voucher Squid Ring 5pcs tại Lotteria,Lotteria,"Tầng trệt, KP. Lộc An, Thị trấn Trảng Bàng, Huyện Trảng Bàng, Tây Ninh"
Voucher Squid Ring 5pcs tại Lotteria,Lotteria,"09 Hạ Long, P. 2, Vũng Tàu, Bà Rịa - Vũng Tàu"
Voucher Squid Ring 5pcs tại Lotteria,Lotteria,"227 Nam Kỳ Khởi Nghĩa - 378 Lê Hồng Phong, P. 03, Vũng Tàu, Bà Rịa - Vũng Tàu"
Voucher Squid Ring 5pcs tại Lotteria,Lotteria,"Tầng 1, Góc đường 3/2 - Thi Sách, P. 8, Vũng Tàu, Bà Rịa - Vũng Tàu"
Voucher Squid Ring 5pcs tại Lotteria,Lotteria,"Shop GF-01, Ấp Thanh Ba, Xã Mỹ Lộc, Thị trấn Cần Giuộc, Huyện Cần Giuộc, Long An"
Voucher Squid Ring 5pcs tại Lotteria,Lotteria,"15 Trương Định - 11 Phan Đình Phùng, KP. 01, P. 1, Thị xã Gò Công, Tiền Giang"
Voucher Squid Ring 5pcs tại Lotteria,Lotteria,"545 Lê Văn Phẩm, P. 5, Mỹ Tho, Tiền Giang"
Voucher Squid Ring 5pcs tại Lotteria,Lotteria,"34 Ngô Quyền, P. 1, Mỹ Tho, Tiền Giang"
Voucher Squid Ring 5pcs tại Lotteria,Lotteria,"Go Mart Trà Vinh, Đường Võ Nguyên Giáp, P. 7, Trà Vinh"
Voucher Squid Ring 5pcs tại Lotteria,Lotteria,"Tầng trệt, Nguyễn Sinh Sắc, khóm 2, P. 2, Sa Đéc, Đồng Tháp"
Voucher Squid Ring 5pcs tại Lotteria,Lotteria,"65 Nguyễn Huệ, P. 01, Cao Lãnh, Đồng Tháp"
Voucher Squid Ring 5pcs tại Lotteria,Lotteria,"01 Ngô Thời Nhậm, P. 1, Cao Lãnh, Đồng Tháp"
Voucher Squid Ring 5pcs tại Lotteria,Lotteria,"92 Nguyễn Trãi, P. Mỹ Long, Long Xuyên, An Giang"
Voucher Squid Ring 5pcs tại Lotteria,Lotteria,"29 Trần Hưng Đạo, P. 5, Cà Mau, Cà Mau"
Voucher Cheese Chicken tại Lotteria,Lotteria,"Ngã 3 Đào Duy Anh - Kim Liên - Phạm Ngọc Thạch, Quận Đống Đa, Hà Nội"
Voucher Cheese Chicken tại Lotteria,Lotteria,"Phạm Văn Đồng, P. Cổ Nhuế 1, Quận Bắc Từ Liêm, Hà Nội"
Voucher Cheese Chicken tại Lotteria,Lotteria,"Toà nhà Mandarin Garden 2, Số 493 Tân Mai, P. Tân Mai, Quận Hoàng Mai, Hà Nội"
Voucher Cheese Chicken tại Lotteria,Lotteria,"64 BT X2, khu đô thị Bắc Linh Đàm, Quận Hoàng Mai, Hà Nội"
Voucher Cheese Chicken tại Lotteria,Lotteria,"201 Khâm Thiên, Quận Đống Đa, Hà Nội"
Voucher Cheese Chicken tại Lotteria,Lotteria,"154 Bà Triệu, Nguyễn Du, Quận Hai Bà Trưng, Hà Nội"
Voucher Cheese Chicken tại Lotteria,Lotteria,"152 Thái Thịnh, Láng Hạ, Quận Đống Đa, Hà Nội"
Voucher Cheese Chicken tại Lotteria,Lotteria,"TTTM EBEST xã Minh Khai, Quận Từ Liêm, Hà Nội"
Voucher Cheese Chicken tại Lotteria,Lotteria,"Tầng 1, Aeon Mall Long Biên, Cổ Linh, Quận Long Biên, Hà Nội"
Voucher Cheese Chicken tại Lotteria,Lotteria,"Tầng 1C2 Nguyễn Cơ Thạch, KĐT Mỹ Đình, Quận Từ Liêm, Hà Nội"
Voucher Cheese Chicken tại Lotteria,Lotteria,"138 Lê Thanh Nghị, P. Bách Khoa, Quận Hai Bà Trưng, Hà Nội"
Voucher Cheese Chicken tại Lotteria,Lotteria,"7-9 Đinh Tiên Hoàng, P. Hàng Bạc, Quận Hoàn Kiếm, Hà Nội"
Voucher Cheese Chicken tại Lotteria,Lotteria,"01 Núi Trúc, P.Kim Mã, Quận Ba Đình, Hà Nội"
Voucher Cheese Chicken tại Lotteria,Lotteria,"298 Cầu Giấy, P. Quan Hoa, Quận Cầu Giấy, Hà Nội"
Voucher Cheese Chicken tại Lotteria,Lotteria,"391 Hoàng Quốc Việt, P. Nghĩa Tân, Quận Cầu giấy, Hà Nội"
Voucher Cheese Chicken tại Lotteria,Lotteria,"66 Lò Đúc, P. Phạm Đình Hổ, Quận Hai Bà Trưng, Hà Nội"
Voucher Cheese Chicken tại Lotteria,Lotteria,"Tầng 4 , Ô số 430+431, Lotte Mall, Ngõ 683 Lạc Long Quân, P. Phú Thượng, Quận Tây Hồ, Hà Nội"
Voucher Cheese Chicken tại Lotteria,Lotteria,"203 Nguyễn Thị Minh Khai, P. Minh Khai, Quận Hai Bà Trưng, Hà Nội"
Voucher Cheese Chicken tại Lotteria,Lotteria,"Tầng 1 Mễ Trì, P. Mễ Trì, Quận Từ Liêm, Hà Nội"
Voucher Cheese Chicken tại Lotteria,Lotteria,"TTTM Savico Nguyễn Văn Linh, Quận Long Biên, Hà Nội"
Voucher Cheese Chicken tại Lotteria,Lotteria,"2A Trần Vũ, P. Quán Thánh, Quận Ba Đình, Hà Nội"
Voucher Cheese Chicken tại Lotteria,Lotteria,"Km 10 Nguyễn Trãi, P. Mỗ Lao, Quận Hà Đông, Hà Nội"
Voucher Cheese Chicken tại Lotteria,Lotteria,"Ngã 3 Yên Xá, Tân Triều, Quận Hà Đông, Hà Nội"
Voucher Cheese Chicken tại Lotteria,Lotteria,"103DN11 Nguyễn Khánh Toàn, P. Quan Hoa, Quận Cầu Giấy, Hà Nội"
Voucher Cheese Chicken tại Lotteria,Lotteria,"54 Liễu Giai, P. Cống Vị, Quận Ba Đình, Hà Nội"
Voucher Cheese Chicken tại Lotteria,Lotteria,"445a Lạc Long Quân, Phường Xuân La, Quận Tây Hồ, Hà Nội"
Voucher Cheese Chicken tại Lotteria,Lotteria,"Tầng 1 Citimart Hà Đông, CT 7A-CT7B KĐTM Văn Quán, P. Phúc La, Quận Hà Đông, Hà Nội"
Voucher Cheese Chicken tại Lotteria,Lotteria,"63 Huỳnh Thúc Kháng, P. Láng Hạ, Quận Đống Đa, Hà Nội"
Voucher Cheese Chicken tại Lotteria,Lotteria,"SH20.21 Tòa S1.05 Vinhomes Ocean Park, xã Đa Tốn, Huyện Gia Lâm, Hà Nội"
Voucher Cheese Chicken tại Lotteria,Lotteria,"TTTM Aeon Mall, P. Dương Nội, Quận Hà Đông, Hà Nội"
Voucher Cheese Chicken tại Lotteria,Lotteria,"34 Hoàng Cầu, P. Ô Chợ Dừa, Quận Đống Đa, Hà Nội"
Voucher Cheese Chicken tại Lotteria,Lotteria,"Lô D5, KĐTM Cầu Giấy, P. Dịch Vọng, Quận Cầu Giấy, Hà Nội"
Voucher Cheese Chicken tại Lotteria,Lotteria,"437 Bạch Mai, P. Trương Định, Quận Hai Bà Trưng, Hà Nội"
Voucher Cheese Chicken tại Lotteria,Lotteria,"Tầng 2 Big C Thăng Long, 222 Trần Duy Hưng, P. Trung Hòa, Quận Cầu Giấy, Hà Nội"
Voucher Cheese Chicken tại Lotteria,Lotteria,"23 Hàng Thanh, P. Nguyễn Trung Trực, Quận Ba Đình, Hà Nội"
Voucher Cheese Chicken tại Lotteria,Lotteria,"Tầng 1 Tòa A8, An Bình City, 232 Phạm Văn Đồng, Quận Bắc Từ Liêm, Hà Nội"
Voucher Cheese Chicken tại Lotteria,Lotteria,"72A Nguyễn Trãi, Quận Thanh Xuân, Hà Nội"
Voucher Cheese Chicken tại Lotteria,Lotteria,"210-212 Nguyễn Văn Cừ, P. Ngọc Lâm, Quận Long Biên, Hà Nội"
Voucher Cheese Chicken tại Lotteria,Lotteria,"Tòa Horizon city, 87 Lĩnh Nam, P. Mai Động, Quận Hoàng Mai, Hà Nội"
Voucher Cheese Chicken tại Lotteria,Lotteria,"112 Trần Duy Hưng, P. Trung Hòa, Quận Cầu Giấy, Hà Nội"
Voucher Cheese Chicken tại Lotteria,Lotteria,"Tầng hầm B1 Times City, 458 Minh Khai, P. Vĩnh Tuy, Quận Hai Bà Trưng, Hà Nội"
Voucher Cheese Chicken tại Lotteria,Lotteria,"Tầng 1 CT 4A.B KĐT Xa La, xã Phúc La, Quận Hà Đông, Hà Nội"
Voucher Cheese Chicken tại Lotteria,Lotteria,"TTTM Mê Linh, Tô Hiệu, Quận Hà Đông, Hà Nội"
Voucher Cheese Chicken tại Lotteria,Lotteria,"Tầng 1 tòa nhà Housing, 299 Trung Kính, Trung Hòa, Quận Cầu Giấy, Hà Nội"
Voucher Cheese Chicken tại Lotteria,Lotteria,"TTTM Mua Sắm Aeon - Tân Phú Celadon, 30 Bờ Bao Tân Thắng, P. Sơn Kỳ, Quận Tân Phú, Hồ Chí Minh"
Voucher Cheese Chicken tại Lotteria,Lotteria,"Tầng 1, 18 Phan Văn Trị, P. 10, Quận Gò Vấp, Hồ Chí Minh"
Voucher Cheese Chicken tại Lotteria,Lotteria,"211 - 213 Bình Phú, P. 11, Quận 6, Hồ Chí Minh"
Voucher Cheese Chicken tại Lotteria,Lotteria,"445 Bạch Đằng, P. 12, Quận Bình Thạnh, Hồ Chí Minh"
Voucher Cheese Chicken tại Lotteria,Lotteria,"Khu B, KĐT mới An Phú - An Khánh, P. An Phú, Quận 2, Hồ Chí Minh"
Voucher Cheese Chicken tại Lotteria,Lotteria,"572A Ba Tháng Hai, P. 14, Quận 10, Hồ Chí Minh"
Voucher Cheese Chicken tại Lotteria,Lotteria,"95A Trần Hưng Đạo, P. Cầu Ông Lãnh, Quận 1, Hồ Chí Minh"
Voucher Cheese Chicken tại Lotteria,Lotteria,"Tầng 5, 101 Tôn Dật Tiên, P. Tân Phú, Quận 7, Hồ Chí Minh"
Voucher Cheese Chicken tại Lotteria,Lotteria,"66 Mạc Cửu-67 Vạn Kiếp, P. 13, Quận 5, Hồ Chí Minh"
Voucher Cheese Chicken tại Lotteria,Lotteria,"11 Sư Phạn Vạn Hạnh, P. 12, Quận 10, Hồ Chí Minh"
Voucher Cheese Chicken tại Lotteria,Lotteria,"33 Nguyễn Văn Nghi, P. 4, Quận Gò Vấp, Hồ Chí Minh"
Voucher Cheese Chicken tại Lotteria,Lotteria,"158 - 160 Lê Bình, P. 4, Quận Tân Bình, Hồ Chí Minh"
Voucher Cheese Chicken tại Lotteria,Lotteria,"111 Dương Bá Trạc, P. 1, Quận 8, Hồ Chí Minh"
Voucher Cheese Chicken tại Lotteria,Lotteria,"357 Quốc lộ 22, ấp Thượng, xã Tân Thông Hội, Huyện Củ Chi, Hồ Chí Minh"
Voucher Cheese Chicken tại Lotteria,Lotteria,"P5 _SH.02 Tòa Park 5 Vinhomes Central, 20A Điện Biên Phủ, Phường 22, Quận Bình Thạnh, Hồ Chí Minh"
Voucher Cheese Chicken tại Lotteria,Lotteria,"469 Nguyễn Hữu Thọ, P. Tân Hưng, Quận 7, Hồ Chí Minh"
Voucher Cheese Chicken tại Lotteria,Lotteria,"S6.0301.S04 & S6.0301.S03 Origami Vinhomes Grand Park, Quận 9, Hồ Chí Minh"
Voucher Cheese Chicken tại Lotteria,Lotteria,"292 Đinh Bộ Lĩnh, P. 26, Quận Bình Thạnh, Hồ Chí Minh"
Voucher Cheese Chicken tại Lotteria,Lotteria,"Số 2 Song Hành (gần Cầu Đen), P. An Phú, Quận 2, Hồ Chí Minh"
Voucher Cheese Chicken tại Lotteria,Lotteria,"Coopmart Tuy Lý Vương, 40 - 54 Tuy Lý Vương, P. 13, Quận 8, Hồ Chí Minh"
Voucher Cheese Chicken tại Lotteria,Lotteria,"801 Hồng Bàng, P. 9, Quận 6, Hồ Chí Minh"
Voucher Cheese Chicken tại Lotteria,Lotteria,"573 Huỳnh Tấn Phát, P. Tân Thuận Đông, Quận 7, Hồ Chí Minh"
Voucher Cheese Chicken tại Lotteria,Lotteria,"11-11 Bis Nguyễn Thị Minh Khai, P. Bến Nghé, Quận 1, Hồ Chí Minh"
Voucher Cheese Chicken tại Lotteria,Lotteria,"303 Trần Hưng Đạo, P. Nguyễn Cư Trinh, Quận 1, Hồ Chí Minh"
Voucher Cheese Chicken tại Lotteria,Lotteria,"1397 Nguyễn Văn Linh, KP Mỹ Khánh 2-H4-2, P. Tân Phong, Quận 7, Hồ Chí Minh"
Voucher Cheese Chicken tại Lotteria,Lotteria,"380 Thoại Ngọc Hầu, P. Phú Thạnh, Quận Tân Phú, Hồ Chí Minh"
Voucher Cheese Chicken tại Lotteria,Lotteria,"70 - 72 Bàu Cát, P. 14, Quận Tân Bình, Hồ Chí Minh"
Voucher Cheese Chicken tại Lotteria,Lotteria,"02 Ngô Gia Tự - 145 Lý Thái Tổ, P. 9, Quận 10, Hồ Chí Minh"
Voucher Cheese Chicken tại Lotteria,Lotteria,"159/6 - 160/1 ấp Trung Chánh, xã Tân Xuân, Huyện Hóc Môn, Hồ Chí Minh"
Voucher Cheese Chicken tại Lotteria,Lotteria,"250B Lý Chính Thắng, P. 9, Quận 3, Hồ Chí Minh"
Voucher Cheese Chicken tại Lotteria,Lotteria,"Pico Plaza, 20 Cộng Hòa, P. 12, Quận Tân Bình, Hồ Chí Minh"
Voucher Cheese Chicken tại Lotteria,Lotteria,"10 Võ Văn Ngân, P. Trường Thọ, Quận Thủ Đức, Hồ Chí Minh"
Voucher Cheese Chicken tại Lotteria,Lotteria,"68 Lê Văn Việt, Tổ 11, KP. 2, P. Hiệp Phú, Quận 9, Hồ Chí Minh"
Voucher Cheese Chicken tại Lotteria,Lotteria,"102 Lê Quốc Hưng, P. 12, Quận 4, Hồ Chí Minh"
Voucher Cheese Chicken tại Lotteria,Lotteria,"1271 Tỉnh lộ 10, KP. 9, P. Tân Tạo, Quận Bình Tân, Hồ Chí Minh"
Voucher Cheese Chicken tại Lotteria,Lotteria,"52 Hậu Giang, P. 06, Quận 6, Hồ Chí Minh"
Voucher Cheese Chicken tại Lotteria,Lotteria,"220/151/3B - 222 Xô Viết Nghệ Tĩnh, P. 21, Quận Bình Thạnh, Hồ Chí Minh"
Voucher Cheese Chicken tại Lotteria,Lotteria,"309 - 311 Vành Đai Trong, P. Bình Trị Đông B, Quận Bình Tân, Hồ Chí Minh"
Voucher Cheese Chicken tại Lotteria,Lotteria,"09 Quang Trung, P. 11, Quận Gò Vấp, Hồ Chí Minh"
Voucher Cheese Chicken tại Lotteria,Lotteria,"251 Phan Xích Long, KDC Rạch Miễu P. 7, Quận Phú Nhuận, Hồ Chí Minh"
Voucher Cheese Chicken tại Lotteria,Lotteria,"01 Nguyễn Thông, P. 9, Quận 3, Hồ Chí Minh"
Voucher Cheese Chicken tại Lotteria,Lotteria,"175 H òa Bình, P. Hiệp Tân, Quận Tân Phú, Hồ Chí Minh"
Voucher Cheese Chicken tại Lotteria,Lotteria,"TTTM Big C City Land, Lô A, KDC City Land, Số 99 Nguyễn Thị Thập, Quận 7, Hồ Chí Minh"
Voucher Cheese Chicken tại Lotteria,Lotteria,"968 Ba Tháng Hai, P. 15, Quận 11, Hồ Chí Minh"
Voucher Cheese Chicken tại Lotteria,Lotteria,"175 (số cũ 19/35) Độc Lập, P. Tân Quý, Quận Tân Phú, Hồ Chí Minh"
Voucher Cheese Chicken tại Lotteria,Lotteria,"114 Trần Hưng Đạo, P. 7, Quận 5, Hồ Chí Minh"
Voucher Cheese Chicken tại Lotteria,Lotteria,"307A (số cũ 155A) Tô Hiến Thành, P. 13, Quận 10, Hồ Chí Minh"
Voucher Cheese Chicken tại Lotteria,Lotteria,"604 - 606 Điện Biên Phủ, P. 22, Quận Bình Thạnh, Hồ Chí Minh"
Voucher Cheese Chicken tại Lotteria,Lotteria,"72 Ngô Tất Tố, Phường 19, Quận Bình Thạnh, Hồ Chí Minh"
Voucher Cheese Chicken tại Lotteria,Lotteria,"283 Võ Văn Ngân, P. Linh Chiểu, Quận Thủ Đức, Hồ Chí Minh"
Voucher Cheese Chicken tại Lotteria,Lotteria,"187 Xuân Hồng, Phường 12, Quận Tân Bình, Hồ Chí Minh"
Voucher Cheese Chicken tại Lotteria,Lotteria,"346B Lê Quang Định, P. 11, Quận Bình Thạnh, Hồ Chí Minh"
Voucher Cheese Chicken tại Lotteria,Lotteria,"120 Nguyễn Thị Minh Khai, P. Hải Châu 1, Quận Hải Châu, Đà Nẵng"
Voucher Cheese Chicken tại Lotteria,Lotteria,"568 Trưng Nữ Vương, P. Hòa Thuận Tây, Quận Hải Châu, Đà Nẵng"
Voucher Cheese Chicken tại Lotteria,Lotteria,"92A Phan Chu Trinh, Quận Hải Châu, Đà Nẵng"
Voucher Cheese Chicken tại Lotteria,Lotteria,"Trần Nhân Tông, Bình Than, Quận Sơn Trà, Đà Nẵng"
Voucher Cheese Chicken tại Lotteria,Lotteria,"TTTM khu Quy hoạch Bà Triệu - Hùng Vương, P. Phú Hội, Thừa Thiên Huế, Thành Phố Huế, Thừa Thiên Huế"
Voucher Cheese Chicken tại Lotteria,Lotteria,"06 Trần Hưng Đạo, P. Phú Hòa, Thừa Thiên Huế, Thành Phố Huế, Thừa Thiên Huế"
Voucher Cheese Chicken tại Lotteria,Lotteria,"T308, Tầng 3 Trung tâm thương mại Aeon Mall Huế, Số 8 đường Võ Nguyên Giáp, Phường An Đông, Huế, Thừa Thiên Huế"
Voucher Cheese Chicken tại Lotteria,Lotteria,"207C Lạch Tray, Quận Ngô Quyền, Hải Phòng"
Voucher Cheese Chicken tại Lotteria,Lotteria,"88 Trần Phú, Quận Ngô Quyền, Hải Phòng"
Voucher Cheese Chicken tại Lotteria,Lotteria,"317 Trần Thành Ngọ, Quận Kiến An, Hải Phòng"
Voucher Cheese Chicken tại Lotteria,Lotteria,"Số 2 Phạm Minh Đức, Phường Máy Tơ, Quận Ngô Quyền, Hải Phòng"
Voucher Cheese Chicken tại Lotteria,Lotteria,"Lô 1/20 KĐT ngã 5, Sân bay Cát Bi, Quận Ngô Quyền, Hải Phòng"
Voucher Cheese Chicken tại Lotteria,Lotteria,"118 - 120 Trần Nguyên Hãn, Quận Lê Trân, Hải Phòng"
Voucher Cheese Chicken tại Lotteria,Lotteria,"Lô 1F11, Lottemart, số 84 Mậu Thân, Phường An Hòa, Quận Ninh Kiều, Cần Thơ"
Voucher Cheese Chicken tại Lotteria,Lotteria,"Lô 01, KDC Hưng Phú 1, P. Hưng Phú, Quận Cái Răng, Cần Thơ"
Voucher Cheese Chicken tại Lotteria,Lotteria,"170 Nguyễn Văn Cừ, P. An Khánh, Quận Ninh Kiều, Cần Thơ"
Voucher Cheese Chicken tại Lotteria,Lotteria,"Soiva Plaza Me Linh, Quận Khai Hoang, Vĩnh Yên, Vĩnh Phúc"
Voucher Cheese Chicken tại Lotteria,Lotteria,"TTTM Vincom Plaza, Đường Cù Chính Lan, Đồng Tiến, Hoà Bình"
Voucher Cheese Chicken tại Lotteria,Lotteria,"Tầng 3, Vincom Bắc Kan, Số 8A Đức Xuân, Bắc Kạn"
Voucher Cheese Chicken tại Lotteria,Lotteria,"Ngã 6, Plot 26, Khu 13, P. Kim Tân, Lào Cai, Lào Cai"
Voucher Cheese Chicken tại Lotteria,Lotteria,"Đường Cầu Kì Lừa, P. Chi Lăng, Lạng Sơn, Lạng Sơn"
Voucher Cheese Chicken tại Lotteria,Lotteria,"Tầng 1 TTTM Big C Bắc Giang, ngã 4 Hùng Vương kéo dài, xã Tân Tiến, Bắc Giang, Bắc Giang"
Voucher Cheese Chicken tại Lotteria,Lotteria,"TTTM Big C Việt Trì, Nguyễn Tất Thành, P. Thanh Miếu, Việt Trì, Phú Thọ"
Voucher Cheese Chicken tại Lotteria,Lotteria,"Lầu 3, Vincom Sơn La, Trường Chinh, P. Quyết Thắng, Sơn La, Sơn La"
Voucher Cheese Chicken tại Lotteria,Lotteria,"TTTM Thiên Trường, Quận Lộc Hòa, Nam Định"
Voucher Cheese Chicken tại Lotteria,Lotteria,"02 Hồng Quang, P. Quang Trung, Hải Dương"
Voucher Cheese Chicken tại Lotteria,Lotteria,"TTTM Vincom Hạ Long, P. Bạch Đằng, Hạ Long, Quảng Ninh"
Voucher Cheese Chicken tại Lotteria,Lotteria,"TTTM Big C, Cột 5, P. Hồng Hải, Hạ Long, Quảng Ninh"
Voucher Cheese Chicken tại Lotteria,Lotteria,"160 Lê Thánh Tôn, Hạ Long, Quảng Ninh"
Voucher Cheese Chicken tại Lotteria,Lotteria,"02 Trần Khánh Dư, P. Cẩm Đông, Cẩm Phả, Quảng Ninh"
Voucher Cheese Chicken tại Lotteria,Lotteria,"Số 342-346 Trần Hưng Đạo, P. Cửa Bắc, Thành phố Nam Định, Nam Định"
Voucher Cheese Chicken tại Lotteria,Lotteria,"TTTM Big C Ninh Bình, Trần Nhân Tông, Xã Ninh Phúc, Ninh Bình"
Voucher Cheese Chicken tại Lotteria,Lotteria,"TTTM Vincom Plaza Thanh Hóa, Phường Trần Phú, Thanh Hóa"
Voucher Cheese Chicken tại Lotteria,Lotteria,"Tầng 1 Big C Thanh Hóa, Xã Đông Hải, Thanh Hóa"
Voucher Cheese Chicken tại Lotteria,Lotteria,"TTTM Big C Vinh, 02 Quang Trung, Vinh, Nghệ An"
Voucher Cheese Chicken tại Lotteria,Lotteria,"87A Nguyễn Văn Cừ, Khối 2, Phường Trường Thi, Vinh, Nghệ An"
Voucher Cheese Chicken tại Lotteria,Lotteria,"Tầng 3-16, Lotte Mart Vinh, 295 đường V.I Lê Ninh, P. Hà Huy Tập, Vinh, Nghệ An"
Voucher Cheese Chicken tại Lotteria,Lotteria,"74 Trần Phú, P. Bắc Hà, Hà Tĩnh"
Voucher Cheese Chicken tại Lotteria,Lotteria,"Số 1 Hùng Vương, Phường Cẩm Phô, Hội An, Quảng Nam"
Voucher Cheese Chicken tại Lotteria,Lotteria,"Cổng Nam TTTM Go! Đường Lý Thường Kiệt, Nghĩa Chánh, Quảng Ngãi"
Voucher Cheese Chicken tại Lotteria,Lotteria,"117B Đại lộ Hùng Vương, Trần Hưng Đạo, Quảng Ngãi"
Voucher Cheese Chicken tại Lotteria,Lotteria,"01 Phan Bội Châu, P. Hội Thương, Pleiku, Gia Lai"
Voucher Cheese Chicken tại Lotteria,Lotteria,"02 - 2A Nguyễn Thái Học, Quy Nhơn, Bình Định"
Voucher Cheese Chicken tại Lotteria,Lotteria,"KĐT xanh Vũng Chua, P. Ghềnh Ráng, Quy Nhơn, Bình Định"
Voucher Cheese Chicken tại Lotteria,Lotteria,"178 Y Jut, Thắng Lợi, Buôn Ma Thuột, Đắk Lắk"
Voucher Cheese Chicken tại Lotteria,Lotteria,"73 Thống Nhất, Nha Trang, Khánh Hòa"
Voucher Cheese Chicken tại Lotteria,Lotteria,"CTXD số SB.D-70, Dự án Công viên văn hóa Vinwonders Nha Trang, Đảo Hòn Tre, P. Vĩnh Nguyên, Nha Trang, Khánh Hòa"
Voucher Cheese Chicken tại Lotteria,Lotteria,"Lô 04, đường 19/5, KĐT Vĩnh Điềm Trung, xã Vĩnh Hiệp, Nha Trang, Khánh Hòa"
Voucher Cheese Chicken tại Lotteria,Lotteria,"2038 Hùng Vương, P. Cam Lộc, Cam Ranh, Khánh Hòa"
Voucher Cheese Chicken tại Lotteria,Lotteria,"2+2/1 Nguyễn Đình Chiểu, P. Vĩnh Phước, Nha Trang, Khánh Hòa"
Voucher Cheese Chicken tại Lotteria,Lotteria,"133 Bà Triệu, P. Thắng Lợi, Kon Tum, Kon Tum"
Voucher Cheese Chicken tại Lotteria,Lotteria,"285 Bùi Thị Xuân, P. 8, Đà Lạt, Lâm Đồng"
Voucher Cheese Chicken tại Lotteria,Lotteria,"Tầng trệt, Tháp nước, Trần Phú, P. 2, Bảo Lộc, Lâm Đồng"
Voucher Cheese Chicken tại Lotteria,Lotteria,"01 Nguyễn Thị Minh Khai, P. 01, Đà Lạt, Lâm Đồng"
Voucher Cheese Chicken tại Lotteria,Lotteria,"Quảng Trường Lâm Viên, góc đường Hồ Tùng Mậu - Trần Quốc Thảo, P. 10, Đà Lạt, Lâm Đồng"
Voucher Cheese Chicken tại Lotteria,Lotteria,"62 Thủ Khoa Huân, KP. 1, P. Bình Hưng, Phan Thiết, Bình Thuận"
Voucher Cheese Chicken tại Lotteria,Lotteria,"KDC Hùng Vương 1, P. Phú Thủy, Phan Thiết, Bình Thuận"
Voucher Cheese Chicken tại Lotteria,Lotteria,"1A Nguyễn Tất Thành, P. Bình Hưng, Phan Thiết, Bình Thuận"
Voucher Cheese Chicken tại Lotteria,Lotteria,"Quốc Lộ 51, KP 1, P. Long Bình Tân, Biên Hòa, Đồng Nai"
Voucher Cheese Chicken tại Lotteria,Lotteria,"Siêu Thị Hoàng Đức Gia Kiệm - 166 ấp Bạch Lâm 1, xã Gia Tân 2, Huyện Thống Nhất, Đồng Nai"
Voucher Cheese Chicken tại Lotteria,Lotteria,"03 Phan Chu Trinh, P. Quang Vinh, Biên Hòa, Đồng Nai"
Voucher Cheese Chicken tại Lotteria,Lotteria,"F230-F231 Võ Thị Sáu, Phường Thống Nhất, Biên Hòa, Đồng Nai"
Voucher Cheese Chicken tại Lotteria,Lotteria,"Lô B-03, KTM Amata, Quốc lộ 1A, P. Long Bình, Biên Hòa, Đồng Nai"
Voucher Cheese Chicken tại Lotteria,Lotteria,"198 Hùng Vương, P. Xuân Bình, Thị xã Long Khánh, Đồng Nai"
Voucher Cheese Chicken tại Lotteria,Lotteria,"TTTM Chợ Thanh Hà, Trần Phú, P. Phủ Hòa, Phan Rang - Tháp Chàm, Ninh Thuận"
Voucher Cheese Chicken tại Lotteria,Lotteria,"555B đại lộ Bình Dương, P. Hiệp Bình, Thị xã Thủ Dầu Một, Bình Dương"
Voucher Cheese Chicken tại Lotteria,Lotteria,"TTTM Green Square, P. Đông Hòa, Thị xã Dĩ An, Bình Dương"
Voucher Cheese Chicken tại Lotteria,Lotteria,"231 Yersin, P. Hiệp Thành, Thị xã Thủ Dầu Một, Bình Dương"
Voucher Cheese Chicken tại Lotteria,Lotteria,"KĐT The Seasons Bình Dương, P. Lái Thiêu, Thị xã Thuận An, Bình Dương"
Voucher Cheese Chicken tại Lotteria,Lotteria,"368 đường 30/4 P. Chánh Nghĩa, Thị xã Thủ Dầu Một, Bình Dương"
Voucher Cheese Chicken tại Lotteria,Lotteria,"01 Trần Hưng Đạo, P. Phú Cường, Thị xã Thủ Dầu Một, Bình Dương"
Voucher Cheese Chicken tại Lotteria,Lotteria,"TTMS Aeon - Bình Dương Canary, 1 Đại Lộ Bình Dương, KP. Bình Giao, P. Thuận Giao, Thị xã Thuận An, Bình Dương"
Voucher Cheese Chicken tại Lotteria,Lotteria,"576 Cách Mạng Tháng Tám, Phường 3, Tây Ninh"
Voucher Cheese Chicken tại Lotteria,Lotteria,"Tầng trệt, KP. Lộc An, Thị trấn Trảng Bàng, Huyện Trảng Bàng, Tây Ninh"
Voucher Cheese Chicken tại Lotteria,Lotteria,"09 Hạ Long, P. 2, Vũng Tàu, Bà Rịa - Vũng Tàu"
Voucher Cheese Chicken tại Lotteria,Lotteria,"227 Nam Kỳ Khởi Nghĩa - 378 Lê Hồng Phong, P. 03, Vũng Tàu, Bà Rịa - Vũng Tàu"
Voucher Cheese Chicken tại Lotteria,Lotteria,"Tầng 1, Góc đường 3/2 - Thi Sách, P. 8, Vũng Tàu, Bà Rịa - Vũng Tàu"
Voucher Cheese Chicken tại Lotteria,Lotteria,"Shop GF-01, Ấp Thanh Ba, Xã Mỹ Lộc, Thị trấn Cần Giuộc, Huyện Cần Giuộc, Long An"
Voucher Cheese Chicken tại Lotteria,Lotteria,"15 Trương Định - 11 Phan Đình Phùng, KP. 01, P. 1, Thị xã Gò Công, Tiền Giang"
Voucher Cheese Chicken tại Lotteria,Lotteria,"545 Lê Văn Phẩm, P. 5, Mỹ Tho, Tiền Giang"
Voucher Cheese Chicken tại Lotteria,Lotteria,"34 Ngô Quyền, P. 1, Mỹ Tho, Tiền Giang"
Voucher Cheese Chicken tại Lotteria,Lotteria,"Go Mart Trà Vinh, Đường Võ Nguyên Giáp, P. 7, Trà Vinh"
Voucher Cheese Chicken tại Lotteria,Lotteria,"Tầng trệt, Nguyễn Sinh Sắc, khóm 2, P. 2, Sa Đéc, Đồng Tháp"
Voucher Cheese Chicken tại Lotteria,Lotteria,"65 Nguyễn Huệ, P. 01, Cao Lãnh, Đồng Tháp"
Voucher Cheese Chicken tại Lotteria,Lotteria,"01 Ngô Thời Nhậm, P. 1, Cao Lãnh, Đồng Tháp"
Voucher Cheese Chicken tại Lotteria,Lotteria,"92 Nguyễn Trãi, P. Mỹ Long, Long Xuyên, An Giang"
Voucher Cheese Chicken tại Lotteria,Lotteria,"29 Trần Hưng Đạo, P. 5, Cà Mau, Cà Mau"
Voucher Cheese Stick tại Lotteria,Lotteria,"Ngã 3 Đào Duy Anh - Kim Liên - Phạm Ngọc Thạch, Quận Đống Đa, Hà Nội"
Voucher Cheese Stick tại Lotteria,Lotteria,"Phạm Văn Đồng, P. Cổ Nhuế 1, Quận Bắc Từ Liêm, Hà Nội"
Voucher Cheese Stick tại Lotteria,Lotteria,"Toà nhà Mandarin Garden 2, Số 493 Tân Mai, P. Tân Mai, Quận Hoàng Mai, Hà Nội"
Voucher Cheese Stick tại Lotteria,Lotteria,"64 BT X2, khu đô thị Bắc Linh Đàm, Quận Hoàng Mai, Hà Nội"
Voucher Cheese Stick tại Lotteria,Lotteria,"201 Khâm Thiên, Quận Đống Đa, Hà Nội"
Voucher Cheese Stick tại Lotteria,Lotteria,"154 Bà Triệu, Nguyễn Du, Quận Hai Bà Trưng, Hà Nội"
Voucher Cheese Stick tại Lotteria,Lotteria,"152 Thái Thịnh, Láng Hạ, Quận Đống Đa, Hà Nội"
Voucher Cheese Stick tại Lotteria,Lotteria,"TTTM EBEST xã Minh Khai, Quận Từ Liêm, Hà Nội"
Voucher Cheese Stick tại Lotteria,Lotteria,"Tầng 1, Aeon Mall Long Biên, Cổ Linh, Quận Long Biên, Hà Nội"
Voucher Cheese Stick tại Lotteria,Lotteria,"Tầng 1C2 Nguyễn Cơ Thạch, KĐT Mỹ Đình, Quận Từ Liêm, Hà Nội"
Voucher Cheese Stick tại Lotteria,Lotteria,"138 Lê Thanh Nghị, P. Bách Khoa, Quận Hai Bà Trưng, Hà Nội"
Voucher Cheese Stick tại Lotteria,Lotteria,"7-9 Đinh Tiên Hoàng, P. Hàng Bạc, Quận Hoàn Kiếm, Hà Nội"
Voucher Cheese Stick tại Lotteria,Lotteria,"01 Núi Trúc, P.Kim Mã, Quận Ba Đình, Hà Nội"
Voucher Cheese Stick tại Lotteria,Lotteria,"298 Cầu Giấy, P. Quan Hoa, Quận Cầu Giấy, Hà Nội"
Voucher Cheese Stick tại Lotteria,Lotteria,"391 Hoàng Quốc Việt, P. Nghĩa Tân, Quận Cầu giấy, Hà Nội"
Voucher Cheese Stick tại Lotteria,Lotteria,"66 Lò Đúc, P. Phạm Đình Hổ, Quận Hai Bà Trưng, Hà Nội"
Voucher Cheese Stick tại Lotteria,Lotteria,"Tầng 4 , Ô số 430+431, Lotte Mall, Ngõ 683 Lạc Long Quân, P. Phú Thượng, Quận Tây Hồ, Hà Nội"
Voucher Cheese Stick tại Lotteria,Lotteria,"203 Nguyễn Thị Minh Khai, P. Minh Khai, Quận Hai Bà Trưng, Hà Nội"
Voucher Cheese Stick tại Lotteria,Lotteria,"Tầng 1 Mễ Trì, P. Mễ Trì, Quận Từ Liêm, Hà Nội"
Voucher Cheese Stick tại Lotteria,Lotteria,"TTTM Savico Nguyễn Văn Linh, Quận Long Biên, Hà Nội"
Voucher Cheese Stick tại Lotteria,Lotteria,"2A Trần Vũ, P. Quán Thánh, Quận Ba Đình, Hà Nội"
Voucher Cheese Stick tại Lotteria,Lotteria,"Km 10 Nguyễn Trãi, P. Mỗ Lao, Quận Hà Đông, Hà Nội"
Voucher Cheese Stick tại Lotteria,Lotteria,"Ngã 3 Yên Xá, Tân Triều, Quận Hà Đông, Hà Nội"
Voucher Cheese Stick tại Lotteria,Lotteria,"103DN11 Nguyễn Khánh Toàn, P. Quan Hoa, Quận Cầu Giấy, Hà Nội"
Voucher Cheese Stick tại Lotteria,Lotteria,"54 Liễu Giai, P. Cống Vị, Quận Ba Đình, Hà Nội"
Voucher Cheese Stick tại Lotteria,Lotteria,"445a Lạc Long Quân, Phường Xuân La, Quận Tây Hồ, Hà Nội"
Voucher Cheese Stick tại Lotteria,Lotteria,"Tầng 1 Citimart Hà Đông, CT 7A-CT7B KĐTM Văn Quán, P. Phúc La, Quận Hà Đông, Hà Nội"
Voucher Cheese Stick tại Lotteria,Lotteria,"63 Huỳnh Thúc Kháng, P. Láng Hạ, Quận Đống Đa, Hà Nội"
Voucher Cheese Stick tại Lotteria,Lotteria,"SH20.21 Tòa S1.05 Vinhomes Ocean Park, xã Đa Tốn, Huyện Gia Lâm, Hà Nội"
Voucher Cheese Stick tại Lotteria,Lotteria,"TTTM Aeon Mall, P. Dương Nội, Quận Hà Đông, Hà Nội"
Voucher Cheese Stick tại Lotteria,Lotteria,"34 Hoàng Cầu, P. Ô Chợ Dừa, Quận Đống Đa, Hà Nội"
Voucher Cheese Stick tại Lotteria,Lotteria,"Lô D5, KĐTM Cầu Giấy, P. Dịch Vọng, Quận Cầu Giấy, Hà Nội"
Voucher Cheese Stick tại Lotteria,Lotteria,"437 Bạch Mai, P. Trương Định, Quận Hai Bà Trưng, Hà Nội"
Voucher Cheese Stick tại Lotteria,Lotteria,"Tầng 2 Big C Thăng Long, 222 Trần Duy Hưng, P. Trung Hòa, Quận Cầu Giấy, Hà Nội"
Voucher Cheese Stick tại Lotteria,Lotteria,"23 Hàng Thanh, P. Nguyễn Trung Trực, Quận Ba Đình, Hà Nội"
Voucher Cheese Stick tại Lotteria,Lotteria,"Tầng 1 Tòa A8, An Bình City, 232 Phạm Văn Đồng, Quận Bắc Từ Liêm, Hà Nội"
Voucher Cheese Stick tại Lotteria,Lotteria,"72A Nguyễn Trãi, Quận Thanh Xuân, Hà Nội"
Voucher Cheese Stick tại Lotteria,Lotteria,"210-212 Nguyễn Văn Cừ, P. Ngọc Lâm, Quận Long Biên, Hà Nội"
Voucher Cheese Stick tại Lotteria,Lotteria,"Tòa Horizon city, 87 Lĩnh Nam, P. Mai Động, Quận Hoàng Mai, Hà Nội"
Voucher Cheese Stick tại Lotteria,Lotteria,"112 Trần Duy Hưng, P. Trung Hòa, Quận Cầu Giấy, Hà Nội"
Voucher Cheese Stick tại Lotteria,Lotteria,"Tầng hầm B1 Times City, 458 Minh Khai, P. Vĩnh Tuy, Quận Hai Bà Trưng, Hà Nội"
Voucher Cheese Stick tại Lotteria,Lotteria,"Tầng 1 CT 4A.B KĐT Xa La, xã Phúc La, Quận Hà Đông, Hà Nội"
Voucher Cheese Stick tại Lotteria,Lotteria,"TTTM Mê Linh, Tô Hiệu, Quận Hà Đông, Hà Nội"
Voucher Cheese Stick tại Lotteria,Lotteria,"Tầng 1 tòa nhà Housing, 299 Trung Kính, Trung Hòa, Quận Cầu Giấy, Hà Nội"
Voucher Cheese Stick tại Lotteria,Lotteria,"TTTM Mua Sắm Aeon - Tân Phú Celadon, 30 Bờ Bao Tân Thắng, P. Sơn Kỳ, Quận Tân Phú, Hồ Chí Minh"
Voucher Cheese Stick tại Lotteria,Lotteria,"Tầng 1, 18 Phan Văn Trị, P. 10, Quận Gò Vấp, Hồ Chí Minh"
Voucher Cheese Stick tại Lotteria,Lotteria,"211 - 213 Bình Phú, P. 11, Quận 6, Hồ Chí Minh"
Voucher Cheese Stick tại Lotteria,Lotteria,"445 Bạch Đằng, P. 12, Quận Bình Thạnh, Hồ Chí Minh"
Voucher Cheese Stick tại Lotteria,Lotteria,"Khu B, KĐT mới An Phú - An Khánh, P. An Phú, Quận 2, Hồ Chí Minh"
Voucher Cheese Stick tại Lotteria,Lotteria,"572A Ba Tháng Hai, P. 14, Quận 10, Hồ Chí Minh"
Voucher Cheese Stick tại Lotteria,Lotteria,"95A Trần Hưng Đạo, P. Cầu Ông Lãnh, Quận 1, Hồ Chí Minh"
Voucher Cheese Stick tại Lotteria,Lotteria,"Tầng 5, 101 Tôn Dật Tiên, P. Tân Phú, Quận 7, Hồ Chí Minh"
Voucher Cheese Stick tại Lotteria,Lotteria,"66 Mạc Cửu-67 Vạn Kiếp, P. 13, Quận 5, Hồ Chí Minh"
Voucher Cheese Stick tại Lotteria,Lotteria,"11 Sư Phạn Vạn Hạnh, P. 12, Quận 10, Hồ Chí Minh"
Voucher Cheese Stick tại Lotteria,Lotteria,"33 Nguyễn Văn Nghi, P. 4, Quận Gò Vấp, Hồ Chí Minh"
Voucher Cheese Stick tại Lotteria,Lotteria,"158 - 160 Lê Bình, P. 4, Quận Tân Bình, Hồ Chí Minh"
Voucher Cheese Stick tại Lotteria,Lotteria,"111 Dương Bá Trạc, P. 1, Quận 8, Hồ Chí Minh"
Voucher Cheese Stick tại Lotteria,Lotteria,"357 Quốc lộ 22, ấp Thượng, xã Tân Thông Hội, Huyện Củ Chi, Hồ Chí Minh"
Voucher Cheese Stick tại Lotteria,Lotteria,"P5 _SH.02 Tòa Park 5 Vinhomes Central, 20A Điện Biên Phủ, Phường 22, Quận Bình Thạnh, Hồ Chí Minh"
Voucher Cheese Stick tại Lotteria,Lotteria,"469 Nguyễn Hữu Thọ, P. Tân Hưng, Quận 7, Hồ Chí Minh"
Voucher Cheese Stick tại Lotteria,Lotteria,"S6.0301.S04 & S6.0301.S03 Origami Vinhomes Grand Park, Quận 9, Hồ Chí Minh"
Voucher Cheese Stick tại Lotteria,Lotteria,"292 Đinh Bộ Lĩnh, P. 26, Quận Bình Thạnh, Hồ Chí Minh"
Voucher Cheese Stick tại Lotteria,Lotteria,"Số 2 Song Hành (gần Cầu Đen), P. An Phú, Quận 2, Hồ Chí Minh"
Voucher Cheese Stick tại Lotteria,Lotteria,"Coopmart Tuy Lý Vương, 40 - 54 Tuy Lý Vương, P. 13, Quận 8, Hồ Chí Minh"
Voucher Cheese Stick tại Lotteria,Lotteria,"801 Hồng Bàng, P. 9, Quận 6, Hồ Chí Minh"
Voucher Cheese Stick tại Lotteria,Lotteria,"573 Huỳnh Tấn Phát, P. Tân Thuận Đông, Quận 7, Hồ Chí Minh"
Voucher Cheese Stick tại Lotteria,Lotteria,"11-11 Bis Nguyễn Thị Minh Khai, P. Bến Nghé, Quận 1, Hồ Chí Minh"
Voucher Cheese Stick tại Lotteria,Lotteria,"303 Trần Hưng Đạo, P. Nguyễn Cư Trinh, Quận 1, Hồ Chí Minh"
Voucher Cheese Stick tại Lotteria,Lotteria,"1397 Nguyễn Văn Linh, KP Mỹ Khánh 2-H4-2, P. Tân Phong, Quận 7, Hồ Chí Minh"
Voucher Cheese Stick tại Lotteria,Lotteria,"380 Thoại Ngọc Hầu, P. Phú Thạnh, Quận Tân Phú, Hồ Chí Minh"
Voucher Cheese Stick tại Lotteria,Lotteria,"70 - 72 Bàu Cát, P. 14, Quận Tân Bình, Hồ Chí Minh"
Voucher Cheese Stick tại Lotteria,Lotteria,"02 Ngô Gia Tự - 145 Lý Thái Tổ, P. 9, Quận 10, Hồ Chí Minh"
Voucher Cheese Stick tại Lotteria,Lotteria,"159/6 - 160/1 ấp Trung Chánh, xã Tân Xuân, Huyện Hóc Môn, Hồ Chí Minh"
Voucher Cheese Stick tại Lotteria,Lotteria,"250B Lý Chính Thắng, P. 9, Quận 3, Hồ Chí Minh"
Voucher Cheese Stick tại Lotteria,Lotteria,"Pico Plaza, 20 Cộng Hòa, P. 12, Quận Tân Bình, Hồ Chí Minh"
Voucher Cheese Stick tại Lotteria,Lotteria,"10 Võ Văn Ngân, P. Trường Thọ, Quận Thủ Đức, Hồ Chí Minh"
Voucher Cheese Stick tại Lotteria,Lotteria,"68 Lê Văn Việt, Tổ 11, KP. 2, P. Hiệp Phú, Quận 9, Hồ Chí Minh"
Voucher Cheese Stick tại Lotteria,Lotteria,"102 Lê Quốc Hưng, P. 12, Quận 4, Hồ Chí Minh"
Voucher Cheese Stick tại Lotteria,Lotteria,"1271 Tỉnh lộ 10, KP. 9, P. Tân Tạo, Quận Bình Tân, Hồ Chí Minh"
Voucher Cheese Stick tại Lotteria,Lotteria,"52 Hậu Giang, P. 06, Quận 6, Hồ Chí Minh"
Voucher Cheese Stick tại Lotteria,Lotteria,"220/151/3B - 222 Xô Viết Nghệ Tĩnh, P. 21, Quận Bình Thạnh, Hồ Chí Minh"
Voucher Cheese Stick tại Lotteria,Lotteria,"309 - 311 Vành Đai Trong, P. Bình Trị Đông B, Quận Bình Tân, Hồ Chí Minh"
Voucher Cheese Stick tại Lotteria,Lotteria,"09 Quang Trung, P. 11, Quận Gò Vấp, Hồ Chí Minh"
Voucher Cheese Stick tại Lotteria,Lotteria,"251 Phan Xích Long, KDC Rạch Miễu P. 7, Quận Phú Nhuận, Hồ Chí Minh"
Voucher Cheese Stick tại Lotteria,Lotteria,"01 Nguyễn Thông, P. 9, Quận 3, Hồ Chí Minh"
Voucher Cheese Stick tại Lotteria,Lotteria,"175 H òa Bình, P. Hiệp Tân, Quận Tân Phú, Hồ Chí Minh"
Voucher Cheese Stick tại Lotteria,Lotteria,"TTTM Big C City Land, Lô A, KDC City Land, Số 99 Nguyễn Thị Thập, Quận 7, Hồ Chí Minh"
Voucher Cheese Stick tại Lotteria,Lotteria,"968 Ba Tháng Hai, P. 15, Quận 11, Hồ Chí Minh"
Voucher Cheese Stick tại Lotteria,Lotteria,"175 (số cũ 19/35) Độc Lập, P. Tân Quý, Quận Tân Phú, Hồ Chí Minh"
Voucher Cheese Stick tại Lotteria,Lotteria,"114 Trần Hưng Đạo, P. 7, Quận 5, Hồ Chí Minh"
Voucher Cheese Stick tại Lotteria,Lotteria,"307A (số cũ 155A) Tô Hiến Thành, P. 13, Quận 10, Hồ Chí Minh"
Voucher Cheese Stick tại Lotteria,Lotteria,"604 - 606 Điện Biên Phủ, P. 22, Quận Bình Thạnh, Hồ Chí Minh"
Voucher Cheese Stick tại Lotteria,Lotteria,"72 Ngô Tất Tố, Phường 19, Quận Bình Thạnh, Hồ Chí Minh"
Voucher Cheese Stick tại Lotteria,Lotteria,"283 Võ Văn Ngân, P. Linh Chiểu, Quận Thủ Đức, Hồ Chí Minh"
Voucher Cheese Stick tại Lotteria,Lotteria,"187 Xuân Hồng, Phường 12, Quận Tân Bình, Hồ Chí Minh"
Voucher Cheese Stick tại Lotteria,Lotteria,"346B Lê Quang Định, P. 11, Quận Bình Thạnh, Hồ Chí Minh"
Voucher Cheese Stick tại Lotteria,Lotteria,"120 Nguyễn Thị Minh Khai, P. Hải Châu 1, Quận Hải Châu, Đà Nẵng"
Voucher Cheese Stick tại Lotteria,Lotteria,"568 Trưng Nữ Vương, P. Hòa Thuận Tây, Quận Hải Châu, Đà Nẵng"
Voucher Cheese Stick tại Lotteria,Lotteria,"92A Phan Chu Trinh, Quận Hải Châu, Đà Nẵng"
Voucher Cheese Stick tại Lotteria,Lotteria,"Trần Nhân Tông, Bình Than, Quận Sơn Trà, Đà Nẵng"
Voucher Cheese Stick tại Lotteria,Lotteria,"TTTM khu Quy hoạch Bà Triệu - Hùng Vương, P. Phú Hội, Thừa Thiên Huế, Thành Phố Huế, Thừa Thiên Huế"
Voucher Cheese Stick tại Lotteria,Lotteria,"06 Trần Hưng Đạo, P. Phú Hòa, Thừa Thiên Huế, Thành Phố Huế, Thừa Thiên Huế"
Voucher Cheese Stick tại Lotteria,Lotteria,"T308, Tầng 3 Trung tâm thương mại Aeon Mall Huế, Số 8 đường Võ Nguyên Giáp, Phường An Đông, Huế, Thừa Thiên Huế"
Voucher Cheese Stick tại Lotteria,Lotteria,"207C Lạch Tray, Quận Ngô Quyền, Hải Phòng"
Voucher Cheese Stick tại Lotteria,Lotteria,"88 Trần Phú, Quận Ngô Quyền, Hải Phòng"
Voucher Cheese Stick tại Lotteria,Lotteria,"317 Trần Thành Ngọ, Quận Kiến An, Hải Phòng"
Voucher Cheese Stick tại Lotteria,Lotteria,"Số 2 Phạm Minh Đức, Phường Máy Tơ, Quận Ngô Quyền, Hải Phòng"
Voucher Cheese Stick tại Lotteria,Lotteria,"Lô 1/20 KĐT ngã 5, Sân bay Cát Bi, Quận Ngô Quyền, Hải Phòng"
Voucher Cheese Stick tại Lotteria,Lotteria,"118 - 120 Trần Nguyên Hãn, Quận Lê Trân, Hải Phòng"
Voucher Cheese Stick tại Lotteria,Lotteria,"Lô 1F11, Lottemart, số 84 Mậu Thân, Phường An Hòa, Quận Ninh Kiều, Cần Thơ"
Voucher Cheese Stick tại Lotteria,Lotteria,"Lô 01, KDC Hưng Phú 1, P. Hưng Phú, Quận Cái Răng, Cần Thơ"
Voucher Cheese Stick tại Lotteria,Lotteria,"170 Nguyễn Văn Cừ, P. An Khánh, Quận Ninh Kiều, Cần Thơ"
Voucher Cheese Stick tại Lotteria,Lotteria,"Soiva Plaza Me Linh, Quận Khai Hoang, Vĩnh Yên, Vĩnh Phúc"
Voucher Cheese Stick tại Lotteria,Lotteria,"TTTM Vincom Plaza, Đường Cù Chính Lan, Đồng Tiến, Hoà Bình"
Voucher Cheese Stick tại Lotteria,Lotteria,"Tầng 3, Vincom Bắc Kan, Số 8A Đức Xuân, Bắc Kạn"
Voucher Cheese Stick tại Lotteria,Lotteria,"Ngã 6, Plot 26, Khu 13, P. Kim Tân, Lào Cai, Lào Cai"
Voucher Cheese Stick tại Lotteria,Lotteria,"Đường Cầu Kì Lừa, P. Chi Lăng, Lạng Sơn, Lạng Sơn"
Voucher Cheese Stick tại Lotteria,Lotteria,"Tầng 1 TTTM Big C Bắc Giang, ngã 4 Hùng Vương kéo dài, xã Tân Tiến, Bắc Giang, Bắc Giang"
Voucher Cheese Stick tại Lotteria,Lotteria,"TTTM Big C Việt Trì, Nguyễn Tất Thành, P. Thanh Miếu, Việt Trì, Phú Thọ"
Voucher Cheese Stick tại Lotteria,Lotteria,"Lầu 3, Vincom Sơn La, Trường Chinh, P. Quyết Thắng, Sơn La, Sơn La"
Voucher Cheese Stick tại Lotteria,Lotteria,"TTTM Thiên Trường, Quận Lộc Hòa, Nam Định"
Voucher Cheese Stick tại Lotteria,Lotteria,"02 Hồng Quang, P. Quang Trung, Hải Dương"
Voucher Cheese Stick tại Lotteria,Lotteria,"TTTM Vincom Hạ Long, P. Bạch Đằng, Hạ Long, Quảng Ninh"
Voucher Cheese Stick tại Lotteria,Lotteria,"TTTM Big C, Cột 5, P. Hồng Hải, Hạ Long, Quảng Ninh"
Voucher Cheese Stick tại Lotteria,Lotteria,"160 Lê Thánh Tôn, Hạ Long, Quảng Ninh"
Voucher Cheese Stick tại Lotteria,Lotteria,"02 Trần Khánh Dư, P. Cẩm Đông, Cẩm Phả, Quảng Ninh"
Voucher Cheese Stick tại Lotteria,Lotteria,"Số 342-346 Trần Hưng Đạo, P. Cửa Bắc, Thành phố Nam Định, Nam Định"
Voucher Cheese Stick tại Lotteria,Lotteria,"TTTM Big C Ninh Bình, Trần Nhân Tông, Xã Ninh Phúc, Ninh Bình"
Voucher Cheese Stick tại Lotteria,Lotteria,"TTTM Vincom Plaza Thanh Hóa, Phường Trần Phú, Thanh Hóa"
Voucher Cheese Stick tại Lotteria,Lotteria,"Tầng 1 Big C Thanh Hóa, Xã Đông Hải, Thanh Hóa"
Voucher Cheese Stick tại Lotteria,Lotteria,"TTTM Big C Vinh, 02 Quang Trung, Vinh, Nghệ An"
Voucher Cheese Stick tại Lotteria,Lotteria,"87A Nguyễn Văn Cừ, Khối 2, Phường Trường Thi, Vinh, Nghệ An"
Voucher Cheese Stick tại Lotteria,Lotteria,"Tầng 3-16, Lotte Mart Vinh, 295 đường V.I Lê Ninh, P. Hà Huy Tập, Vinh, Nghệ An"
Voucher Cheese Stick tại Lotteria,Lotteria,"74 Trần Phú, P. Bắc Hà, Hà Tĩnh"
Voucher Cheese Stick tại Lotteria,Lotteria,"Số 1 Hùng Vương, Phường Cẩm Phô, Hội An, Quảng Nam"
Voucher Cheese Stick tại Lotteria,Lotteria,"Cổng Nam TTTM Go! Đường Lý Thường Kiệt, Nghĩa Chánh, Quảng Ngãi"
Voucher Cheese Stick tại Lotteria,Lotteria,"117B Đại lộ Hùng Vương, Trần Hưng Đạo, Quảng Ngãi"
Voucher Cheese Stick tại Lotteria,Lotteria,"01 Phan Bội Châu, P. Hội Thương, Pleiku, Gia Lai"
Voucher Cheese Stick tại Lotteria,Lotteria,"02 - 2A Nguyễn Thái Học, Quy Nhơn, Bình Định"
Voucher Cheese Stick tại Lotteria,Lotteria,"KĐT xanh Vũng Chua, P. Ghềnh Ráng, Quy Nhơn, Bình Định"
Voucher Cheese Stick tại Lotteria,Lotteria,"178 Y Jut, Thắng Lợi, Buôn Ma Thuột, Đắk Lắk"
Voucher Cheese Stick tại Lotteria,Lotteria,"73 Thống Nhất, Nha Trang, Khánh Hòa"
Voucher Cheese Stick tại Lotteria,Lotteria,"CTXD số SB.D-70, Dự án Công viên văn hóa Vinwonders Nha Trang, Đảo Hòn Tre, P. Vĩnh Nguyên, Nha Trang, Khánh Hòa"
Voucher Cheese Stick tại Lotteria,Lotteria,"Lô 04, đường 19/5, KĐT Vĩnh Điềm Trung, xã Vĩnh Hiệp, Nha Trang, Khánh Hòa"
Voucher Cheese Stick tại Lotteria,Lotteria,"2038 Hùng Vương, P. Cam Lộc, Cam Ranh, Khánh Hòa"
Voucher Cheese Stick tại Lotteria,Lotteria,"2+2/1 Nguyễn Đình Chiểu, P. Vĩnh Phước, Nha Trang, Khánh Hòa"
Voucher Cheese Stick tại Lotteria,Lotteria,"133 Bà Triệu, P. Thắng Lợi, Kon Tum, Kon Tum"
Voucher Cheese Stick tại Lotteria,Lotteria,"285 Bùi Thị Xuân, P. 8, Đà Lạt, Lâm Đồng"
Voucher Cheese Stick tại Lotteria,Lotteria,"Tầng trệt, Tháp nước, Trần Phú, P. 2, Bảo Lộc, Lâm Đồng"
Voucher Cheese Stick tại Lotteria,Lotteria,"01 Nguyễn Thị Minh Khai, P. 01, Đà Lạt, Lâm Đồng"
Voucher Cheese Stick tại Lotteria,Lotteria,"Quảng Trường Lâm Viên, góc đường Hồ Tùng Mậu - Trần Quốc Thảo, P. 10, Đà Lạt, Lâm Đồng"
Voucher Cheese Stick tại Lotteria,Lotteria,"62 Thủ Khoa Huân, KP. 1, P. Bình Hưng, Phan Thiết, Bình Thuận"
Voucher Cheese Stick tại Lotteria,Lotteria,"KDC Hùng Vương 1, P. Phú Thủy, Phan Thiết, Bình Thuận"
Voucher Cheese Stick tại Lotteria,Lotteria,"1A Nguyễn Tất Thành, P. Bình Hưng, Phan Thiết, Bình Thuận"
Voucher Cheese Stick tại Lotteria,Lotteria,"Quốc Lộ 51, KP 1, P. Long Bình Tân, Biên Hòa, Đồng Nai"
Voucher Cheese Stick tại Lotteria,Lotteria,"Siêu Thị Hoàng Đức Gia Kiệm - 166 ấp Bạch Lâm 1, xã Gia Tân 2, Huyện Thống Nhất, Đồng Nai"
Voucher Cheese Stick tại Lotteria,Lotteria,"03 Phan Chu Trinh, P. Quang Vinh, Biên Hòa, Đồng Nai"
Voucher Cheese Stick tại Lotteria,Lotteria,"F230-F231 Võ Thị Sáu, Phường Thống Nhất, Biên Hòa, Đồng Nai"
Voucher Cheese Stick tại Lotteria,Lotteria,"Lô B-03, KTM Amata, Quốc lộ 1A, P. Long Bình, Biên Hòa, Đồng Nai"
Voucher Cheese Stick tại Lotteria,Lotteria,"198 Hùng Vương, P. Xuân Bình, Thị xã Long Khánh, Đồng Nai"
Voucher Cheese Stick tại Lotteria,Lotteria,"TTTM Chợ Thanh Hà, Trần Phú, P. Phủ Hòa, Phan Rang - Tháp Chàm, Ninh Thuận"
Voucher Cheese Stick tại Lotteria,Lotteria,"555B đại lộ Bình Dương, P. Hiệp Bình, Thị xã Thủ Dầu Một, Bình Dương"
Voucher Cheese Stick tại Lotteria,Lotteria,"TTTM Green Square, P. Đông Hòa, Thị xã Dĩ An, Bình Dương"
Voucher Cheese Stick tại Lotteria,Lotteria,"231 Yersin, P. Hiệp Thành, Thị xã Thủ Dầu Một, Bình Dương"
Voucher Cheese Stick tại Lotteria,Lotteria,"KĐT The Seasons Bình Dương, P. Lái Thiêu, Thị xã Thuận An, Bình Dương"
Voucher Cheese Stick tại Lotteria,Lotteria,"368 đường 30/4 P. Chánh Nghĩa, Thị xã Thủ Dầu Một, Bình Dương"
Voucher Cheese Stick tại Lotteria,Lotteria,"01 Trần Hưng Đạo, P. Phú Cường, Thị xã Thủ Dầu Một, Bình Dương"
Voucher Cheese Stick tại Lotteria,Lotteria,"TTMS Aeon - Bình Dương Canary, 1 Đại Lộ Bình Dương, KP. Bình Giao, P. Thuận Giao, Thị xã Thuận An, Bình Dương"
Voucher Cheese Stick tại Lotteria,Lotteria,"576 Cách Mạng Tháng Tám, Phường 3, Tây Ninh"
Voucher Cheese Stick tại Lotteria,Lotteria,"Tầng trệt, KP. Lộc An, Thị trấn Trảng Bàng, Huyện Trảng Bàng, Tây Ninh"
Voucher Cheese Stick tại Lotteria,Lotteria,"09 Hạ Long, P. 2, Vũng Tàu, Bà Rịa - Vũng Tàu"
Voucher Cheese Stick tại Lotteria,Lotteria,"227 Nam Kỳ Khởi Nghĩa - 378 Lê Hồng Phong, P. 03, Vũng Tàu, Bà Rịa - Vũng Tàu"
Voucher Cheese Stick tại Lotteria,Lotteria,"Tầng 1, Góc đường 3/2 - Thi Sách, P. 8, Vũng Tàu, Bà Rịa - Vũng Tàu"
Voucher Cheese Stick tại Lotteria,Lotteria,"Shop GF-01, Ấp Thanh Ba, Xã Mỹ Lộc, Thị trấn Cần Giuộc, Huyện Cần Giuộc, Long An"
Voucher Cheese Stick tại Lotteria,Lotteria,"15 Trương Định - 11 Phan Đình Phùng, KP. 01, P. 1, Thị xã Gò Công, Tiền Giang"
Voucher Cheese Stick tại Lotteria,Lotteria,"545 Lê Văn Phẩm, P. 5, Mỹ Tho, Tiền Giang"
Voucher Cheese Stick tại Lotteria,Lotteria,"34 Ngô Quyền, P. 1, Mỹ Tho, Tiền Giang"
Voucher Cheese Stick tại Lotteria,Lotteria,"Go Mart Trà Vinh, Đường Võ Nguyên Giáp, P. 7, Trà Vinh"
Voucher Cheese Stick tại Lotteria,Lotteria,"Tầng trệt, Nguyễn Sinh Sắc, khóm 2, P. 2, Sa Đéc, Đồng Tháp"
Voucher Cheese Stick tại Lotteria,Lotteria,"65 Nguyễn Huệ, P. 01, Cao Lãnh, Đồng Tháp"
Voucher Cheese Stick tại Lotteria,Lotteria,"01 Ngô Thời Nhậm, P. 1, Cao Lãnh, Đồng Tháp"
Voucher Cheese Stick tại Lotteria,Lotteria,"92 Nguyễn Trãi, P. Mỹ Long, Long Xuyên, An Giang"
Voucher Cheese Stick tại Lotteria,Lotteria,"29 Trần Hưng Đạo, P. 5, Cà Mau, Cà Mau"
Voucher Shake Chicken tại Lotteria,Lotteria,"Toà nhà Mandarin Garden 2, Số 493 Tân Mai, P. Tân Mai, Quận Hoàng Mai, Hà Nội"
Voucher Shake Chicken tại Lotteria,Lotteria,"Phạm Văn Đồng, P. Cổ Nhuế 1, Quận Bắc Từ Liêm, Hà Nội"
Voucher Shake Chicken tại Lotteria,Lotteria,"201 Khâm Thiên, Quận Đống Đa, Hà Nội"
Voucher Shake Chicken tại Lotteria,Lotteria,"154 Bà Triệu, Nguyễn Du, Quận Hai Bà Trưng, Hà Nội"
Voucher Shake Chicken tại Lotteria,Lotteria,"152 Thái Thịnh, Láng Hạ, Quận Đống Đa, Hà Nội"
Voucher Shake Chicken tại Lotteria,Lotteria,"Ngã 3 Đào Duy Anh - Kim Liên - Phạm Ngọc Thạch, Quận Đống Đa, Hà Nội"
Voucher Shake Chicken tại Lotteria,Lotteria,"Tầng 1 tòa nhà Housing, 299 Trung Kính, Trung Hòa, Quận Cầu Giấy, Hà Nội"
Voucher Shake Chicken tại Lotteria,Lotteria,"Tầng 1C2 Nguyễn Cơ Thạch, KĐT Mỹ Đình, Quận Từ Liêm, Hà Nội"
Voucher Shake Chicken tại Lotteria,Lotteria,"TTTM EBEST xã Minh Khai, Quận Từ Liêm, Hà Nội"
Voucher Shake Chicken tại Lotteria,Lotteria,"Tầng 1, Aeon Mall Long Biên, Cổ Linh, Quận Long Biên, Hà Nội"
Voucher Shake Chicken tại Lotteria,Lotteria,"66 Lò Đúc, P. Phạm Đình Hổ, Quận Hai Bà Trưng, Hà Nội"
Voucher Shake Chicken tại Lotteria,Lotteria,"Tầng 4 , Ô số 430+431, Lotte Mall, Ngõ 683 Lạc Long Quân, P. Phú Thượng, Quận Tây Hồ, Hà Nội"
Voucher Shake Chicken tại Lotteria,Lotteria,"203 Nguyễn Thị Minh Khai, P. Minh Khai, Quận Hai Bà Trưng, Hà Nội"
Voucher Shake Chicken tại Lotteria,Lotteria,"Tầng 1 Mễ Trì, P. Mễ Trì, Quận Từ Liêm, Hà Nội"
Voucher Shake Chicken tại Lotteria,Lotteria,"TTTM Savico Nguyễn Văn Linh, Quận Long Biên, Hà Nội"
Voucher Shake Chicken tại Lotteria,Lotteria,"391 Hoàng Quốc Việt, P. Nghĩa Tân, Quận Cầu giấy, Hà Nội"
Voucher Shake Chicken tại Lotteria,Lotteria,"138 Lê Thanh Nghị, P. Bách Khoa, Quận Hai Bà Trưng, Hà Nội"
Voucher Shake Chicken tại Lotteria,Lotteria,"7-9 Đinh Tiên Hoàng, P. Hàng Bạc, Quận Hoàn Kiếm, Hà Nội"
Voucher Shake Chicken tại Lotteria,Lotteria,"01 Núi Trúc, P.Kim Mã, Quận Ba Đình, Hà Nội"
Voucher Shake Chicken tại Lotteria,Lotteria,"298 Cầu Giấy, P. Quan Hoa, Quận Cầu Giấy, Hà Nội"
Voucher Shake Chicken tại Lotteria,Lotteria,"Ngã 3 Yên Xá, Tân Triều, Quận Hà Đông, Hà Nội"
Voucher Shake Chicken tại Lotteria,Lotteria,"103DN11 Nguyễn Khánh Toàn, P. Quan Hoa, Quận Cầu Giấy, Hà Nội"
Voucher Shake Chicken tại Lotteria,Lotteria,"54 Liễu Giai, P. Cống Vị, Quận Ba Đình, Hà Nội"
Voucher Shake Chicken tại Lotteria,Lotteria,"445a Lạc Long Quân, Phường Xuân La, Quận Tây Hồ, Hà Nội"
Voucher Shake Chicken tại Lotteria,Lotteria,"Tầng 1 Citimart Hà Đông, CT 7A-CT7B KĐTM Văn Quán, P. Phúc La, Quận Hà Đông, Hà Nội"
Voucher Shake Chicken tại Lotteria,Lotteria,"63 Huỳnh Thúc Kháng, P. Láng Hạ, Quận Đống Đa, Hà Nội"
Voucher Shake Chicken tại Lotteria,Lotteria,"SH20.21 Tòa S1.05 Vinhomes Ocean Park, xã Đa Tốn, Huyện Gia Lâm, Hà Nội"
Voucher Shake Chicken tại Lotteria,Lotteria,"2A Trần Vũ, P. Quán Thánh, Quận Ba Đình, Hà Nội"
Voucher Shake Chicken tại Lotteria,Lotteria,"Km 10 Nguyễn Trãi, P. Mỗ Lao, Quận Hà Đông, Hà Nội"
Voucher Shake Chicken tại Lotteria,Lotteria,"Lô D5, KĐTM Cầu Giấy, P. Dịch Vọng, Quận Cầu Giấy, Hà Nội"
Voucher Shake Chicken tại Lotteria,Lotteria,"437 Bạch Mai, P. Trương Định, Quận Hai Bà Trưng, Hà Nội"
Voucher Shake Chicken tại Lotteria,Lotteria,"TTTM Aeon Mall, P. Dương Nội, Quận Hà Đông, Hà Nội"
Voucher Shake Chicken tại Lotteria,Lotteria,"34 Hoàng Cầu, P. Ô Chợ Dừa, Quận Đống Đa, Hà Nội"
Voucher Shake Chicken tại Lotteria,Lotteria,"23 Hàng Thanh, P. Nguyễn Trung Trực, Quận Ba Đình, Hà Nội"
Voucher Shake Chicken tại Lotteria,Lotteria,"Tầng 1 Tòa A8, An Bình City, 232 Phạm Văn Đồng, Quận Bắc Từ Liêm, Hà Nội"
Voucher Shake Chicken tại Lotteria,Lotteria,"72A Nguyễn Trãi, Quận Thanh Xuân, Hà Nội"
Voucher Shake Chicken tại Lotteria,Lotteria,"210-212 Nguyễn Văn Cừ, P. Ngọc Lâm, Quận Long Biên, Hà Nội"
Voucher Shake Chicken tại Lotteria,Lotteria,"Tòa Horizon city, 87 Lĩnh Nam, P. Mai Động, Quận Hoàng Mai, Hà Nội"
Voucher Shake Chicken tại Lotteria,Lotteria,"Tầng 2 Big C Thăng Long, 222 Trần Duy Hưng, P. Trung Hòa, Quận Cầu Giấy, Hà Nội"
Voucher Shake Chicken tại Lotteria,Lotteria,"Tầng hầm B1 Times City, 458 Minh Khai, P. Vĩnh Tuy, Quận Hai Bà Trưng, Hà Nội"
Voucher Shake Chicken tại Lotteria,Lotteria,"112 Trần Duy Hưng, P. Trung Hòa, Quận Cầu Giấy, Hà Nội"
Voucher Shake Chicken tại Lotteria,Lotteria,"Tầng 1 CT 4A.B KĐT Xa La, xã Phúc La, Quận Hà Đông, Hà Nội"
Voucher Shake Chicken tại Lotteria,Lotteria,"TTTM Mê Linh, Tô Hiệu, Quận Hà Đông, Hà Nội"
Voucher Shake Chicken tại Lotteria,Lotteria,"64 BT X2, khu đô thị Bắc Linh Đàm, Quận Hoàng Mai, Hà Nội"
Voucher Shake Chicken tại Lotteria,Lotteria,"11 Sư Phạn Vạn Hạnh, P. 12, Quận 10, Hồ Chí Minh"
Voucher Shake Chicken tại Lotteria,Lotteria,"33 Nguyễn Văn Nghi, P. 4, Quận Gò Vấp, Hồ Chí Minh"
Voucher Shake Chicken tại Lotteria,Lotteria,"158 - 160 Lê Bình, P. 4, Quận Tân Bình, Hồ Chí Minh"
Voucher Shake Chicken tại Lotteria,Lotteria,"111 Dương Bá Trạc, P. 1, Quận 8, Hồ Chí Minh"
Voucher Shake Chicken tại Lotteria,Lotteria,"TTTM Mua Sắm Aeon - Tân Phú Celadon, 30 Bờ Bao Tân Thắng, P. Sơn Kỳ, Quận Tân Phú, Hồ Chí Minh"
Voucher Shake Chicken tại Lotteria,Lotteria,"66 Mạc Cửu-67 Vạn Kiếp, P. 13, Quận 5, Hồ Chí Minh"
Voucher Shake Chicken tại Lotteria,Lotteria,"Tầng 1, 18 Phan Văn Trị, P. 10, Quận Gò Vấp, Hồ Chí Minh"
Voucher Shake Chicken tại Lotteria,Lotteria,"211 - 213 Bình Phú, P. 11, Quận 6, Hồ Chí Minh"
Voucher Shake Chicken tại Lotteria,Lotteria,"445 Bạch Đằng, P. 12, Quận Bình Thạnh, Hồ Chí Minh"
Voucher Shake Chicken tại Lotteria,Lotteria,"Khu B, KĐT mới An Phú - An Khánh, P. An Phú, Quận 2, Hồ Chí Minh"
Voucher Shake Chicken tại Lotteria,Lotteria,"572A Ba Tháng Hai, P. 14, Quận 10, Hồ Chí Minh"
Voucher Shake Chicken tại Lotteria,Lotteria,"95A Trần Hưng Đạo, P. Cầu Ông Lãnh, Quận 1, Hồ Chí Minh"
Voucher Shake Chicken tại Lotteria,Lotteria,"Tầng 5, 101 Tôn Dật Tiên, P. Tân Phú, Quận 7, Hồ Chí Minh"
Voucher Shake Chicken tại Lotteria,Lotteria,"S6.0301.S04 & S6.0301.S03 Origami Vinhomes Grand Park, Quận 9, Hồ Chí Minh"
Voucher Shake Chicken tại Lotteria,Lotteria,"292 Đinh Bộ Lĩnh, P. 26, Quận Bình Thạnh, Hồ Chí Minh"
Voucher Shake Chicken tại Lotteria,Lotteria,"357 Quốc lộ 22, ấp Thượng, xã Tân Thông Hội, Huyện Củ Chi, Hồ Chí Minh"
Voucher Shake Chicken tại Lotteria,Lotteria,"P5 _SH.02 Tòa Park 5 Vinhomes Central, 20A Điện Biên Phủ, Phường 22, Quận Bình Thạnh, Hồ Chí Minh"
Voucher Shake Chicken tại Lotteria,Lotteria,"469 Nguyễn Hữu Thọ, P. Tân Hưng, Quận 7, Hồ Chí Minh"
Voucher Shake Chicken tại Lotteria,Lotteria,"Coopmart Tuy Lý Vương, 40 - 54 Tuy Lý Vương, P. 13, Quận 8, Hồ Chí Minh"
Voucher Shake Chicken tại Lotteria,Lotteria,"801 Hồng Bàng, P. 9, Quận 6, Hồ Chí Minh"
Voucher Shake Chicken tại Lotteria,Lotteria,"573 Huỳnh Tấn Phát, P. Tân Thuận Đông, Quận 7, Hồ Chí Minh"
Voucher Shake Chicken tại Lotteria,Lotteria,"11-11 Bis Nguyễn Thị Minh Khai, P. Bến Nghé, Quận 1, Hồ Chí Minh"
Voucher Shake Chicken tại Lotteria,Lotteria,"303 Trần Hưng Đạo, P. Nguyễn Cư Trinh, Quận 1, Hồ Chí Minh"
Voucher Shake Chicken tại Lotteria,Lotteria,"Số 2 Song Hành (gần Cầu Đen), P. An Phú, Quận 2, Hồ Chí Minh"
Voucher Shake Chicken tại Lotteria,Lotteria,"70 - 72 Bàu Cát, P. 14, Quận Tân Bình, Hồ Chí Minh"
Voucher Shake Chicken tại Lotteria,Lotteria,"02 Ngô Gia Tự - 145 Lý Thái Tổ, P. 9, Quận 10, Hồ Chí Minh"
Voucher Shake Chicken tại Lotteria,Lotteria,"1397 Nguyễn Văn Linh, KP Mỹ Khánh 2-H4-2, P. Tân Phong, Quận 7, Hồ Chí Minh"
Voucher Shake Chicken tại Lotteria,Lotteria,"380 Thoại Ngọc Hầu, P. Phú Thạnh, Quận Tân Phú, Hồ Chí Minh"
Voucher Shake Chicken tại Lotteria,Lotteria,"159/6 - 160/1 ấp Trung Chánh, xã Tân Xuân, Huyện Hóc Môn, Hồ Chí Minh"
Voucher Shake Chicken tại Lotteria,Lotteria,"68 Lê Văn Việt, Tổ 11, KP. 2, P. Hiệp Phú, Quận 9, Hồ Chí Minh"
Voucher Shake Chicken tại Lotteria,Lotteria,"102 Lê Quốc Hưng, P. 12, Quận 4, Hồ Chí Minh"
Voucher Shake Chicken tại Lotteria,Lotteria,"1271 Tỉnh lộ 10, KP. 9, P. Tân Tạo, Quận Bình Tân, Hồ Chí Minh"
Voucher Shake Chicken tại Lotteria,Lotteria,"52 Hậu Giang, P. 06, Quận 6, Hồ Chí Minh"
Voucher Shake Chicken tại Lotteria,Lotteria,"220/151/3B - 222 Xô Viết Nghệ Tĩnh, P. 21, Quận Bình Thạnh, Hồ Chí Minh"
Voucher Shake Chicken tại Lotteria,Lotteria,"309 - 311 Vành Đai Trong, P. Bình Trị Đông B, Quận Bình Tân, Hồ Chí Minh"
Voucher Shake Chicken tại Lotteria,Lotteria,"250B Lý Chính Thắng, P. 9, Quận 3, Hồ Chí Minh"
Voucher Shake Chicken tại Lotteria,Lotteria,"Pico Plaza, 20 Cộng Hòa, P. 12, Quận Tân Bình, Hồ Chí Minh"
Voucher Shake Chicken tại Lotteria,Lotteria,"10 Võ Văn Ngân, P. Trường Thọ, Quận Thủ Đức, Hồ Chí Minh"
Voucher Shake Chicken tại Lotteria,Lotteria,"01 Nguyễn Thông, P. 9, Quận 3, Hồ Chí Minh"
Voucher Shake Chicken tại Lotteria,Lotteria,"175 H òa Bình, P. Hiệp Tân, Quận Tân Phú, Hồ Chí Minh"
Voucher Shake Chicken tại Lotteria,Lotteria,"TTTM Big C City Land, Lô A, KDC City Land, Số 99 Nguyễn Thị Thập, Quận 7, Hồ Chí Minh"
Voucher Shake Chicken tại Lotteria,Lotteria,"968 Ba Tháng Hai, P. 15, Quận 11, Hồ Chí Minh"
Voucher Shake Chicken tại Lotteria,Lotteria,"09 Quang Trung, P. 11, Quận Gò Vấp, Hồ Chí Minh"
Voucher Shake Chicken tại Lotteria,Lotteria,"251 Phan Xích Long, KDC Rạch Miễu P. 7, Quận Phú Nhuận, Hồ Chí Minh"
Voucher Shake Chicken tại Lotteria,Lotteria,"72 Ngô Tất Tố, Phường 19, Quận Bình Thạnh, Hồ Chí Minh"
Voucher Shake Chicken tại Lotteria,Lotteria,"283 Võ Văn Ngân, P. Linh Chiểu, Quận Thủ Đức, Hồ Chí Minh"
Voucher Shake Chicken tại Lotteria,Lotteria,"187 Xuân Hồng, Phường 12, Quận Tân Bình, Hồ Chí Minh"
Voucher Shake Chicken tại Lotteria,Lotteria,"346B Lê Quang Định, P. 11, Quận Bình Thạnh, Hồ Chí Minh"
Voucher Shake Chicken tại Lotteria,Lotteria,"175 (số cũ 19/35) Độc Lập, P. Tân Quý, Quận Tân Phú, Hồ Chí Minh"
Voucher Shake Chicken tại Lotteria,Lotteria,"114 Trần Hưng Đạo, P. 7, Quận 5, Hồ Chí Minh"
Voucher Shake Chicken tại Lotteria,Lotteria,"307A (số cũ 155A) Tô Hiến Thành, P. 13, Quận 10, Hồ Chí Minh"
Voucher Shake Chicken tại Lotteria,Lotteria,"604 - 606 Điện Biên Phủ, P. 22, Quận Bình Thạnh, Hồ Chí Minh"
Voucher Shake Chicken tại Lotteria,Lotteria,"120 Nguyễn Thị Minh Khai, P. Hải Châu 1, Quận Hải Châu, Đà Nẵng"
Voucher Shake Chicken tại Lotteria,Lotteria,"568 Trưng Nữ Vương, P. Hòa Thuận Tây, Quận Hải Châu, Đà Nẵng"
Voucher Shake Chicken tại Lotteria,Lotteria,"92A Phan Chu Trinh, Quận Hải Châu, Đà Nẵng"
Voucher Shake Chicken tại Lotteria,Lotteria,"Trần Nhân Tông, Bình Than, Quận Sơn Trà, Đà Nẵng"
Voucher Shake Chicken tại Lotteria,Lotteria,"TTTM khu Quy hoạch Bà Triệu - Hùng Vương, P. Phú Hội, Thừa Thiên Huế, Thành Phố Huế, Thừa Thiên Huế"
Voucher Shake Chicken tại Lotteria,Lotteria,"06 Trần Hưng Đạo, P. Phú Hòa, Thừa Thiên Huế, Thành Phố Huế, Thừa Thiên Huế"
Voucher Shake Chicken tại Lotteria,Lotteria,"T308, Tầng 3 Trung tâm thương mại Aeon Mall Huế, Số 8 đường Võ Nguyên Giáp, Phường An Đông, Huế, Thừa Thiên Huế"
Voucher Shake Chicken tại Lotteria,Lotteria,"317 Trần Thành Ngọ, Quận Kiến An, Hải Phòng"
Voucher Shake Chicken tại Lotteria,Lotteria,"Lô 1/20 KĐT ngã 5, Sân bay Cát Bi, Quận Ngô Quyền, Hải Phòng"
Voucher Shake Chicken tại Lotteria,Lotteria,"207C Lạch Tray, Quận Ngô Quyền, Hải Phòng"
Voucher Shake Chicken tại Lotteria,Lotteria,"Số 2 Phạm Minh Đức, Phường Máy Tơ, Quận Ngô Quyền, Hải Phòng"
Voucher Shake Chicken tại Lotteria,Lotteria,"88 Trần Phú, Quận Ngô Quyền, Hải Phòng"
Voucher Shake Chicken tại Lotteria,Lotteria,"118 - 120 Trần Nguyên Hãn, Quận Lê Trân, Hải Phòng"
Voucher Shake Chicken tại Lotteria,Lotteria,"Lô 1F11, Lottemart, số 84 Mậu Thân, Phường An Hòa, Quận Ninh Kiều, Cần Thơ"
Voucher Shake Chicken tại Lotteria,Lotteria,"Lô 01, KDC Hưng Phú 1, P. Hưng Phú, Quận Cái Răng, Cần Thơ"
Voucher Shake Chicken tại Lotteria,Lotteria,"170 Nguyễn Văn Cừ, P. An Khánh, Quận Ninh Kiều, Cần Thơ"
Voucher Shake Chicken tại Lotteria,Lotteria,"Soiva Plaza Me Linh, Quận Khai Hoang, Vĩnh Yên, Vĩnh Phúc"
Voucher Shake Chicken tại Lotteria,Lotteria,"TTTM Vincom Plaza, Đường Cù Chính Lan, Đồng Tiến, Hoà Bình"
Voucher Shake Chicken tại Lotteria,Lotteria,"Tầng 3, Vincom Bắc Kan, Số 8A Đức Xuân, Bắc Kạn"
Voucher Shake Chicken tại Lotteria,Lotteria,"Ngã 6, Plot 26, Khu 13, P. Kim Tân, Lào Cai, Lào Cai"
Voucher Shake Chicken tại Lotteria,Lotteria,"Đường Cầu Kì Lừa, P. Chi Lăng, Lạng Sơn, Lạng Sơn"
Voucher Shake Chicken tại Lotteria,Lotteria,"Tầng 1 TTTM Big C Bắc Giang, ngã 4 Hùng Vương kéo dài, xã Tân Tiến, Bắc Giang, Bắc Giang"
Voucher Shake Chicken tại Lotteria,Lotteria,"TTTM Big C Việt Trì, Nguyễn Tất Thành, P. Thanh Miếu, Việt Trì, Phú Thọ"
Voucher Shake Chicken tại Lotteria,Lotteria,"Lầu 3, Vincom Sơn La, Trường Chinh, P. Quyết Thắng, Sơn La, Sơn La"
Voucher Shake Chicken tại Lotteria,Lotteria,"TTTM Thiên Trường, Quận Lộc Hòa, Nam Định"
Voucher Shake Chicken tại Lotteria,Lotteria,"02 Hồng Quang, P. Quang Trung, Hải Dương"
Voucher Shake Chicken tại Lotteria,Lotteria,"TTTM Vincom Hạ Long, P. Bạch Đằng, Hạ Long, Quảng Ninh"
Voucher Shake Chicken tại Lotteria,Lotteria,"TTTM Big C, Cột 5, P. Hồng Hải, Hạ Long, Quảng Ninh"
Voucher Shake Chicken tại Lotteria,Lotteria,"160 Lê Thánh Tôn, Hạ Long, Quảng Ninh"
Voucher Shake Chicken tại Lotteria,Lotteria,"02 Trần Khánh Dư, P. Cẩm Đông, Cẩm Phả, Quảng Ninh"
Voucher Shake Chicken tại Lotteria,Lotteria,"Số 342-346 Trần Hưng Đạo, P. Cửa Bắc, Thành phố Nam Định, Nam Định"
Voucher Shake Chicken tại Lotteria,Lotteria,"TTTM Big C Ninh Bình, Trần Nhân Tông, Xã Ninh Phúc, Ninh Bình"
Voucher Shake Chicken tại Lotteria,Lotteria,"Tầng 1 Big C Thanh Hóa, Xã Đông Hải, Thanh Hóa"
Voucher Shake Chicken tại Lotteria,Lotteria,"TTTM Vincom Plaza Thanh Hóa, Phường Trần Phú, Thanh Hóa"
Voucher Shake Chicken tại Lotteria,Lotteria,"TTTM Big C Vinh, 02 Quang Trung, Vinh, Nghệ An"
Voucher Shake Chicken tại Lotteria,Lotteria,"87A Nguyễn Văn Cừ, Khối 2, Phường Trường Thi, Vinh, Nghệ An"
Voucher Shake Chicken tại Lotteria,Lotteria,"Tầng 3-16, Lotte Mart Vinh, 295 đường V.I Lê Ninh, P. Hà Huy Tập, Vinh, Nghệ An"
Voucher Shake Chicken tại Lotteria,Lotteria,"74 Trần Phú, P. Bắc Hà, Hà Tĩnh"
Voucher Shake Chicken tại Lotteria,Lotteria,"Số 1 Hùng Vương, Phường Cẩm Phô, Hội An, Quảng Nam"
Voucher Shake Chicken tại Lotteria,Lotteria,"117B Đại lộ Hùng Vương, Trần Hưng Đạo, Quảng Ngãi"
Voucher Shake Chicken tại Lotteria,Lotteria,"Cổng Nam TTTM Go! Đường Lý Thường Kiệt, Nghĩa Chánh, Quảng Ngãi"
Voucher Shake Chicken tại Lotteria,Lotteria,"01 Phan Bội Châu, P. Hội Thương, Pleiku, Gia Lai"
Voucher Shake Chicken tại Lotteria,Lotteria,"KĐT xanh Vũng Chua, P. Ghềnh Ráng, Quy Nhơn, Bình Định"
Voucher Shake Chicken tại Lotteria,Lotteria,"02 - 2A Nguyễn Thái Học, Quy Nhơn, Bình Định"
Voucher Shake Chicken tại Lotteria,Lotteria,"178 Y Jut, Thắng Lợi, Buôn Ma Thuột, Đắk Lắk"
Voucher Shake Chicken tại Lotteria,Lotteria,"2+2/1 Nguyễn Đình Chiểu, P. Vĩnh Phước, Nha Trang, Khánh Hòa"
Voucher Shake Chicken tại Lotteria,Lotteria,"Lô 04, đường 19/5, KĐT Vĩnh Điềm Trung, xã Vĩnh Hiệp, Nha Trang, Khánh Hòa"
Voucher Shake Chicken tại Lotteria,Lotteria,"73 Thống Nhất, Nha Trang, Khánh Hòa"
Voucher Shake Chicken tại Lotteria,Lotteria,"2038 Hùng Vương, P. Cam Lộc, Cam Ranh, Khánh Hòa"
Voucher Shake Chicken tại Lotteria,Lotteria,"CTXD số SB.D-70, Dự án Công viên văn hóa Vinwonders Nha Trang, Đảo Hòn Tre, P. Vĩnh Nguyên, Nha Trang, Khánh Hòa"
Voucher Shake Chicken tại Lotteria,Lotteria,"133 Bà Triệu, P. Thắng Lợi, Kon Tum, Kon Tum"
Voucher Shake Chicken tại Lotteria,Lotteria,"Tầng trệt, Tháp nước, Trần Phú, P. 2, Bảo Lộc, Lâm Đồng"
Voucher Shake Chicken tại Lotteria,Lotteria,"285 Bùi Thị Xuân, P. 8, Đà Lạt, Lâm Đồng"
Voucher Shake Chicken tại Lotteria,Lotteria,"01 Nguyễn Thị Minh Khai, P. 01, Đà Lạt, Lâm Đồng"
Voucher Shake Chicken tại Lotteria,Lotteria,"Quảng Trường Lâm Viên, góc đường Hồ Tùng Mậu - Trần Quốc Thảo, P. 10, Đà Lạt, Lâm Đồng"
Voucher Shake Chicken tại Lotteria,Lotteria,"1A Nguyễn Tất Thành, P. Bình Hưng, Phan Thiết, Bình Thuận"
Voucher Shake Chicken tại Lotteria,Lotteria,"62 Thủ Khoa Huân, KP. 1, P. Bình Hưng, Phan Thiết, Bình Thuận"
Voucher Shake Chicken tại Lotteria,Lotteria,"KDC Hùng Vương 1, P. Phú Thủy, Phan Thiết, Bình Thuận"
Voucher Shake Chicken tại Lotteria,Lotteria,"198 Hùng Vương, P. Xuân Bình, Thị xã Long Khánh, Đồng Nai"
Voucher Shake Chicken tại Lotteria,Lotteria,"Quốc Lộ 51, KP 1, P. Long Bình Tân, Biên Hòa, Đồng Nai"
Voucher Shake Chicken tại Lotteria,Lotteria,"F230-F231 Võ Thị Sáu, Phường Thống Nhất, Biên Hòa, Đồng Nai"
Voucher Shake Chicken tại Lotteria,Lotteria,"03 Phan Chu Trinh, P. Quang Vinh, Biên Hòa, Đồng Nai"
Voucher Shake Chicken tại Lotteria,Lotteria,"Siêu Thị Hoàng Đức Gia Kiệm - 166 ấp Bạch Lâm 1, xã Gia Tân 2, Huyện Thống Nhất, Đồng Nai"
Voucher Shake Chicken tại Lotteria,Lotteria,"Lô B-03, KTM Amata, Quốc lộ 1A, P. Long Bình, Biên Hòa, Đồng Nai"
Voucher Shake Chicken tại Lotteria,Lotteria,"TTTM Chợ Thanh Hà, Trần Phú, P. Phủ Hòa, Phan Rang - Tháp Chàm, Ninh Thuận"
Voucher Shake Chicken tại Lotteria,Lotteria,"555B đại lộ Bình Dương, P. Hiệp Bình, Thị xã Thủ Dầu Một, Bình Dương"
Voucher Shake Chicken tại Lotteria,Lotteria,"368 đường 30/4 P. Chánh Nghĩa, Thị xã Thủ Dầu Một, Bình Dương"
Voucher Shake Chicken tại Lotteria,Lotteria,"231 Yersin, P. Hiệp Thành, Thị xã Thủ Dầu Một, Bình Dương"
Voucher Shake Chicken tại Lotteria,Lotteria,"TTTM Green Square, P. Đông Hòa, Thị xã Dĩ An, Bình Dương"
Voucher Shake Chicken tại Lotteria,Lotteria,"TTMS Aeon - Bình Dương Canary, 1 Đại Lộ Bình Dương, KP. Bình Giao, P. Thuận Giao, Thị xã Thuận An, Bình Dương"
Voucher Shake Chicken tại Lotteria,Lotteria,"01 Trần Hưng Đạo, P. Phú Cường, Thị xã Thủ Dầu Một, Bình Dương"
Voucher Shake Chicken tại Lotteria,Lotteria,"KĐT The Seasons Bình Dương, P. Lái Thiêu, Thị xã Thuận An, Bình Dương"
Voucher Shake Chicken tại Lotteria,Lotteria,"Tầng trệt, KP. Lộc An, Thị trấn Trảng Bàng, Huyện Trảng Bàng, Tây Ninh"
Voucher Shake Chicken tại Lotteria,Lotteria,"576 Cách Mạng Tháng Tám, Phường 3, Tây Ninh"
Voucher Shake Chicken tại Lotteria,Lotteria,"Tầng 1, Góc đường 3/2 - Thi Sách, P. 8, Vũng Tàu, Bà Rịa - Vũng Tàu"
Voucher Shake Chicken tại Lotteria,Lotteria,"227 Nam Kỳ Khởi Nghĩa - 378 Lê Hồng Phong, P. 03, Vũng Tàu, Bà Rịa - Vũng Tàu"
Voucher Shake Chicken tại Lotteria,Lotteria,"09 Hạ Long, P. 2, Vũng Tàu, Bà Rịa - Vũng Tàu"
Voucher Shake Chicken tại Lotteria,Lotteria,"Shop GF-01, Ấp Thanh Ba, Xã Mỹ Lộc, Thị trấn Cần Giuộc, Huyện Cần Giuộc, Long An"
Voucher Shake Chicken tại Lotteria,Lotteria,"15 Trương Định - 11 Phan Đình Phùng, KP. 01, P. 1, Thị xã Gò Công, Tiền Giang"
Voucher Shake Chicken tại Lotteria,Lotteria,"545 Lê Văn Phẩm, P. 5, Mỹ Tho, Tiền Giang"
Voucher Shake Chicken tại Lotteria,Lotteria,"34 Ngô Quyền, P. 1, Mỹ Tho, Tiền Giang"
Voucher Shake Chicken tại Lotteria,Lotteria,"Go Mart Trà Vinh, Đường Võ Nguyên Giáp, P. 7, Trà Vinh"
Voucher Shake Chicken tại Lotteria,Lotteria,"Tầng trệt, Nguyễn Sinh Sắc, khóm 2, P. 2, Sa Đéc, Đồng Tháp"
Voucher Shake Chicken tại Lotteria,Lotteria,"65 Nguyễn Huệ, P. 01, Cao Lãnh, Đồng Tháp"
Voucher Shake Chicken tại Lotteria,Lotteria,"01 Ngô Thời Nhậm, P. 1, Cao Lãnh, Đồng Tháp"
Voucher Shake Chicken tại Lotteria,Lotteria,"92 Nguyễn Trãi, P. Mỹ Long, Long Xuyên, An Giang"
Voucher Shake Chicken tại Lotteria,Lotteria,"29 Trần Hưng Đạo, P. 5, Cà Mau, Cà Mau"
Voucher Beef Rice Set tại Lotteria,Lotteria,"Ngã 3 Đào Duy Anh - Kim Liên - Phạm Ngọc Thạch, Quận Đống Đa, Hà Nội"
Voucher Beef Rice Set tại Lotteria,Lotteria,"Phạm Văn Đồng, P. Cổ Nhuế 1, Quận Bắc Từ Liêm, Hà Nội"
Voucher Beef Rice Set tại Lotteria,Lotteria,"Toà nhà Mandarin Garden 2, Số 493 Tân Mai, P. Tân Mai, Quận Hoàng Mai, Hà Nội"
Voucher Beef Rice Set tại Lotteria,Lotteria,"64 BT X2, khu đô thị Bắc Linh Đàm, Quận Hoàng Mai, Hà Nội"
Voucher Beef Rice Set tại Lotteria,Lotteria,"201 Khâm Thiên, Quận Đống Đa, Hà Nội"
Voucher Beef Rice Set tại Lotteria,Lotteria,"154 Bà Triệu, Nguyễn Du, Quận Hai Bà Trưng, Hà Nội"
Voucher Beef Rice Set tại Lotteria,Lotteria,"152 Thái Thịnh, Láng Hạ, Quận Đống Đa, Hà Nội"
Voucher Beef Rice Set tại Lotteria,Lotteria,"TTTM EBEST xã Minh Khai, Quận Từ Liêm, Hà Nội"
Voucher Beef Rice Set tại Lotteria,Lotteria,"Tầng 1, Aeon Mall Long Biên, Cổ Linh, Quận Long Biên, Hà Nội"
Voucher Beef Rice Set tại Lotteria,Lotteria,"Tầng 1C2 Nguyễn Cơ Thạch, KĐT Mỹ Đình, Quận Từ Liêm, Hà Nội"
Voucher Beef Rice Set tại Lotteria,Lotteria,"138 Lê Thanh Nghị, P. Bách Khoa, Quận Hai Bà Trưng, Hà Nội"
Voucher Beef Rice Set tại Lotteria,Lotteria,"7-9 Đinh Tiên Hoàng, P. Hàng Bạc, Quận Hoàn Kiếm, Hà Nội"
Voucher Beef Rice Set tại Lotteria,Lotteria,"01 Núi Trúc, P.Kim Mã, Quận Ba Đình, Hà Nội"
Voucher Beef Rice Set tại Lotteria,Lotteria,"298 Cầu Giấy, P. Quan Hoa, Quận Cầu Giấy, Hà Nội"
Voucher Beef Rice Set tại Lotteria,Lotteria,"391 Hoàng Quốc Việt, P. Nghĩa Tân, Quận Cầu giấy, Hà Nội"
Voucher Beef Rice Set tại Lotteria,Lotteria,"66 Lò Đúc, P. Phạm Đình Hổ, Quận Hai Bà Trưng, Hà Nội"
Voucher Beef Rice Set tại Lotteria,Lotteria,"Tầng 4 , Ô số 430+431, Lotte Mall, Ngõ 683 Lạc Long Quân, P. Phú Thượng, Quận Tây Hồ, Hà Nội"
Voucher Beef Rice Set tại Lotteria,Lotteria,"203 Nguyễn Thị Minh Khai, P. Minh Khai, Quận Hai Bà Trưng, Hà Nội"
Voucher Beef Rice Set tại Lotteria,Lotteria,"Tầng 1 Mễ Trì, P. Mễ Trì, Quận Từ Liêm, Hà Nội"
Voucher Beef Rice Set tại Lotteria,Lotteria,"TTTM Savico Nguyễn Văn Linh, Quận Long Biên, Hà Nội"
Voucher Beef Rice Set tại Lotteria,Lotteria,"2A Trần Vũ, P. Quán Thánh, Quận Ba Đình, Hà Nội"
Voucher Beef Rice Set tại Lotteria,Lotteria,"Km 10 Nguyễn Trãi, P. Mỗ Lao, Quận Hà Đông, Hà Nội"
Voucher Beef Rice Set tại Lotteria,Lotteria,"Ngã 3 Yên Xá, Tân Triều, Quận Hà Đông, Hà Nội"
Voucher Beef Rice Set tại Lotteria,Lotteria,"103DN11 Nguyễn Khánh Toàn, P. Quan Hoa, Quận Cầu Giấy, Hà Nội"
Voucher Beef Rice Set tại Lotteria,Lotteria,"54 Liễu Giai, P. Cống Vị, Quận Ba Đình, Hà Nội"
Voucher Beef Rice Set tại Lotteria,Lotteria,"445a Lạc Long Quân, Phường Xuân La, Quận Tây Hồ, Hà Nội"
Voucher Beef Rice Set tại Lotteria,Lotteria,"Tầng 1 Citimart Hà Đông, CT 7A-CT7B KĐTM Văn Quán, P. Phúc La, Quận Hà Đông, Hà Nội"
Voucher Beef Rice Set tại Lotteria,Lotteria,"63 Huỳnh Thúc Kháng, P. Láng Hạ, Quận Đống Đa, Hà Nội"
Voucher Beef Rice Set tại Lotteria,Lotteria,"SH20.21 Tòa S1.05 Vinhomes Ocean Park, xã Đa Tốn, Huyện Gia Lâm, Hà Nội"
Voucher Beef Rice Set tại Lotteria,Lotteria,"TTTM Aeon Mall, P. Dương Nội, Quận Hà Đông, Hà Nội"
Voucher Beef Rice Set tại Lotteria,Lotteria,"34 Hoàng Cầu, P. Ô Chợ Dừa, Quận Đống Đa, Hà Nội"
Voucher Beef Rice Set tại Lotteria,Lotteria,"Lô D5, KĐTM Cầu Giấy, P. Dịch Vọng, Quận Cầu Giấy, Hà Nội"
Voucher Beef Rice Set tại Lotteria,Lotteria,"437 Bạch Mai, P. Trương Định, Quận Hai Bà Trưng, Hà Nội"
Voucher Beef Rice Set tại Lotteria,Lotteria,"Tầng 2 Big C Thăng Long, 222 Trần Duy Hưng, P. Trung Hòa, Quận Cầu Giấy, Hà Nội"
Voucher Beef Rice Set tại Lotteria,Lotteria,"23 Hàng Thanh, P. Nguyễn Trung Trực, Quận Ba Đình, Hà Nội"
Voucher Beef Rice Set tại Lotteria,Lotteria,"Tầng 1 Tòa A8, An Bình City, 232 Phạm Văn Đồng, Quận Bắc Từ Liêm, Hà Nội"
Voucher Beef Rice Set tại Lotteria,Lotteria,"72A Nguyễn Trãi, Quận Thanh Xuân, Hà Nội"
Voucher Beef Rice Set tại Lotteria,Lotteria,"210-212 Nguyễn Văn Cừ, P. Ngọc Lâm, Quận Long Biên, Hà Nội"
Voucher Beef Rice Set tại Lotteria,Lotteria,"Tòa Horizon city, 87 Lĩnh Nam, P. Mai Động, Quận Hoàng Mai, Hà Nội"
Voucher Beef Rice Set tại Lotteria,Lotteria,"112 Trần Duy Hưng, P. Trung Hòa, Quận Cầu Giấy, Hà Nội"
Voucher Beef Rice Set tại Lotteria,Lotteria,"Tầng hầm B1 Times City, 458 Minh Khai, P. Vĩnh Tuy, Quận Hai Bà Trưng, Hà Nội"
Voucher Beef Rice Set tại Lotteria,Lotteria,"Tầng 1 CT 4A.B KĐT Xa La, xã Phúc La, Quận Hà Đông, Hà Nội"
Voucher Beef Rice Set tại Lotteria,Lotteria,"TTTM Mê Linh, Tô Hiệu, Quận Hà Đông, Hà Nội"
Voucher Beef Rice Set tại Lotteria,Lotteria,"Tầng 1 tòa nhà Housing, 299 Trung Kính, Trung Hòa, Quận Cầu Giấy, Hà Nội"
Voucher Beef Rice Set tại Lotteria,Lotteria,"TTTM Mua Sắm Aeon - Tân Phú Celadon, 30 Bờ Bao Tân Thắng, P. Sơn Kỳ, Quận Tân Phú, Hồ Chí Minh"
Voucher Beef Rice Set tại Lotteria,Lotteria,"Tầng 1, 18 Phan Văn Trị, P. 10, Quận Gò Vấp, Hồ Chí Minh"
Voucher Beef Rice Set tại Lotteria,Lotteria,"211 - 213 Bình Phú, P. 11, Quận 6, Hồ Chí Minh"
Voucher Beef Rice Set tại Lotteria,Lotteria,"445 Bạch Đằng, P. 12, Quận Bình Thạnh, Hồ Chí Minh"
Voucher Beef Rice Set tại Lotteria,Lotteria,"Khu B, KĐT mới An Phú - An Khánh, P. An Phú, Quận 2, Hồ Chí Minh"
Voucher Beef Rice Set tại Lotteria,Lotteria,"572A Ba Tháng Hai, P. 14, Quận 10, Hồ Chí Minh"
Voucher Beef Rice Set tại Lotteria,Lotteria,"95A Trần Hưng Đạo, P. Cầu Ông Lãnh, Quận 1, Hồ Chí Minh"
Voucher Beef Rice Set tại Lotteria,Lotteria,"Tầng 5, 101 Tôn Dật Tiên, P. Tân Phú, Quận 7, Hồ Chí Minh"
Voucher Beef Rice Set tại Lotteria,Lotteria,"66 Mạc Cửu-67 Vạn Kiếp, P. 13, Quận 5, Hồ Chí Minh"
Voucher Beef Rice Set tại Lotteria,Lotteria,"11 Sư Phạn Vạn Hạnh, P. 12, Quận 10, Hồ Chí Minh"
Voucher Beef Rice Set tại Lotteria,Lotteria,"33 Nguyễn Văn Nghi, P. 4, Quận Gò Vấp, Hồ Chí Minh"
Voucher Beef Rice Set tại Lotteria,Lotteria,"158 - 160 Lê Bình, P. 4, Quận Tân Bình, Hồ Chí Minh"
Voucher Beef Rice Set tại Lotteria,Lotteria,"111 Dương Bá Trạc, P. 1, Quận 8, Hồ Chí Minh"
Voucher Beef Rice Set tại Lotteria,Lotteria,"357 Quốc lộ 22, ấp Thượng, xã Tân Thông Hội, Huyện Củ Chi, Hồ Chí Minh"
Voucher Beef Rice Set tại Lotteria,Lotteria,"P5 _SH.02 Tòa Park 5 Vinhomes Central, 20A Điện Biên Phủ, Phường 22, Quận Bình Thạnh, Hồ Chí Minh"
Voucher Beef Rice Set tại Lotteria,Lotteria,"469 Nguyễn Hữu Thọ, P. Tân Hưng, Quận 7, Hồ Chí Minh"
Voucher Beef Rice Set tại Lotteria,Lotteria,"S6.0301.S04 & S6.0301.S03 Origami Vinhomes Grand Park, Quận 9, Hồ Chí Minh"
Voucher Beef Rice Set tại Lotteria,Lotteria,"292 Đinh Bộ Lĩnh, P. 26, Quận Bình Thạnh, Hồ Chí Minh"
Voucher Beef Rice Set tại Lotteria,Lotteria,"Số 2 Song Hành (gần Cầu Đen), P. An Phú, Quận 2, Hồ Chí Minh"
Voucher Beef Rice Set tại Lotteria,Lotteria,"Coopmart Tuy Lý Vương, 40 - 54 Tuy Lý Vương, P. 13, Quận 8, Hồ Chí Minh"
Voucher Beef Rice Set tại Lotteria,Lotteria,"801 Hồng Bàng, P. 9, Quận 6, Hồ Chí Minh"
Voucher Beef Rice Set tại Lotteria,Lotteria,"573 Huỳnh Tấn Phát, P. Tân Thuận Đông, Quận 7, Hồ Chí Minh"
Voucher Beef Rice Set tại Lotteria,Lotteria,"11-11 Bis Nguyễn Thị Minh Khai, P. Bến Nghé, Quận 1, Hồ Chí Minh"
Voucher Beef Rice Set tại Lotteria,Lotteria,"303 Trần Hưng Đạo, P. Nguyễn Cư Trinh, Quận 1, Hồ Chí Minh"
Voucher Beef Rice Set tại Lotteria,Lotteria,"1397 Nguyễn Văn Linh, KP Mỹ Khánh 2-H4-2, P. Tân Phong, Quận 7, Hồ Chí Minh"
Voucher Beef Rice Set tại Lotteria,Lotteria,"380 Thoại Ngọc Hầu, P. Phú Thạnh, Quận Tân Phú, Hồ Chí Minh"
Voucher Beef Rice Set tại Lotteria,Lotteria,"70 - 72 Bàu Cát, P. 14, Quận Tân Bình, Hồ Chí Minh"
Voucher Beef Rice Set tại Lotteria,Lotteria,"02 Ngô Gia Tự - 145 Lý Thái Tổ, P. 9, Quận 10, Hồ Chí Minh"
Voucher Beef Rice Set tại Lotteria,Lotteria,"159/6 - 160/1 ấp Trung Chánh, xã Tân Xuân, Huyện Hóc Môn, Hồ Chí Minh"
Voucher Beef Rice Set tại Lotteria,Lotteria,"250B Lý Chính Thắng, P. 9, Quận 3, Hồ Chí Minh"
Voucher Beef Rice Set tại Lotteria,Lotteria,"Pico Plaza, 20 Cộng Hòa, P. 12, Quận Tân Bình, Hồ Chí Minh"
Voucher Beef Rice Set tại Lotteria,Lotteria,"10 Võ Văn Ngân, P. Trường Thọ, Quận Thủ Đức, Hồ Chí Minh"
Voucher Beef Rice Set tại Lotteria,Lotteria,"68 Lê Văn Việt, Tổ 11, KP. 2, P. Hiệp Phú, Quận 9, Hồ Chí Minh"
Voucher Beef Rice Set tại Lotteria,Lotteria,"102 Lê Quốc Hưng, P. 12, Quận 4, Hồ Chí Minh"
Voucher Beef Rice Set tại Lotteria,Lotteria,"1271 Tỉnh lộ 10, KP. 9, P. Tân Tạo, Quận Bình Tân, Hồ Chí Minh"
Voucher Beef Rice Set tại Lotteria,Lotteria,"52 Hậu Giang, P. 06, Quận 6, Hồ Chí Minh"
Voucher Beef Rice Set tại Lotteria,Lotteria,"220/151/3B - 222 Xô Viết Nghệ Tĩnh, P. 21, Quận Bình Thạnh, Hồ Chí Minh"
Voucher Beef Rice Set tại Lotteria,Lotteria,"309 - 311 Vành Đai Trong, P. Bình Trị Đông B, Quận Bình Tân, Hồ Chí Minh"
Voucher Beef Rice Set tại Lotteria,Lotteria,"09 Quang Trung, P. 11, Quận Gò Vấp, Hồ Chí Minh"
Voucher Beef Rice Set tại Lotteria,Lotteria,"251 Phan Xích Long, KDC Rạch Miễu P. 7, Quận Phú Nhuận, Hồ Chí Minh"
Voucher Beef Rice Set tại Lotteria,Lotteria,"01 Nguyễn Thông, P. 9, Quận 3, Hồ Chí Minh"
Voucher Beef Rice Set tại Lotteria,Lotteria,"175 H òa Bình, P. Hiệp Tân, Quận Tân Phú, Hồ Chí Minh"
Voucher Beef Rice Set tại Lotteria,Lotteria,"TTTM Big C City Land, Lô A, KDC City Land, Số 99 Nguyễn Thị Thập, Quận 7, Hồ Chí Minh"
Voucher Beef Rice Set tại Lotteria,Lotteria,"968 Ba Tháng Hai, P. 15, Quận 11, Hồ Chí Minh"
Voucher Beef Rice Set tại Lotteria,Lotteria,"175 (số cũ 19/35) Độc Lập, P. Tân Quý, Quận Tân Phú, Hồ Chí Minh"
Voucher Beef Rice Set tại Lotteria,Lotteria,"114 Trần Hưng Đạo, P. 7, Quận 5, Hồ Chí Minh"
Voucher Beef Rice Set tại Lotteria,Lotteria,"307A (số cũ 155A) Tô Hiến Thành, P. 13, Quận 10, Hồ Chí Minh"
Voucher Beef Rice Set tại Lotteria,Lotteria,"604 - 606 Điện Biên Phủ, P. 22, Quận Bình Thạnh, Hồ Chí Minh"
Voucher Beef Rice Set tại Lotteria,Lotteria,"72 Ngô Tất Tố, Phường 19, Quận Bình Thạnh, Hồ Chí Minh"
Voucher Beef Rice Set tại Lotteria,Lotteria,"283 Võ Văn Ngân, P. Linh Chiểu, Quận Thủ Đức, Hồ Chí Minh"
Voucher Beef Rice Set tại Lotteria,Lotteria,"187 Xuân Hồng, Phường 12, Quận Tân Bình, Hồ Chí Minh"
Voucher Beef Rice Set tại Lotteria,Lotteria,"346B Lê Quang Định, P. 11, Quận Bình Thạnh, Hồ Chí Minh"
Voucher Beef Rice Set tại Lotteria,Lotteria,"120 Nguyễn Thị Minh Khai, P. Hải Châu 1, Quận Hải Châu, Đà Nẵng"
Voucher Beef Rice Set tại Lotteria,Lotteria,"568 Trưng Nữ Vương, P. Hòa Thuận Tây, Quận Hải Châu, Đà Nẵng"
Voucher Beef Rice Set tại Lotteria,Lotteria,"92A Phan Chu Trinh, Quận Hải Châu, Đà Nẵng"
Voucher Beef Rice Set tại Lotteria,Lotteria,"Trần Nhân Tông, Bình Than, Quận Sơn Trà, Đà Nẵng"
Voucher Beef Rice Set tại Lotteria,Lotteria,"TTTM khu Quy hoạch Bà Triệu - Hùng Vương, P. Phú Hội, Thừa Thiên Huế, Thành Phố Huế, Thừa Thiên Huế"
Voucher Beef Rice Set tại Lotteria,Lotteria,"06 Trần Hưng Đạo, P. Phú Hòa, Thừa Thiên Huế, Thành Phố Huế, Thừa Thiên Huế"
Voucher Beef Rice Set tại Lotteria,Lotteria,"T308, Tầng 3 Trung tâm thương mại Aeon Mall Huế, Số 8 đường Võ Nguyên Giáp, Phường An Đông, Huế, Thừa Thiên Huế"
Voucher Beef Rice Set tại Lotteria,Lotteria,"207C Lạch Tray, Quận Ngô Quyền, Hải Phòng"
Voucher Beef Rice Set tại Lotteria,Lotteria,"88 Trần Phú, Quận Ngô Quyền, Hải Phòng"
Voucher Beef Rice Set tại Lotteria,Lotteria,"317 Trần Thành Ngọ, Quận Kiến An, Hải Phòng"
Voucher Beef Rice Set tại Lotteria,Lotteria,"Số 2 Phạm Minh Đức, Phường Máy Tơ, Quận Ngô Quyền, Hải Phòng"
Voucher Beef Rice Set tại Lotteria,Lotteria,"Lô 1/20 KĐT ngã 5, Sân bay Cát Bi, Quận Ngô Quyền, Hải Phòng"
Voucher Beef Rice Set tại Lotteria,Lotteria,"118 - 120 Trần Nguyên Hãn, Quận Lê Trân, Hải Phòng"
Voucher Beef Rice Set tại Lotteria,Lotteria,"Lô 1F11, Lottemart, số 84 Mậu Thân, Phường An Hòa, Quận Ninh Kiều, Cần Thơ"
Voucher Beef Rice Set tại Lotteria,Lotteria,"Lô 01, KDC Hưng Phú 1, P. Hưng Phú, Quận Cái Răng, Cần Thơ"
Voucher Beef Rice Set tại Lotteria,Lotteria,"170 Nguyễn Văn Cừ, P. An Khánh, Quận Ninh Kiều, Cần Thơ"
Voucher Beef Rice Set tại Lotteria,Lotteria,"Soiva Plaza Me Linh, Quận Khai Hoang, Vĩnh Yên, Vĩnh Phúc"
Voucher Beef Rice Set tại Lotteria,Lotteria,"TTTM Vincom Plaza, Đường Cù Chính Lan, Đồng Tiến, Hoà Bình"
Voucher Beef Rice Set tại Lotteria,Lotteria,"Tầng 3, Vincom Bắc Kan, Số 8A Đức Xuân, Bắc Kạn"
Voucher Beef Rice Set tại Lotteria,Lotteria,"Ngã 6, Plot 26, Khu 13, P. Kim Tân, Lào Cai, Lào Cai"
Voucher Beef Rice Set tại Lotteria,Lotteria,"Đường Cầu Kì Lừa, P. Chi Lăng, Lạng Sơn, Lạng Sơn"
Voucher Beef Rice Set tại Lotteria,Lotteria,"Tầng 1 TTTM Big C Bắc Giang, ngã 4 Hùng Vương kéo dài, xã Tân Tiến, Bắc Giang, Bắc Giang"
Voucher Beef Rice Set tại Lotteria,Lotteria,"TTTM Big C Việt Trì, Nguyễn Tất Thành, P. Thanh Miếu, Việt Trì, Phú Thọ"
Voucher Beef Rice Set tại Lotteria,Lotteria,"Lầu 3, Vincom Sơn La, Trường Chinh, P. Quyết Thắng, Sơn La, Sơn La"
Voucher Beef Rice Set tại Lotteria,Lotteria,"TTTM Thiên Trường, Quận Lộc Hòa, Nam Định"
Voucher Beef Rice Set tại Lotteria,Lotteria,"02 Hồng Quang, P. Quang Trung, Hải Dương"
Voucher Beef Rice Set tại Lotteria,Lotteria,"TTTM Vincom Hạ Long, P. Bạch Đằng, Hạ Long, Quảng Ninh"
Voucher Beef Rice Set tại Lotteria,Lotteria,"TTTM Big C, Cột 5, P. Hồng Hải, Hạ Long, Quảng Ninh"
Voucher Beef Rice Set tại Lotteria,Lotteria,"160 Lê Thánh Tôn, Hạ Long, Quảng Ninh"
Voucher Beef Rice Set tại Lotteria,Lotteria,"02 Trần Khánh Dư, P. Cẩm Đông, Cẩm Phả, Quảng Ninh"
Voucher Beef Rice Set tại Lotteria,Lotteria,"Số 342-346 Trần Hưng Đạo, P. Cửa Bắc, Thành phố Nam Định, Nam Định"
Voucher Beef Rice Set tại Lotteria,Lotteria,"TTTM Big C Ninh Bình, Trần Nhân Tông, Xã Ninh Phúc, Ninh Bình"
Voucher Beef Rice Set tại Lotteria,Lotteria,"TTTM Vincom Plaza Thanh Hóa, Phường Trần Phú, Thanh Hóa"
Voucher Beef Rice Set tại Lotteria,Lotteria,"Tầng 1 Big C Thanh Hóa, Xã Đông Hải, Thanh Hóa"
Voucher Beef Rice Set tại Lotteria,Lotteria,"TTTM Big C Vinh, 02 Quang Trung, Vinh, Nghệ An"
Voucher Beef Rice Set tại Lotteria,Lotteria,"87A Nguyễn Văn Cừ, Khối 2, Phường Trường Thi, Vinh, Nghệ An"
Voucher Beef Rice Set tại Lotteria,Lotteria,"Tầng 3-16, Lotte Mart Vinh, 295 đường V.I Lê Ninh, P. Hà Huy Tập, Vinh, Nghệ An"
Voucher Beef Rice Set tại Lotteria,Lotteria,"74 Trần Phú, P. Bắc Hà, Hà Tĩnh"
Voucher Beef Rice Set tại Lotteria,Lotteria,"Số 1 Hùng Vương, Phường Cẩm Phô, Hội An, Quảng Nam"
Voucher Beef Rice Set tại Lotteria,Lotteria,"Cổng Nam TTTM Go! Đường Lý Thường Kiệt, Nghĩa Chánh, Quảng Ngãi"
Voucher Beef Rice Set tại Lotteria,Lotteria,"117B Đại lộ Hùng Vương, Trần Hưng Đạo, Quảng Ngãi"
Voucher Beef Rice Set tại Lotteria,Lotteria,"01 Phan Bội Châu, P. Hội Thương, Pleiku, Gia Lai"
Voucher Beef Rice Set tại Lotteria,Lotteria,"02 - 2A Nguyễn Thái Học, Quy Nhơn, Bình Định"
Voucher Beef Rice Set tại Lotteria,Lotteria,"KĐT xanh Vũng Chua, P. Ghềnh Ráng, Quy Nhơn, Bình Định"
Voucher Beef Rice Set tại Lotteria,Lotteria,"178 Y Jut, Thắng Lợi, Buôn Ma Thuột, Đắk Lắk"
Voucher Beef Rice Set tại Lotteria,Lotteria,"73 Thống Nhất, Nha Trang, Khánh Hòa"
Voucher Beef Rice Set tại Lotteria,Lotteria,"CTXD số SB.D-70, Dự án Công viên văn hóa Vinwonders Nha Trang, Đảo Hòn Tre, P. Vĩnh Nguyên, Nha Trang, Khánh Hòa"
Voucher Beef Rice Set tại Lotteria,Lotteria,"Lô 04, đường 19/5, KĐT Vĩnh Điềm Trung, xã Vĩnh Hiệp, Nha Trang, Khánh Hòa"
Voucher Beef Rice Set tại Lotteria,Lotteria,"2038 Hùng Vương, P. Cam Lộc, Cam Ranh, Khánh Hòa"
Voucher Beef Rice Set tại Lotteria,Lotteria,"2+2/1 Nguyễn Đình Chiểu, P. Vĩnh Phước, Nha Trang, Khánh Hòa"
Voucher Beef Rice Set tại Lotteria,Lotteria,"133 Bà Triệu, P. Thắng Lợi, Kon Tum, Kon Tum"
Voucher Beef Rice Set tại Lotteria,Lotteria,"285 Bùi Thị Xuân, P. 8, Đà Lạt, Lâm Đồng"
Voucher Beef Rice Set tại Lotteria,Lotteria,"Tầng trệt, Tháp nước, Trần Phú, P. 2, Bảo Lộc, Lâm Đồng"
Voucher Beef Rice Set tại Lotteria,Lotteria,"01 Nguyễn Thị Minh Khai, P. 01, Đà Lạt, Lâm Đồng"
Voucher Beef Rice Set tại Lotteria,Lotteria,"Quảng Trường Lâm Viên, góc đường Hồ Tùng Mậu - Trần Quốc Thảo, P. 10, Đà Lạt, Lâm Đồng"
Voucher Beef Rice Set tại Lotteria,Lotteria,"62 Thủ Khoa Huân, KP. 1, P. Bình Hưng, Phan Thiết, Bình Thuận"
Voucher Beef Rice Set tại Lotteria,Lotteria,"KDC Hùng Vương 1, P. Phú Thủy, Phan Thiết, Bình Thuận"
Voucher Beef Rice Set tại Lotteria,Lotteria,"1A Nguyễn Tất Thành, P. Bình Hưng, Phan Thiết, Bình Thuận"
Voucher Beef Rice Set tại Lotteria,Lotteria,"Quốc Lộ 51, KP 1, P. Long Bình Tân, Biên Hòa, Đồng Nai"
Voucher Beef Rice Set tại Lotteria,Lotteria,"Siêu Thị Hoàng Đức Gia Kiệm - 166 ấp Bạch Lâm 1, xã Gia Tân 2, Huyện Thống Nhất, Đồng Nai"
Voucher Beef Rice Set tại Lotteria,Lotteria,"03 Phan Chu Trinh, P. Quang Vinh, Biên Hòa, Đồng Nai"
Voucher Beef Rice Set tại Lotteria,Lotteria,"F230-F231 Võ Thị Sáu, Phường Thống Nhất, Biên Hòa, Đồng Nai"
Voucher Beef Rice Set tại Lotteria,Lotteria,"Lô B-03, KTM Amata, Quốc lộ 1A, P. Long Bình, Biên Hòa, Đồng Nai"
Voucher Beef Rice Set tại Lotteria,Lotteria,"198 Hùng Vương, P. Xuân Bình, Thị xã Long Khánh, Đồng Nai"
Voucher Beef Rice Set tại Lotteria,Lotteria,"TTTM Chợ Thanh Hà, Trần Phú, P. Phủ Hòa, Phan Rang - Tháp Chàm, Ninh Thuận"
Voucher Beef Rice Set tại Lotteria,Lotteria,"555B đại lộ Bình Dương, P. Hiệp Bình, Thị xã Thủ Dầu Một, Bình Dương"
Voucher Beef Rice Set tại Lotteria,Lotteria,"TTTM Green Square, P. Đông Hòa, Thị xã Dĩ An, Bình Dương"
Voucher Beef Rice Set tại Lotteria,Lotteria,"231 Yersin, P. Hiệp Thành, Thị xã Thủ Dầu Một, Bình Dương"
Voucher Beef Rice Set tại Lotteria,Lotteria,"KĐT The Seasons Bình Dương, P. Lái Thiêu, Thị xã Thuận An, Bình Dương"
Voucher Beef Rice Set tại Lotteria,Lotteria,"368 đường 30/4 P. Chánh Nghĩa, Thị xã Thủ Dầu Một, Bình Dương"
Voucher Beef Rice Set tại Lotteria,Lotteria,"01 Trần Hưng Đạo, P. Phú Cường, Thị xã Thủ Dầu Một, Bình Dương"
Voucher Beef Rice Set tại Lotteria,Lotteria,"TTMS Aeon - Bình Dương Canary, 1 Đại Lộ Bình Dương, KP. Bình Giao, P. Thuận Giao, Thị xã Thuận An, Bình Dương"
Voucher Beef Rice Set tại Lotteria,Lotteria,"576 Cách Mạng Tháng Tám, Phường 3, Tây Ninh"
Voucher Beef Rice Set tại Lotteria,Lotteria,"Tầng trệt, KP. Lộc An, Thị trấn Trảng Bàng, Huyện Trảng Bàng, Tây Ninh"
Voucher Beef Rice Set tại Lotteria,Lotteria,"09 Hạ Long, P. 2, Vũng Tàu, Bà Rịa - Vũng Tàu"
Voucher Beef Rice Set tại Lotteria,Lotteria,"227 Nam Kỳ Khởi Nghĩa - 378 Lê Hồng Phong, P. 03, Vũng Tàu, Bà Rịa - Vũng Tàu"
Voucher Beef Rice Set tại Lotteria,Lotteria,"Tầng 1, Góc đường 3/2 - Thi Sách, P. 8, Vũng Tàu, Bà Rịa - Vũng Tàu"
Voucher Beef Rice Set tại Lotteria,Lotteria,"Shop GF-01, Ấp Thanh Ba, Xã Mỹ Lộc, Thị trấn Cần Giuộc, Huyện Cần Giuộc, Long An"
Voucher Beef Rice Set tại Lotteria,Lotteria,"15 Trương Định - 11 Phan Đình Phùng, KP. 01, P. 1, Thị xã Gò Công, Tiền Giang"
Voucher Beef Rice Set tại Lotteria,Lotteria,"545 Lê Văn Phẩm, P. 5, Mỹ Tho, Tiền Giang"
Voucher Beef Rice Set tại Lotteria,Lotteria,"34 Ngô Quyền, P. 1, Mỹ Tho, Tiền Giang"
Voucher Beef Rice Set tại Lotteria,Lotteria,"Go Mart Trà Vinh, Đường Võ Nguyên Giáp, P. 7, Trà Vinh"
Voucher Beef Rice Set tại Lotteria,Lotteria,"Tầng trệt, Nguyễn Sinh Sắc, khóm 2, P. 2, Sa Đéc, Đồng Tháp"
Voucher Beef Rice Set tại Lotteria,Lotteria,"65 Nguyễn Huệ, P. 01, Cao Lãnh, Đồng Tháp"
Voucher Beef Rice Set tại Lotteria,Lotteria,"01 Ngô Thời Nhậm, P. 1, Cao Lãnh, Đồng Tháp"
Voucher Beef Rice Set tại Lotteria,Lotteria,"92 Nguyễn Trãi, P. Mỹ Long, Long Xuyên, An Giang"
Voucher Beef Rice Set tại Lotteria,Lotteria,"29 Trần Hưng Đạo, P. 5, Cà Mau, Cà Mau"
Voucher Combo Beef Spaghetti tại Lotteria,Lotteria,"Ngã 3 Đào Duy Anh - Kim Liên - Phạm Ngọc Thạch, Quận Đống Đa, Hà Nội"
Voucher Combo Beef Spaghetti tại Lotteria,Lotteria,"Phạm Văn Đồng, P. Cổ Nhuế 1, Quận Bắc Từ Liêm, Hà Nội"
Voucher Combo Beef Spaghetti tại Lotteria,Lotteria,"Toà nhà Mandarin Garden 2, Số 493 Tân Mai, P. Tân Mai, Quận Hoàng Mai, Hà Nội"
Voucher Combo Beef Spaghetti tại Lotteria,Lotteria,"64 BT X2, khu đô thị Bắc Linh Đàm, Quận Hoàng Mai, Hà Nội"
Voucher Combo Beef Spaghetti tại Lotteria,Lotteria,"201 Khâm Thiên, Quận Đống Đa, Hà Nội"
Voucher Combo Beef Spaghetti tại Lotteria,Lotteria,"154 Bà Triệu, Nguyễn Du, Quận Hai Bà Trưng, Hà Nội"
Voucher Combo Beef Spaghetti tại Lotteria,Lotteria,"152 Thái Thịnh, Láng Hạ, Quận Đống Đa, Hà Nội"
Voucher Combo Beef Spaghetti tại Lotteria,Lotteria,"TTTM EBEST xã Minh Khai, Quận Từ Liêm, Hà Nội"
Voucher Combo Beef Spaghetti tại Lotteria,Lotteria,"Tầng 1, Aeon Mall Long Biên, Cổ Linh, Quận Long Biên, Hà Nội"
Voucher Combo Beef Spaghetti tại Lotteria,Lotteria,"Tầng 1C2 Nguyễn Cơ Thạch, KĐT Mỹ Đình, Quận Từ Liêm, Hà Nội"
Voucher Combo Beef Spaghetti tại Lotteria,Lotteria,"138 Lê Thanh Nghị, P. Bách Khoa, Quận Hai Bà Trưng, Hà Nội"
Voucher Combo Beef Spaghetti tại Lotteria,Lotteria,"7-9 Đinh Tiên Hoàng, P. Hàng Bạc, Quận Hoàn Kiếm, Hà Nội"
Voucher Combo Beef Spaghetti tại Lotteria,Lotteria,"01 Núi Trúc, P.Kim Mã, Quận Ba Đình, Hà Nội"
Voucher Combo Beef Spaghetti tại Lotteria,Lotteria,"298 Cầu Giấy, P. Quan Hoa, Quận Cầu Giấy, Hà Nội"
Voucher Combo Beef Spaghetti tại Lotteria,Lotteria,"391 Hoàng Quốc Việt, P. Nghĩa Tân, Quận Cầu giấy, Hà Nội"
Voucher Combo Beef Spaghetti tại Lotteria,Lotteria,"66 Lò Đúc, P. Phạm Đình Hổ, Quận Hai Bà Trưng, Hà Nội"
Voucher Combo Beef Spaghetti tại Lotteria,Lotteria,"Tầng 4 , Ô số 430+431, Lotte Mall, Ngõ 683 Lạc Long Quân, P. Phú Thượng, Quận Tây Hồ, Hà Nội"
Voucher Combo Beef Spaghetti tại Lotteria,Lotteria,"203 Nguyễn Thị Minh Khai, P. Minh Khai, Quận Hai Bà Trưng, Hà Nội"
Voucher Combo Beef Spaghetti tại Lotteria,Lotteria,"Tầng 1 Mễ Trì, P. Mễ Trì, Quận Từ Liêm, Hà Nội"
Voucher Combo Beef Spaghetti tại Lotteria,Lotteria,"TTTM Savico Nguyễn Văn Linh, Quận Long Biên, Hà Nội"
Voucher Combo Beef Spaghetti tại Lotteria,Lotteria,"2A Trần Vũ, P. Quán Thánh, Quận Ba Đình, Hà Nội"
Voucher Combo Beef Spaghetti tại Lotteria,Lotteria,"Km 10 Nguyễn Trãi, P. Mỗ Lao, Quận Hà Đông, Hà Nội"
Voucher Combo Beef Spaghetti tại Lotteria,Lotteria,"Ngã 3 Yên Xá, Tân Triều, Quận Hà Đông, Hà Nội"
Voucher Combo Beef Spaghetti tại Lotteria,Lotteria,"103DN11 Nguyễn Khánh Toàn, P. Quan Hoa, Quận Cầu Giấy, Hà Nội"
Voucher Combo Beef Spaghetti tại Lotteria,Lotteria,"54 Liễu Giai, P. Cống Vị, Quận Ba Đình, Hà Nội"
Voucher Combo Beef Spaghetti tại Lotteria,Lotteria,"445a Lạc Long Quân, Phường Xuân La, Quận Tây Hồ, Hà Nội"
Voucher Combo Beef Spaghetti tại Lotteria,Lotteria,"Tầng 1 Citimart Hà Đông, CT 7A-CT7B KĐTM Văn Quán, P. Phúc La, Quận Hà Đông, Hà Nội"
Voucher Combo Beef Spaghetti tại Lotteria,Lotteria,"63 Huỳnh Thúc Kháng, P. Láng Hạ, Quận Đống Đa, Hà Nội"
Voucher Combo Beef Spaghetti tại Lotteria,Lotteria,"SH20.21 Tòa S1.05 Vinhomes Ocean Park, xã Đa Tốn, Huyện Gia Lâm, Hà Nội"
Voucher Combo Beef Spaghetti tại Lotteria,Lotteria,"TTTM Aeon Mall, P. Dương Nội, Quận Hà Đông, Hà Nội"
Voucher Combo Beef Spaghetti tại Lotteria,Lotteria,"34 Hoàng Cầu, P. Ô Chợ Dừa, Quận Đống Đa, Hà Nội"
Voucher Combo Beef Spaghetti tại Lotteria,Lotteria,"Lô D5, KĐTM Cầu Giấy, P. Dịch Vọng, Quận Cầu Giấy, Hà Nội"
Voucher Combo Beef Spaghetti tại Lotteria,Lotteria,"437 Bạch Mai, P. Trương Định, Quận Hai Bà Trưng, Hà Nội"
Voucher Combo Beef Spaghetti tại Lotteria,Lotteria,"Tầng 2 Big C Thăng Long, 222 Trần Duy Hưng, P. Trung Hòa, Quận Cầu Giấy, Hà Nội"
Voucher Combo Beef Spaghetti tại Lotteria,Lotteria,"23 Hàng Thanh, P. Nguyễn Trung Trực, Quận Ba Đình, Hà Nội"
Voucher Combo Beef Spaghetti tại Lotteria,Lotteria,"Tầng 1 Tòa A8, An Bình City, 232 Phạm Văn Đồng, Quận Bắc Từ Liêm, Hà Nội"
Voucher Combo Beef Spaghetti tại Lotteria,Lotteria,"72A Nguyễn Trãi, Quận Thanh Xuân, Hà Nội"
Voucher Combo Beef Spaghetti tại Lotteria,Lotteria,"210-212 Nguyễn Văn Cừ, P. Ngọc Lâm, Quận Long Biên, Hà Nội"
Voucher Combo Beef Spaghetti tại Lotteria,Lotteria,"Tòa Horizon city, 87 Lĩnh Nam, P. Mai Động, Quận Hoàng Mai, Hà Nội"
Voucher Combo Beef Spaghetti tại Lotteria,Lotteria,"112 Trần Duy Hưng, P. Trung Hòa, Quận Cầu Giấy, Hà Nội"
Voucher Combo Beef Spaghetti tại Lotteria,Lotteria,"Tầng hầm B1 Times City, 458 Minh Khai, P. Vĩnh Tuy, Quận Hai Bà Trưng, Hà Nội"
Voucher Combo Beef Spaghetti tại Lotteria,Lotteria,"Tầng 1 CT 4A.B KĐT Xa La, xã Phúc La, Quận Hà Đông, Hà Nội"
Voucher Combo Beef Spaghetti tại Lotteria,Lotteria,"TTTM Mê Linh, Tô Hiệu, Quận Hà Đông, Hà Nội"
Voucher Combo Beef Spaghetti tại Lotteria,Lotteria,"Tầng 1 tòa nhà Housing, 299 Trung Kính, Trung Hòa, Quận Cầu Giấy, Hà Nội"
Voucher Combo Beef Spaghetti tại Lotteria,Lotteria,"TTTM Mua Sắm Aeon - Tân Phú Celadon, 30 Bờ Bao Tân Thắng, P. Sơn Kỳ, Quận Tân Phú, Hồ Chí Minh"
Voucher Combo Beef Spaghetti tại Lotteria,Lotteria,"Tầng 1, 18 Phan Văn Trị, P. 10, Quận Gò Vấp, Hồ Chí Minh"
Voucher Combo Beef Spaghetti tại Lotteria,Lotteria,"211 - 213 Bình Phú, P. 11, Quận 6, Hồ Chí Minh"
Voucher Combo Beef Spaghetti tại Lotteria,Lotteria,"445 Bạch Đằng, P. 12, Quận Bình Thạnh, Hồ Chí Minh"
Voucher Combo Beef Spaghetti tại Lotteria,Lotteria,"Khu B, KĐT mới An Phú - An Khánh, P. An Phú, Quận 2, Hồ Chí Minh"
Voucher Combo Beef Spaghetti tại Lotteria,Lotteria,"572A Ba Tháng Hai, P. 14, Quận 10, Hồ Chí Minh"
Voucher Combo Beef Spaghetti tại Lotteria,Lotteria,"95A Trần Hưng Đạo, P. Cầu Ông Lãnh, Quận 1, Hồ Chí Minh"
Voucher Combo Beef Spaghetti tại Lotteria,Lotteria,"Tầng 5, 101 Tôn Dật Tiên, P. Tân Phú, Quận 7, Hồ Chí Minh"
Voucher Combo Beef Spaghetti tại Lotteria,Lotteria,"66 Mạc Cửu-67 Vạn Kiếp, P. 13, Quận 5, Hồ Chí Minh"
Voucher Combo Beef Spaghetti tại Lotteria,Lotteria,"11 Sư Phạn Vạn Hạnh, P. 12, Quận 10, Hồ Chí Minh"
Voucher Combo Beef Spaghetti tại Lotteria,Lotteria,"33 Nguyễn Văn Nghi, P. 4, Quận Gò Vấp, Hồ Chí Minh"
Voucher Combo Beef Spaghetti tại Lotteria,Lotteria,"158 - 160 Lê Bình, P. 4, Quận Tân Bình, Hồ Chí Minh"
Voucher Combo Beef Spaghetti tại Lotteria,Lotteria,"111 Dương Bá Trạc, P. 1, Quận 8, Hồ Chí Minh"
Voucher Combo Beef Spaghetti tại Lotteria,Lotteria,"357 Quốc lộ 22, ấp Thượng, xã Tân Thông Hội, Huyện Củ Chi, Hồ Chí Minh"
Voucher Combo Beef Spaghetti tại Lotteria,Lotteria,"P5 _SH.02 Tòa Park 5 Vinhomes Central, 20A Điện Biên Phủ, Phường 22, Quận Bình Thạnh, Hồ Chí Minh"
Voucher Combo Beef Spaghetti tại Lotteria,Lotteria,"469 Nguyễn Hữu Thọ, P. Tân Hưng, Quận 7, Hồ Chí Minh"
Voucher Combo Beef Spaghetti tại Lotteria,Lotteria,"S6.0301.S04 & S6.0301.S03 Origami Vinhomes Grand Park, Quận 9, Hồ Chí Minh"
Voucher Combo Beef Spaghetti tại Lotteria,Lotteria,"292 Đinh Bộ Lĩnh, P. 26, Quận Bình Thạnh, Hồ Chí Minh"
Voucher Combo Beef Spaghetti tại Lotteria,Lotteria,"Số 2 Song Hành (gần Cầu Đen), P. An Phú, Quận 2, Hồ Chí Minh"
Voucher Combo Beef Spaghetti tại Lotteria,Lotteria,"Coopmart Tuy Lý Vương, 40 - 54 Tuy Lý Vương, P. 13, Quận 8, Hồ Chí Minh"
Voucher Combo Beef Spaghetti tại Lotteria,Lotteria,"801 Hồng Bàng, P. 9, Quận 6, Hồ Chí Minh"
Voucher Combo Beef Spaghetti tại Lotteria,Lotteria,"573 Huỳnh Tấn Phát, P. Tân Thuận Đông, Quận 7, Hồ Chí Minh"
Voucher Combo Beef Spaghetti tại Lotteria,Lotteria,"11-11 Bis Nguyễn Thị Minh Khai, P. Bến Nghé, Quận 1, Hồ Chí Minh"
Voucher Combo Beef Spaghetti tại Lotteria,Lotteria,"303 Trần Hưng Đạo, P. Nguyễn Cư Trinh, Quận 1, Hồ Chí Minh"
Voucher Combo Beef Spaghetti tại Lotteria,Lotteria,"1397 Nguyễn Văn Linh, KP Mỹ Khánh 2-H4-2, P. Tân Phong, Quận 7, Hồ Chí Minh"
Voucher Combo Beef Spaghetti tại Lotteria,Lotteria,"380 Thoại Ngọc Hầu, P. Phú Thạnh, Quận Tân Phú, Hồ Chí Minh"
Voucher Combo Beef Spaghetti tại Lotteria,Lotteria,"70 - 72 Bàu Cát, P. 14, Quận Tân Bình, Hồ Chí Minh"
Voucher Combo Beef Spaghetti tại Lotteria,Lotteria,"02 Ngô Gia Tự - 145 Lý Thái Tổ, P. 9, Quận 10, Hồ Chí Minh"
Voucher Combo Beef Spaghetti tại Lotteria,Lotteria,"159/6 - 160/1 ấp Trung Chánh, xã Tân Xuân, Huyện Hóc Môn, Hồ Chí Minh"
Voucher Combo Beef Spaghetti tại Lotteria,Lotteria,"250B Lý Chính Thắng, P. 9, Quận 3, Hồ Chí Minh"
Voucher Combo Beef Spaghetti tại Lotteria,Lotteria,"Pico Plaza, 20 Cộng Hòa, P. 12, Quận Tân Bình, Hồ Chí Minh"
Voucher Combo Beef Spaghetti tại Lotteria,Lotteria,"10 Võ Văn Ngân, P. Trường Thọ, Quận Thủ Đức, Hồ Chí Minh"
Voucher Combo Beef Spaghetti tại Lotteria,Lotteria,"68 Lê Văn Việt, Tổ 11, KP. 2, P. Hiệp Phú, Quận 9, Hồ Chí Minh"
Voucher Combo Beef Spaghetti tại Lotteria,Lotteria,"102 Lê Quốc Hưng, P. 12, Quận 4, Hồ Chí Minh"
Voucher Combo Beef Spaghetti tại Lotteria,Lotteria,"1271 Tỉnh lộ 10, KP. 9, P. Tân Tạo, Quận Bình Tân, Hồ Chí Minh"
Voucher Combo Beef Spaghetti tại Lotteria,Lotteria,"52 Hậu Giang, P. 06, Quận 6, Hồ Chí Minh"
Voucher Combo Beef Spaghetti tại Lotteria,Lotteria,"220/151/3B - 222 Xô Viết Nghệ Tĩnh, P. 21, Quận Bình Thạnh, Hồ Chí Minh"
Voucher Combo Beef Spaghetti tại Lotteria,Lotteria,"309 - 311 Vành Đai Trong, P. Bình Trị Đông B, Quận Bình Tân, Hồ Chí Minh"
Voucher Combo Beef Spaghetti tại Lotteria,Lotteria,"09 Quang Trung, P. 11, Quận Gò Vấp, Hồ Chí Minh"
Voucher Combo Beef Spaghetti tại Lotteria,Lotteria,"251 Phan Xích Long, KDC Rạch Miễu P. 7, Quận Phú Nhuận, Hồ Chí Minh"
Voucher Combo Beef Spaghetti tại Lotteria,Lotteria,"01 Nguyễn Thông, P. 9, Quận 3, Hồ Chí Minh"
Voucher Combo Beef Spaghetti tại Lotteria,Lotteria,"175 H òa Bình, P. Hiệp Tân, Quận Tân Phú, Hồ Chí Minh"
Voucher Combo Beef Spaghetti tại Lotteria,Lotteria,"TTTM Big C City Land, Lô A, KDC City Land, Số 99 Nguyễn Thị Thập, Quận 7, Hồ Chí Minh"
Voucher Combo Beef Spaghetti tại Lotteria,Lotteria,"968 Ba Tháng Hai, P. 15, Quận 11, Hồ Chí Minh"
Voucher Combo Beef Spaghetti tại Lotteria,Lotteria,"175 (số cũ 19/35) Độc Lập, P. Tân Quý, Quận Tân Phú, Hồ Chí Minh"
Voucher Combo Beef Spaghetti tại Lotteria,Lotteria,"114 Trần Hưng Đạo, P. 7, Quận 5, Hồ Chí Minh"
Voucher Combo Beef Spaghetti tại Lotteria,Lotteria,"307A (số cũ 155A) Tô Hiến Thành, P. 13, Quận 10, Hồ Chí Minh"
Voucher Combo Beef Spaghetti tại Lotteria,Lotteria,"604 - 606 Điện Biên Phủ, P. 22, Quận Bình Thạnh, Hồ Chí Minh"
Voucher Combo Beef Spaghetti tại Lotteria,Lotteria,"72 Ngô Tất Tố, Phường 19, Quận Bình Thạnh, Hồ Chí Minh"
Voucher Combo Beef Spaghetti tại Lotteria,Lotteria,"283 Võ Văn Ngân, P. Linh Chiểu, Quận Thủ Đức, Hồ Chí Minh"
Voucher Combo Beef Spaghetti tại Lotteria,Lotteria,"187 Xuân Hồng, Phường 12, Quận Tân Bình, Hồ Chí Minh"
Voucher Combo Beef Spaghetti tại Lotteria,Lotteria,"346B Lê Quang Định, P. 11, Quận Bình Thạnh, Hồ Chí Minh"
Voucher Combo Beef Spaghetti tại Lotteria,Lotteria,"120 Nguyễn Thị Minh Khai, P. Hải Châu 1, Quận Hải Châu, Đà Nẵng"
Voucher Combo Beef Spaghetti tại Lotteria,Lotteria,"568 Trưng Nữ Vương, P. Hòa Thuận Tây, Quận Hải Châu, Đà Nẵng"
Voucher Combo Beef Spaghetti tại Lotteria,Lotteria,"92A Phan Chu Trinh, Quận Hải Châu, Đà Nẵng"
Voucher Combo Beef Spaghetti tại Lotteria,Lotteria,"Trần Nhân Tông, Bình Than, Quận Sơn Trà, Đà Nẵng"
Voucher Combo Beef Spaghetti tại Lotteria,Lotteria,"TTTM khu Quy hoạch Bà Triệu - Hùng Vương, P. Phú Hội, Thừa Thiên Huế, Thành Phố Huế, Thừa Thiên Huế"
Voucher Combo Beef Spaghetti tại Lotteria,Lotteria,"06 Trần Hưng Đạo, P. Phú Hòa, Thừa Thiên Huế, Thành Phố Huế, Thừa Thiên Huế"
Voucher Combo Beef Spaghetti tại Lotteria,Lotteria,"T308, Tầng 3 Trung tâm thương mại Aeon Mall Huế, Số 8 đường Võ Nguyên Giáp, Phường An Đông, Huế, Thừa Thiên Huế"
Voucher Combo Beef Spaghetti tại Lotteria,Lotteria,"207C Lạch Tray, Quận Ngô Quyền, Hải Phòng"
Voucher Combo Beef Spaghetti tại Lotteria,Lotteria,"88 Trần Phú, Quận Ngô Quyền, Hải Phòng"
Voucher Combo Beef Spaghetti tại Lotteria,Lotteria,"317 Trần Thành Ngọ, Quận Kiến An, Hải Phòng"
Voucher Combo Beef Spaghetti tại Lotteria,Lotteria,"Số 2 Phạm Minh Đức, Phường Máy Tơ, Quận Ngô Quyền, Hải Phòng"
Voucher Combo Beef Spaghetti tại Lotteria,Lotteria,"Lô 1/20 KĐT ngã 5, Sân bay Cát Bi, Quận Ngô Quyền, Hải Phòng"
Voucher Combo Beef Spaghetti tại Lotteria,Lotteria,"118 - 120 Trần Nguyên Hãn, Quận Lê Trân, Hải Phòng"
Voucher Combo Beef Spaghetti tại Lotteria,Lotteria,"Lô 1F11, Lottemart, số 84 Mậu Thân, Phường An Hòa, Quận Ninh Kiều, Cần Thơ"
Voucher Combo Beef Spaghetti tại Lotteria,Lotteria,"Lô 01, KDC Hưng Phú 1, P. Hưng Phú, Quận Cái Răng, Cần Thơ"
Voucher Combo Beef Spaghetti tại Lotteria,Lotteria,"170 Nguyễn Văn Cừ, P. An Khánh, Quận Ninh Kiều, Cần Thơ"
Voucher Combo Beef Spaghetti tại Lotteria,Lotteria,"Soiva Plaza Me Linh, Quận Khai Hoang, Vĩnh Yên, Vĩnh Phúc"
Voucher Combo Beef Spaghetti tại Lotteria,Lotteria,"TTTM Vincom Plaza, Đường Cù Chính Lan, Đồng Tiến, Hoà Bình"
Voucher Combo Beef Spaghetti tại Lotteria,Lotteria,"Tầng 3, Vincom Bắc Kan, Số 8A Đức Xuân, Bắc Kạn"
Voucher Combo Beef Spaghetti tại Lotteria,Lotteria,"Ngã 6, Plot 26, Khu 13, P. Kim Tân, Lào Cai, Lào Cai"
Voucher Combo Beef Spaghetti tại Lotteria,Lotteria,"Đường Cầu Kì Lừa, P. Chi Lăng, Lạng Sơn, Lạng Sơn"
Voucher Combo Beef Spaghetti tại Lotteria,Lotteria,"Tầng 1 TTTM Big C Bắc Giang, ngã 4 Hùng Vương kéo dài, xã Tân Tiến, Bắc Giang, Bắc Giang"
Voucher Combo Beef Spaghetti tại Lotteria,Lotteria,"TTTM Big C Việt Trì, Nguyễn Tất Thành, P. Thanh Miếu, Việt Trì, Phú Thọ"
Voucher Combo Beef Spaghetti tại Lotteria,Lotteria,"Lầu 3, Vincom Sơn La, Trường Chinh, P. Quyết Thắng, Sơn La, Sơn La"
Voucher Combo Beef Spaghetti tại Lotteria,Lotteria,"TTTM Thiên Trường, Quận Lộc Hòa, Nam Định"
Voucher Combo Beef Spaghetti tại Lotteria,Lotteria,"02 Hồng Quang, P. Quang Trung, Hải Dương"
Voucher Combo Beef Spaghetti tại Lotteria,Lotteria,"TTTM Vincom Hạ Long, P. Bạch Đằng, Hạ Long, Quảng Ninh"
Voucher Combo Beef Spaghetti tại Lotteria,Lotteria,"TTTM Big C, Cột 5, P. Hồng Hải, Hạ Long, Quảng Ninh"
Voucher Combo Beef Spaghetti tại Lotteria,Lotteria,"160 Lê Thánh Tôn, Hạ Long, Quảng Ninh"
Voucher Combo Beef Spaghetti tại Lotteria,Lotteria,"02 Trần Khánh Dư, P. Cẩm Đông, Cẩm Phả, Quảng Ninh"
Voucher Combo Beef Spaghetti tại Lotteria,Lotteria,"Số 342-346 Trần Hưng Đạo, P. Cửa Bắc, Thành phố Nam Định, Nam Định"
Voucher Combo Beef Spaghetti tại Lotteria,Lotteria,"TTTM Big C Ninh Bình, Trần Nhân Tông, Xã Ninh Phúc, Ninh Bình"
Voucher Combo Beef Spaghetti tại Lotteria,Lotteria,"TTTM Vincom Plaza Thanh Hóa, Phường Trần Phú, Thanh Hóa"
Voucher Combo Beef Spaghetti tại Lotteria,Lotteria,"Tầng 1 Big C Thanh Hóa, Xã Đông Hải, Thanh Hóa"
Voucher Combo Beef Spaghetti tại Lotteria,Lotteria,"TTTM Big C Vinh, 02 Quang Trung, Vinh, Nghệ An"
Voucher Combo Beef Spaghetti tại Lotteria,Lotteria,"87A Nguyễn Văn Cừ, Khối 2, Phường Trường Thi, Vinh, Nghệ An"
Voucher Combo Beef Spaghetti tại Lotteria,Lotteria,"Tầng 3-16, Lotte Mart Vinh, 295 đường V.I Lê Ninh, P. Hà Huy Tập, Vinh, Nghệ An"
Voucher Combo Beef Spaghetti tại Lotteria,Lotteria,"74 Trần Phú, P. Bắc Hà, Hà Tĩnh"
Voucher Combo Beef Spaghetti tại Lotteria,Lotteria,"Số 1 Hùng Vương, Phường Cẩm Phô, Hội An, Quảng Nam"
Voucher Combo Beef Spaghetti tại Lotteria,Lotteria,"Cổng Nam TTTM Go! Đường Lý Thường Kiệt, Nghĩa Chánh, Quảng Ngãi"
Voucher Combo Beef Spaghetti tại Lotteria,Lotteria,"117B Đại lộ Hùng Vương, Trần Hưng Đạo, Quảng Ngãi"
Voucher Combo Beef Spaghetti tại Lotteria,Lotteria,"01 Phan Bội Châu, P. Hội Thương, Pleiku, Gia Lai"
Voucher Combo Beef Spaghetti tại Lotteria,Lotteria,"02 - 2A Nguyễn Thái Học, Quy Nhơn, Bình Định"
Voucher Combo Beef Spaghetti tại Lotteria,Lotteria,"KĐT xanh Vũng Chua, P. Ghềnh Ráng, Quy Nhơn, Bình Định"
Voucher Combo Beef Spaghetti tại Lotteria,Lotteria,"178 Y Jut, Thắng Lợi, Buôn Ma Thuột, Đắk Lắk"
Voucher Combo Beef Spaghetti tại Lotteria,Lotteria,"73 Thống Nhất, Nha Trang, Khánh Hòa"
Voucher Combo Beef Spaghetti tại Lotteria,Lotteria,"CTXD số SB.D-70, Dự án Công viên văn hóa Vinwonders Nha Trang, Đảo Hòn Tre, P. Vĩnh Nguyên, Nha Trang, Khánh Hòa"
Voucher Combo Beef Spaghetti tại Lotteria,Lotteria,"Lô 04, đường 19/5, KĐT Vĩnh Điềm Trung, xã Vĩnh Hiệp, Nha Trang, Khánh Hòa"
Voucher Combo Beef Spaghetti tại Lotteria,Lotteria,"2038 Hùng Vương, P. Cam Lộc, Cam Ranh, Khánh Hòa"
Voucher Combo Beef Spaghetti tại Lotteria,Lotteria,"2+2/1 Nguyễn Đình Chiểu, P. Vĩnh Phước, Nha Trang, Khánh Hòa"
Voucher Combo Beef Spaghetti tại Lotteria,Lotteria,"133 Bà Triệu, P. Thắng Lợi, Kon Tum, Kon Tum"
Voucher Combo Beef Spaghetti tại Lotteria,Lotteria,"285 Bùi Thị Xuân, P. 8, Đà Lạt, Lâm Đồng"
Voucher Combo Beef Spaghetti tại Lotteria,Lotteria,"Tầng trệt, Tháp nước, Trần Phú, P. 2, Bảo Lộc, Lâm Đồng"
Voucher Combo Beef Spaghetti tại Lotteria,Lotteria,"01 Nguyễn Thị Minh Khai, P. 01, Đà Lạt, Lâm Đồng"
Voucher Combo Beef Spaghetti tại Lotteria,Lotteria,"Quảng Trường Lâm Viên, góc đường Hồ Tùng Mậu - Trần Quốc Thảo, P. 10, Đà Lạt, Lâm Đồng"
Voucher Combo Beef Spaghetti tại Lotteria,Lotteria,"62 Thủ Khoa Huân, KP. 1, P. Bình Hưng, Phan Thiết, Bình Thuận"
Voucher Combo Beef Spaghetti tại Lotteria,Lotteria,"KDC Hùng Vương 1, P. Phú Thủy, Phan Thiết, Bình Thuận"
Voucher Combo Beef Spaghetti tại Lotteria,Lotteria,"1A Nguyễn Tất Thành, P. Bình Hưng, Phan Thiết, Bình Thuận"
Voucher Combo Beef Spaghetti tại Lotteria,Lotteria,"Quốc Lộ 51, KP 1, P. Long Bình Tân, Biên Hòa, Đồng Nai"
Voucher Combo Beef Spaghetti tại Lotteria,Lotteria,"Siêu Thị Hoàng Đức Gia Kiệm - 166 ấp Bạch Lâm 1, xã Gia Tân 2, Huyện Thống Nhất, Đồng Nai"
Voucher Combo Beef Spaghetti tại Lotteria,Lotteria,"03 Phan Chu Trinh, P. Quang Vinh, Biên Hòa, Đồng Nai"
Voucher Combo Beef Spaghetti tại Lotteria,Lotteria,"F230-F231 Võ Thị Sáu, Phường Thống Nhất, Biên Hòa, Đồng Nai"
Voucher Combo Beef Spaghetti tại Lotteria,Lotteria,"Lô B-03, KTM Amata, Quốc lộ 1A, P. Long Bình, Biên Hòa, Đồng Nai"
Voucher Combo Beef Spaghetti tại Lotteria,Lotteria,"198 Hùng Vương, P. Xuân Bình, Thị xã Long Khánh, Đồng Nai"
Voucher Combo Beef Spaghetti tại Lotteria,Lotteria,"TTTM Chợ Thanh Hà, Trần Phú, P. Phủ Hòa, Phan Rang - Tháp Chàm, Ninh Thuận"
Voucher Combo Beef Spaghetti tại Lotteria,Lotteria,"555B đại lộ Bình Dương, P. Hiệp Bình, Thị xã Thủ Dầu Một, Bình Dương"
Voucher Combo Beef Spaghetti tại Lotteria,Lotteria,"TTTM Green Square, P. Đông Hòa, Thị xã Dĩ An, Bình Dương"
Voucher Combo Beef Spaghetti tại Lotteria,Lotteria,"231 Yersin, P. Hiệp Thành, Thị xã Thủ Dầu Một, Bình Dương"
Voucher Combo Beef Spaghetti tại Lotteria,Lotteria,"KĐT The Seasons Bình Dương, P. Lái Thiêu, Thị xã Thuận An, Bình Dương"
Voucher Combo Beef Spaghetti tại Lotteria,Lotteria,"368 đường 30/4 P. Chánh Nghĩa, Thị xã Thủ Dầu Một, Bình Dương"
Voucher Combo Beef Spaghetti tại Lotteria,Lotteria,"01 Trần Hưng Đạo, P. Phú Cường, Thị xã Thủ Dầu Một, Bình Dương"
Voucher Combo Beef Spaghetti tại Lotteria,Lotteria,"TTMS Aeon - Bình Dương Canary, 1 Đại Lộ Bình Dương, KP. Bình Giao, P. Thuận Giao, Thị xã Thuận An, Bình Dương"
Voucher Combo Beef Spaghetti tại Lotteria,Lotteria,"576 Cách Mạng Tháng Tám, Phường 3, Tây Ninh"
Voucher Combo Beef Spaghetti tại Lotteria,Lotteria,"Tầng trệt, KP. Lộc An, Thị trấn Trảng Bàng, Huyện Trảng Bàng, Tây Ninh"
Voucher Combo Beef Spaghetti tại Lotteria,Lotteria,"09 Hạ Long, P. 2, Vũng Tàu, Bà Rịa - Vũng Tàu"
Voucher Combo Beef Spaghetti tại Lotteria,Lotteria,"227 Nam Kỳ Khởi Nghĩa - 378 Lê Hồng Phong, P. 03, Vũng Tàu, Bà Rịa - Vũng Tàu"
Voucher Combo Beef Spaghetti tại Lotteria,Lotteria,"Tầng 1, Góc đường 3/2 - Thi Sách, P. 8, Vũng Tàu, Bà Rịa - Vũng Tàu"
Voucher Combo Beef Spaghetti tại Lotteria,Lotteria,"Shop GF-01, Ấp Thanh Ba, Xã Mỹ Lộc, Thị trấn Cần Giuộc, Huyện Cần Giuộc, Long An"
Voucher Combo Beef Spaghetti tại Lotteria,Lotteria,"15 Trương Định - 11 Phan Đình Phùng, KP. 01, P. 1, Thị xã Gò Công, Tiền Giang"
Voucher Combo Beef Spaghetti tại Lotteria,Lotteria,"545 Lê Văn Phẩm, P. 5, Mỹ Tho, Tiền Giang"
Voucher Combo Beef Spaghetti tại Lotteria,Lotteria,"34 Ngô Quyền, P. 1, Mỹ Tho, Tiền Giang"
Voucher Combo Beef Spaghetti tại Lotteria,Lotteria,"Go Mart Trà Vinh, Đường Võ Nguyên Giáp, P. 7, Trà Vinh"
Voucher Combo Beef Spaghetti tại Lotteria,Lotteria,"Tầng trệt, Nguyễn Sinh Sắc, khóm 2, P. 2, Sa Đéc, Đồng Tháp"
Voucher Combo Beef Spaghetti tại Lotteria,Lotteria,"65 Nguyễn Huệ, P. 01, Cao Lãnh, Đồng Tháp"
Voucher Combo Beef Spaghetti tại Lotteria,Lotteria,"01 Ngô Thời Nhậm, P. 1, Cao Lãnh, Đồng Tháp"
Voucher Combo Beef Spaghetti tại Lotteria,Lotteria,"92 Nguyễn Trãi, P. Mỹ Long, Long Xuyên, An Giang"
Voucher Combo Beef Spaghetti tại Lotteria,Lotteria,"29 Trần Hưng Đạo, P. 5, Cà Mau, Cà Mau"
Voucher Burger Set tại Lotteria,Lotteria,"Ngã 3 Đào Duy Anh - Kim Liên - Phạm Ngọc Thạch, Quận Đống Đa, Hà Nội"
Voucher Burger Set tại Lotteria,Lotteria,"Phạm Văn Đồng, P. Cổ Nhuế 1, Quận Bắc Từ Liêm, Hà Nội"
Voucher Burger Set tại Lotteria,Lotteria,"Toà nhà Mandarin Garden 2, Số 493 Tân Mai, P. Tân Mai, Quận Hoàng Mai, Hà Nội"
Voucher Burger Set tại Lotteria,Lotteria,"64 BT X2, khu đô thị Bắc Linh Đàm, Quận Hoàng Mai, Hà Nội"
Voucher Burger Set tại Lotteria,Lotteria,"201 Khâm Thiên, Quận Đống Đa, Hà Nội"
Voucher Burger Set tại Lotteria,Lotteria,"154 Bà Triệu, Nguyễn Du, Quận Hai Bà Trưng, Hà Nội"
Voucher Burger Set tại Lotteria,Lotteria,"152 Thái Thịnh, Láng Hạ, Quận Đống Đa, Hà Nội"
Voucher Burger Set tại Lotteria,Lotteria,"TTTM EBEST xã Minh Khai, Quận Từ Liêm, Hà Nội"
Voucher Burger Set tại Lotteria,Lotteria,"Tầng 1, Aeon Mall Long Biên, Cổ Linh, Quận Long Biên, Hà Nội"
Voucher Burger Set tại Lotteria,Lotteria,"Tầng 1C2 Nguyễn Cơ Thạch, KĐT Mỹ Đình, Quận Từ Liêm, Hà Nội"
Voucher Burger Set tại Lotteria,Lotteria,"138 Lê Thanh Nghị, P. Bách Khoa, Quận Hai Bà Trưng, Hà Nội"
Voucher Burger Set tại Lotteria,Lotteria,"7-9 Đinh Tiên Hoàng, P. Hàng Bạc, Quận Hoàn Kiếm, Hà Nội"
Voucher Burger Set tại Lotteria,Lotteria,"01 Núi Trúc, P.Kim Mã, Quận Ba Đình, Hà Nội"
Voucher Burger Set tại Lotteria,Lotteria,"298 Cầu Giấy, P. Quan Hoa, Quận Cầu Giấy, Hà Nội"
Voucher Burger Set tại Lotteria,Lotteria,"391 Hoàng Quốc Việt, P. Nghĩa Tân, Quận Cầu giấy, Hà Nội"
Voucher Burger Set tại Lotteria,Lotteria,"66 Lò Đúc, P. Phạm Đình Hổ, Quận Hai Bà Trưng, Hà Nội"
Voucher Burger Set tại Lotteria,Lotteria,"Tầng 4 , Ô số 430+431, Lotte Mall, Ngõ 683 Lạc Long Quân, P. Phú Thượng, Quận Tây Hồ, Hà Nội"
Voucher Burger Set tại Lotteria,Lotteria,"203 Nguyễn Thị Minh Khai, P. Minh Khai, Quận Hai Bà Trưng, Hà Nội"
Voucher Burger Set tại Lotteria,Lotteria,"Tầng 1 Mễ Trì, P. Mễ Trì, Quận Từ Liêm, Hà Nội"
Voucher Burger Set tại Lotteria,Lotteria,"TTTM Savico Nguyễn Văn Linh, Quận Long Biên, Hà Nội"
Voucher Burger Set tại Lotteria,Lotteria,"2A Trần Vũ, P. Quán Thánh, Quận Ba Đình, Hà Nội"
Voucher Burger Set tại Lotteria,Lotteria,"Km 10 Nguyễn Trãi, P. Mỗ Lao, Quận Hà Đông, Hà Nội"
Voucher Burger Set tại Lotteria,Lotteria,"Ngã 3 Yên Xá, Tân Triều, Quận Hà Đông, Hà Nội"
Voucher Burger Set tại Lotteria,Lotteria,"103DN11 Nguyễn Khánh Toàn, P. Quan Hoa, Quận Cầu Giấy, Hà Nội"
Voucher Burger Set tại Lotteria,Lotteria,"54 Liễu Giai, P. Cống Vị, Quận Ba Đình, Hà Nội"
Voucher Burger Set tại Lotteria,Lotteria,"445a Lạc Long Quân, Phường Xuân La, Quận Tây Hồ, Hà Nội"
Voucher Burger Set tại Lotteria,Lotteria,"Tầng 1 Citimart Hà Đông, CT 7A-CT7B KĐTM Văn Quán, P. Phúc La, Quận Hà Đông, Hà Nội"
Voucher Burger Set tại Lotteria,Lotteria,"63 Huỳnh Thúc Kháng, P. Láng Hạ, Quận Đống Đa, Hà Nội"
Voucher Burger Set tại Lotteria,Lotteria,"SH20.21 Tòa S1.05 Vinhomes Ocean Park, xã Đa Tốn, Huyện Gia Lâm, Hà Nội"
Voucher Burger Set tại Lotteria,Lotteria,"TTTM Aeon Mall, P. Dương Nội, Quận Hà Đông, Hà Nội"
Voucher Burger Set tại Lotteria,Lotteria,"34 Hoàng Cầu, P. Ô Chợ Dừa, Quận Đống Đa, Hà Nội"
Voucher Burger Set tại Lotteria,Lotteria,"Lô D5, KĐTM Cầu Giấy, P. Dịch Vọng, Quận Cầu Giấy, Hà Nội"
Voucher Burger Set tại Lotteria,Lotteria,"437 Bạch Mai, P. Trương Định, Quận Hai Bà Trưng, Hà Nội"
Voucher Burger Set tại Lotteria,Lotteria,"Tầng 2 Big C Thăng Long, 222 Trần Duy Hưng, P. Trung Hòa, Quận Cầu Giấy, Hà Nội"
Voucher Burger Set tại Lotteria,Lotteria,"23 Hàng Thanh, P. Nguyễn Trung Trực, Quận Ba Đình, Hà Nội"
Voucher Burger Set tại Lotteria,Lotteria,"Tầng 1 Tòa A8, An Bình City, 232 Phạm Văn Đồng, Quận Bắc Từ Liêm, Hà Nội"
Voucher Burger Set tại Lotteria,Lotteria,"72A Nguyễn Trãi, Quận Thanh Xuân, Hà Nội"
Voucher Burger Set tại Lotteria,Lotteria,"210-212 Nguyễn Văn Cừ, P. Ngọc Lâm, Quận Long Biên, Hà Nội"
Voucher Burger Set tại Lotteria,Lotteria,"Tòa Horizon city, 87 Lĩnh Nam, P. Mai Động, Quận Hoàng Mai, Hà Nội"
Voucher Burger Set tại Lotteria,Lotteria,"112 Trần Duy Hưng, P. Trung Hòa, Quận Cầu Giấy, Hà Nội"
Voucher Burger Set tại Lotteria,Lotteria,"Tầng hầm B1 Times City, 458 Minh Khai, P. Vĩnh Tuy, Quận Hai Bà Trưng, Hà Nội"
Voucher Burger Set tại Lotteria,Lotteria,"Tầng 1 CT 4A.B KĐT Xa La, xã Phúc La, Quận Hà Đông, Hà Nội"
Voucher Burger Set tại Lotteria,Lotteria,"TTTM Mê Linh, Tô Hiệu, Quận Hà Đông, Hà Nội"
Voucher Burger Set tại Lotteria,Lotteria,"Tầng 1 tòa nhà Housing, 299 Trung Kính, Trung Hòa, Quận Cầu Giấy, Hà Nội"
Voucher Burger Set tại Lotteria,Lotteria,"TTTM Mua Sắm Aeon - Tân Phú Celadon, 30 Bờ Bao Tân Thắng, P. Sơn Kỳ, Quận Tân Phú, Hồ Chí Minh"
Voucher Burger Set tại Lotteria,Lotteria,"Tầng 1, 18 Phan Văn Trị, P. 10, Quận Gò Vấp, Hồ Chí Minh"
Voucher Burger Set tại Lotteria,Lotteria,"211 - 213 Bình Phú, P. 11, Quận 6, Hồ Chí Minh"
Voucher Burger Set tại Lotteria,Lotteria,"445 Bạch Đằng, P. 12, Quận Bình Thạnh, Hồ Chí Minh"
Voucher Burger Set tại Lotteria,Lotteria,"Khu B, KĐT mới An Phú - An Khánh, P. An Phú, Quận 2, Hồ Chí Minh"
Voucher Burger Set tại Lotteria,Lotteria,"572A Ba Tháng Hai, P. 14, Quận 10, Hồ Chí Minh"
Voucher Burger Set tại Lotteria,Lotteria,"95A Trần Hưng Đạo, P. Cầu Ông Lãnh, Quận 1, Hồ Chí Minh"
Voucher Burger Set tại Lotteria,Lotteria,"Tầng 5, 101 Tôn Dật Tiên, P. Tân Phú, Quận 7, Hồ Chí Minh"
Voucher Burger Set tại Lotteria,Lotteria,"66 Mạc Cửu-67 Vạn Kiếp, P. 13, Quận 5, Hồ Chí Minh"
Voucher Burger Set tại Lotteria,Lotteria,"11 Sư Phạn Vạn Hạnh, P. 12, Quận 10, Hồ Chí Minh"
Voucher Burger Set tại Lotteria,Lotteria,"33 Nguyễn Văn Nghi, P. 4, Quận Gò Vấp, Hồ Chí Minh"
Voucher Burger Set tại Lotteria,Lotteria,"158 - 160 Lê Bình, P. 4, Quận Tân Bình, Hồ Chí Minh"
Voucher Burger Set tại Lotteria,Lotteria,"111 Dương Bá Trạc, P. 1, Quận 8, Hồ Chí Minh"
Voucher Burger Set tại Lotteria,Lotteria,"357 Quốc lộ 22, ấp Thượng, xã Tân Thông Hội, Huyện Củ Chi, Hồ Chí Minh"
Voucher Burger Set tại Lotteria,Lotteria,"P5 _SH.02 Tòa Park 5 Vinhomes Central, 20A Điện Biên Phủ, Phường 22, Quận Bình Thạnh, Hồ Chí Minh"
Voucher Burger Set tại Lotteria,Lotteria,"469 Nguyễn Hữu Thọ, P. Tân Hưng, Quận 7, Hồ Chí Minh"
Voucher Burger Set tại Lotteria,Lotteria,"S6.0301.S04 & S6.0301.S03 Origami Vinhomes Grand Park, Quận 9, Hồ Chí Minh"
Voucher Burger Set tại Lotteria,Lotteria,"292 Đinh Bộ Lĩnh, P. 26, Quận Bình Thạnh, Hồ Chí Minh"
Voucher Burger Set tại Lotteria,Lotteria,"Số 2 Song Hành (gần Cầu Đen), P. An Phú, Quận 2, Hồ Chí Minh"
Voucher Burger Set tại Lotteria,Lotteria,"Coopmart Tuy Lý Vương, 40 - 54 Tuy Lý Vương, P. 13, Quận 8, Hồ Chí Minh"
Voucher Burger Set tại Lotteria,Lotteria,"801 Hồng Bàng, P. 9, Quận 6, Hồ Chí Minh"
Voucher Burger Set tại Lotteria,Lotteria,"573 Huỳnh Tấn Phát, P. Tân Thuận Đông, Quận 7, Hồ Chí Minh"
Voucher Burger Set tại Lotteria,Lotteria,"11-11 Bis Nguyễn Thị Minh Khai, P. Bến Nghé, Quận 1, Hồ Chí Minh"
Voucher Burger Set tại Lotteria,Lotteria,"303 Trần Hưng Đạo, P. Nguyễn Cư Trinh, Quận 1, Hồ Chí Minh"
Voucher Burger Set tại Lotteria,Lotteria,"1397 Nguyễn Văn Linh, KP Mỹ Khánh 2-H4-2, P. Tân Phong, Quận 7, Hồ Chí Minh"
Voucher Burger Set tại Lotteria,Lotteria,"380 Thoại Ngọc Hầu, P. Phú Thạnh, Quận Tân Phú, Hồ Chí Minh"
Voucher Burger Set tại Lotteria,Lotteria,"70 - 72 Bàu Cát, P. 14, Quận Tân Bình, Hồ Chí Minh"
Voucher Burger Set tại Lotteria,Lotteria,"02 Ngô Gia Tự - 145 Lý Thái Tổ, P. 9, Quận 10, Hồ Chí Minh"
Voucher Burger Set tại Lotteria,Lotteria,"159/6 - 160/1 ấp Trung Chánh, xã Tân Xuân, Huyện Hóc Môn, Hồ Chí Minh"
Voucher Burger Set tại Lotteria,Lotteria,"250B Lý Chính Thắng, P. 9, Quận 3, Hồ Chí Minh"
Voucher Burger Set tại Lotteria,Lotteria,"Pico Plaza, 20 Cộng Hòa, P. 12, Quận Tân Bình, Hồ Chí Minh"
Voucher Burger Set tại Lotteria,Lotteria,"10 Võ Văn Ngân, P. Trường Thọ, Quận Thủ Đức, Hồ Chí Minh"
Voucher Burger Set tại Lotteria,Lotteria,"68 Lê Văn Việt, Tổ 11, KP. 2, P. Hiệp Phú, Quận 9, Hồ Chí Minh"
Voucher Burger Set tại Lotteria,Lotteria,"102 Lê Quốc Hưng, P. 12, Quận 4, Hồ Chí Minh"
Voucher Burger Set tại Lotteria,Lotteria,"1271 Tỉnh lộ 10, KP. 9, P. Tân Tạo, Quận Bình Tân, Hồ Chí Minh"
Voucher Burger Set tại Lotteria,Lotteria,"52 Hậu Giang, P. 06, Quận 6, Hồ Chí Minh"
Voucher Burger Set tại Lotteria,Lotteria,"220/151/3B - 222 Xô Viết Nghệ Tĩnh, P. 21, Quận Bình Thạnh, Hồ Chí Minh"
Voucher Burger Set tại Lotteria,Lotteria,"309 - 311 Vành Đai Trong, P. Bình Trị Đông B, Quận Bình Tân, Hồ Chí Minh"
Voucher Burger Set tại Lotteria,Lotteria,"09 Quang Trung, P. 11, Quận Gò Vấp, Hồ Chí Minh"
Voucher Burger Set tại Lotteria,Lotteria,"251 Phan Xích Long, KDC Rạch Miễu P. 7, Quận Phú Nhuận, Hồ Chí Minh"
Voucher Burger Set tại Lotteria,Lotteria,"01 Nguyễn Thông, P. 9, Quận 3, Hồ Chí Minh"
Voucher Burger Set tại Lotteria,Lotteria,"175 H òa Bình, P. Hiệp Tân, Quận Tân Phú, Hồ Chí Minh"
Voucher Burger Set tại Lotteria,Lotteria,"TTTM Big C City Land, Lô A, KDC City Land, Số 99 Nguyễn Thị Thập, Quận 7, Hồ Chí Minh"
Voucher Burger Set tại Lotteria,Lotteria,"968 Ba Tháng Hai, P. 15, Quận 11, Hồ Chí Minh"
Voucher Burger Set tại Lotteria,Lotteria,"175 (số cũ 19/35) Độc Lập, P. Tân Quý, Quận Tân Phú, Hồ Chí Minh"
Voucher Burger Set tại Lotteria,Lotteria,"114 Trần Hưng Đạo, P. 7, Quận 5, Hồ Chí Minh"
Voucher Burger Set tại Lotteria,Lotteria,"307A (số cũ 155A) Tô Hiến Thành, P. 13, Quận 10, Hồ Chí Minh"
Voucher Burger Set tại Lotteria,Lotteria,"604 - 606 Điện Biên Phủ, P. 22, Quận Bình Thạnh, Hồ Chí Minh"
Voucher Burger Set tại Lotteria,Lotteria,"72 Ngô Tất Tố, Phường 19, Quận Bình Thạnh, Hồ Chí Minh"
Voucher Burger Set tại Lotteria,Lotteria,"283 Võ Văn Ngân, P. Linh Chiểu, Quận Thủ Đức, Hồ Chí Minh"
Voucher Burger Set tại Lotteria,Lotteria,"187 Xuân Hồng, Phường 12, Quận Tân Bình, Hồ Chí Minh"
Voucher Burger Set tại Lotteria,Lotteria,"346B Lê Quang Định, P. 11, Quận Bình Thạnh, Hồ Chí Minh"
Voucher Burger Set tại Lotteria,Lotteria,"120 Nguyễn Thị Minh Khai, P. Hải Châu 1, Quận Hải Châu, Đà Nẵng"
Voucher Burger Set tại Lotteria,Lotteria,"568 Trưng Nữ Vương, P. Hòa Thuận Tây, Quận Hải Châu, Đà Nẵng"
Voucher Burger Set tại Lotteria,Lotteria,"92A Phan Chu Trinh, Quận Hải Châu, Đà Nẵng"
Voucher Burger Set tại Lotteria,Lotteria,"Trần Nhân Tông, Bình Than, Quận Sơn Trà, Đà Nẵng"
Voucher Burger Set tại Lotteria,Lotteria,"TTTM khu Quy hoạch Bà Triệu - Hùng Vương, P. Phú Hội, Thừa Thiên Huế, Thành Phố Huế, Thừa Thiên Huế"
Voucher Burger Set tại Lotteria,Lotteria,"06 Trần Hưng Đạo, P. Phú Hòa, Thừa Thiên Huế, Thành Phố Huế, Thừa Thiên Huế"
Voucher Burger Set tại Lotteria,Lotteria,"T308, Tầng 3 Trung tâm thương mại Aeon Mall Huế, Số 8 đường Võ Nguyên Giáp, Phường An Đông, Huế, Thừa Thiên Huế"
Voucher Burger Set tại Lotteria,Lotteria,"207C Lạch Tray, Quận Ngô Quyền, Hải Phòng"
Voucher Burger Set tại Lotteria,Lotteria,"88 Trần Phú, Quận Ngô Quyền, Hải Phòng"
Voucher Burger Set tại Lotteria,Lotteria,"317 Trần Thành Ngọ, Quận Kiến An, Hải Phòng"
Voucher Burger Set tại Lotteria,Lotteria,"Số 2 Phạm Minh Đức, Phường Máy Tơ, Quận Ngô Quyền, Hải Phòng"
Voucher Burger Set tại Lotteria,Lotteria,"Lô 1/20 KĐT ngã 5, Sân bay Cát Bi, Quận Ngô Quyền, Hải Phòng"
Voucher Burger Set tại Lotteria,Lotteria,"118 - 120 Trần Nguyên Hãn, Quận Lê Trân, Hải Phòng"
Voucher Burger Set tại Lotteria,Lotteria,"Lô 1F11, Lottemart, số 84 Mậu Thân, Phường An Hòa, Quận Ninh Kiều, Cần Thơ"
Voucher Burger Set tại Lotteria,Lotteria,"Lô 01, KDC Hưng Phú 1, P. Hưng Phú, Quận Cái Răng, Cần Thơ"
Voucher Burger Set tại Lotteria,Lotteria,"170 Nguyễn Văn Cừ, P. An Khánh, Quận Ninh Kiều, Cần Thơ"
Voucher Burger Set tại Lotteria,Lotteria,"Soiva Plaza Me Linh, Quận Khai Hoang, Vĩnh Yên, Vĩnh Phúc"
Voucher Burger Set tại Lotteria,Lotteria,"TTTM Vincom Plaza, Đường Cù Chính Lan, Đồng Tiến, Hoà Bình"
Voucher Burger Set tại Lotteria,Lotteria,"Tầng 3, Vincom Bắc Kan, Số 8A Đức Xuân, Bắc Kạn"
Voucher Burger Set tại Lotteria,Lotteria,"Ngã 6, Plot 26, Khu 13, P. Kim Tân, Lào Cai, Lào Cai"
Voucher Burger Set tại Lotteria,Lotteria,"Đường Cầu Kì Lừa, P. Chi Lăng, Lạng Sơn, Lạng Sơn"
Voucher Burger Set tại Lotteria,Lotteria,"Tầng 1 TTTM Big C Bắc Giang, ngã 4 Hùng Vương kéo dài, xã Tân Tiến, Bắc Giang, Bắc Giang"
Voucher Burger Set tại Lotteria,Lotteria,"TTTM Big C Việt Trì, Nguyễn Tất Thành, P. Thanh Miếu, Việt Trì, Phú Thọ"
Voucher Burger Set tại Lotteria,Lotteria,"Lầu 3, Vincom Sơn La, Trường Chinh, P. Quyết Thắng, Sơn La, Sơn La"
Voucher Burger Set tại Lotteria,Lotteria,"TTTM Thiên Trường, Quận Lộc Hòa, Nam Định"
Voucher Burger Set tại Lotteria,Lotteria,"02 Hồng Quang, P. Quang Trung, Hải Dương"
Voucher Burger Set tại Lotteria,Lotteria,"TTTM Vincom Hạ Long, P. Bạch Đằng, Hạ Long, Quảng Ninh"
Voucher Burger Set tại Lotteria,Lotteria,"TTTM Big C, Cột 5, P. Hồng Hải, Hạ Long, Quảng Ninh"
Voucher Burger Set tại Lotteria,Lotteria,"160 Lê Thánh Tôn, Hạ Long, Quảng Ninh"
Voucher Burger Set tại Lotteria,Lotteria,"02 Trần Khánh Dư, P. Cẩm Đông, Cẩm Phả, Quảng Ninh"
Voucher Burger Set tại Lotteria,Lotteria,"Số 342-346 Trần Hưng Đạo, P. Cửa Bắc, Thành phố Nam Định, Nam Định"
Voucher Burger Set tại Lotteria,Lotteria,"TTTM Big C Ninh Bình, Trần Nhân Tông, Xã Ninh Phúc, Ninh Bình"
Voucher Burger Set tại Lotteria,Lotteria,"TTTM Vincom Plaza Thanh Hóa, Phường Trần Phú, Thanh Hóa"
Voucher Burger Set tại Lotteria,Lotteria,"Tầng 1 Big C Thanh Hóa, Xã Đông Hải, Thanh Hóa"
Voucher Burger Set tại Lotteria,Lotteria,"TTTM Big C Vinh, 02 Quang Trung, Vinh, Nghệ An"
Voucher Burger Set tại Lotteria,Lotteria,"87A Nguyễn Văn Cừ, Khối 2, Phường Trường Thi, Vinh, Nghệ An"
Voucher Burger Set tại Lotteria,Lotteria,"Tầng 3-16, Lotte Mart Vinh, 295 đường V.I Lê Ninh, P. Hà Huy Tập, Vinh, Nghệ An"
Voucher Burger Set tại Lotteria,Lotteria,"74 Trần Phú, P. Bắc Hà, Hà Tĩnh"
Voucher Burger Set tại Lotteria,Lotteria,"Số 1 Hùng Vương, Phường Cẩm Phô, Hội An, Quảng Nam"
Voucher Burger Set tại Lotteria,Lotteria,"Cổng Nam TTTM Go! Đường Lý Thường Kiệt, Nghĩa Chánh, Quảng Ngãi"
Voucher Burger Set tại Lotteria,Lotteria,"117B Đại lộ Hùng Vương, Trần Hưng Đạo, Quảng Ngãi"
Voucher Burger Set tại Lotteria,Lotteria,"01 Phan Bội Châu, P. Hội Thương, Pleiku, Gia Lai"
Voucher Burger Set tại Lotteria,Lotteria,"02 - 2A Nguyễn Thái Học, Quy Nhơn, Bình Định"
Voucher Burger Set tại Lotteria,Lotteria,"KĐT xanh Vũng Chua, P. Ghềnh Ráng, Quy Nhơn, Bình Định"
Voucher Burger Set tại Lotteria,Lotteria,"178 Y Jut, Thắng Lợi, Buôn Ma Thuột, Đắk Lắk"
Voucher Burger Set tại Lotteria,Lotteria,"73 Thống Nhất, Nha Trang, Khánh Hòa"
Voucher Burger Set tại Lotteria,Lotteria,"CTXD số SB.D-70, Dự án Công viên văn hóa Vinwonders Nha Trang, Đảo Hòn Tre, P. Vĩnh Nguyên, Nha Trang, Khánh Hòa"
Voucher Burger Set tại Lotteria,Lotteria,"Lô 04, đường 19/5, KĐT Vĩnh Điềm Trung, xã Vĩnh Hiệp, Nha Trang, Khánh Hòa"
Voucher Burger Set tại Lotteria,Lotteria,"2038 Hùng Vương, P. Cam Lộc, Cam Ranh, Khánh Hòa"
Voucher Burger Set tại Lotteria,Lotteria,"2+2/1 Nguyễn Đình Chiểu, P. Vĩnh Phước, Nha Trang, Khánh Hòa"
Voucher Burger Set tại Lotteria,Lotteria,"133 Bà Triệu, P. Thắng Lợi, Kon Tum, Kon Tum"
Voucher Burger Set tại Lotteria,Lotteria,"285 Bùi Thị Xuân, P. 8, Đà Lạt, Lâm Đồng"
Voucher Burger Set tại Lotteria,Lotteria,"Tầng trệt, Tháp nước, Trần Phú, P. 2, Bảo Lộc, Lâm Đồng"
Voucher Burger Set tại Lotteria,Lotteria,"01 Nguyễn Thị Minh Khai, P. 01, Đà Lạt, Lâm Đồng"
Voucher Burger Set tại Lotteria,Lotteria,"Quảng Trường Lâm Viên, góc đường Hồ Tùng Mậu - Trần Quốc Thảo, P. 10, Đà Lạt, Lâm Đồng"
Voucher Burger Set tại Lotteria,Lotteria,"62 Thủ Khoa Huân, KP. 1, P. Bình Hưng, Phan Thiết, Bình Thuận"
Voucher Burger Set tại Lotteria,Lotteria,"KDC Hùng Vương 1, P. Phú Thủy, Phan Thiết, Bình Thuận"
Voucher Burger Set tại Lotteria,Lotteria,"1A Nguyễn Tất Thành, P. Bình Hưng, Phan Thiết, Bình Thuận"
Voucher Burger Set tại Lotteria,Lotteria,"Quốc Lộ 51, KP 1, P. Long Bình Tân, Biên Hòa, Đồng Nai"
Voucher Burger Set tại Lotteria,Lotteria,"Siêu Thị Hoàng Đức Gia Kiệm - 166 ấp Bạch Lâm 1, xã Gia Tân 2, Huyện Thống Nhất, Đồng Nai"
Voucher Burger Set tại Lotteria,Lotteria,"03 Phan Chu Trinh, P. Quang Vinh, Biên Hòa, Đồng Nai"
Voucher Burger Set tại Lotteria,Lotteria,"F230-F231 Võ Thị Sáu, Phường Thống Nhất, Biên Hòa, Đồng Nai"
Voucher Burger Set tại Lotteria,Lotteria,"Lô B-03, KTM Amata, Quốc lộ 1A, P. Long Bình, Biên Hòa, Đồng Nai"
Voucher Burger Set tại Lotteria,Lotteria,"198 Hùng Vương, P. Xuân Bình, Thị xã Long Khánh, Đồng Nai"
Voucher Burger Set tại Lotteria,Lotteria,"TTTM Chợ Thanh Hà, Trần Phú, P. Phủ Hòa, Phan Rang - Tháp Chàm, Ninh Thuận"
Voucher Burger Set tại Lotteria,Lotteria,"555B đại lộ Bình Dương, P. Hiệp Bình, Thị xã Thủ Dầu Một, Bình Dương"
Voucher Burger Set tại Lotteria,Lotteria,"TTTM Green Square, P. Đông Hòa, Thị xã Dĩ An, Bình Dương"
Voucher Burger Set tại Lotteria,Lotteria,"231 Yersin, P. Hiệp Thành, Thị xã Thủ Dầu Một, Bình Dương"
Voucher Burger Set tại Lotteria,Lotteria,"KĐT The Seasons Bình Dương, P. Lái Thiêu, Thị xã Thuận An, Bình Dương"
Voucher Burger Set tại Lotteria,Lotteria,"368 đường 30/4 P. Chánh Nghĩa, Thị xã Thủ Dầu Một, Bình Dương"
Voucher Burger Set tại Lotteria,Lotteria,"01 Trần Hưng Đạo, P. Phú Cường, Thị xã Thủ Dầu Một, Bình Dương"
Voucher Burger Set tại Lotteria,Lotteria,"TTMS Aeon - Bình Dương Canary, 1 Đại Lộ Bình Dương, KP. Bình Giao, P. Thuận Giao, Thị xã Thuận An, Bình Dương"
Voucher Burger Set tại Lotteria,Lotteria,"576 Cách Mạng Tháng Tám, Phường 3, Tây Ninh"
Voucher Burger Set tại Lotteria,Lotteria,"Tầng trệt, KP. Lộc An, Thị trấn Trảng Bàng, Huyện Trảng Bàng, Tây Ninh"
Voucher Burger Set tại Lotteria,Lotteria,"09 Hạ Long, P. 2, Vũng Tàu, Bà Rịa - Vũng Tàu"
Voucher Burger Set tại Lotteria,Lotteria,"227 Nam Kỳ Khởi Nghĩa - 378 Lê Hồng Phong, P. 03, Vũng Tàu, Bà Rịa - Vũng Tàu"
Voucher Burger Set tại Lotteria,Lotteria,"Tầng 1, Góc đường 3/2 - Thi Sách, P. 8, Vũng Tàu, Bà Rịa - Vũng Tàu"
Voucher Burger Set tại Lotteria,Lotteria,"Shop GF-01, Ấp Thanh Ba, Xã Mỹ Lộc, Thị trấn Cần Giuộc, Huyện Cần Giuộc, Long An"
Voucher Burger Set tại Lotteria,Lotteria,"15 Trương Định - 11 Phan Đình Phùng, KP. 01, P. 1, Thị xã Gò Công, Tiền Giang"
Voucher Burger Set tại Lotteria,Lotteria,"545 Lê Văn Phẩm, P. 5, Mỹ Tho, Tiền Giang"
Voucher Burger Set tại Lotteria,Lotteria,"34 Ngô Quyền, P. 1, Mỹ Tho, Tiền Giang"
Voucher Burger Set tại Lotteria,Lotteria,"Go Mart Trà Vinh, Đường Võ Nguyên Giáp, P. 7, Trà Vinh"
Voucher Burger Set tại Lotteria,Lotteria,"Tầng trệt, Nguyễn Sinh Sắc, khóm 2, P. 2, Sa Đéc, Đồng Tháp"
Voucher Burger Set tại Lotteria,Lotteria,"65 Nguyễn Huệ, P. 01, Cao Lãnh, Đồng Tháp"
Voucher Burger Set tại Lotteria,Lotteria,"01 Ngô Thời Nhậm, P. 1, Cao Lãnh, Đồng Tháp"
Voucher Burger Set tại Lotteria,Lotteria,"92 Nguyễn Trãi, P. Mỹ Long, Long Xuyên, An Giang"
Voucher Burger Set tại Lotteria,Lotteria,"29 Trần Hưng Đạo, P. 5, Cà Mau, Cà Mau"
Voucher Cheese Burger Set tại Lotteria,Lotteria,"34 Hoàng Cầu, P. Ô Chợ Dừa, Quận Đống Đa, Hà Nội"
Voucher Cheese Burger Set tại Lotteria,Lotteria,"Lô D5, KĐTM Cầu Giấy, P. Dịch Vọng, Quận Cầu Giấy, Hà Nội"
Voucher Cheese Burger Set tại Lotteria,Lotteria,"Tòa Horizon city, 87 Lĩnh Nam, P. Mai Động, Quận Hoàng Mai, Hà Nội"
Voucher Cheese Burger Set tại Lotteria,Lotteria,"23 Hàng Thanh, P. Nguyễn Trung Trực, Quận Ba Đình, Hà Nội"
Voucher Cheese Burger Set tại Lotteria,Lotteria,"Tầng 2 Big C Thăng Long, 222 Trần Duy Hưng, P. Trung Hòa, Quận Cầu Giấy, Hà Nội"
Voucher Cheese Burger Set tại Lotteria,Lotteria,"Tầng 1 Tòa A8, An Bình City, 232 Phạm Văn Đồng, Quận Bắc Từ Liêm, Hà Nội"
Voucher Cheese Burger Set tại Lotteria,Lotteria,"72A Nguyễn Trãi, Quận Thanh Xuân, Hà Nội"
Voucher Cheese Burger Set tại Lotteria,Lotteria,"210-212 Nguyễn Văn Cừ, P. Ngọc Lâm, Quận Long Biên, Hà Nội"
Voucher Cheese Burger Set tại Lotteria,Lotteria,"112 Trần Duy Hưng, P. Trung Hòa, Quận Cầu Giấy, Hà Nội"
Voucher Cheese Burger Set tại Lotteria,Lotteria,"Tầng hầm B1 Times City, 458 Minh Khai, P. Vĩnh Tuy, Quận Hai Bà Trưng, Hà Nội"
Voucher Cheese Burger Set tại Lotteria,Lotteria,"Phạm Văn Đồng, P. Cổ Nhuế 1, Quận Bắc Từ Liêm, Hà Nội"
Voucher Cheese Burger Set tại Lotteria,Lotteria,"TTTM Mê Linh, Tô Hiệu, Quận Hà Đông, Hà Nội"
Voucher Cheese Burger Set tại Lotteria,Lotteria,"Tầng 1 CT 4A.B KĐT Xa La, xã Phúc La, Quận Hà Đông, Hà Nội"
Voucher Cheese Burger Set tại Lotteria,Lotteria,"201 Khâm Thiên, Quận Đống Đa, Hà Nội"
Voucher Cheese Burger Set tại Lotteria,Lotteria,"154 Bà Triệu, Nguyễn Du, Quận Hai Bà Trưng, Hà Nội"
Voucher Cheese Burger Set tại Lotteria,Lotteria,"152 Thái Thịnh, Láng Hạ, Quận Đống Đa, Hà Nội"
Voucher Cheese Burger Set tại Lotteria,Lotteria,"Toà nhà Mandarin Garden 2, Số 493 Tân Mai, P. Tân Mai, Quận Hoàng Mai, Hà Nội"
Voucher Cheese Burger Set tại Lotteria,Lotteria,"Ngã 3 Đào Duy Anh - Kim Liên - Phạm Ngọc Thạch, Quận Đống Đa, Hà Nội"
Voucher Cheese Burger Set tại Lotteria,Lotteria,"Tầng 1 tòa nhà Housing, 299 Trung Kính, Trung Hòa, Quận Cầu Giấy, Hà Nội"
Voucher Cheese Burger Set tại Lotteria,Lotteria,"64 BT X2, khu đô thị Bắc Linh Đàm, Quận Hoàng Mai, Hà Nội"
Voucher Cheese Burger Set tại Lotteria,Lotteria,"Tầng 1C2 Nguyễn Cơ Thạch, KĐT Mỹ Đình, Quận Từ Liêm, Hà Nội"
Voucher Cheese Burger Set tại Lotteria,Lotteria,"TTTM EBEST xã Minh Khai, Quận Từ Liêm, Hà Nội"
Voucher Cheese Burger Set tại Lotteria,Lotteria,"Tầng 1, Aeon Mall Long Biên, Cổ Linh, Quận Long Biên, Hà Nội"
Voucher Cheese Burger Set tại Lotteria,Lotteria,"Tầng 1 Mễ Trì, P. Mễ Trì, Quận Từ Liêm, Hà Nội"
Voucher Cheese Burger Set tại Lotteria,Lotteria,"TTTM Savico Nguyễn Văn Linh, Quận Long Biên, Hà Nội"
Voucher Cheese Burger Set tại Lotteria,Lotteria,"138 Lê Thanh Nghị, P. Bách Khoa, Quận Hai Bà Trưng, Hà Nội"
Voucher Cheese Burger Set tại Lotteria,Lotteria,"7-9 Đinh Tiên Hoàng, P. Hàng Bạc, Quận Hoàn Kiếm, Hà Nội"
Voucher Cheese Burger Set tại Lotteria,Lotteria,"01 Núi Trúc, P.Kim Mã, Quận Ba Đình, Hà Nội"
Voucher Cheese Burger Set tại Lotteria,Lotteria,"298 Cầu Giấy, P. Quan Hoa, Quận Cầu Giấy, Hà Nội"
Voucher Cheese Burger Set tại Lotteria,Lotteria,"391 Hoàng Quốc Việt, P. Nghĩa Tân, Quận Cầu giấy, Hà Nội"
Voucher Cheese Burger Set tại Lotteria,Lotteria,"66 Lò Đúc, P. Phạm Đình Hổ, Quận Hai Bà Trưng, Hà Nội"
Voucher Cheese Burger Set tại Lotteria,Lotteria,"Tầng 4 , Ô số 430+431, Lotte Mall, Ngõ 683 Lạc Long Quân, P. Phú Thượng, Quận Tây Hồ, Hà Nội"
Voucher Cheese Burger Set tại Lotteria,Lotteria,"203 Nguyễn Thị Minh Khai, P. Minh Khai, Quận Hai Bà Trưng, Hà Nội"
Voucher Cheese Burger Set tại Lotteria,Lotteria,"63 Huỳnh Thúc Kháng, P. Láng Hạ, Quận Đống Đa, Hà Nội"
Voucher Cheese Burger Set tại Lotteria,Lotteria,"SH20.21 Tòa S1.05 Vinhomes Ocean Park, xã Đa Tốn, Huyện Gia Lâm, Hà Nội"
Voucher Cheese Burger Set tại Lotteria,Lotteria,"103DN11 Nguyễn Khánh Toàn, P. Quan Hoa, Quận Cầu Giấy, Hà Nội"
Voucher Cheese Burger Set tại Lotteria,Lotteria,"54 Liễu Giai, P. Cống Vị, Quận Ba Đình, Hà Nội"
Voucher Cheese Burger Set tại Lotteria,Lotteria,"2A Trần Vũ, P. Quán Thánh, Quận Ba Đình, Hà Nội"
Voucher Cheese Burger Set tại Lotteria,Lotteria,"Km 10 Nguyễn Trãi, P. Mỗ Lao, Quận Hà Đông, Hà Nội"
Voucher Cheese Burger Set tại Lotteria,Lotteria,"Ngã 3 Yên Xá, Tân Triều, Quận Hà Đông, Hà Nội"
Voucher Cheese Burger Set tại Lotteria,Lotteria,"445a Lạc Long Quân, Phường Xuân La, Quận Tây Hồ, Hà Nội"
Voucher Cheese Burger Set tại Lotteria,Lotteria,"Tầng 1 Citimart Hà Đông, CT 7A-CT7B KĐTM Văn Quán, P. Phúc La, Quận Hà Đông, Hà Nội"
Voucher Cheese Burger Set tại Lotteria,Lotteria,"437 Bạch Mai, P. Trương Định, Quận Hai Bà Trưng, Hà Nội"
Voucher Cheese Burger Set tại Lotteria,Lotteria,"TTTM Aeon Mall, P. Dương Nội, Quận Hà Đông, Hà Nội"
Voucher Cheese Burger Set tại Lotteria,Lotteria,"TTTM Mua Sắm Aeon - Tân Phú Celadon, 30 Bờ Bao Tân Thắng, P. Sơn Kỳ, Quận Tân Phú, Hồ Chí Minh"
Voucher Cheese Burger Set tại Lotteria,Lotteria,"02 Ngô Gia Tự - 145 Lý Thái Tổ, P. 9, Quận 10, Hồ Chí Minh"
Voucher Cheese Burger Set tại Lotteria,Lotteria,"70 - 72 Bàu Cát, P. 14, Quận Tân Bình, Hồ Chí Minh"
Voucher Cheese Burger Set tại Lotteria,Lotteria,"380 Thoại Ngọc Hầu, P. Phú Thạnh, Quận Tân Phú, Hồ Chí Minh"
Voucher Cheese Burger Set tại Lotteria,Lotteria,"1397 Nguyễn Văn Linh, KP Mỹ Khánh 2-H4-2, P. Tân Phong, Quận 7, Hồ Chí Minh"
Voucher Cheese Burger Set tại Lotteria,Lotteria,"11-11 Bis Nguyễn Thị Minh Khai, P. Bến Nghé, Quận 1, Hồ Chí Minh"
Voucher Cheese Burger Set tại Lotteria,Lotteria,"303 Trần Hưng Đạo, P. Nguyễn Cư Trinh, Quận 1, Hồ Chí Minh"
Voucher Cheese Burger Set tại Lotteria,Lotteria,"52 Hậu Giang, P. 06, Quận 6, Hồ Chí Minh"
Voucher Cheese Burger Set tại Lotteria,Lotteria,"220/151/3B - 222 Xô Viết Nghệ Tĩnh, P. 21, Quận Bình Thạnh, Hồ Chí Minh"
Voucher Cheese Burger Set tại Lotteria,Lotteria,"309 - 311 Vành Đai Trong, P. Bình Trị Đông B, Quận Bình Tân, Hồ Chí Minh"
Voucher Cheese Burger Set tại Lotteria,Lotteria,"250B Lý Chính Thắng, P. 9, Quận 3, Hồ Chí Minh"
Voucher Cheese Burger Set tại Lotteria,Lotteria,"Pico Plaza, 20 Cộng Hòa, P. 12, Quận Tân Bình, Hồ Chí Minh"
Voucher Cheese Burger Set tại Lotteria,Lotteria,"10 Võ Văn Ngân, P. Trường Thọ, Quận Thủ Đức, Hồ Chí Minh"
Voucher Cheese Burger Set tại Lotteria,Lotteria,"68 Lê Văn Việt, Tổ 11, KP. 2, P. Hiệp Phú, Quận 9, Hồ Chí Minh"
Voucher Cheese Burger Set tại Lotteria,Lotteria,"102 Lê Quốc Hưng, P. 12, Quận 4, Hồ Chí Minh"
Voucher Cheese Burger Set tại Lotteria,Lotteria,"1271 Tỉnh lộ 10, KP. 9, P. Tân Tạo, Quận Bình Tân, Hồ Chí Minh"
Voucher Cheese Burger Set tại Lotteria,Lotteria,"968 Ba Tháng Hai, P. 15, Quận 11, Hồ Chí Minh"
Voucher Cheese Burger Set tại Lotteria,Lotteria,"01 Nguyễn Thông, P. 9, Quận 3, Hồ Chí Minh"
Voucher Cheese Burger Set tại Lotteria,Lotteria,"09 Quang Trung, P. 11, Quận Gò Vấp, Hồ Chí Minh"
Voucher Cheese Burger Set tại Lotteria,Lotteria,"251 Phan Xích Long, KDC Rạch Miễu P. 7, Quận Phú Nhuận, Hồ Chí Minh"
Voucher Cheese Burger Set tại Lotteria,Lotteria,"175 H òa Bình, P. Hiệp Tân, Quận Tân Phú, Hồ Chí Minh"
Voucher Cheese Burger Set tại Lotteria,Lotteria,"TTTM Big C City Land, Lô A, KDC City Land, Số 99 Nguyễn Thị Thập, Quận 7, Hồ Chí Minh"
Voucher Cheese Burger Set tại Lotteria,Lotteria,"346B Lê Quang Định, P. 11, Quận Bình Thạnh, Hồ Chí Minh"
Voucher Cheese Burger Set tại Lotteria,Lotteria,"72 Ngô Tất Tố, Phường 19, Quận Bình Thạnh, Hồ Chí Minh"
Voucher Cheese Burger Set tại Lotteria,Lotteria,"283 Võ Văn Ngân, P. Linh Chiểu, Quận Thủ Đức, Hồ Chí Minh"
Voucher Cheese Burger Set tại Lotteria,Lotteria,"175 (số cũ 19/35) Độc Lập, P. Tân Quý, Quận Tân Phú, Hồ Chí Minh"
Voucher Cheese Burger Set tại Lotteria,Lotteria,"114 Trần Hưng Đạo, P. 7, Quận 5, Hồ Chí Minh"
Voucher Cheese Burger Set tại Lotteria,Lotteria,"307A (số cũ 155A) Tô Hiến Thành, P. 13, Quận 10, Hồ Chí Minh"
Voucher Cheese Burger Set tại Lotteria,Lotteria,"604 - 606 Điện Biên Phủ, P. 22, Quận Bình Thạnh, Hồ Chí Minh"
Voucher Cheese Burger Set tại Lotteria,Lotteria,"187 Xuân Hồng, Phường 12, Quận Tân Bình, Hồ Chí Minh"
Voucher Cheese Burger Set tại Lotteria,Lotteria,"158 - 160 Lê Bình, P. 4, Quận Tân Bình, Hồ Chí Minh"
Voucher Cheese Burger Set tại Lotteria,Lotteria,"111 Dương Bá Trạc, P. 1, Quận 8, Hồ Chí Minh"
Voucher Cheese Burger Set tại Lotteria,Lotteria,"11 Sư Phạn Vạn Hạnh, P. 12, Quận 10, Hồ Chí Minh"
Voucher Cheese Burger Set tại Lotteria,Lotteria,"159/6 - 160/1 ấp Trung Chánh, xã Tân Xuân, Huyện Hóc Môn, Hồ Chí Minh"
Voucher Cheese Burger Set tại Lotteria,Lotteria,"Tầng 1, 18 Phan Văn Trị, P. 10, Quận Gò Vấp, Hồ Chí Minh"
Voucher Cheese Burger Set tại Lotteria,Lotteria,"211 - 213 Bình Phú, P. 11, Quận 6, Hồ Chí Minh"
Voucher Cheese Burger Set tại Lotteria,Lotteria,"445 Bạch Đằng, P. 12, Quận Bình Thạnh, Hồ Chí Minh"
Voucher Cheese Burger Set tại Lotteria,Lotteria,"Khu B, KĐT mới An Phú - An Khánh, P. An Phú, Quận 2, Hồ Chí Minh"
Voucher Cheese Burger Set tại Lotteria,Lotteria,"572A Ba Tháng Hai, P. 14, Quận 10, Hồ Chí Minh"
Voucher Cheese Burger Set tại Lotteria,Lotteria,"95A Trần Hưng Đạo, P. Cầu Ông Lãnh, Quận 1, Hồ Chí Minh"
Voucher Cheese Burger Set tại Lotteria,Lotteria,"Tầng 5, 101 Tôn Dật Tiên, P. Tân Phú, Quận 7, Hồ Chí Minh"
Voucher Cheese Burger Set tại Lotteria,Lotteria,"66 Mạc Cửu-67 Vạn Kiếp, P. 13, Quận 5, Hồ Chí Minh"
Voucher Cheese Burger Set tại Lotteria,Lotteria,"33 Nguyễn Văn Nghi, P. 4, Quận Gò Vấp, Hồ Chí Minh"
Voucher Cheese Burger Set tại Lotteria,Lotteria,"S6.0301.S04 & S6.0301.S03 Origami Vinhomes Grand Park, Quận 9, Hồ Chí Minh"
Voucher Cheese Burger Set tại Lotteria,Lotteria,"357 Quốc lộ 22, ấp Thượng, xã Tân Thông Hội, Huyện Củ Chi, Hồ Chí Minh"
Voucher Cheese Burger Set tại Lotteria,Lotteria,"P5 _SH.02 Tòa Park 5 Vinhomes Central, 20A Điện Biên Phủ, Phường 22, Quận Bình Thạnh, Hồ Chí Minh"
Voucher Cheese Burger Set tại Lotteria,Lotteria,"469 Nguyễn Hữu Thọ, P. Tân Hưng, Quận 7, Hồ Chí Minh"
Voucher Cheese Burger Set tại Lotteria,Lotteria,"292 Đinh Bộ Lĩnh, P. 26, Quận Bình Thạnh, Hồ Chí Minh"
Voucher Cheese Burger Set tại Lotteria,Lotteria,"801 Hồng Bàng, P. 9, Quận 6, Hồ Chí Minh"
Voucher Cheese Burger Set tại Lotteria,Lotteria,"Số 2 Song Hành (gần Cầu Đen), P. An Phú, Quận 2, Hồ Chí Minh"
Voucher Cheese Burger Set tại Lotteria,Lotteria,"Coopmart Tuy Lý Vương, 40 - 54 Tuy Lý Vương, P. 13, Quận 8, Hồ Chí Minh"
Voucher Cheese Burger Set tại Lotteria,Lotteria,"573 Huỳnh Tấn Phát, P. Tân Thuận Đông, Quận 7, Hồ Chí Minh"
Voucher Cheese Burger Set tại Lotteria,Lotteria,"92A Phan Chu Trinh, Quận Hải Châu, Đà Nẵng"
Voucher Cheese Burger Set tại Lotteria,Lotteria,"120 Nguyễn Thị Minh Khai, P. Hải Châu 1, Quận Hải Châu, Đà Nẵng"
Voucher Cheese Burger Set tại Lotteria,Lotteria,"Trần Nhân Tông, Bình Than, Quận Sơn Trà, Đà Nẵng"
Voucher Cheese Burger Set tại Lotteria,Lotteria,"568 Trưng Nữ Vương, P. Hòa Thuận Tây, Quận Hải Châu, Đà Nẵng"
Voucher Cheese Burger Set tại Lotteria,Lotteria,"T308, Tầng 3 Trung tâm thương mại Aeon Mall Huế, Số 8 đường Võ Nguyên Giáp, Phường An Đông, Huế, Thừa Thiên Huế"
Voucher Cheese Burger Set tại Lotteria,Lotteria,"06 Trần Hưng Đạo, P. Phú Hòa, Thừa Thiên Huế, Thành Phố Huế, Thừa Thiên Huế"
Voucher Cheese Burger Set tại Lotteria,Lotteria,"TTTM khu Quy hoạch Bà Triệu - Hùng Vương, P. Phú Hội, Thừa Thiên Huế, Thành Phố Huế, Thừa Thiên Huế"
Voucher Cheese Burger Set tại Lotteria,Lotteria,"118 - 120 Trần Nguyên Hãn, Quận Lê Trân, Hải Phòng"
Voucher Cheese Burger Set tại Lotteria,Lotteria,"88 Trần Phú, Quận Ngô Quyền, Hải Phòng"
Voucher Cheese Burger Set tại Lotteria,Lotteria,"Số 2 Phạm Minh Đức, Phường Máy Tơ, Quận Ngô Quyền, Hải Phòng"
Voucher Cheese Burger Set tại Lotteria,Lotteria,"Lô 1/20 KĐT ngã 5, Sân bay Cát Bi, Quận Ngô Quyền, Hải Phòng"
Voucher Cheese Burger Set tại Lotteria,Lotteria,"317 Trần Thành Ngọ, Quận Kiến An, Hải Phòng"
Voucher Cheese Burger Set tại Lotteria,Lotteria,"207C Lạch Tray, Quận Ngô Quyền, Hải Phòng"
Voucher Cheese Burger Set tại Lotteria,Lotteria,"170 Nguyễn Văn Cừ, P. An Khánh, Quận Ninh Kiều, Cần Thơ"
Voucher Cheese Burger Set tại Lotteria,Lotteria,"Lô 01, KDC Hưng Phú 1, P. Hưng Phú, Quận Cái Răng, Cần Thơ"
Voucher Cheese Burger Set tại Lotteria,Lotteria,"Lô 1F11, Lottemart, số 84 Mậu Thân, Phường An Hòa, Quận Ninh Kiều, Cần Thơ"
Voucher Cheese Burger Set tại Lotteria,Lotteria,"Soiva Plaza Me Linh, Quận Khai Hoang, Vĩnh Yên, Vĩnh Phúc"
Voucher Cheese Burger Set tại Lotteria,Lotteria,"TTTM Vincom Plaza, Đường Cù Chính Lan, Đồng Tiến, Hoà Bình"
Voucher Cheese Burger Set tại Lotteria,Lotteria,"Tầng 3, Vincom Bắc Kan, Số 8A Đức Xuân, Bắc Kạn"
Voucher Cheese Burger Set tại Lotteria,Lotteria,"Ngã 6, Plot 26, Khu 13, P. Kim Tân, Lào Cai, Lào Cai"
Voucher Cheese Burger Set tại Lotteria,Lotteria,"Đường Cầu Kì Lừa, P. Chi Lăng, Lạng Sơn, Lạng Sơn"
Voucher Cheese Burger Set tại Lotteria,Lotteria,"Tầng 1 TTTM Big C Bắc Giang, ngã 4 Hùng Vương kéo dài, xã Tân Tiến, Bắc Giang, Bắc Giang"
Voucher Cheese Burger Set tại Lotteria,Lotteria,"TTTM Big C Việt Trì, Nguyễn Tất Thành, P. Thanh Miếu, Việt Trì, Phú Thọ"
Voucher Cheese Burger Set tại Lotteria,Lotteria,"Lầu 3, Vincom Sơn La, Trường Chinh, P. Quyết Thắng, Sơn La, Sơn La"
Voucher Cheese Burger Set tại Lotteria,Lotteria,"TTTM Thiên Trường, Quận Lộc Hòa, Nam Định"
Voucher Cheese Burger Set tại Lotteria,Lotteria,"02 Hồng Quang, P. Quang Trung, Hải Dương"
Voucher Cheese Burger Set tại Lotteria,Lotteria,"02 Trần Khánh Dư, P. Cẩm Đông, Cẩm Phả, Quảng Ninh"
Voucher Cheese Burger Set tại Lotteria,Lotteria,"160 Lê Thánh Tôn, Hạ Long, Quảng Ninh"
Voucher Cheese Burger Set tại Lotteria,Lotteria,"TTTM Big C, Cột 5, P. Hồng Hải, Hạ Long, Quảng Ninh"
Voucher Cheese Burger Set tại Lotteria,Lotteria,"TTTM Vincom Hạ Long, P. Bạch Đằng, Hạ Long, Quảng Ninh"
Voucher Cheese Burger Set tại Lotteria,Lotteria,"TTTM Big C Ninh Bình, Trần Nhân Tông, Xã Ninh Phúc, Ninh Bình"
Voucher Cheese Burger Set tại Lotteria,Lotteria,"Số 342-346 Trần Hưng Đạo, P. Cửa Bắc, Thành phố Nam Định, Nam Định"
Voucher Cheese Burger Set tại Lotteria,Lotteria,"Tầng 1 Big C Thanh Hóa, Xã Đông Hải, Thanh Hóa"
Voucher Cheese Burger Set tại Lotteria,Lotteria,"TTTM Vincom Plaza Thanh Hóa, Phường Trần Phú, Thanh Hóa"
Voucher Cheese Burger Set tại Lotteria,Lotteria,"87A Nguyễn Văn Cừ, Khối 2, Phường Trường Thi, Vinh, Nghệ An"
Voucher Cheese Burger Set tại Lotteria,Lotteria,"Tầng 3-16, Lotte Mart Vinh, 295 đường V.I Lê Ninh, P. Hà Huy Tập, Vinh, Nghệ An"
Voucher Cheese Burger Set tại Lotteria,Lotteria,"TTTM Big C Vinh, 02 Quang Trung, Vinh, Nghệ An"
Voucher Cheese Burger Set tại Lotteria,Lotteria,"74 Trần Phú, P. Bắc Hà, Hà Tĩnh"
Voucher Cheese Burger Set tại Lotteria,Lotteria,"Số 1 Hùng Vương, Phường Cẩm Phô, Hội An, Quảng Nam"
Voucher Cheese Burger Set tại Lotteria,Lotteria,"Cổng Nam TTTM Go! Đường Lý Thường Kiệt, Nghĩa Chánh, Quảng Ngãi"
Voucher Cheese Burger Set tại Lotteria,Lotteria,"117B Đại lộ Hùng Vương, Trần Hưng Đạo, Quảng Ngãi"
Voucher Cheese Burger Set tại Lotteria,Lotteria,"01 Phan Bội Châu, P. Hội Thương, Pleiku, Gia Lai"
Voucher Cheese Burger Set tại Lotteria,Lotteria,"KĐT xanh Vũng Chua, P. Ghềnh Ráng, Quy Nhơn, Bình Định"
Voucher Cheese Burger Set tại Lotteria,Lotteria,"02 - 2A Nguyễn Thái Học, Quy Nhơn, Bình Định"
Voucher Cheese Burger Set tại Lotteria,Lotteria,"178 Y Jut, Thắng Lợi, Buôn Ma Thuột, Đắk Lắk"
Voucher Cheese Burger Set tại Lotteria,Lotteria,"73 Thống Nhất, Nha Trang, Khánh Hòa"
Voucher Cheese Burger Set tại Lotteria,Lotteria,"Lô 04, đường 19/5, KĐT Vĩnh Điềm Trung, xã Vĩnh Hiệp, Nha Trang, Khánh Hòa"
Voucher Cheese Burger Set tại Lotteria,Lotteria,"2+2/1 Nguyễn Đình Chiểu, P. Vĩnh Phước, Nha Trang, Khánh Hòa"
Voucher Cheese Burger Set tại Lotteria,Lotteria,"CTXD số SB.D-70, Dự án Công viên văn hóa Vinwonders Nha Trang, Đảo Hòn Tre, P. Vĩnh Nguyên, Nha Trang, Khánh Hòa"
Voucher Cheese Burger Set tại Lotteria,Lotteria,"2038 Hùng Vương, P. Cam Lộc, Cam Ranh, Khánh Hòa"
Voucher Cheese Burger Set tại Lotteria,Lotteria,"133 Bà Triệu, P. Thắng Lợi, Kon Tum, Kon Tum"
Voucher Cheese Burger Set tại Lotteria,Lotteria,"01 Nguyễn Thị Minh Khai, P. 01, Đà Lạt, Lâm Đồng"
Voucher Cheese Burger Set tại Lotteria,Lotteria,"Tầng trệt, Tháp nước, Trần Phú, P. 2, Bảo Lộc, Lâm Đồng"
Voucher Cheese Burger Set tại Lotteria,Lotteria,"Quảng Trường Lâm Viên, góc đường Hồ Tùng Mậu - Trần Quốc Thảo, P. 10, Đà Lạt, Lâm Đồng"
Voucher Cheese Burger Set tại Lotteria,Lotteria,"285 Bùi Thị Xuân, P. 8, Đà Lạt, Lâm Đồng"
Voucher Cheese Burger Set tại Lotteria,Lotteria,"62 Thủ Khoa Huân, KP. 1, P. Bình Hưng, Phan Thiết, Bình Thuận"
Voucher Cheese Burger Set tại Lotteria,Lotteria,"1A Nguyễn Tất Thành, P. Bình Hưng, Phan Thiết, Bình Thuận"
Voucher Cheese Burger Set tại Lotteria,Lotteria,"KDC Hùng Vương 1, P. Phú Thủy, Phan Thiết, Bình Thuận"
Voucher Cheese Burger Set tại Lotteria,Lotteria,"198 Hùng Vương, P. Xuân Bình, Thị xã Long Khánh, Đồng Nai"
Voucher Cheese Burger Set tại Lotteria,Lotteria,"03 Phan Chu Trinh, P. Quang Vinh, Biên Hòa, Đồng Nai"
Voucher Cheese Burger Set tại Lotteria,Lotteria,"Quốc Lộ 51, KP 1, P. Long Bình Tân, Biên Hòa, Đồng Nai"
Voucher Cheese Burger Set tại Lotteria,Lotteria,"F230-F231 Võ Thị Sáu, Phường Thống Nhất, Biên Hòa, Đồng Nai"
Voucher Cheese Burger Set tại Lotteria,Lotteria,"Lô B-03, KTM Amata, Quốc lộ 1A, P. Long Bình, Biên Hòa, Đồng Nai"
Voucher Cheese Burger Set tại Lotteria,Lotteria,"Siêu Thị Hoàng Đức Gia Kiệm - 166 ấp Bạch Lâm 1, xã Gia Tân 2, Huyện Thống Nhất, Đồng Nai"
Voucher Cheese Burger Set tại Lotteria,Lotteria,"TTTM Chợ Thanh Hà, Trần Phú, P. Phủ Hòa, Phan Rang - Tháp Chàm, Ninh Thuận"
Voucher Cheese Burger Set tại Lotteria,Lotteria,"555B đại lộ Bình Dương, P. Hiệp Bình, Thị xã Thủ Dầu Một, Bình Dương"
Voucher Cheese Burger Set tại Lotteria,Lotteria,"01 Trần Hưng Đạo, P. Phú Cường, Thị xã Thủ Dầu Một, Bình Dương"
Voucher Cheese Burger Set tại Lotteria,Lotteria,"TTTM Green Square, P. Đông Hòa, Thị xã Dĩ An, Bình Dương"
Voucher Cheese Burger Set tại Lotteria,Lotteria,"368 đường 30/4 P. Chánh Nghĩa, Thị xã Thủ Dầu Một, Bình Dương"
Voucher Cheese Burger Set tại Lotteria,Lotteria,"231 Yersin, P. Hiệp Thành, Thị xã Thủ Dầu Một, Bình Dương"
Voucher Cheese Burger Set tại Lotteria,Lotteria,"TTMS Aeon - Bình Dương Canary, 1 Đại Lộ Bình Dương, KP. Bình Giao, P. Thuận Giao, Thị xã Thuận An, Bình Dương"
Voucher Cheese Burger Set tại Lotteria,Lotteria,"KĐT The Seasons Bình Dương, P. Lái Thiêu, Thị xã Thuận An, Bình Dương"
Voucher Cheese Burger Set tại Lotteria,Lotteria,"Tầng trệt, KP. Lộc An, Thị trấn Trảng Bàng, Huyện Trảng Bàng, Tây Ninh"
Voucher Cheese Burger Set tại Lotteria,Lotteria,"576 Cách Mạng Tháng Tám, Phường 3, Tây Ninh"
Voucher Cheese Burger Set tại Lotteria,Lotteria,"09 Hạ Long, P. 2, Vũng Tàu, Bà Rịa - Vũng Tàu"
Voucher Cheese Burger Set tại Lotteria,Lotteria,"Tầng 1, Góc đường 3/2 - Thi Sách, P. 8, Vũng Tàu, Bà Rịa - Vũng Tàu"
Voucher Cheese Burger Set tại Lotteria,Lotteria,"227 Nam Kỳ Khởi Nghĩa - 378 Lê Hồng Phong, P. 03, Vũng Tàu, Bà Rịa - Vũng Tàu"
Voucher Cheese Burger Set tại Lotteria,Lotteria,"Shop GF-01, Ấp Thanh Ba, Xã Mỹ Lộc, Thị trấn Cần Giuộc, Huyện Cần Giuộc, Long An"
Voucher Cheese Burger Set tại Lotteria,Lotteria,"34 Ngô Quyền, P. 1, Mỹ Tho, Tiền Giang"
Voucher Cheese Burger Set tại Lotteria,Lotteria,"545 Lê Văn Phẩm, P. 5, Mỹ Tho, Tiền Giang"
Voucher Cheese Burger Set tại Lotteria,Lotteria,"15 Trương Định - 11 Phan Đình Phùng, KP. 01, P. 1, Thị xã Gò Công, Tiền Giang"
Voucher Cheese Burger Set tại Lotteria,Lotteria,"Go Mart Trà Vinh, Đường Võ Nguyên Giáp, P. 7, Trà Vinh"
Voucher Cheese Burger Set tại Lotteria,Lotteria,"65 Nguyễn Huệ, P. 01, Cao Lãnh, Đồng Tháp"
Voucher Cheese Burger Set tại Lotteria,Lotteria,"Tầng trệt, Nguyễn Sinh Sắc, khóm 2, P. 2, Sa Đéc, Đồng Tháp"
Voucher Cheese Burger Set tại Lotteria,Lotteria,"01 Ngô Thời Nhậm, P. 1, Cao Lãnh, Đồng Tháp"
Voucher Cheese Burger Set tại Lotteria,Lotteria,"92 Nguyễn Trãi, P. Mỹ Long, Long Xuyên, An Giang"
Voucher Cheese Burger Set tại Lotteria,Lotteria,"29 Trần Hưng Đạo, P. 5, Cà Mau, Cà Mau"
Voucher L-Chicken Burger Set tại Lotteria,Lotteria,"Ngã 3 Đào Duy Anh - Kim Liên - Phạm Ngọc Thạch, Quận Đống Đa, Hà Nội"
Voucher L-Chicken Burger Set tại Lotteria,Lotteria,"Phạm Văn Đồng, P. Cổ Nhuế 1, Quận Bắc Từ Liêm, Hà Nội"
Voucher L-Chicken Burger Set tại Lotteria,Lotteria,"Toà nhà Mandarin Garden 2, Số 493 Tân Mai, P. Tân Mai, Quận Hoàng Mai, Hà Nội"
Voucher L-Chicken Burger Set tại Lotteria,Lotteria,"64 BT X2, khu đô thị Bắc Linh Đàm, Quận Hoàng Mai, Hà Nội"
Voucher L-Chicken Burger Set tại Lotteria,Lotteria,"201 Khâm Thiên, Quận Đống Đa, Hà Nội"
Voucher L-Chicken Burger Set tại Lotteria,Lotteria,"154 Bà Triệu, Nguyễn Du, Quận Hai Bà Trưng, Hà Nội"
Voucher L-Chicken Burger Set tại Lotteria,Lotteria,"152 Thái Thịnh, Láng Hạ, Quận Đống Đa, Hà Nội"
Voucher L-Chicken Burger Set tại Lotteria,Lotteria,"TTTM EBEST xã Minh Khai, Quận Từ Liêm, Hà Nội"
Voucher L-Chicken Burger Set tại Lotteria,Lotteria,"Tầng 1, Aeon Mall Long Biên, Cổ Linh, Quận Long Biên, Hà Nội"
Voucher L-Chicken Burger Set tại Lotteria,Lotteria,"Tầng 1C2 Nguyễn Cơ Thạch, KĐT Mỹ Đình, Quận Từ Liêm, Hà Nội"
Voucher L-Chicken Burger Set tại Lotteria,Lotteria,"138 Lê Thanh Nghị, P. Bách Khoa, Quận Hai Bà Trưng, Hà Nội"
Voucher L-Chicken Burger Set tại Lotteria,Lotteria,"7-9 Đinh Tiên Hoàng, P. Hàng Bạc, Quận Hoàn Kiếm, Hà Nội"
Voucher L-Chicken Burger Set tại Lotteria,Lotteria,"01 Núi Trúc, P.Kim Mã, Quận Ba Đình, Hà Nội"
Voucher L-Chicken Burger Set tại Lotteria,Lotteria,"298 Cầu Giấy, P. Quan Hoa, Quận Cầu Giấy, Hà Nội"
Voucher L-Chicken Burger Set tại Lotteria,Lotteria,"391 Hoàng Quốc Việt, P. Nghĩa Tân, Quận Cầu giấy, Hà Nội"
Voucher L-Chicken Burger Set tại Lotteria,Lotteria,"66 Lò Đúc, P. Phạm Đình Hổ, Quận Hai Bà Trưng, Hà Nội"
Voucher L-Chicken Burger Set tại Lotteria,Lotteria,"Tầng 4 , Ô số 430+431, Lotte Mall, Ngõ 683 Lạc Long Quân, P. Phú Thượng, Quận Tây Hồ, Hà Nội"
Voucher L-Chicken Burger Set tại Lotteria,Lotteria,"203 Nguyễn Thị Minh Khai, P. Minh Khai, Quận Hai Bà Trưng, Hà Nội"
Voucher L-Chicken Burger Set tại Lotteria,Lotteria,"Tầng 1 Mễ Trì, P. Mễ Trì, Quận Từ Liêm, Hà Nội"
Voucher L-Chicken Burger Set tại Lotteria,Lotteria,"TTTM Savico Nguyễn Văn Linh, Quận Long Biên, Hà Nội"
Voucher L-Chicken Burger Set tại Lotteria,Lotteria,"2A Trần Vũ, P. Quán Thánh, Quận Ba Đình, Hà Nội"
Voucher L-Chicken Burger Set tại Lotteria,Lotteria,"Km 10 Nguyễn Trãi, P. Mỗ Lao, Quận Hà Đông, Hà Nội"
Voucher L-Chicken Burger Set tại Lotteria,Lotteria,"Ngã 3 Yên Xá, Tân Triều, Quận Hà Đông, Hà Nội"
Voucher L-Chicken Burger Set tại Lotteria,Lotteria,"103DN11 Nguyễn Khánh Toàn, P. Quan Hoa, Quận Cầu Giấy, Hà Nội"
Voucher L-Chicken Burger Set tại Lotteria,Lotteria,"54 Liễu Giai, P. Cống Vị, Quận Ba Đình, Hà Nội"
Voucher L-Chicken Burger Set tại Lotteria,Lotteria,"445a Lạc Long Quân, Phường Xuân La, Quận Tây Hồ, Hà Nội"
Voucher L-Chicken Burger Set tại Lotteria,Lotteria,"Tầng 1 Citimart Hà Đông, CT 7A-CT7B KĐTM Văn Quán, P. Phúc La, Quận Hà Đông, Hà Nội"
Voucher L-Chicken Burger Set tại Lotteria,Lotteria,"63 Huỳnh Thúc Kháng, P. Láng Hạ, Quận Đống Đa, Hà Nội"
Voucher L-Chicken Burger Set tại Lotteria,Lotteria,"SH20.21 Tòa S1.05 Vinhomes Ocean Park, xã Đa Tốn, Huyện Gia Lâm, Hà Nội"
Voucher L-Chicken Burger Set tại Lotteria,Lotteria,"TTTM Aeon Mall, P. Dương Nội, Quận Hà Đông, Hà Nội"
Voucher L-Chicken Burger Set tại Lotteria,Lotteria,"34 Hoàng Cầu, P. Ô Chợ Dừa, Quận Đống Đa, Hà Nội"
Voucher L-Chicken Burger Set tại Lotteria,Lotteria,"Lô D5, KĐTM Cầu Giấy, P. Dịch Vọng, Quận Cầu Giấy, Hà Nội"
Voucher L-Chicken Burger Set tại Lotteria,Lotteria,"437 Bạch Mai, P. Trương Định, Quận Hai Bà Trưng, Hà Nội"
Voucher L-Chicken Burger Set tại Lotteria,Lotteria,"Tầng 2 Big C Thăng Long, 222 Trần Duy Hưng, P. Trung Hòa, Quận Cầu Giấy, Hà Nội"
Voucher L-Chicken Burger Set tại Lotteria,Lotteria,"23 Hàng Thanh, P. Nguyễn Trung Trực, Quận Ba Đình, Hà Nội"
Voucher L-Chicken Burger Set tại Lotteria,Lotteria,"Tầng 1 Tòa A8, An Bình City, 232 Phạm Văn Đồng, Quận Bắc Từ Liêm, Hà Nội"
Voucher L-Chicken Burger Set tại Lotteria,Lotteria,"72A Nguyễn Trãi, Quận Thanh Xuân, Hà Nội"
Voucher L-Chicken Burger Set tại Lotteria,Lotteria,"210-212 Nguyễn Văn Cừ, P. Ngọc Lâm, Quận Long Biên, Hà Nội"
Voucher L-Chicken Burger Set tại Lotteria,Lotteria,"Tòa Horizon city, 87 Lĩnh Nam, P. Mai Động, Quận Hoàng Mai, Hà Nội"
Voucher L-Chicken Burger Set tại Lotteria,Lotteria,"112 Trần Duy Hưng, P. Trung Hòa, Quận Cầu Giấy, Hà Nội"
Voucher L-Chicken Burger Set tại Lotteria,Lotteria,"Tầng hầm B1 Times City, 458 Minh Khai, P. Vĩnh Tuy, Quận Hai Bà Trưng, Hà Nội"
Voucher L-Chicken Burger Set tại Lotteria,Lotteria,"Tầng 1 CT 4A.B KĐT Xa La, xã Phúc La, Quận Hà Đông, Hà Nội"
Voucher L-Chicken Burger Set tại Lotteria,Lotteria,"TTTM Mê Linh, Tô Hiệu, Quận Hà Đông, Hà Nội"
Voucher L-Chicken Burger Set tại Lotteria,Lotteria,"Tầng 1 tòa nhà Housing, 299 Trung Kính, Trung Hòa, Quận Cầu Giấy, Hà Nội"
Voucher L-Chicken Burger Set tại Lotteria,Lotteria,"TTTM Mua Sắm Aeon - Tân Phú Celadon, 30 Bờ Bao Tân Thắng, P. Sơn Kỳ, Quận Tân Phú, Hồ Chí Minh"
Voucher L-Chicken Burger Set tại Lotteria,Lotteria,"Tầng 1, 18 Phan Văn Trị, P. 10, Quận Gò Vấp, Hồ Chí Minh"
Voucher L-Chicken Burger Set tại Lotteria,Lotteria,"211 - 213 Bình Phú, P. 11, Quận 6, Hồ Chí Minh"
Voucher L-Chicken Burger Set tại Lotteria,Lotteria,"445 Bạch Đằng, P. 12, Quận Bình Thạnh, Hồ Chí Minh"
Voucher L-Chicken Burger Set tại Lotteria,Lotteria,"Khu B, KĐT mới An Phú - An Khánh, P. An Phú, Quận 2, Hồ Chí Minh"
Voucher L-Chicken Burger Set tại Lotteria,Lotteria,"572A Ba Tháng Hai, P. 14, Quận 10, Hồ Chí Minh"
Voucher L-Chicken Burger Set tại Lotteria,Lotteria,"95A Trần Hưng Đạo, P. Cầu Ông Lãnh, Quận 1, Hồ Chí Minh"
Voucher L-Chicken Burger Set tại Lotteria,Lotteria,"Tầng 5, 101 Tôn Dật Tiên, P. Tân Phú, Quận 7, Hồ Chí Minh"
Voucher L-Chicken Burger Set tại Lotteria,Lotteria,"66 Mạc Cửu-67 Vạn Kiếp, P. 13, Quận 5, Hồ Chí Minh"
Voucher L-Chicken Burger Set tại Lotteria,Lotteria,"11 Sư Phạn Vạn Hạnh, P. 12, Quận 10, Hồ Chí Minh"
Voucher L-Chicken Burger Set tại Lotteria,Lotteria,"33 Nguyễn Văn Nghi, P. 4, Quận Gò Vấp, Hồ Chí Minh"
Voucher L-Chicken Burger Set tại Lotteria,Lotteria,"158 - 160 Lê Bình, P. 4, Quận Tân Bình, Hồ Chí Minh"
Voucher L-Chicken Burger Set tại Lotteria,Lotteria,"111 Dương Bá Trạc, P. 1, Quận 8, Hồ Chí Minh"
Voucher L-Chicken Burger Set tại Lotteria,Lotteria,"357 Quốc lộ 22, ấp Thượng, xã Tân Thông Hội, Huyện Củ Chi, Hồ Chí Minh"
Voucher L-Chicken Burger Set tại Lotteria,Lotteria,"P5 _SH.02 Tòa Park 5 Vinhomes Central, 20A Điện Biên Phủ, Phường 22, Quận Bình Thạnh, Hồ Chí Minh"
Voucher L-Chicken Burger Set tại Lotteria,Lotteria,"469 Nguyễn Hữu Thọ, P. Tân Hưng, Quận 7, Hồ Chí Minh"
Voucher L-Chicken Burger Set tại Lotteria,Lotteria,"S6.0301.S04 & S6.0301.S03 Origami Vinhomes Grand Park, Quận 9, Hồ Chí Minh"
Voucher L-Chicken Burger Set tại Lotteria,Lotteria,"292 Đinh Bộ Lĩnh, P. 26, Quận Bình Thạnh, Hồ Chí Minh"
Voucher L-Chicken Burger Set tại Lotteria,Lotteria,"Số 2 Song Hành (gần Cầu Đen), P. An Phú, Quận 2, Hồ Chí Minh"
Voucher L-Chicken Burger Set tại Lotteria,Lotteria,"Coopmart Tuy Lý Vương, 40 - 54 Tuy Lý Vương, P. 13, Quận 8, Hồ Chí Minh"
Voucher L-Chicken Burger Set tại Lotteria,Lotteria,"801 Hồng Bàng, P. 9, Quận 6, Hồ Chí Minh"
Voucher L-Chicken Burger Set tại Lotteria,Lotteria,"573 Huỳnh Tấn Phát, P. Tân Thuận Đông, Quận 7, Hồ Chí Minh"
Voucher L-Chicken Burger Set tại Lotteria,Lotteria,"11-11 Bis Nguyễn Thị Minh Khai, P. Bến Nghé, Quận 1, Hồ Chí Minh"
Voucher L-Chicken Burger Set tại Lotteria,Lotteria,"303 Trần Hưng Đạo, P. Nguyễn Cư Trinh, Quận 1, Hồ Chí Minh"
Voucher L-Chicken Burger Set tại Lotteria,Lotteria,"1397 Nguyễn Văn Linh, KP Mỹ Khánh 2-H4-2, P. Tân Phong, Quận 7, Hồ Chí Minh"
Voucher L-Chicken Burger Set tại Lotteria,Lotteria,"380 Thoại Ngọc Hầu, P. Phú Thạnh, Quận Tân Phú, Hồ Chí Minh"
Voucher L-Chicken Burger Set tại Lotteria,Lotteria,"70 - 72 Bàu Cát, P. 14, Quận Tân Bình, Hồ Chí Minh"
Voucher L-Chicken Burger Set tại Lotteria,Lotteria,"02 Ngô Gia Tự - 145 Lý Thái Tổ, P. 9, Quận 10, Hồ Chí Minh"
Voucher L-Chicken Burger Set tại Lotteria,Lotteria,"159/6 - 160/1 ấp Trung Chánh, xã Tân Xuân, Huyện Hóc Môn, Hồ Chí Minh"
Voucher L-Chicken Burger Set tại Lotteria,Lotteria,"250B Lý Chính Thắng, P. 9, Quận 3, Hồ Chí Minh"
Voucher L-Chicken Burger Set tại Lotteria,Lotteria,"Pico Plaza, 20 Cộng Hòa, P. 12, Quận Tân Bình, Hồ Chí Minh"
Voucher L-Chicken Burger Set tại Lotteria,Lotteria,"10 Võ Văn Ngân, P. Trường Thọ, Quận Thủ Đức, Hồ Chí Minh"
Voucher L-Chicken Burger Set tại Lotteria,Lotteria,"68 Lê Văn Việt, Tổ 11, KP. 2, P. Hiệp Phú, Quận 9, Hồ Chí Minh"
Voucher L-Chicken Burger Set tại Lotteria,Lotteria,"102 Lê Quốc Hưng, P. 12, Quận 4, Hồ Chí Minh"
Voucher L-Chicken Burger Set tại Lotteria,Lotteria,"1271 Tỉnh lộ 10, KP. 9, P. Tân Tạo, Quận Bình Tân, Hồ Chí Minh"
Voucher L-Chicken Burger Set tại Lotteria,Lotteria,"52 Hậu Giang, P. 06, Quận 6, Hồ Chí Minh"
Voucher L-Chicken Burger Set tại Lotteria,Lotteria,"220/151/3B - 222 Xô Viết Nghệ Tĩnh, P. 21, Quận Bình Thạnh, Hồ Chí Minh"
Voucher L-Chicken Burger Set tại Lotteria,Lotteria,"309 - 311 Vành Đai Trong, P. Bình Trị Đông B, Quận Bình Tân, Hồ Chí Minh"
Voucher L-Chicken Burger Set tại Lotteria,Lotteria,"09 Quang Trung, P. 11, Quận Gò Vấp, Hồ Chí Minh"
Voucher L-Chicken Burger Set tại Lotteria,Lotteria,"251 Phan Xích Long, KDC Rạch Miễu P. 7, Quận Phú Nhuận, Hồ Chí Minh"
Voucher L-Chicken Burger Set tại Lotteria,Lotteria,"01 Nguyễn Thông, P. 9, Quận 3, Hồ Chí Minh"
Voucher L-Chicken Burger Set tại Lotteria,Lotteria,"175 H òa Bình, P. Hiệp Tân, Quận Tân Phú, Hồ Chí Minh"
Voucher L-Chicken Burger Set tại Lotteria,Lotteria,"TTTM Big C City Land, Lô A, KDC City Land, Số 99 Nguyễn Thị Thập, Quận 7, Hồ Chí Minh"
Voucher L-Chicken Burger Set tại Lotteria,Lotteria,"968 Ba Tháng Hai, P. 15, Quận 11, Hồ Chí Minh"
Voucher L-Chicken Burger Set tại Lotteria,Lotteria,"175 (số cũ 19/35) Độc Lập, P. Tân Quý, Quận Tân Phú, Hồ Chí Minh"
Voucher L-Chicken Burger Set tại Lotteria,Lotteria,"114 Trần Hưng Đạo, P. 7, Quận 5, Hồ Chí Minh"
Voucher L-Chicken Burger Set tại Lotteria,Lotteria,"307A (số cũ 155A) Tô Hiến Thành, P. 13, Quận 10, Hồ Chí Minh"
Voucher L-Chicken Burger Set tại Lotteria,Lotteria,"604 - 606 Điện Biên Phủ, P. 22, Quận Bình Thạnh, Hồ Chí Minh"
Voucher L-Chicken Burger Set tại Lotteria,Lotteria,"72 Ngô Tất Tố, Phường 19, Quận Bình Thạnh, Hồ Chí Minh"
Voucher L-Chicken Burger Set tại Lotteria,Lotteria,"283 Võ Văn Ngân, P. Linh Chiểu, Quận Thủ Đức, Hồ Chí Minh"
Voucher L-Chicken Burger Set tại Lotteria,Lotteria,"187 Xuân Hồng, Phường 12, Quận Tân Bình, Hồ Chí Minh"
Voucher L-Chicken Burger Set tại Lotteria,Lotteria,"346B Lê Quang Định, P. 11, Quận Bình Thạnh, Hồ Chí Minh"
Voucher L-Chicken Burger Set tại Lotteria,Lotteria,"120 Nguyễn Thị Minh Khai, P. Hải Châu 1, Quận Hải Châu, Đà Nẵng"
Voucher L-Chicken Burger Set tại Lotteria,Lotteria,"568 Trưng Nữ Vương, P. Hòa Thuận Tây, Quận Hải Châu, Đà Nẵng"
Voucher L-Chicken Burger Set tại Lotteria,Lotteria,"92A Phan Chu Trinh, Quận Hải Châu, Đà Nẵng"
Voucher L-Chicken Burger Set tại Lotteria,Lotteria,"Trần Nhân Tông, Bình Than, Quận Sơn Trà, Đà Nẵng"
Voucher L-Chicken Burger Set tại Lotteria,Lotteria,"TTTM khu Quy hoạch Bà Triệu - Hùng Vương, P. Phú Hội, Thừa Thiên Huế, Thành Phố Huế, Thừa Thiên Huế"
Voucher L-Chicken Burger Set tại Lotteria,Lotteria,"06 Trần Hưng Đạo, P. Phú Hòa, Thừa Thiên Huế, Thành Phố Huế, Thừa Thiên Huế"
Voucher L-Chicken Burger Set tại Lotteria,Lotteria,"T308, Tầng 3 Trung tâm thương mại Aeon Mall Huế, Số 8 đường Võ Nguyên Giáp, Phường An Đông, Huế, Thừa Thiên Huế"
Voucher L-Chicken Burger Set tại Lotteria,Lotteria,"207C Lạch Tray, Quận Ngô Quyền, Hải Phòng"
Voucher L-Chicken Burger Set tại Lotteria,Lotteria,"88 Trần Phú, Quận Ngô Quyền, Hải Phòng"
Voucher L-Chicken Burger Set tại Lotteria,Lotteria,"317 Trần Thành Ngọ, Quận Kiến An, Hải Phòng"
Voucher L-Chicken Burger Set tại Lotteria,Lotteria,"Số 2 Phạm Minh Đức, Phường Máy Tơ, Quận Ngô Quyền, Hải Phòng"
Voucher L-Chicken Burger Set tại Lotteria,Lotteria,"Lô 1/20 KĐT ngã 5, Sân bay Cát Bi, Quận Ngô Quyền, Hải Phòng"
Voucher L-Chicken Burger Set tại Lotteria,Lotteria,"118 - 120 Trần Nguyên Hãn, Quận Lê Trân, Hải Phòng"
Voucher L-Chicken Burger Set tại Lotteria,Lotteria,"Lô 1F11, Lottemart, số 84 Mậu Thân, Phường An Hòa, Quận Ninh Kiều, Cần Thơ"
Voucher L-Chicken Burger Set tại Lotteria,Lotteria,"Lô 01, KDC Hưng Phú 1, P. Hưng Phú, Quận Cái Răng, Cần Thơ"
Voucher L-Chicken Burger Set tại Lotteria,Lotteria,"170 Nguyễn Văn Cừ, P. An Khánh, Quận Ninh Kiều, Cần Thơ"
Voucher L-Chicken Burger Set tại Lotteria,Lotteria,"Soiva Plaza Me Linh, Quận Khai Hoang, Vĩnh Yên, Vĩnh Phúc"
Voucher L-Chicken Burger Set tại Lotteria,Lotteria,"TTTM Vincom Plaza, Đường Cù Chính Lan, Đồng Tiến, Hoà Bình"
Voucher L-Chicken Burger Set tại Lotteria,Lotteria,"Tầng 3, Vincom Bắc Kan, Số 8A Đức Xuân, Bắc Kạn"
Voucher L-Chicken Burger Set tại Lotteria,Lotteria,"Ngã 6, Plot 26, Khu 13, P. Kim Tân, Lào Cai, Lào Cai"
Voucher L-Chicken Burger Set tại Lotteria,Lotteria,"Đường Cầu Kì Lừa, P. Chi Lăng, Lạng Sơn, Lạng Sơn"
Voucher L-Chicken Burger Set tại Lotteria,Lotteria,"Tầng 1 TTTM Big C Bắc Giang, ngã 4 Hùng Vương kéo dài, xã Tân Tiến, Bắc Giang, Bắc Giang"
Voucher L-Chicken Burger Set tại Lotteria,Lotteria,"TTTM Big C Việt Trì, Nguyễn Tất Thành, P. Thanh Miếu, Việt Trì, Phú Thọ"
Voucher L-Chicken Burger Set tại Lotteria,Lotteria,"Lầu 3, Vincom Sơn La, Trường Chinh, P. Quyết Thắng, Sơn La, Sơn La"
Voucher L-Chicken Burger Set tại Lotteria,Lotteria,"TTTM Thiên Trường, Quận Lộc Hòa, Nam Định"
Voucher L-Chicken Burger Set tại Lotteria,Lotteria,"02 Hồng Quang, P. Quang Trung, Hải Dương"
Voucher L-Chicken Burger Set tại Lotteria,Lotteria,"TTTM Vincom Hạ Long, P. Bạch Đằng, Hạ Long, Quảng Ninh"
Voucher L-Chicken Burger Set tại Lotteria,Lotteria,"TTTM Big C, Cột 5, P. Hồng Hải, Hạ Long, Quảng Ninh"
Voucher L-Chicken Burger Set tại Lotteria,Lotteria,"160 Lê Thánh Tôn, Hạ Long, Quảng Ninh"
Voucher L-Chicken Burger Set tại Lotteria,Lotteria,"02 Trần Khánh Dư, P. Cẩm Đông, Cẩm Phả, Quảng Ninh"
Voucher L-Chicken Burger Set tại Lotteria,Lotteria,"Số 342-346 Trần Hưng Đạo, P. Cửa Bắc, Thành phố Nam Định, Nam Định"
Voucher L-Chicken Burger Set tại Lotteria,Lotteria,"TTTM Big C Ninh Bình, Trần Nhân Tông, Xã Ninh Phúc, Ninh Bình"
Voucher L-Chicken Burger Set tại Lotteria,Lotteria,"TTTM Vincom Plaza Thanh Hóa, Phường Trần Phú, Thanh Hóa"
Voucher L-Chicken Burger Set tại Lotteria,Lotteria,"Tầng 1 Big C Thanh Hóa, Xã Đông Hải, Thanh Hóa"
Voucher L-Chicken Burger Set tại Lotteria,Lotteria,"TTTM Big C Vinh, 02 Quang Trung, Vinh, Nghệ An"
Voucher L-Chicken Burger Set tại Lotteria,Lotteria,"87A Nguyễn Văn Cừ, Khối 2, Phường Trường Thi, Vinh, Nghệ An"
Voucher L-Chicken Burger Set tại Lotteria,Lotteria,"Tầng 3-16, Lotte Mart Vinh, 295 đường V.I Lê Ninh, P. Hà Huy Tập, Vinh, Nghệ An"
Voucher L-Chicken Burger Set tại Lotteria,Lotteria,"74 Trần Phú, P. Bắc Hà, Hà Tĩnh"
Voucher L-Chicken Burger Set tại Lotteria,Lotteria,"Số 1 Hùng Vương, Phường Cẩm Phô, Hội An, Quảng Nam"
Voucher L-Chicken Burger Set tại Lotteria,Lotteria,"Cổng Nam TTTM Go! Đường Lý Thường Kiệt, Nghĩa Chánh, Quảng Ngãi"
Voucher L-Chicken Burger Set tại Lotteria,Lotteria,"117B Đại lộ Hùng Vương, Trần Hưng Đạo, Quảng Ngãi"
Voucher L-Chicken Burger Set tại Lotteria,Lotteria,"01 Phan Bội Châu, P. Hội Thương, Pleiku, Gia Lai"
Voucher L-Chicken Burger Set tại Lotteria,Lotteria,"02 - 2A Nguyễn Thái Học, Quy Nhơn, Bình Định"
Voucher L-Chicken Burger Set tại Lotteria,Lotteria,"KĐT xanh Vũng Chua, P. Ghềnh Ráng, Quy Nhơn, Bình Định"
Voucher L-Chicken Burger Set tại Lotteria,Lotteria,"178 Y Jut, Thắng Lợi, Buôn Ma Thuột, Đắk Lắk"
Voucher L-Chicken Burger Set tại Lotteria,Lotteria,"73 Thống Nhất, Nha Trang, Khánh Hòa"
Voucher L-Chicken Burger Set tại Lotteria,Lotteria,"Lô 04, đường 19/5, KĐT Vĩnh Điềm Trung, xã Vĩnh Hiệp, Nha Trang, Khánh Hòa"
Voucher L-Chicken Burger Set tại Lotteria,Lotteria,"CTXD số SB.D-70, Dự án Công viên văn hóa Vinwonders Nha Trang, Đảo Hòn Tre, P. Vĩnh Nguyên, Nha Trang, Khánh Hòa"
Voucher L-Chicken Burger Set tại Lotteria,Lotteria,"2038 Hùng Vương, P. Cam Lộc, Cam Ranh, Khánh Hòa"
Voucher L-Chicken Burger Set tại Lotteria,Lotteria,"2+2/1 Nguyễn Đình Chiểu, P. Vĩnh Phước, Nha Trang, Khánh Hòa"
Voucher L-Chicken Burger Set tại Lotteria,Lotteria,"133 Bà Triệu, P. Thắng Lợi, Kon Tum, Kon Tum"
Voucher L-Chicken Burger Set tại Lotteria,Lotteria,"285 Bùi Thị Xuân, P. 8, Đà Lạt, Lâm Đồng"
Voucher L-Chicken Burger Set tại Lotteria,Lotteria,"Tầng trệt, Tháp nước, Trần Phú, P. 2, Bảo Lộc, Lâm Đồng"
Voucher L-Chicken Burger Set tại Lotteria,Lotteria,"01 Nguyễn Thị Minh Khai, P. 01, Đà Lạt, Lâm Đồng"
Voucher L-Chicken Burger Set tại Lotteria,Lotteria,"Quảng Trường Lâm Viên, góc đường Hồ Tùng Mậu - Trần Quốc Thảo, P. 10, Đà Lạt, Lâm Đồng"
Voucher L-Chicken Burger Set tại Lotteria,Lotteria,"62 Thủ Khoa Huân, KP. 1, P. Bình Hưng, Phan Thiết, Bình Thuận"
Voucher L-Chicken Burger Set tại Lotteria,Lotteria,"KDC Hùng Vương 1, P. Phú Thủy, Phan Thiết, Bình Thuận"
Voucher L-Chicken Burger Set tại Lotteria,Lotteria,"1A Nguyễn Tất Thành, P. Bình Hưng, Phan Thiết, Bình Thuận"
Voucher L-Chicken Burger Set tại Lotteria,Lotteria,"Quốc Lộ 51, KP 1, P. Long Bình Tân, Biên Hòa, Đồng Nai"
Voucher L-Chicken Burger Set tại Lotteria,Lotteria,"Siêu Thị Hoàng Đức Gia Kiệm - 166 ấp Bạch Lâm 1, xã Gia Tân 2, Huyện Thống Nhất, Đồng Nai"
Voucher L-Chicken Burger Set tại Lotteria,Lotteria,"03 Phan Chu Trinh, P. Quang Vinh, Biên Hòa, Đồng Nai"
Voucher L-Chicken Burger Set tại Lotteria,Lotteria,"F230-F231 Võ Thị Sáu, Phường Thống Nhất, Biên Hòa, Đồng Nai"
Voucher L-Chicken Burger Set tại Lotteria,Lotteria,"Lô B-03, KTM Amata, Quốc lộ 1A, P. Long Bình, Biên Hòa, Đồng Nai"
Voucher L-Chicken Burger Set tại Lotteria,Lotteria,"198 Hùng Vương, P. Xuân Bình, Thị xã Long Khánh, Đồng Nai"
Voucher L-Chicken Burger Set tại Lotteria,Lotteria,"TTTM Chợ Thanh Hà, Trần Phú, P. Phủ Hòa, Phan Rang - Tháp Chàm, Ninh Thuận"
Voucher L-Chicken Burger Set tại Lotteria,Lotteria,"555B đại lộ Bình Dương, P. Hiệp Bình, Thị xã Thủ Dầu Một, Bình Dương"
Voucher L-Chicken Burger Set tại Lotteria,Lotteria,"TTTM Green Square, P. Đông Hòa, Thị xã Dĩ An, Bình Dương"
Voucher L-Chicken Burger Set tại Lotteria,Lotteria,"231 Yersin, P. Hiệp Thành, Thị xã Thủ Dầu Một, Bình Dương"
Voucher L-Chicken Burger Set tại Lotteria,Lotteria,"KĐT The Seasons Bình Dương, P. Lái Thiêu, Thị xã Thuận An, Bình Dương"
Voucher L-Chicken Burger Set tại Lotteria,Lotteria,"368 đường 30/4 P. Chánh Nghĩa, Thị xã Thủ Dầu Một, Bình Dương"
Voucher L-Chicken Burger Set tại Lotteria,Lotteria,"01 Trần Hưng Đạo, P. Phú Cường, Thị xã Thủ Dầu Một, Bình Dương"
Voucher L-Chicken Burger Set tại Lotteria,Lotteria,"TTMS Aeon - Bình Dương Canary, 1 Đại Lộ Bình Dương, KP. Bình Giao, P. Thuận Giao, Thị xã Thuận An, Bình Dương"
Voucher L-Chicken Burger Set tại Lotteria,Lotteria,"576 Cách Mạng Tháng Tám, Phường 3, Tây Ninh"
Voucher L-Chicken Burger Set tại Lotteria,Lotteria,"Tầng trệt, KP. Lộc An, Thị trấn Trảng Bàng, Huyện Trảng Bàng, Tây Ninh"
Voucher L-Chicken Burger Set tại Lotteria,Lotteria,"09 Hạ Long, P. 2, Vũng Tàu, Bà Rịa - Vũng Tàu"
Voucher L-Chicken Burger Set tại Lotteria,Lotteria,"227 Nam Kỳ Khởi Nghĩa - 378 Lê Hồng Phong, P. 03, Vũng Tàu, Bà Rịa - Vũng Tàu"
Voucher L-Chicken Burger Set tại Lotteria,Lotteria,"Tầng 1, Góc đường 3/2 - Thi Sách, P. 8, Vũng Tàu, Bà Rịa - Vũng Tàu"
Voucher L-Chicken Burger Set tại Lotteria,Lotteria,"Shop GF-01, Ấp Thanh Ba, Xã Mỹ Lộc, Thị trấn Cần Giuộc, Huyện Cần Giuộc, Long An"
Voucher L-Chicken Burger Set tại Lotteria,Lotteria,"15 Trương Định - 11 Phan Đình Phùng, KP. 01, P. 1, Thị xã Gò Công, Tiền Giang"
Voucher L-Chicken Burger Set tại Lotteria,Lotteria,"545 Lê Văn Phẩm, P. 5, Mỹ Tho, Tiền Giang"
Voucher L-Chicken Burger Set tại Lotteria,Lotteria,"34 Ngô Quyền, P. 1, Mỹ Tho, Tiền Giang"
Voucher L-Chicken Burger Set tại Lotteria,Lotteria,"Go Mart Trà Vinh, Đường Võ Nguyên Giáp, P. 7, Trà Vinh"
Voucher L-Chicken Burger Set tại Lotteria,Lotteria,"Tầng trệt, Nguyễn Sinh Sắc, khóm 2, P. 2, Sa Đéc, Đồng Tháp"
Voucher L-Chicken Burger Set tại Lotteria,Lotteria,"65 Nguyễn Huệ, P. 01, Cao Lãnh, Đồng Tháp"
Voucher L-Chicken Burger Set tại Lotteria,Lotteria,"01 Ngô Thời Nhậm, P. 1, Cao Lãnh, Đồng Tháp"
Voucher L-Chicken Burger Set tại Lotteria,Lotteria,"92 Nguyễn Trãi, P. Mỹ Long, Long Xuyên, An Giang"
Voucher L-Chicken Burger Set tại Lotteria,Lotteria,"29 Trần Hưng Đạo, P. 5, Cà Mau, Cà Mau"
Voucher HS Chicken tại Lotteria,Lotteria,"Ngã 3 Đào Duy Anh - Kim Liên - Phạm Ngọc Thạch, Quận Đống Đa, Hà Nội"
Voucher HS Chicken tại Lotteria,Lotteria,"Phạm Văn Đồng, P. Cổ Nhuế 1, Quận Bắc Từ Liêm, Hà Nội"
Voucher HS Chicken tại Lotteria,Lotteria,"Toà nhà Mandarin Garden 2, Số 493 Tân Mai, P. Tân Mai, Quận Hoàng Mai, Hà Nội"
Voucher HS Chicken tại Lotteria,Lotteria,"64 BT X2, khu đô thị Bắc Linh Đàm, Quận Hoàng Mai, Hà Nội"
Voucher HS Chicken tại Lotteria,Lotteria,"201 Khâm Thiên, Quận Đống Đa, Hà Nội"
Voucher HS Chicken tại Lotteria,Lotteria,"154 Bà Triệu, Nguyễn Du, Quận Hai Bà Trưng, Hà Nội"
Voucher HS Chicken tại Lotteria,Lotteria,"152 Thái Thịnh, Láng Hạ, Quận Đống Đa, Hà Nội"
Voucher HS Chicken tại Lotteria,Lotteria,"TTTM EBEST xã Minh Khai, Quận Từ Liêm, Hà Nội"
Voucher HS Chicken tại Lotteria,Lotteria,"Tầng 1, Aeon Mall Long Biên, Cổ Linh, Quận Long Biên, Hà Nội"
Voucher HS Chicken tại Lotteria,Lotteria,"Tầng 1C2 Nguyễn Cơ Thạch, KĐT Mỹ Đình, Quận Từ Liêm, Hà Nội"
Voucher HS Chicken tại Lotteria,Lotteria,"138 Lê Thanh Nghị, P. Bách Khoa, Quận Hai Bà Trưng, Hà Nội"
Voucher HS Chicken tại Lotteria,Lotteria,"7-9 Đinh Tiên Hoàng, P. Hàng Bạc, Quận Hoàn Kiếm, Hà Nội"
Voucher HS Chicken tại Lotteria,Lotteria,"01 Núi Trúc, P.Kim Mã, Quận Ba Đình, Hà Nội"
Voucher HS Chicken tại Lotteria,Lotteria,"298 Cầu Giấy, P. Quan Hoa, Quận Cầu Giấy, Hà Nội"
Voucher HS Chicken tại Lotteria,Lotteria,"391 Hoàng Quốc Việt, P. Nghĩa Tân, Quận Cầu giấy, Hà Nội"
Voucher HS Chicken tại Lotteria,Lotteria,"66 Lò Đúc, P. Phạm Đình Hổ, Quận Hai Bà Trưng, Hà Nội"
Voucher HS Chicken tại Lotteria,Lotteria,"Tầng 4 , Ô số 430+431, Lotte Mall, Ngõ 683 Lạc Long Quân, P. Phú Thượng, Quận Tây Hồ, Hà Nội"
Voucher HS Chicken tại Lotteria,Lotteria,"203 Nguyễn Thị Minh Khai, P. Minh Khai, Quận Hai Bà Trưng, Hà Nội"
Voucher HS Chicken tại Lotteria,Lotteria,"Tầng 1 Mễ Trì, P. Mễ Trì, Quận Từ Liêm, Hà Nội"
Voucher HS Chicken tại Lotteria,Lotteria,"TTTM Savico Nguyễn Văn Linh, Quận Long Biên, Hà Nội"
Voucher HS Chicken tại Lotteria,Lotteria,"2A Trần Vũ, P. Quán Thánh, Quận Ba Đình, Hà Nội"
Voucher HS Chicken tại Lotteria,Lotteria,"Km 10 Nguyễn Trãi, P. Mỗ Lao, Quận Hà Đông, Hà Nội"
Voucher HS Chicken tại Lotteria,Lotteria,"Ngã 3 Yên Xá, Tân Triều, Quận Hà Đông, Hà Nội"
Voucher HS Chicken tại Lotteria,Lotteria,"103DN11 Nguyễn Khánh Toàn, P. Quan Hoa, Quận Cầu Giấy, Hà Nội"
Voucher HS Chicken tại Lotteria,Lotteria,"54 Liễu Giai, P. Cống Vị, Quận Ba Đình, Hà Nội"
Voucher HS Chicken tại Lotteria,Lotteria,"445a Lạc Long Quân, Phường Xuân La, Quận Tây Hồ, Hà Nội"
Voucher HS Chicken tại Lotteria,Lotteria,"Tầng 1 Citimart Hà Đông, CT 7A-CT7B KĐTM Văn Quán, P. Phúc La, Quận Hà Đông, Hà Nội"
Voucher HS Chicken tại Lotteria,Lotteria,"63 Huỳnh Thúc Kháng, P. Láng Hạ, Quận Đống Đa, Hà Nội"
Voucher HS Chicken tại Lotteria,Lotteria,"SH20.21 Tòa S1.05 Vinhomes Ocean Park, xã Đa Tốn, Huyện Gia Lâm, Hà Nội"
Voucher HS Chicken tại Lotteria,Lotteria,"TTTM Aeon Mall, P. Dương Nội, Quận Hà Đông, Hà Nội"
Voucher HS Chicken tại Lotteria,Lotteria,"34 Hoàng Cầu, P. Ô Chợ Dừa, Quận Đống Đa, Hà Nội"
Voucher HS Chicken tại Lotteria,Lotteria,"Lô D5, KĐTM Cầu Giấy, P. Dịch Vọng, Quận Cầu Giấy, Hà Nội"
Voucher HS Chicken tại Lotteria,Lotteria,"437 Bạch Mai, P. Trương Định, Quận Hai Bà Trưng, Hà Nội"
Voucher HS Chicken tại Lotteria,Lotteria,"Tầng 2 Big C Thăng Long, 222 Trần Duy Hưng, P. Trung Hòa, Quận Cầu Giấy, Hà Nội"
Voucher HS Chicken tại Lotteria,Lotteria,"23 Hàng Thanh, P. Nguyễn Trung Trực, Quận Ba Đình, Hà Nội"
Voucher HS Chicken tại Lotteria,Lotteria,"Tầng 1 Tòa A8, An Bình City, 232 Phạm Văn Đồng, Quận Bắc Từ Liêm, Hà Nội"
Voucher HS Chicken tại Lotteria,Lotteria,"72A Nguyễn Trãi, Quận Thanh Xuân, Hà Nội"
Voucher HS Chicken tại Lotteria,Lotteria,"210-212 Nguyễn Văn Cừ, P. Ngọc Lâm, Quận Long Biên, Hà Nội"
Voucher HS Chicken tại Lotteria,Lotteria,"Tòa Horizon city, 87 Lĩnh Nam, P. Mai Động, Quận Hoàng Mai, Hà Nội"
Voucher HS Chicken tại Lotteria,Lotteria,"112 Trần Duy Hưng, P. Trung Hòa, Quận Cầu Giấy, Hà Nội"
Voucher HS Chicken tại Lotteria,Lotteria,"Tầng hầm B1 Times City, 458 Minh Khai, P. Vĩnh Tuy, Quận Hai Bà Trưng, Hà Nội"
Voucher HS Chicken tại Lotteria,Lotteria,"Tầng 1 CT 4A.B KĐT Xa La, xã Phúc La, Quận Hà Đông, Hà Nội"
Voucher HS Chicken tại Lotteria,Lotteria,"TTTM Mê Linh, Tô Hiệu, Quận Hà Đông, Hà Nội"
Voucher HS Chicken tại Lotteria,Lotteria,"Tầng 1 tòa nhà Housing, 299 Trung Kính, Trung Hòa, Quận Cầu Giấy, Hà Nội"
Voucher HS Chicken tại Lotteria,Lotteria,"TTTM Mua Sắm Aeon - Tân Phú Celadon, 30 Bờ Bao Tân Thắng, P. Sơn Kỳ, Quận Tân Phú, Hồ Chí Minh"
Voucher HS Chicken tại Lotteria,Lotteria,"Tầng 1, 18 Phan Văn Trị, P. 10, Quận Gò Vấp, Hồ Chí Minh"
Voucher HS Chicken tại Lotteria,Lotteria,"211 - 213 Bình Phú, P. 11, Quận 6, Hồ Chí Minh"
Voucher HS Chicken tại Lotteria,Lotteria,"445 Bạch Đằng, P. 12, Quận Bình Thạnh, Hồ Chí Minh"
Voucher HS Chicken tại Lotteria,Lotteria,"Khu B, KĐT mới An Phú - An Khánh, P. An Phú, Quận 2, Hồ Chí Minh"
Voucher HS Chicken tại Lotteria,Lotteria,"572A Ba Tháng Hai, P. 14, Quận 10, Hồ Chí Minh"
Voucher HS Chicken tại Lotteria,Lotteria,"95A Trần Hưng Đạo, P. Cầu Ông Lãnh, Quận 1, Hồ Chí Minh"
Voucher HS Chicken tại Lotteria,Lotteria,"Tầng 5, 101 Tôn Dật Tiên, P. Tân Phú, Quận 7, Hồ Chí Minh"
Voucher HS Chicken tại Lotteria,Lotteria,"66 Mạc Cửu-67 Vạn Kiếp, P. 13, Quận 5, Hồ Chí Minh"
Voucher HS Chicken tại Lotteria,Lotteria,"11 Sư Phạn Vạn Hạnh, P. 12, Quận 10, Hồ Chí Minh"
Voucher HS Chicken tại Lotteria,Lotteria,"33 Nguyễn Văn Nghi, P. 4, Quận Gò Vấp, Hồ Chí Minh"
Voucher HS Chicken tại Lotteria,Lotteria,"158 - 160 Lê Bình, P. 4, Quận Tân Bình, Hồ Chí Minh"
Voucher HS Chicken tại Lotteria,Lotteria,"111 Dương Bá Trạc, P. 1, Quận 8, Hồ Chí Minh"
Voucher HS Chicken tại Lotteria,Lotteria,"357 Quốc lộ 22, ấp Thượng, xã Tân Thông Hội, Huyện Củ Chi, Hồ Chí Minh"
Voucher HS Chicken tại Lotteria,Lotteria,"P5 _SH.02 Tòa Park 5 Vinhomes Central, 20A Điện Biên Phủ, Phường 22, Quận Bình Thạnh, Hồ Chí Minh"
Voucher HS Chicken tại Lotteria,Lotteria,"469 Nguyễn Hữu Thọ, P. Tân Hưng, Quận 7, Hồ Chí Minh"
Voucher HS Chicken tại Lotteria,Lotteria,"S6.0301.S04 & S6.0301.S03 Origami Vinhomes Grand Park, Quận 9, Hồ Chí Minh"
Voucher HS Chicken tại Lotteria,Lotteria,"292 Đinh Bộ Lĩnh, P. 26, Quận Bình Thạnh, Hồ Chí Minh"
Voucher HS Chicken tại Lotteria,Lotteria,"Số 2 Song Hành (gần Cầu Đen), P. An Phú, Quận 2, Hồ Chí Minh"
Voucher HS Chicken tại Lotteria,Lotteria,"Coopmart Tuy Lý Vương, 40 - 54 Tuy Lý Vương, P. 13, Quận 8, Hồ Chí Minh"
Voucher HS Chicken tại Lotteria,Lotteria,"801 Hồng Bàng, P. 9, Quận 6, Hồ Chí Minh"
Voucher HS Chicken tại Lotteria,Lotteria,"573 Huỳnh Tấn Phát, P. Tân Thuận Đông, Quận 7, Hồ Chí Minh"
Voucher HS Chicken tại Lotteria,Lotteria,"11-11 Bis Nguyễn Thị Minh Khai, P. Bến Nghé, Quận 1, Hồ Chí Minh"
Voucher HS Chicken tại Lotteria,Lotteria,"303 Trần Hưng Đạo, P. Nguyễn Cư Trinh, Quận 1, Hồ Chí Minh"
Voucher HS Chicken tại Lotteria,Lotteria,"1397 Nguyễn Văn Linh, KP Mỹ Khánh 2-H4-2, P. Tân Phong, Quận 7, Hồ Chí Minh"
Voucher HS Chicken tại Lotteria,Lotteria,"380 Thoại Ngọc Hầu, P. Phú Thạnh, Quận Tân Phú, Hồ Chí Minh"
Voucher HS Chicken tại Lotteria,Lotteria,"70 - 72 Bàu Cát, P. 14, Quận Tân Bình, Hồ Chí Minh"
Voucher HS Chicken tại Lotteria,Lotteria,"02 Ngô Gia Tự - 145 Lý Thái Tổ, P. 9, Quận 10, Hồ Chí Minh"
Voucher HS Chicken tại Lotteria,Lotteria,"159/6 - 160/1 ấp Trung Chánh, xã Tân Xuân, Huyện Hóc Môn, Hồ Chí Minh"
Voucher HS Chicken tại Lotteria,Lotteria,"250B Lý Chính Thắng, P. 9, Quận 3, Hồ Chí Minh"
Voucher HS Chicken tại Lotteria,Lotteria,"Pico Plaza, 20 Cộng Hòa, P. 12, Quận Tân Bình, Hồ Chí Minh"
Voucher HS Chicken tại Lotteria,Lotteria,"10 Võ Văn Ngân, P. Trường Thọ, Quận Thủ Đức, Hồ Chí Minh"
Voucher HS Chicken tại Lotteria,Lotteria,"68 Lê Văn Việt, Tổ 11, KP. 2, P. Hiệp Phú, Quận 9, Hồ Chí Minh"
Voucher HS Chicken tại Lotteria,Lotteria,"102 Lê Quốc Hưng, P. 12, Quận 4, Hồ Chí Minh"
Voucher HS Chicken tại Lotteria,Lotteria,"1271 Tỉnh lộ 10, KP. 9, P. Tân Tạo, Quận Bình Tân, Hồ Chí Minh"
Voucher HS Chicken tại Lotteria,Lotteria,"52 Hậu Giang, P. 06, Quận 6, Hồ Chí Minh"
Voucher HS Chicken tại Lotteria,Lotteria,"220/151/3B - 222 Xô Viết Nghệ Tĩnh, P. 21, Quận Bình Thạnh, Hồ Chí Minh"
Voucher HS Chicken tại Lotteria,Lotteria,"309 - 311 Vành Đai Trong, P. Bình Trị Đông B, Quận Bình Tân, Hồ Chí Minh"
Voucher HS Chicken tại Lotteria,Lotteria,"09 Quang Trung, P. 11, Quận Gò Vấp, Hồ Chí Minh"
Voucher HS Chicken tại Lotteria,Lotteria,"251 Phan Xích Long, KDC Rạch Miễu P. 7, Quận Phú Nhuận, Hồ Chí Minh"
Voucher HS Chicken tại Lotteria,Lotteria,"01 Nguyễn Thông, P. 9, Quận 3, Hồ Chí Minh"
Voucher HS Chicken tại Lotteria,Lotteria,"175 H òa Bình, P. Hiệp Tân, Quận Tân Phú, Hồ Chí Minh"
Voucher HS Chicken tại Lotteria,Lotteria,"TTTM Big C City Land, Lô A, KDC City Land, Số 99 Nguyễn Thị Thập, Quận 7, Hồ Chí Minh"
Voucher HS Chicken tại Lotteria,Lotteria,"968 Ba Tháng Hai, P. 15, Quận 11, Hồ Chí Minh"
Voucher HS Chicken tại Lotteria,Lotteria,"175 (số cũ 19/35) Độc Lập, P. Tân Quý, Quận Tân Phú, Hồ Chí Minh"
Voucher HS Chicken tại Lotteria,Lotteria,"114 Trần Hưng Đạo, P. 7, Quận 5, Hồ Chí Minh"
Voucher HS Chicken tại Lotteria,Lotteria,"307A (số cũ 155A) Tô Hiến Thành, P. 13, Quận 10, Hồ Chí Minh"
Voucher HS Chicken tại Lotteria,Lotteria,"604 - 606 Điện Biên Phủ, P. 22, Quận Bình Thạnh, Hồ Chí Minh"
Voucher HS Chicken tại Lotteria,Lotteria,"72 Ngô Tất Tố, Phường 19, Quận Bình Thạnh, Hồ Chí Minh"
Voucher HS Chicken tại Lotteria,Lotteria,"283 Võ Văn Ngân, P. Linh Chiểu, Quận Thủ Đức, Hồ Chí Minh"
Voucher HS Chicken tại Lotteria,Lotteria,"187 Xuân Hồng, Phường 12, Quận Tân Bình, Hồ Chí Minh"
Voucher HS Chicken tại Lotteria,Lotteria,"346B Lê Quang Định, P. 11, Quận Bình Thạnh, Hồ Chí Minh"
Voucher HS Chicken tại Lotteria,Lotteria,"120 Nguyễn Thị Minh Khai, P. Hải Châu 1, Quận Hải Châu, Đà Nẵng"
Voucher HS Chicken tại Lotteria,Lotteria,"568 Trưng Nữ Vương, P. Hòa Thuận Tây, Quận Hải Châu, Đà Nẵng"
Voucher HS Chicken tại Lotteria,Lotteria,"92A Phan Chu Trinh, Quận Hải Châu, Đà Nẵng"
Voucher HS Chicken tại Lotteria,Lotteria,"Trần Nhân Tông, Bình Than, Quận Sơn Trà, Đà Nẵng"
Voucher HS Chicken tại Lotteria,Lotteria,"TTTM khu Quy hoạch Bà Triệu - Hùng Vương, P. Phú Hội, Thừa Thiên Huế, Thành Phố Huế, Thừa Thiên Huế"
Voucher HS Chicken tại Lotteria,Lotteria,"06 Trần Hưng Đạo, P. Phú Hòa, Thừa Thiên Huế, Thành Phố Huế, Thừa Thiên Huế"
Voucher HS Chicken tại Lotteria,Lotteria,"T308, Tầng 3 Trung tâm thương mại Aeon Mall Huế, Số 8 đường Võ Nguyên Giáp, Phường An Đông, Huế, Thừa Thiên Huế"
Voucher HS Chicken tại Lotteria,Lotteria,"207C Lạch Tray, Quận Ngô Quyền, Hải Phòng"
Voucher HS Chicken tại Lotteria,Lotteria,"88 Trần Phú, Quận Ngô Quyền, Hải Phòng"
Voucher HS Chicken tại Lotteria,Lotteria,"317 Trần Thành Ngọ, Quận Kiến An, Hải Phòng"
Voucher HS Chicken tại Lotteria,Lotteria,"Số 2 Phạm Minh Đức, Phường Máy Tơ, Quận Ngô Quyền, Hải Phòng"
Voucher HS Chicken tại Lotteria,Lotteria,"Lô 1/20 KĐT ngã 5, Sân bay Cát Bi, Quận Ngô Quyền, Hải Phòng"
Voucher HS Chicken tại Lotteria,Lotteria,"118 - 120 Trần Nguyên Hãn, Quận Lê Trân, Hải Phòng"
Voucher HS Chicken tại Lotteria,Lotteria,"Lô 1F11, Lottemart, số 84 Mậu Thân, Phường An Hòa, Quận Ninh Kiều, Cần Thơ"
Voucher HS Chicken tại Lotteria,Lotteria,"Lô 01, KDC Hưng Phú 1, P. Hưng Phú, Quận Cái Răng, Cần Thơ"
Voucher HS Chicken tại Lotteria,Lotteria,"170 Nguyễn Văn Cừ, P. An Khánh, Quận Ninh Kiều, Cần Thơ"
Voucher HS Chicken tại Lotteria,Lotteria,"Soiva Plaza Me Linh, Quận Khai Hoang, Vĩnh Yên, Vĩnh Phúc"
Voucher HS Chicken tại Lotteria,Lotteria,"TTTM Vincom Plaza, Đường Cù Chính Lan, Đồng Tiến, Hoà Bình"
Voucher HS Chicken tại Lotteria,Lotteria,"Tầng 3, Vincom Bắc Kan, Số 8A Đức Xuân, Bắc Kạn"
Voucher HS Chicken tại Lotteria,Lotteria,"Ngã 6, Plot 26, Khu 13, P. Kim Tân, Lào Cai, Lào Cai"
Voucher HS Chicken tại Lotteria,Lotteria,"Đường Cầu Kì Lừa, P. Chi Lăng, Lạng Sơn, Lạng Sơn"
Voucher HS Chicken tại Lotteria,Lotteria,"Tầng 1 TTTM Big C Bắc Giang, ngã 4 Hùng Vương kéo dài, xã Tân Tiến, Bắc Giang, Bắc Giang"
Voucher HS Chicken tại Lotteria,Lotteria,"TTTM Big C Việt Trì, Nguyễn Tất Thành, P. Thanh Miếu, Việt Trì, Phú Thọ"
Voucher HS Chicken tại Lotteria,Lotteria,"Lầu 3, Vincom Sơn La, Trường Chinh, P. Quyết Thắng, Sơn La, Sơn La"
Voucher HS Chicken tại Lotteria,Lotteria,"TTTM Thiên Trường, Quận Lộc Hòa, Nam Định"
Voucher HS Chicken tại Lotteria,Lotteria,"02 Hồng Quang, P. Quang Trung, Hải Dương"
Voucher HS Chicken tại Lotteria,Lotteria,"TTTM Vincom Hạ Long, P. Bạch Đằng, Hạ Long, Quảng Ninh"
Voucher HS Chicken tại Lotteria,Lotteria,"TTTM Big C, Cột 5, P. Hồng Hải, Hạ Long, Quảng Ninh"
Voucher HS Chicken tại Lotteria,Lotteria,"160 Lê Thánh Tôn, Hạ Long, Quảng Ninh"
Voucher HS Chicken tại Lotteria,Lotteria,"02 Trần Khánh Dư, P. Cẩm Đông, Cẩm Phả, Quảng Ninh"
Voucher HS Chicken tại Lotteria,Lotteria,"Số 342-346 Trần Hưng Đạo, P. Cửa Bắc, Thành phố Nam Định, Nam Định"
Voucher HS Chicken tại Lotteria,Lotteria,"TTTM Big C Ninh Bình, Trần Nhân Tông, Xã Ninh Phúc, Ninh Bình"
Voucher HS Chicken tại Lotteria,Lotteria,"TTTM Vincom Plaza Thanh Hóa, Phường Trần Phú, Thanh Hóa"
Voucher HS Chicken tại Lotteria,Lotteria,"Tầng 1 Big C Thanh Hóa, Xã Đông Hải, Thanh Hóa"
Voucher HS Chicken tại Lotteria,Lotteria,"TTTM Big C Vinh, 02 Quang Trung, Vinh, Nghệ An"
Voucher HS Chicken tại Lotteria,Lotteria,"87A Nguyễn Văn Cừ, Khối 2, Phường Trường Thi, Vinh, Nghệ An"
Voucher HS Chicken tại Lotteria,Lotteria,"Tầng 3-16, Lotte Mart Vinh, 295 đường V.I Lê Ninh, P. Hà Huy Tập, Vinh, Nghệ An"
Voucher HS Chicken tại Lotteria,Lotteria,"74 Trần Phú, P. Bắc Hà, Hà Tĩnh"
Voucher HS Chicken tại Lotteria,Lotteria,"Số 1 Hùng Vương, Phường Cẩm Phô, Hội An, Quảng Nam"
Voucher HS Chicken tại Lotteria,Lotteria,"Cổng Nam TTTM Go! Đường Lý Thường Kiệt, Nghĩa Chánh, Quảng Ngãi"
Voucher HS Chicken tại Lotteria,Lotteria,"117B Đại lộ Hùng Vương, Trần Hưng Đạo, Quảng Ngãi"
Voucher HS Chicken tại Lotteria,Lotteria,"01 Phan Bội Châu, P. Hội Thương, Pleiku, Gia Lai"
Voucher HS Chicken tại Lotteria,Lotteria,"02 - 2A Nguyễn Thái Học, Quy Nhơn, Bình Định"
Voucher HS Chicken tại Lotteria,Lotteria,"KĐT xanh Vũng Chua, P. Ghềnh Ráng, Quy Nhơn, Bình Định"
Voucher HS Chicken tại Lotteria,Lotteria,"178 Y Jut, Thắng Lợi, Buôn Ma Thuột, Đắk Lắk"
Voucher HS Chicken tại Lotteria,Lotteria,"73 Thống Nhất, Nha Trang, Khánh Hòa"
Voucher HS Chicken tại Lotteria,Lotteria,"CTXD số SB.D-70, Dự án Công viên văn hóa Vinwonders Nha Trang, Đảo Hòn Tre, P. Vĩnh Nguyên, Nha Trang, Khánh Hòa"
Voucher HS Chicken tại Lotteria,Lotteria,"Lô 04, đường 19/5, KĐT Vĩnh Điềm Trung, xã Vĩnh Hiệp, Nha Trang, Khánh Hòa"
Voucher HS Chicken tại Lotteria,Lotteria,"2038 Hùng Vương, P. Cam Lộc, Cam Ranh, Khánh Hòa"
Voucher HS Chicken tại Lotteria,Lotteria,"2+2/1 Nguyễn Đình Chiểu, P. Vĩnh Phước, Nha Trang, Khánh Hòa"
Voucher HS Chicken tại Lotteria,Lotteria,"133 Bà Triệu, P. Thắng Lợi, Kon Tum, Kon Tum"
Voucher HS Chicken tại Lotteria,Lotteria,"285 Bùi Thị Xuân, P. 8, Đà Lạt, Lâm Đồng"
Voucher HS Chicken tại Lotteria,Lotteria,"Tầng trệt, Tháp nước, Trần Phú, P. 2, Bảo Lộc, Lâm Đồng"
Voucher HS Chicken tại Lotteria,Lotteria,"01 Nguyễn Thị Minh Khai, P. 01, Đà Lạt, Lâm Đồng"
Voucher HS Chicken tại Lotteria,Lotteria,"Quảng Trường Lâm Viên, góc đường Hồ Tùng Mậu - Trần Quốc Thảo, P. 10, Đà Lạt, Lâm Đồng"
Voucher HS Chicken tại Lotteria,Lotteria,"62 Thủ Khoa Huân, KP. 1, P. Bình Hưng, Phan Thiết, Bình Thuận"
Voucher HS Chicken tại Lotteria,Lotteria,"KDC Hùng Vương 1, P. Phú Thủy, Phan Thiết, Bình Thuận"
Voucher HS Chicken tại Lotteria,Lotteria,"1A Nguyễn Tất Thành, P. Bình Hưng, Phan Thiết, Bình Thuận"
Voucher HS Chicken tại Lotteria,Lotteria,"Quốc Lộ 51, KP 1, P. Long Bình Tân, Biên Hòa, Đồng Nai"
Voucher HS Chicken tại Lotteria,Lotteria,"Siêu Thị Hoàng Đức Gia Kiệm - 166 ấp Bạch Lâm 1, xã Gia Tân 2, Huyện Thống Nhất, Đồng Nai"
Voucher HS Chicken tại Lotteria,Lotteria,"03 Phan Chu Trinh, P. Quang Vinh, Biên Hòa, Đồng Nai"
Voucher HS Chicken tại Lotteria,Lotteria,"F230-F231 Võ Thị Sáu, Phường Thống Nhất, Biên Hòa, Đồng Nai"
Voucher HS Chicken tại Lotteria,Lotteria,"Lô B-03, KTM Amata, Quốc lộ 1A, P. Long Bình, Biên Hòa, Đồng Nai"
Voucher HS Chicken tại Lotteria,Lotteria,"198 Hùng Vương, P. Xuân Bình, Thị xã Long Khánh, Đồng Nai"
Voucher HS Chicken tại Lotteria,Lotteria,"TTTM Chợ Thanh Hà, Trần Phú, P. Phủ Hòa, Phan Rang - Tháp Chàm, Ninh Thuận"
Voucher HS Chicken tại Lotteria,Lotteria,"555B đại lộ Bình Dương, P. Hiệp Bình, Thị xã Thủ Dầu Một, Bình Dương"
Voucher HS Chicken tại Lotteria,Lotteria,"TTTM Green Square, P. Đông Hòa, Thị xã Dĩ An, Bình Dương"
Voucher HS Chicken tại Lotteria,Lotteria,"231 Yersin, P. Hiệp Thành, Thị xã Thủ Dầu Một, Bình Dương"
Voucher HS Chicken tại Lotteria,Lotteria,"KĐT The Seasons Bình Dương, P. Lái Thiêu, Thị xã Thuận An, Bình Dương"
Voucher HS Chicken tại Lotteria,Lotteria,"368 đường 30/4 P. Chánh Nghĩa, Thị xã Thủ Dầu Một, Bình Dương"
Voucher HS Chicken tại Lotteria,Lotteria,"01 Trần Hưng Đạo, P. Phú Cường, Thị xã Thủ Dầu Một, Bình Dương"
Voucher HS Chicken tại Lotteria,Lotteria,"TTMS Aeon - Bình Dương Canary, 1 Đại Lộ Bình Dương, KP. Bình Giao, P. Thuận Giao, Thị xã Thuận An, Bình Dương"
Voucher HS Chicken tại Lotteria,Lotteria,"576 Cách Mạng Tháng Tám, Phường 3, Tây Ninh"
Voucher HS Chicken tại Lotteria,Lotteria,"Tầng trệt, KP. Lộc An, Thị trấn Trảng Bàng, Huyện Trảng Bàng, Tây Ninh"
Voucher HS Chicken tại Lotteria,Lotteria,"09 Hạ Long, P. 2, Vũng Tàu, Bà Rịa - Vũng Tàu"
Voucher HS Chicken tại Lotteria,Lotteria,"227 Nam Kỳ Khởi Nghĩa - 378 Lê Hồng Phong, P. 03, Vũng Tàu, Bà Rịa - Vũng Tàu"
Voucher HS Chicken tại Lotteria,Lotteria,"Tầng 1, Góc đường 3/2 - Thi Sách, P. 8, Vũng Tàu, Bà Rịa - Vũng Tàu"
Voucher HS Chicken tại Lotteria,Lotteria,"Shop GF-01, Ấp Thanh Ba, Xã Mỹ Lộc, Thị trấn Cần Giuộc, Huyện Cần Giuộc, Long An"
Voucher HS Chicken tại Lotteria,Lotteria,"15 Trương Định - 11 Phan Đình Phùng, KP. 01, P. 1, Thị xã Gò Công, Tiền Giang"
Voucher HS Chicken tại Lotteria,Lotteria,"545 Lê Văn Phẩm, P. 5, Mỹ Tho, Tiền Giang"
Voucher HS Chicken tại Lotteria,Lotteria,"34 Ngô Quyền, P. 1, Mỹ Tho, Tiền Giang"
Voucher HS Chicken tại Lotteria,Lotteria,"Go Mart Trà Vinh, Đường Võ Nguyên Giáp, P. 7, Trà Vinh"
Voucher HS Chicken tại Lotteria,Lotteria,"Tầng trệt, Nguyễn Sinh Sắc, khóm 2, P. 2, Sa Đéc, Đồng Tháp"
Voucher HS Chicken tại Lotteria,Lotteria,"65 Nguyễn Huệ, P. 01, Cao Lãnh, Đồng Tháp"
Voucher HS Chicken tại Lotteria,Lotteria,"01 Ngô Thời Nhậm, P. 1, Cao Lãnh, Đồng Tháp"
Voucher HS Chicken tại Lotteria,Lotteria,"92 Nguyễn Trãi, P. Mỹ Long, Long Xuyên, An Giang"
Voucher HS Chicken tại Lotteria,Lotteria,"29 Trần Hưng Đạo, P. 5, Cà Mau, Cà Mau"
Voucher Cheese Burger tại Lotteria,Lotteria,"Ngã 3 Đào Duy Anh - Kim Liên - Phạm Ngọc Thạch, Quận Đống Đa, Hà Nội"
Voucher Cheese Burger tại Lotteria,Lotteria,"Phạm Văn Đồng, P. Cổ Nhuế 1, Quận Bắc Từ Liêm, Hà Nội"
Voucher Cheese Burger tại Lotteria,Lotteria,"Toà nhà Mandarin Garden 2, Số 493 Tân Mai, P. Tân Mai, Quận Hoàng Mai, Hà Nội"
Voucher Cheese Burger tại Lotteria,Lotteria,"64 BT X2, khu đô thị Bắc Linh Đàm, Quận Hoàng Mai, Hà Nội"
Voucher Cheese Burger tại Lotteria,Lotteria,"201 Khâm Thiên, Quận Đống Đa, Hà Nội"
Voucher Cheese Burger tại Lotteria,Lotteria,"154 Bà Triệu, Nguyễn Du, Quận Hai Bà Trưng, Hà Nội"
Voucher Cheese Burger tại Lotteria,Lotteria,"152 Thái Thịnh, Láng Hạ, Quận Đống Đa, Hà Nội"
Voucher Cheese Burger tại Lotteria,Lotteria,"TTTM EBEST xã Minh Khai, Quận Từ Liêm, Hà Nội"
Voucher Cheese Burger tại Lotteria,Lotteria,"Tầng 1, Aeon Mall Long Biên, Cổ Linh, Quận Long Biên, Hà Nội"
Voucher Cheese Burger tại Lotteria,Lotteria,"Tầng 1C2 Nguyễn Cơ Thạch, KĐT Mỹ Đình, Quận Từ Liêm, Hà Nội"
Voucher Cheese Burger tại Lotteria,Lotteria,"138 Lê Thanh Nghị, P. Bách Khoa, Quận Hai Bà Trưng, Hà Nội"
Voucher Cheese Burger tại Lotteria,Lotteria,"7-9 Đinh Tiên Hoàng, P. Hàng Bạc, Quận Hoàn Kiếm, Hà Nội"
Voucher Cheese Burger tại Lotteria,Lotteria,"01 Núi Trúc, P.Kim Mã, Quận Ba Đình, Hà Nội"
Voucher Cheese Burger tại Lotteria,Lotteria,"298 Cầu Giấy, P. Quan Hoa, Quận Cầu Giấy, Hà Nội"
Voucher Cheese Burger tại Lotteria,Lotteria,"391 Hoàng Quốc Việt, P. Nghĩa Tân, Quận Cầu giấy, Hà Nội"
Voucher Cheese Burger tại Lotteria,Lotteria,"66 Lò Đúc, P. Phạm Đình Hổ, Quận Hai Bà Trưng, Hà Nội"
Voucher Cheese Burger tại Lotteria,Lotteria,"Tầng 4 , Ô số 430+431, Lotte Mall, Ngõ 683 Lạc Long Quân, P. Phú Thượng, Quận Tây Hồ, Hà Nội"
Voucher Cheese Burger tại Lotteria,Lotteria,"203 Nguyễn Thị Minh Khai, P. Minh Khai, Quận Hai Bà Trưng, Hà Nội"
Voucher Cheese Burger tại Lotteria,Lotteria,"Tầng 1 Mễ Trì, P. Mễ Trì, Quận Từ Liêm, Hà Nội"
Voucher Cheese Burger tại Lotteria,Lotteria,"TTTM Savico Nguyễn Văn Linh, Quận Long Biên, Hà Nội"
Voucher Cheese Burger tại Lotteria,Lotteria,"2A Trần Vũ, P. Quán Thánh, Quận Ba Đình, Hà Nội"
Voucher Cheese Burger tại Lotteria,Lotteria,"Km 10 Nguyễn Trãi, P. Mỗ Lao, Quận Hà Đông, Hà Nội"
Voucher Cheese Burger tại Lotteria,Lotteria,"Ngã 3 Yên Xá, Tân Triều, Quận Hà Đông, Hà Nội"
Voucher Cheese Burger tại Lotteria,Lotteria,"103DN11 Nguyễn Khánh Toàn, P. Quan Hoa, Quận Cầu Giấy, Hà Nội"
Voucher Cheese Burger tại Lotteria,Lotteria,"54 Liễu Giai, P. Cống Vị, Quận Ba Đình, Hà Nội"
Voucher Cheese Burger tại Lotteria,Lotteria,"445a Lạc Long Quân, Phường Xuân La, Quận Tây Hồ, Hà Nội"
Voucher Cheese Burger tại Lotteria,Lotteria,"Tầng 1 Citimart Hà Đông, CT 7A-CT7B KĐTM Văn Quán, P. Phúc La, Quận Hà Đông, Hà Nội"
Voucher Cheese Burger tại Lotteria,Lotteria,"63 Huỳnh Thúc Kháng, P. Láng Hạ, Quận Đống Đa, Hà Nội"
Voucher Cheese Burger tại Lotteria,Lotteria,"SH20.21 Tòa S1.05 Vinhomes Ocean Park, xã Đa Tốn, Huyện Gia Lâm, Hà Nội"
Voucher Cheese Burger tại Lotteria,Lotteria,"TTTM Aeon Mall, P. Dương Nội, Quận Hà Đông, Hà Nội"
Voucher Cheese Burger tại Lotteria,Lotteria,"34 Hoàng Cầu, P. Ô Chợ Dừa, Quận Đống Đa, Hà Nội"
Voucher Cheese Burger tại Lotteria,Lotteria,"Lô D5, KĐTM Cầu Giấy, P. Dịch Vọng, Quận Cầu Giấy, Hà Nội"
Voucher Cheese Burger tại Lotteria,Lotteria,"437 Bạch Mai, P. Trương Định, Quận Hai Bà Trưng, Hà Nội"
Voucher Cheese Burger tại Lotteria,Lotteria,"Tầng 2 Big C Thăng Long, 222 Trần Duy Hưng, P. Trung Hòa, Quận Cầu Giấy, Hà Nội"
Voucher Cheese Burger tại Lotteria,Lotteria,"23 Hàng Thanh, P. Nguyễn Trung Trực, Quận Ba Đình, Hà Nội"
Voucher Cheese Burger tại Lotteria,Lotteria,"Tầng 1 Tòa A8, An Bình City, 232 Phạm Văn Đồng, Quận Bắc Từ Liêm, Hà Nội"
Voucher Cheese Burger tại Lotteria,Lotteria,"72A Nguyễn Trãi, Quận Thanh Xuân, Hà Nội"
Voucher Cheese Burger tại Lotteria,Lotteria,"210-212 Nguyễn Văn Cừ, P. Ngọc Lâm, Quận Long Biên, Hà Nội"
Voucher Cheese Burger tại Lotteria,Lotteria,"Tòa Horizon city, 87 Lĩnh Nam, P. Mai Động, Quận Hoàng Mai, Hà Nội"
Voucher Cheese Burger tại Lotteria,Lotteria,"112 Trần Duy Hưng, P. Trung Hòa, Quận Cầu Giấy, Hà Nội"
Voucher Cheese Burger tại Lotteria,Lotteria,"Tầng hầm B1 Times City, 458 Minh Khai, P. Vĩnh Tuy, Quận Hai Bà Trưng, Hà Nội"
Voucher Cheese Burger tại Lotteria,Lotteria,"Tầng 1 CT 4A.B KĐT Xa La, xã Phúc La, Quận Hà Đông, Hà Nội"
Voucher Cheese Burger tại Lotteria,Lotteria,"TTTM Mê Linh, Tô Hiệu, Quận Hà Đông, Hà Nội"
Voucher Cheese Burger tại Lotteria,Lotteria,"Tầng 1 tòa nhà Housing, 299 Trung Kính, Trung Hòa, Quận Cầu Giấy, Hà Nội"
Voucher Cheese Burger tại Lotteria,Lotteria,"TTTM Mua Sắm Aeon - Tân Phú Celadon, 30 Bờ Bao Tân Thắng, P. Sơn Kỳ, Quận Tân Phú, Hồ Chí Minh"
Voucher Cheese Burger tại Lotteria,Lotteria,"Tầng 1, 18 Phan Văn Trị, P. 10, Quận Gò Vấp, Hồ Chí Minh"
Voucher Cheese Burger tại Lotteria,Lotteria,"211 - 213 Bình Phú, P. 11, Quận 6, Hồ Chí Minh"
Voucher Cheese Burger tại Lotteria,Lotteria,"445 Bạch Đằng, P. 12, Quận Bình Thạnh, Hồ Chí Minh"
Voucher Cheese Burger tại Lotteria,Lotteria,"Khu B, KĐT mới An Phú - An Khánh, P. An Phú, Quận 2, Hồ Chí Minh"
Voucher Cheese Burger tại Lotteria,Lotteria,"572A Ba Tháng Hai, P. 14, Quận 10, Hồ Chí Minh"
Voucher Cheese Burger tại Lotteria,Lotteria,"95A Trần Hưng Đạo, P. Cầu Ông Lãnh, Quận 1, Hồ Chí Minh"
Voucher Cheese Burger tại Lotteria,Lotteria,"Tầng 5, 101 Tôn Dật Tiên, P. Tân Phú, Quận 7, Hồ Chí Minh"
Voucher Cheese Burger tại Lotteria,Lotteria,"66 Mạc Cửu-67 Vạn Kiếp, P. 13, Quận 5, Hồ Chí Minh"
Voucher Cheese Burger tại Lotteria,Lotteria,"11 Sư Phạn Vạn Hạnh, P. 12, Quận 10, Hồ Chí Minh"
Voucher Cheese Burger tại Lotteria,Lotteria,"33 Nguyễn Văn Nghi, P. 4, Quận Gò Vấp, Hồ Chí Minh"
Voucher Cheese Burger tại Lotteria,Lotteria,"158 - 160 Lê Bình, P. 4, Quận Tân Bình, Hồ Chí Minh"
Voucher Cheese Burger tại Lotteria,Lotteria,"111 Dương Bá Trạc, P. 1, Quận 8, Hồ Chí Minh"
Voucher Cheese Burger tại Lotteria,Lotteria,"357 Quốc lộ 22, ấp Thượng, xã Tân Thông Hội, Huyện Củ Chi, Hồ Chí Minh"
Voucher Cheese Burger tại Lotteria,Lotteria,"P5 _SH.02 Tòa Park 5 Vinhomes Central, 20A Điện Biên Phủ, Phường 22, Quận Bình Thạnh, Hồ Chí Minh"
Voucher Cheese Burger tại Lotteria,Lotteria,"469 Nguyễn Hữu Thọ, P. Tân Hưng, Quận 7, Hồ Chí Minh"
Voucher Cheese Burger tại Lotteria,Lotteria,"S6.0301.S04 & S6.0301.S03 Origami Vinhomes Grand Park, Quận 9, Hồ Chí Minh"
Voucher Cheese Burger tại Lotteria,Lotteria,"292 Đinh Bộ Lĩnh, P. 26, Quận Bình Thạnh, Hồ Chí Minh"
Voucher Cheese Burger tại Lotteria,Lotteria,"Số 2 Song Hành (gần Cầu Đen), P. An Phú, Quận 2, Hồ Chí Minh"
Voucher Cheese Burger tại Lotteria,Lotteria,"Coopmart Tuy Lý Vương, 40 - 54 Tuy Lý Vương, P. 13, Quận 8, Hồ Chí Minh"
Voucher Cheese Burger tại Lotteria,Lotteria,"801 Hồng Bàng, P. 9, Quận 6, Hồ Chí Minh"
Voucher Cheese Burger tại Lotteria,Lotteria,"573 Huỳnh Tấn Phát, P. Tân Thuận Đông, Quận 7, Hồ Chí Minh"
Voucher Cheese Burger tại Lotteria,Lotteria,"11-11 Bis Nguyễn Thị Minh Khai, P. Bến Nghé, Quận 1, Hồ Chí Minh"
Voucher Cheese Burger tại Lotteria,Lotteria,"303 Trần Hưng Đạo, P. Nguyễn Cư Trinh, Quận 1, Hồ Chí Minh"
Voucher Cheese Burger tại Lotteria,Lotteria,"1397 Nguyễn Văn Linh, KP Mỹ Khánh 2-H4-2, P. Tân Phong, Quận 7, Hồ Chí Minh"
Voucher Cheese Burger tại Lotteria,Lotteria,"380 Thoại Ngọc Hầu, P. Phú Thạnh, Quận Tân Phú, Hồ Chí Minh"
Voucher Cheese Burger tại Lotteria,Lotteria,"70 - 72 Bàu Cát, P. 14, Quận Tân Bình, Hồ Chí Minh"
Voucher Cheese Burger tại Lotteria,Lotteria,"02 Ngô Gia Tự - 145 Lý Thái Tổ, P. 9, Quận 10, Hồ Chí Minh"
Voucher Cheese Burger tại Lotteria,Lotteria,"159/6 - 160/1 ấp Trung Chánh, xã Tân Xuân, Huyện Hóc Môn, Hồ Chí Minh"
Voucher Cheese Burger tại Lotteria,Lotteria,"250B Lý Chính Thắng, P. 9, Quận 3, Hồ Chí Minh"
Voucher Cheese Burger tại Lotteria,Lotteria,"Pico Plaza, 20 Cộng Hòa, P. 12, Quận Tân Bình, Hồ Chí Minh"
Voucher Cheese Burger tại Lotteria,Lotteria,"10 Võ Văn Ngân, P. Trường Thọ, Quận Thủ Đức, Hồ Chí Minh"
Voucher Cheese Burger tại Lotteria,Lotteria,"68 Lê Văn Việt, Tổ 11, KP. 2, P. Hiệp Phú, Quận 9, Hồ Chí Minh"
Voucher Cheese Burger tại Lotteria,Lotteria,"102 Lê Quốc Hưng, P. 12, Quận 4, Hồ Chí Minh"
Voucher Cheese Burger tại Lotteria,Lotteria,"1271 Tỉnh lộ 10, KP. 9, P. Tân Tạo, Quận Bình Tân, Hồ Chí Minh"
Voucher Cheese Burger tại Lotteria,Lotteria,"52 Hậu Giang, P. 06, Quận 6, Hồ Chí Minh"
Voucher Cheese Burger tại Lotteria,Lotteria,"220/151/3B - 222 Xô Viết Nghệ Tĩnh, P. 21, Quận Bình Thạnh, Hồ Chí Minh"
Voucher Cheese Burger tại Lotteria,Lotteria,"309 - 311 Vành Đai Trong, P. Bình Trị Đông B, Quận Bình Tân, Hồ Chí Minh"
Voucher Cheese Burger tại Lotteria,Lotteria,"09 Quang Trung, P. 11, Quận Gò Vấp, Hồ Chí Minh"
Voucher Cheese Burger tại Lotteria,Lotteria,"251 Phan Xích Long, KDC Rạch Miễu P. 7, Quận Phú Nhuận, Hồ Chí Minh"
Voucher Cheese Burger tại Lotteria,Lotteria,"01 Nguyễn Thông, P. 9, Quận 3, Hồ Chí Minh"
Voucher Cheese Burger tại Lotteria,Lotteria,"175 H òa Bình, P. Hiệp Tân, Quận Tân Phú, Hồ Chí Minh"
Voucher Cheese Burger tại Lotteria,Lotteria,"TTTM Big C City Land, Lô A, KDC City Land, Số 99 Nguyễn Thị Thập, Quận 7, Hồ Chí Minh"
Voucher Cheese Burger tại Lotteria,Lotteria,"968 Ba Tháng Hai, P. 15, Quận 11, Hồ Chí Minh"
Voucher Cheese Burger tại Lotteria,Lotteria,"175 (số cũ 19/35) Độc Lập, P. Tân Quý, Quận Tân Phú, Hồ Chí Minh"
Voucher Cheese Burger tại Lotteria,Lotteria,"114 Trần Hưng Đạo, P. 7, Quận 5, Hồ Chí Minh"
Voucher Cheese Burger tại Lotteria,Lotteria,"307A (số cũ 155A) Tô Hiến Thành, P. 13, Quận 10, Hồ Chí Minh"
Voucher Cheese Burger tại Lotteria,Lotteria,"604 - 606 Điện Biên Phủ, P. 22, Quận Bình Thạnh, Hồ Chí Minh"
Voucher Cheese Burger tại Lotteria,Lotteria,"72 Ngô Tất Tố, Phường 19, Quận Bình Thạnh, Hồ Chí Minh"
Voucher Cheese Burger tại Lotteria,Lotteria,"283 Võ Văn Ngân, P. Linh Chiểu, Quận Thủ Đức, Hồ Chí Minh"
Voucher Cheese Burger tại Lotteria,Lotteria,"187 Xuân Hồng, Phường 12, Quận Tân Bình, Hồ Chí Minh"
Voucher Cheese Burger tại Lotteria,Lotteria,"346B Lê Quang Định, P. 11, Quận Bình Thạnh, Hồ Chí Minh"
Voucher Cheese Burger tại Lotteria,Lotteria,"120 Nguyễn Thị Minh Khai, P. Hải Châu 1, Quận Hải Châu, Đà Nẵng"
Voucher Cheese Burger tại Lotteria,Lotteria,"568 Trưng Nữ Vương, P. Hòa Thuận Tây, Quận Hải Châu, Đà Nẵng"
Voucher Cheese Burger tại Lotteria,Lotteria,"92A Phan Chu Trinh, Quận Hải Châu, Đà Nẵng"
Voucher Cheese Burger tại Lotteria,Lotteria,"Trần Nhân Tông, Bình Than, Quận Sơn Trà, Đà Nẵng"
Voucher Cheese Burger tại Lotteria,Lotteria,"TTTM khu Quy hoạch Bà Triệu - Hùng Vương, P. Phú Hội, Thừa Thiên Huế, Thành Phố Huế, Thừa Thiên Huế"
Voucher Cheese Burger tại Lotteria,Lotteria,"06 Trần Hưng Đạo, P. Phú Hòa, Thừa Thiên Huế, Thành Phố Huế, Thừa Thiên Huế"
Voucher Cheese Burger tại Lotteria,Lotteria,"T308, Tầng 3 Trung tâm thương mại Aeon Mall Huế, Số 8 đường Võ Nguyên Giáp, Phường An Đông, Huế, Thừa Thiên Huế"
Voucher Cheese Burger tại Lotteria,Lotteria,"207C Lạch Tray, Quận Ngô Quyền, Hải Phòng"
Voucher Cheese Burger tại Lotteria,Lotteria,"88 Trần Phú, Quận Ngô Quyền, Hải Phòng"
Voucher Cheese Burger tại Lotteria,Lotteria,"317 Trần Thành Ngọ, Quận Kiến An, Hải Phòng"
Voucher Cheese Burger tại Lotteria,Lotteria,"Số 2 Phạm Minh Đức, Phường Máy Tơ, Quận Ngô Quyền, Hải Phòng"
Voucher Cheese Burger tại Lotteria,Lotteria,"Lô 1/20 KĐT ngã 5, Sân bay Cát Bi, Quận Ngô Quyền, Hải Phòng"
Voucher Cheese Burger tại Lotteria,Lotteria,"118 - 120 Trần Nguyên Hãn, Quận Lê Trân, Hải Phòng"
Voucher Cheese Burger tại Lotteria,Lotteria,"Lô 1F11, Lottemart, số 84 Mậu Thân, Phường An Hòa, Quận Ninh Kiều, Cần Thơ"
Voucher Cheese Burger tại Lotteria,Lotteria,"Lô 01, KDC Hưng Phú 1, P. Hưng Phú, Quận Cái Răng, Cần Thơ"
Voucher Cheese Burger tại Lotteria,Lotteria,"170 Nguyễn Văn Cừ, P. An Khánh, Quận Ninh Kiều, Cần Thơ"
Voucher Cheese Burger tại Lotteria,Lotteria,"Soiva Plaza Me Linh, Quận Khai Hoang, Vĩnh Yên, Vĩnh Phúc"
Voucher Cheese Burger tại Lotteria,Lotteria,"TTTM Vincom Plaza, Đường Cù Chính Lan, Đồng Tiến, Hoà Bình"
Voucher Cheese Burger tại Lotteria,Lotteria,"Tầng 3, Vincom Bắc Kan, Số 8A Đức Xuân, Bắc Kạn"
Voucher Cheese Burger tại Lotteria,Lotteria,"Ngã 6, Plot 26, Khu 13, P. Kim Tân, Lào Cai, Lào Cai"
Voucher Cheese Burger tại Lotteria,Lotteria,"Đường Cầu Kì Lừa, P. Chi Lăng, Lạng Sơn, Lạng Sơn"
Voucher Cheese Burger tại Lotteria,Lotteria,"Tầng 1 TTTM Big C Bắc Giang, ngã 4 Hùng Vương kéo dài, xã Tân Tiến, Bắc Giang, Bắc Giang"
Voucher Cheese Burger tại Lotteria,Lotteria,"TTTM Big C Việt Trì, Nguyễn Tất Thành, P. Thanh Miếu, Việt Trì, Phú Thọ"
Voucher Cheese Burger tại Lotteria,Lotteria,"Lầu 3, Vincom Sơn La, Trường Chinh, P. Quyết Thắng, Sơn La, Sơn La"
Voucher Cheese Burger tại Lotteria,Lotteria,"TTTM Thiên Trường, Quận Lộc Hòa, Nam Định"
Voucher Cheese Burger tại Lotteria,Lotteria,"02 Hồng Quang, P. Quang Trung, Hải Dương"
Voucher Cheese Burger tại Lotteria,Lotteria,"TTTM Vincom Hạ Long, P. Bạch Đằng, Hạ Long, Quảng Ninh"
Voucher Cheese Burger tại Lotteria,Lotteria,"TTTM Big C, Cột 5, P. Hồng Hải, Hạ Long, Quảng Ninh"
Voucher Cheese Burger tại Lotteria,Lotteria,"160 Lê Thánh Tôn, Hạ Long, Quảng Ninh"
Voucher Cheese Burger tại Lotteria,Lotteria,"02 Trần Khánh Dư, P. Cẩm Đông, Cẩm Phả, Quảng Ninh"
Voucher Cheese Burger tại Lotteria,Lotteria,"Số 342-346 Trần Hưng Đạo, P. Cửa Bắc, Thành phố Nam Định, Nam Định"
Voucher Cheese Burger tại Lotteria,Lotteria,"TTTM Big C Ninh Bình, Trần Nhân Tông, Xã Ninh Phúc, Ninh Bình"
Voucher Cheese Burger tại Lotteria,Lotteria,"TTTM Vincom Plaza Thanh Hóa, Phường Trần Phú, Thanh Hóa"
Voucher Cheese Burger tại Lotteria,Lotteria,"Tầng 1 Big C Thanh Hóa, Xã Đông Hải, Thanh Hóa"
Voucher Cheese Burger tại Lotteria,Lotteria,"TTTM Big C Vinh, 02 Quang Trung, Vinh, Nghệ An"
Voucher Cheese Burger tại Lotteria,Lotteria,"87A Nguyễn Văn Cừ, Khối 2, Phường Trường Thi, Vinh, Nghệ An"
Voucher Cheese Burger tại Lotteria,Lotteria,"Tầng 3-16, Lotte Mart Vinh, 295 đường V.I Lê Ninh, P. Hà Huy Tập, Vinh, Nghệ An"
Voucher Cheese Burger tại Lotteria,Lotteria,"74 Trần Phú, P. Bắc Hà, Hà Tĩnh"
Voucher Cheese Burger tại Lotteria,Lotteria,"Số 1 Hùng Vương, Phường Cẩm Phô, Hội An, Quảng Nam"
Voucher Cheese Burger tại Lotteria,Lotteria,"Cổng Nam TTTM Go! Đường Lý Thường Kiệt, Nghĩa Chánh, Quảng Ngãi"
Voucher Cheese Burger tại Lotteria,Lotteria,"117B Đại lộ Hùng Vương, Trần Hưng Đạo, Quảng Ngãi"
Voucher Cheese Burger tại Lotteria,Lotteria,"01 Phan Bội Châu, P. Hội Thương, Pleiku, Gia Lai"
Voucher Cheese Burger tại Lotteria,Lotteria,"02 - 2A Nguyễn Thái Học, Quy Nhơn, Bình Định"
Voucher Cheese Burger tại Lotteria,Lotteria,"KĐT xanh Vũng Chua, P. Ghềnh Ráng, Quy Nhơn, Bình Định"
Voucher Cheese Burger tại Lotteria,Lotteria,"178 Y Jut, Thắng Lợi, Buôn Ma Thuột, Đắk Lắk"
Voucher Cheese Burger tại Lotteria,Lotteria,"73 Thống Nhất, Nha Trang, Khánh Hòa"
Voucher Cheese Burger tại Lotteria,Lotteria,"CTXD số SB.D-70, Dự án Công viên văn hóa Vinwonders Nha Trang, Đảo Hòn Tre, P. Vĩnh Nguyên, Nha Trang, Khánh Hòa"
Voucher Cheese Burger tại Lotteria,Lotteria,"Lô 04, đường 19/5, KĐT Vĩnh Điềm Trung, xã Vĩnh Hiệp, Nha Trang, Khánh Hòa"
Voucher Cheese Burger tại Lotteria,Lotteria,"2038 Hùng Vương, P. Cam Lộc, Cam Ranh, Khánh Hòa"
Voucher Cheese Burger tại Lotteria,Lotteria,"2+2/1 Nguyễn Đình Chiểu, P. Vĩnh Phước, Nha Trang, Khánh Hòa"
Voucher Cheese Burger tại Lotteria,Lotteria,"133 Bà Triệu, P. Thắng Lợi, Kon Tum, Kon Tum"
Voucher Cheese Burger tại Lotteria,Lotteria,"285 Bùi Thị Xuân, P. 8, Đà Lạt, Lâm Đồng"
Voucher Cheese Burger tại Lotteria,Lotteria,"Tầng trệt, Tháp nước, Trần Phú, P. 2, Bảo Lộc, Lâm Đồng"
Voucher Cheese Burger tại Lotteria,Lotteria,"01 Nguyễn Thị Minh Khai, P. 01, Đà Lạt, Lâm Đồng"
Voucher Cheese Burger tại Lotteria,Lotteria,"Quảng Trường Lâm Viên, góc đường Hồ Tùng Mậu - Trần Quốc Thảo, P. 10, Đà Lạt, Lâm Đồng"
Voucher Cheese Burger tại Lotteria,Lotteria,"62 Thủ Khoa Huân, KP. 1, P. Bình Hưng, Phan Thiết, Bình Thuận"
Voucher Cheese Burger tại Lotteria,Lotteria,"KDC Hùng Vương 1, P. Phú Thủy, Phan Thiết, Bình Thuận"
Voucher Cheese Burger tại Lotteria,Lotteria,"1A Nguyễn Tất Thành, P. Bình Hưng, Phan Thiết, Bình Thuận"
Voucher Cheese Burger tại Lotteria,Lotteria,"Quốc Lộ 51, KP 1, P. Long Bình Tân, Biên Hòa, Đồng Nai"
Voucher Cheese Burger tại Lotteria,Lotteria,"Siêu Thị Hoàng Đức Gia Kiệm - 166 ấp Bạch Lâm 1, xã Gia Tân 2, Huyện Thống Nhất, Đồng Nai"
Voucher Cheese Burger tại Lotteria,Lotteria,"03 Phan Chu Trinh, P. Quang Vinh, Biên Hòa, Đồng Nai"
Voucher Cheese Burger tại Lotteria,Lotteria,"F230-F231 Võ Thị Sáu, Phường Thống Nhất, Biên Hòa, Đồng Nai"
Voucher Cheese Burger tại Lotteria,Lotteria,"Lô B-03, KTM Amata, Quốc lộ 1A, P. Long Bình, Biên Hòa, Đồng Nai"
Voucher Cheese Burger tại Lotteria,Lotteria,"198 Hùng Vương, P. Xuân Bình, Thị xã Long Khánh, Đồng Nai"
Voucher Cheese Burger tại Lotteria,Lotteria,"TTTM Chợ Thanh Hà, Trần Phú, P. Phủ Hòa, Phan Rang - Tháp Chàm, Ninh Thuận"
Voucher Cheese Burger tại Lotteria,Lotteria,"555B đại lộ Bình Dương, P. Hiệp Bình, Thị xã Thủ Dầu Một, Bình Dương"
Voucher Cheese Burger tại Lotteria,Lotteria,"TTTM Green Square, P. Đông Hòa, Thị xã Dĩ An, Bình Dương"
Voucher Cheese Burger tại Lotteria,Lotteria,"231 Yersin, P. Hiệp Thành, Thị xã Thủ Dầu Một, Bình Dương"
Voucher Cheese Burger tại Lotteria,Lotteria,"KĐT The Seasons Bình Dương, P. Lái Thiêu, Thị xã Thuận An, Bình Dương"
Voucher Cheese Burger tại Lotteria,Lotteria,"368 đường 30/4 P. Chánh Nghĩa, Thị xã Thủ Dầu Một, Bình Dương"
Voucher Cheese Burger tại Lotteria,Lotteria,"01 Trần Hưng Đạo, P. Phú Cường, Thị xã Thủ Dầu Một, Bình Dương"
Voucher Cheese Burger tại Lotteria,Lotteria,"TTMS Aeon - Bình Dương Canary, 1 Đại Lộ Bình Dương, KP. Bình Giao, P. Thuận Giao, Thị xã Thuận An, Bình Dương"
Voucher Cheese Burger tại Lotteria,Lotteria,"576 Cách Mạng Tháng Tám, Phường 3, Tây Ninh"
Voucher Cheese Burger tại Lotteria,Lotteria,"Tầng trệt, KP. Lộc An, Thị trấn Trảng Bàng, Huyện Trảng Bàng, Tây Ninh"
Voucher Cheese Burger tại Lotteria,Lotteria,"09 Hạ Long, P. 2, Vũng Tàu, Bà Rịa - Vũng Tàu"
Voucher Cheese Burger tại Lotteria,Lotteria,"227 Nam Kỳ Khởi Nghĩa - 378 Lê Hồng Phong, P. 03, Vũng Tàu, Bà Rịa - Vũng Tàu"
Voucher Cheese Burger tại Lotteria,Lotteria,"Tầng 1, Góc đường 3/2 - Thi Sách, P. 8, Vũng Tàu, Bà Rịa - Vũng Tàu"
Voucher Cheese Burger tại Lotteria,Lotteria,"Shop GF-01, Ấp Thanh Ba, Xã Mỹ Lộc, Thị trấn Cần Giuộc, Huyện Cần Giuộc, Long An"
Voucher Cheese Burger tại Lotteria,Lotteria,"15 Trương Định - 11 Phan Đình Phùng, KP. 01, P. 1, Thị xã Gò Công, Tiền Giang"
Voucher Cheese Burger tại Lotteria,Lotteria,"545 Lê Văn Phẩm, P. 5, Mỹ Tho, Tiền Giang"
Voucher Cheese Burger tại Lotteria,Lotteria,"34 Ngô Quyền, P. 1, Mỹ Tho, Tiền Giang"
Voucher Cheese Burger tại Lotteria,Lotteria,"Go Mart Trà Vinh, Đường Võ Nguyên Giáp, P. 7, Trà Vinh"
Voucher Cheese Burger tại Lotteria,Lotteria,"Tầng trệt, Nguyễn Sinh Sắc, khóm 2, P. 2, Sa Đéc, Đồng Tháp"
Voucher Cheese Burger tại Lotteria,Lotteria,"65 Nguyễn Huệ, P. 01, Cao Lãnh, Đồng Tháp"
Voucher Cheese Burger tại Lotteria,Lotteria,"01 Ngô Thời Nhậm, P. 1, Cao Lãnh, Đồng Tháp"
Voucher Cheese Burger tại Lotteria,Lotteria,"92 Nguyễn Trãi, P. Mỹ Long, Long Xuyên, An Giang"
Voucher Cheese Burger tại Lotteria,Lotteria,"29 Trần Hưng Đạo, P. 5, Cà Mau, Cà Mau"
Voucher Bulgogi Burger tại Lotteria,Lotteria,"Lô D5, KĐTM Cầu Giấy, P. Dịch Vọng, Quận Cầu Giấy, Hà Nội"
Voucher Bulgogi Burger tại Lotteria,Lotteria,"34 Hoàng Cầu, P. Ô Chợ Dừa, Quận Đống Đa, Hà Nội"
Voucher Bulgogi Burger tại Lotteria,Lotteria,"23 Hàng Thanh, P. Nguyễn Trung Trực, Quận Ba Đình, Hà Nội"
Voucher Bulgogi Burger tại Lotteria,Lotteria,"Tầng 1 Tòa A8, An Bình City, 232 Phạm Văn Đồng, Quận Bắc Từ Liêm, Hà Nội"
Voucher Bulgogi Burger tại Lotteria,Lotteria,"72A Nguyễn Trãi, Quận Thanh Xuân, Hà Nội"
Voucher Bulgogi Burger tại Lotteria,Lotteria,"210-212 Nguyễn Văn Cừ, P. Ngọc Lâm, Quận Long Biên, Hà Nội"
Voucher Bulgogi Burger tại Lotteria,Lotteria,"Tòa Horizon city, 87 Lĩnh Nam, P. Mai Động, Quận Hoàng Mai, Hà Nội"
Voucher Bulgogi Burger tại Lotteria,Lotteria,"Tầng 2 Big C Thăng Long, 222 Trần Duy Hưng, P. Trung Hòa, Quận Cầu Giấy, Hà Nội"
Voucher Bulgogi Burger tại Lotteria,Lotteria,"112 Trần Duy Hưng, P. Trung Hòa, Quận Cầu Giấy, Hà Nội"
Voucher Bulgogi Burger tại Lotteria,Lotteria,"Tầng hầm B1 Times City, 458 Minh Khai, P. Vĩnh Tuy, Quận Hai Bà Trưng, Hà Nội"
Voucher Bulgogi Burger tại Lotteria,Lotteria,"Tầng 1 CT 4A.B KĐT Xa La, xã Phúc La, Quận Hà Đông, Hà Nội"
Voucher Bulgogi Burger tại Lotteria,Lotteria,"TTTM Mê Linh, Tô Hiệu, Quận Hà Đông, Hà Nội"
Voucher Bulgogi Burger tại Lotteria,Lotteria,"Phạm Văn Đồng, P. Cổ Nhuế 1, Quận Bắc Từ Liêm, Hà Nội"
Voucher Bulgogi Burger tại Lotteria,Lotteria,"Ngã 3 Đào Duy Anh - Kim Liên - Phạm Ngọc Thạch, Quận Đống Đa, Hà Nội"
Voucher Bulgogi Burger tại Lotteria,Lotteria,"Tầng 1 tòa nhà Housing, 299 Trung Kính, Trung Hòa, Quận Cầu Giấy, Hà Nội"
Voucher Bulgogi Burger tại Lotteria,Lotteria,"Toà nhà Mandarin Garden 2, Số 493 Tân Mai, P. Tân Mai, Quận Hoàng Mai, Hà Nội"
Voucher Bulgogi Burger tại Lotteria,Lotteria,"64 BT X2, khu đô thị Bắc Linh Đàm, Quận Hoàng Mai, Hà Nội"
Voucher Bulgogi Burger tại Lotteria,Lotteria,"201 Khâm Thiên, Quận Đống Đa, Hà Nội"
Voucher Bulgogi Burger tại Lotteria,Lotteria,"154 Bà Triệu, Nguyễn Du, Quận Hai Bà Trưng, Hà Nội"
Voucher Bulgogi Burger tại Lotteria,Lotteria,"152 Thái Thịnh, Láng Hạ, Quận Đống Đa, Hà Nội"
Voucher Bulgogi Burger tại Lotteria,Lotteria,"TTTM EBEST xã Minh Khai, Quận Từ Liêm, Hà Nội"
Voucher Bulgogi Burger tại Lotteria,Lotteria,"Tầng 1, Aeon Mall Long Biên, Cổ Linh, Quận Long Biên, Hà Nội"
Voucher Bulgogi Burger tại Lotteria,Lotteria,"Tầng 1C2 Nguyễn Cơ Thạch, KĐT Mỹ Đình, Quận Từ Liêm, Hà Nội"
Voucher Bulgogi Burger tại Lotteria,Lotteria,"138 Lê Thanh Nghị, P. Bách Khoa, Quận Hai Bà Trưng, Hà Nội"
Voucher Bulgogi Burger tại Lotteria,Lotteria,"7-9 Đinh Tiên Hoàng, P. Hàng Bạc, Quận Hoàn Kiếm, Hà Nội"
Voucher Bulgogi Burger tại Lotteria,Lotteria,"01 Núi Trúc, P.Kim Mã, Quận Ba Đình, Hà Nội"
Voucher Bulgogi Burger tại Lotteria,Lotteria,"298 Cầu Giấy, P. Quan Hoa, Quận Cầu Giấy, Hà Nội"
Voucher Bulgogi Burger tại Lotteria,Lotteria,"391 Hoàng Quốc Việt, P. Nghĩa Tân, Quận Cầu giấy, Hà Nội"
Voucher Bulgogi Burger tại Lotteria,Lotteria,"66 Lò Đúc, P. Phạm Đình Hổ, Quận Hai Bà Trưng, Hà Nội"
Voucher Bulgogi Burger tại Lotteria,Lotteria,"Tầng 4 , Ô số 430+431, Lotte Mall, Ngõ 683 Lạc Long Quân, P. Phú Thượng, Quận Tây Hồ, Hà Nội"
Voucher Bulgogi Burger tại Lotteria,Lotteria,"203 Nguyễn Thị Minh Khai, P. Minh Khai, Quận Hai Bà Trưng, Hà Nội"
Voucher Bulgogi Burger tại Lotteria,Lotteria,"Tầng 1 Mễ Trì, P. Mễ Trì, Quận Từ Liêm, Hà Nội"
Voucher Bulgogi Burger tại Lotteria,Lotteria,"TTTM Savico Nguyễn Văn Linh, Quận Long Biên, Hà Nội"
Voucher Bulgogi Burger tại Lotteria,Lotteria,"2A Trần Vũ, P. Quán Thánh, Quận Ba Đình, Hà Nội"
Voucher Bulgogi Burger tại Lotteria,Lotteria,"Km 10 Nguyễn Trãi, P. Mỗ Lao, Quận Hà Đông, Hà Nội"
Voucher Bulgogi Burger tại Lotteria,Lotteria,"Ngã 3 Yên Xá, Tân Triều, Quận Hà Đông, Hà Nội"
Voucher Bulgogi Burger tại Lotteria,Lotteria,"103DN11 Nguyễn Khánh Toàn, P. Quan Hoa, Quận Cầu Giấy, Hà Nội"
Voucher Bulgogi Burger tại Lotteria,Lotteria,"54 Liễu Giai, P. Cống Vị, Quận Ba Đình, Hà Nội"
Voucher Bulgogi Burger tại Lotteria,Lotteria,"445a Lạc Long Quân, Phường Xuân La, Quận Tây Hồ, Hà Nội"
Voucher Bulgogi Burger tại Lotteria,Lotteria,"Tầng 1 Citimart Hà Đông, CT 7A-CT7B KĐTM Văn Quán, P. Phúc La, Quận Hà Đông, Hà Nội"
Voucher Bulgogi Burger tại Lotteria,Lotteria,"63 Huỳnh Thúc Kháng, P. Láng Hạ, Quận Đống Đa, Hà Nội"
Voucher Bulgogi Burger tại Lotteria,Lotteria,"SH20.21 Tòa S1.05 Vinhomes Ocean Park, xã Đa Tốn, Huyện Gia Lâm, Hà Nội"
Voucher Bulgogi Burger tại Lotteria,Lotteria,"TTTM Aeon Mall, P. Dương Nội, Quận Hà Đông, Hà Nội"
Voucher Bulgogi Burger tại Lotteria,Lotteria,"437 Bạch Mai, P. Trương Định, Quận Hai Bà Trưng, Hà Nội"
Voucher Bulgogi Burger tại Lotteria,Lotteria,"Pico Plaza, 20 Cộng Hòa, P. 12, Quận Tân Bình, Hồ Chí Minh"
Voucher Bulgogi Burger tại Lotteria,Lotteria,"10 Võ Văn Ngân, P. Trường Thọ, Quận Thủ Đức, Hồ Chí Minh"
Voucher Bulgogi Burger tại Lotteria,Lotteria,"68 Lê Văn Việt, Tổ 11, KP. 2, P. Hiệp Phú, Quận 9, Hồ Chí Minh"
Voucher Bulgogi Burger tại Lotteria,Lotteria,"102 Lê Quốc Hưng, P. 12, Quận 4, Hồ Chí Minh"
Voucher Bulgogi Burger tại Lotteria,Lotteria,"1271 Tỉnh lộ 10, KP. 9, P. Tân Tạo, Quận Bình Tân, Hồ Chí Minh"
Voucher Bulgogi Burger tại Lotteria,Lotteria,"52 Hậu Giang, P. 06, Quận 6, Hồ Chí Minh"
Voucher Bulgogi Burger tại Lotteria,Lotteria,"220/151/3B - 222 Xô Viết Nghệ Tĩnh, P. 21, Quận Bình Thạnh, Hồ Chí Minh"
Voucher Bulgogi Burger tại Lotteria,Lotteria,"309 - 311 Vành Đai Trong, P. Bình Trị Đông B, Quận Bình Tân, Hồ Chí Minh"
Voucher Bulgogi Burger tại Lotteria,Lotteria,"250B Lý Chính Thắng, P. 9, Quận 3, Hồ Chí Minh"
Voucher Bulgogi Burger tại Lotteria,Lotteria,"09 Quang Trung, P. 11, Quận Gò Vấp, Hồ Chí Minh"
Voucher Bulgogi Burger tại Lotteria,Lotteria,"251 Phan Xích Long, KDC Rạch Miễu P. 7, Quận Phú Nhuận, Hồ Chí Minh"
Voucher Bulgogi Burger tại Lotteria,Lotteria,"01 Nguyễn Thông, P. 9, Quận 3, Hồ Chí Minh"
Voucher Bulgogi Burger tại Lotteria,Lotteria,"175 H òa Bình, P. Hiệp Tân, Quận Tân Phú, Hồ Chí Minh"
Voucher Bulgogi Burger tại Lotteria,Lotteria,"TTTM Big C City Land, Lô A, KDC City Land, Số 99 Nguyễn Thị Thập, Quận 7, Hồ Chí Minh"
Voucher Bulgogi Burger tại Lotteria,Lotteria,"968 Ba Tháng Hai, P. 15, Quận 11, Hồ Chí Minh"
Voucher Bulgogi Burger tại Lotteria,Lotteria,"175 (số cũ 19/35) Độc Lập, P. Tân Quý, Quận Tân Phú, Hồ Chí Minh"
Voucher Bulgogi Burger tại Lotteria,Lotteria,"114 Trần Hưng Đạo, P. 7, Quận 5, Hồ Chí Minh"
Voucher Bulgogi Burger tại Lotteria,Lotteria,"307A (số cũ 155A) Tô Hiến Thành, P. 13, Quận 10, Hồ Chí Minh"
Voucher Bulgogi Burger tại Lotteria,Lotteria,"604 - 606 Điện Biên Phủ, P. 22, Quận Bình Thạnh, Hồ Chí Minh"
Voucher Bulgogi Burger tại Lotteria,Lotteria,"72 Ngô Tất Tố, Phường 19, Quận Bình Thạnh, Hồ Chí Minh"
Voucher Bulgogi Burger tại Lotteria,Lotteria,"283 Võ Văn Ngân, P. Linh Chiểu, Quận Thủ Đức, Hồ Chí Minh"
Voucher Bulgogi Burger tại Lotteria,Lotteria,"187 Xuân Hồng, Phường 12, Quận Tân Bình, Hồ Chí Minh"
Voucher Bulgogi Burger tại Lotteria,Lotteria,"346B Lê Quang Định, P. 11, Quận Bình Thạnh, Hồ Chí Minh"
Voucher Bulgogi Burger tại Lotteria,Lotteria,"TTTM Mua Sắm Aeon - Tân Phú Celadon, 30 Bờ Bao Tân Thắng, P. Sơn Kỳ, Quận Tân Phú, Hồ Chí Minh"
Voucher Bulgogi Burger tại Lotteria,Lotteria,"Tầng 1, 18 Phan Văn Trị, P. 10, Quận Gò Vấp, Hồ Chí Minh"
Voucher Bulgogi Burger tại Lotteria,Lotteria,"211 - 213 Bình Phú, P. 11, Quận 6, Hồ Chí Minh"
Voucher Bulgogi Burger tại Lotteria,Lotteria,"445 Bạch Đằng, P. 12, Quận Bình Thạnh, Hồ Chí Minh"
Voucher Bulgogi Burger tại Lotteria,Lotteria,"Khu B, KĐT mới An Phú - An Khánh, P. An Phú, Quận 2, Hồ Chí Minh"
Voucher Bulgogi Burger tại Lotteria,Lotteria,"572A Ba Tháng Hai, P. 14, Quận 10, Hồ Chí Minh"
Voucher Bulgogi Burger tại Lotteria,Lotteria,"95A Trần Hưng Đạo, P. Cầu Ông Lãnh, Quận 1, Hồ Chí Minh"
Voucher Bulgogi Burger tại Lotteria,Lotteria,"Tầng 5, 101 Tôn Dật Tiên, P. Tân Phú, Quận 7, Hồ Chí Minh"
Voucher Bulgogi Burger tại Lotteria,Lotteria,"66 Mạc Cửu-67 Vạn Kiếp, P. 13, Quận 5, Hồ Chí Minh"
Voucher Bulgogi Burger tại Lotteria,Lotteria,"11 Sư Phạn Vạn Hạnh, P. 12, Quận 10, Hồ Chí Minh"
Voucher Bulgogi Burger tại Lotteria,Lotteria,"33 Nguyễn Văn Nghi, P. 4, Quận Gò Vấp, Hồ Chí Minh"
Voucher Bulgogi Burger tại Lotteria,Lotteria,"158 - 160 Lê Bình, P. 4, Quận Tân Bình, Hồ Chí Minh"
Voucher Bulgogi Burger tại Lotteria,Lotteria,"111 Dương Bá Trạc, P. 1, Quận 8, Hồ Chí Minh"
Voucher Bulgogi Burger tại Lotteria,Lotteria,"357 Quốc lộ 22, ấp Thượng, xã Tân Thông Hội, Huyện Củ Chi, Hồ Chí Minh"
Voucher Bulgogi Burger tại Lotteria,Lotteria,"P5 _SH.02 Tòa Park 5 Vinhomes Central, 20A Điện Biên Phủ, Phường 22, Quận Bình Thạnh, Hồ Chí Minh"
Voucher Bulgogi Burger tại Lotteria,Lotteria,"469 Nguyễn Hữu Thọ, P. Tân Hưng, Quận 7, Hồ Chí Minh"
Voucher Bulgogi Burger tại Lotteria,Lotteria,"S6.0301.S04 & S6.0301.S03 Origami Vinhomes Grand Park, Quận 9, Hồ Chí Minh"
Voucher Bulgogi Burger tại Lotteria,Lotteria,"292 Đinh Bộ Lĩnh, P. 26, Quận Bình Thạnh, Hồ Chí Minh"
Voucher Bulgogi Burger tại Lotteria,Lotteria,"Số 2 Song Hành (gần Cầu Đen), P. An Phú, Quận 2, Hồ Chí Minh"
Voucher Bulgogi Burger tại Lotteria,Lotteria,"Coopmart Tuy Lý Vương, 40 - 54 Tuy Lý Vương, P. 13, Quận 8, Hồ Chí Minh"
Voucher Bulgogi Burger tại Lotteria,Lotteria,"801 Hồng Bàng, P. 9, Quận 6, Hồ Chí Minh"
Voucher Bulgogi Burger tại Lotteria,Lotteria,"573 Huỳnh Tấn Phát, P. Tân Thuận Đông, Quận 7, Hồ Chí Minh"
Voucher Bulgogi Burger tại Lotteria,Lotteria,"11-11 Bis Nguyễn Thị Minh Khai, P. Bến Nghé, Quận 1, Hồ Chí Minh"
Voucher Bulgogi Burger tại Lotteria,Lotteria,"303 Trần Hưng Đạo, P. Nguyễn Cư Trinh, Quận 1, Hồ Chí Minh"
Voucher Bulgogi Burger tại Lotteria,Lotteria,"1397 Nguyễn Văn Linh, KP Mỹ Khánh 2-H4-2, P. Tân Phong, Quận 7, Hồ Chí Minh"
Voucher Bulgogi Burger tại Lotteria,Lotteria,"380 Thoại Ngọc Hầu, P. Phú Thạnh, Quận Tân Phú, Hồ Chí Minh"
Voucher Bulgogi Burger tại Lotteria,Lotteria,"70 - 72 Bàu Cát, P. 14, Quận Tân Bình, Hồ Chí Minh"
Voucher Bulgogi Burger tại Lotteria,Lotteria,"02 Ngô Gia Tự - 145 Lý Thái Tổ, P. 9, Quận 10, Hồ Chí Minh"
Voucher Bulgogi Burger tại Lotteria,Lotteria,"159/6 - 160/1 ấp Trung Chánh, xã Tân Xuân, Huyện Hóc Môn, Hồ Chí Minh"
Voucher Bulgogi Burger tại Lotteria,Lotteria,"92A Phan Chu Trinh, Quận Hải Châu, Đà Nẵng"
Voucher Bulgogi Burger tại Lotteria,Lotteria,"Trần Nhân Tông, Bình Than, Quận Sơn Trà, Đà Nẵng"
Voucher Bulgogi Burger tại Lotteria,Lotteria,"568 Trưng Nữ Vương, P. Hòa Thuận Tây, Quận Hải Châu, Đà Nẵng"
Voucher Bulgogi Burger tại Lotteria,Lotteria,"120 Nguyễn Thị Minh Khai, P. Hải Châu 1, Quận Hải Châu, Đà Nẵng"
Voucher Bulgogi Burger tại Lotteria,Lotteria,"06 Trần Hưng Đạo, P. Phú Hòa, Thừa Thiên Huế, Thành Phố Huế, Thừa Thiên Huế"
Voucher Bulgogi Burger tại Lotteria,Lotteria,"TTTM khu Quy hoạch Bà Triệu - Hùng Vương, P. Phú Hội, Thừa Thiên Huế, Thành Phố Huế, Thừa Thiên Huế"
Voucher Bulgogi Burger tại Lotteria,Lotteria,"T308, Tầng 3 Trung tâm thương mại Aeon Mall Huế, Số 8 đường Võ Nguyên Giáp, Phường An Đông, Huế, Thừa Thiên Huế"
Voucher Bulgogi Burger tại Lotteria,Lotteria,"118 - 120 Trần Nguyên Hãn, Quận Lê Trân, Hải Phòng"
Voucher Bulgogi Burger tại Lotteria,Lotteria,"88 Trần Phú, Quận Ngô Quyền, Hải Phòng"
Voucher Bulgogi Burger tại Lotteria,Lotteria,"Số 2 Phạm Minh Đức, Phường Máy Tơ, Quận Ngô Quyền, Hải Phòng"
Voucher Bulgogi Burger tại Lotteria,Lotteria,"317 Trần Thành Ngọ, Quận Kiến An, Hải Phòng"
Voucher Bulgogi Burger tại Lotteria,Lotteria,"Lô 1/20 KĐT ngã 5, Sân bay Cát Bi, Quận Ngô Quyền, Hải Phòng"
Voucher Bulgogi Burger tại Lotteria,Lotteria,"207C Lạch Tray, Quận Ngô Quyền, Hải Phòng"
Voucher Bulgogi Burger tại Lotteria,Lotteria,"Lô 01, KDC Hưng Phú 1, P. Hưng Phú, Quận Cái Răng, Cần Thơ"
Voucher Bulgogi Burger tại Lotteria,Lotteria,"Lô 1F11, Lottemart, số 84 Mậu Thân, Phường An Hòa, Quận Ninh Kiều, Cần Thơ"
Voucher Bulgogi Burger tại Lotteria,Lotteria,"170 Nguyễn Văn Cừ, P. An Khánh, Quận Ninh Kiều, Cần Thơ"
Voucher Bulgogi Burger tại Lotteria,Lotteria,"Soiva Plaza Me Linh, Quận Khai Hoang, Vĩnh Yên, Vĩnh Phúc"
Voucher Bulgogi Burger tại Lotteria,Lotteria,"TTTM Vincom Plaza, Đường Cù Chính Lan, Đồng Tiến, Hoà Bình"
Voucher Bulgogi Burger tại Lotteria,Lotteria,"Tầng 3, Vincom Bắc Kan, Số 8A Đức Xuân, Bắc Kạn"
Voucher Bulgogi Burger tại Lotteria,Lotteria,"Ngã 6, Plot 26, Khu 13, P. Kim Tân, Lào Cai, Lào Cai"
Voucher Bulgogi Burger tại Lotteria,Lotteria,"Đường Cầu Kì Lừa, P. Chi Lăng, Lạng Sơn, Lạng Sơn"
Voucher Bulgogi Burger tại Lotteria,Lotteria,"Tầng 1 TTTM Big C Bắc Giang, ngã 4 Hùng Vương kéo dài, xã Tân Tiến, Bắc Giang, Bắc Giang"
Voucher Bulgogi Burger tại Lotteria,Lotteria,"TTTM Big C Việt Trì, Nguyễn Tất Thành, P. Thanh Miếu, Việt Trì, Phú Thọ"
Voucher Bulgogi Burger tại Lotteria,Lotteria,"Lầu 3, Vincom Sơn La, Trường Chinh, P. Quyết Thắng, Sơn La, Sơn La"
Voucher Bulgogi Burger tại Lotteria,Lotteria,"TTTM Thiên Trường, Quận Lộc Hòa, Nam Định"
Voucher Bulgogi Burger tại Lotteria,Lotteria,"02 Hồng Quang, P. Quang Trung, Hải Dương"
Voucher Bulgogi Burger tại Lotteria,Lotteria,"02 Trần Khánh Dư, P. Cẩm Đông, Cẩm Phả, Quảng Ninh"
Voucher Bulgogi Burger tại Lotteria,Lotteria,"160 Lê Thánh Tôn, Hạ Long, Quảng Ninh"
Voucher Bulgogi Burger tại Lotteria,Lotteria,"TTTM Vincom Hạ Long, P. Bạch Đằng, Hạ Long, Quảng Ninh"
Voucher Bulgogi Burger tại Lotteria,Lotteria,"TTTM Big C, Cột 5, P. Hồng Hải, Hạ Long, Quảng Ninh"
Voucher Bulgogi Burger tại Lotteria,Lotteria,"TTTM Big C Ninh Bình, Trần Nhân Tông, Xã Ninh Phúc, Ninh Bình"
Voucher Bulgogi Burger tại Lotteria,Lotteria,"Số 342-346 Trần Hưng Đạo, P. Cửa Bắc, Thành phố Nam Định, Nam Định"
Voucher Bulgogi Burger tại Lotteria,Lotteria,"Tầng 1 Big C Thanh Hóa, Xã Đông Hải, Thanh Hóa"
Voucher Bulgogi Burger tại Lotteria,Lotteria,"TTTM Vincom Plaza Thanh Hóa, Phường Trần Phú, Thanh Hóa"
Voucher Bulgogi Burger tại Lotteria,Lotteria,"Tầng 3-16, Lotte Mart Vinh, 295 đường V.I Lê Ninh, P. Hà Huy Tập, Vinh, Nghệ An"
Voucher Bulgogi Burger tại Lotteria,Lotteria,"87A Nguyễn Văn Cừ, Khối 2, Phường Trường Thi, Vinh, Nghệ An"
Voucher Bulgogi Burger tại Lotteria,Lotteria,"TTTM Big C Vinh, 02 Quang Trung, Vinh, Nghệ An"
Voucher Bulgogi Burger tại Lotteria,Lotteria,"74 Trần Phú, P. Bắc Hà, Hà Tĩnh"
Voucher Bulgogi Burger tại Lotteria,Lotteria,"Số 1 Hùng Vương, Phường Cẩm Phô, Hội An, Quảng Nam"
Voucher Bulgogi Burger tại Lotteria,Lotteria,"Cổng Nam TTTM Go! Đường Lý Thường Kiệt, Nghĩa Chánh, Quảng Ngãi"
Voucher Bulgogi Burger tại Lotteria,Lotteria,"117B Đại lộ Hùng Vương, Trần Hưng Đạo, Quảng Ngãi"
Voucher Bulgogi Burger tại Lotteria,Lotteria,"01 Phan Bội Châu, P. Hội Thương, Pleiku, Gia Lai"
Voucher Bulgogi Burger tại Lotteria,Lotteria,"KĐT xanh Vũng Chua, P. Ghềnh Ráng, Quy Nhơn, Bình Định"
Voucher Bulgogi Burger tại Lotteria,Lotteria,"02 - 2A Nguyễn Thái Học, Quy Nhơn, Bình Định"
Voucher Bulgogi Burger tại Lotteria,Lotteria,"178 Y Jut, Thắng Lợi, Buôn Ma Thuột, Đắk Lắk"
Voucher Bulgogi Burger tại Lotteria,Lotteria,"2+2/1 Nguyễn Đình Chiểu, P. Vĩnh Phước, Nha Trang, Khánh Hòa"
Voucher Bulgogi Burger tại Lotteria,Lotteria,"Lô 04, đường 19/5, KĐT Vĩnh Điềm Trung, xã Vĩnh Hiệp, Nha Trang, Khánh Hòa"
Voucher Bulgogi Burger tại Lotteria,Lotteria,"2038 Hùng Vương, P. Cam Lộc, Cam Ranh, Khánh Hòa"
Voucher Bulgogi Burger tại Lotteria,Lotteria,"73 Thống Nhất, Nha Trang, Khánh Hòa"
Voucher Bulgogi Burger tại Lotteria,Lotteria,"CTXD số SB.D-70, Dự án Công viên văn hóa Vinwonders Nha Trang, Đảo Hòn Tre, P. Vĩnh Nguyên, Nha Trang, Khánh Hòa"
Voucher Bulgogi Burger tại Lotteria,Lotteria,"133 Bà Triệu, P. Thắng Lợi, Kon Tum, Kon Tum"
Voucher Bulgogi Burger tại Lotteria,Lotteria,"Quảng Trường Lâm Viên, góc đường Hồ Tùng Mậu - Trần Quốc Thảo, P. 10, Đà Lạt, Lâm Đồng"
Voucher Bulgogi Burger tại Lotteria,Lotteria,"01 Nguyễn Thị Minh Khai, P. 01, Đà Lạt, Lâm Đồng"
Voucher Bulgogi Burger tại Lotteria,Lotteria,"Tầng trệt, Tháp nước, Trần Phú, P. 2, Bảo Lộc, Lâm Đồng"
Voucher Bulgogi Burger tại Lotteria,Lotteria,"285 Bùi Thị Xuân, P. 8, Đà Lạt, Lâm Đồng"
Voucher Bulgogi Burger tại Lotteria,Lotteria,"KDC Hùng Vương 1, P. Phú Thủy, Phan Thiết, Bình Thuận"
Voucher Bulgogi Burger tại Lotteria,Lotteria,"62 Thủ Khoa Huân, KP. 1, P. Bình Hưng, Phan Thiết, Bình Thuận"
Voucher Bulgogi Burger tại Lotteria,Lotteria,"1A Nguyễn Tất Thành, P. Bình Hưng, Phan Thiết, Bình Thuận"
Voucher Bulgogi Burger tại Lotteria,Lotteria,"198 Hùng Vương, P. Xuân Bình, Thị xã Long Khánh, Đồng Nai"
Voucher Bulgogi Burger tại Lotteria,Lotteria,"03 Phan Chu Trinh, P. Quang Vinh, Biên Hòa, Đồng Nai"
Voucher Bulgogi Burger tại Lotteria,Lotteria,"Siêu Thị Hoàng Đức Gia Kiệm - 166 ấp Bạch Lâm 1, xã Gia Tân 2, Huyện Thống Nhất, Đồng Nai"
Voucher Bulgogi Burger tại Lotteria,Lotteria,"F230-F231 Võ Thị Sáu, Phường Thống Nhất, Biên Hòa, Đồng Nai"
Voucher Bulgogi Burger tại Lotteria,Lotteria,"Lô B-03, KTM Amata, Quốc lộ 1A, P. Long Bình, Biên Hòa, Đồng Nai"
Voucher Bulgogi Burger tại Lotteria,Lotteria,"Quốc Lộ 51, KP 1, P. Long Bình Tân, Biên Hòa, Đồng Nai"
Voucher Bulgogi Burger tại Lotteria,Lotteria,"TTTM Chợ Thanh Hà, Trần Phú, P. Phủ Hòa, Phan Rang - Tháp Chàm, Ninh Thuận"
Voucher Bulgogi Burger tại Lotteria,Lotteria,"KĐT The Seasons Bình Dương, P. Lái Thiêu, Thị xã Thuận An, Bình Dương"
Voucher Bulgogi Burger tại Lotteria,Lotteria,"01 Trần Hưng Đạo, P. Phú Cường, Thị xã Thủ Dầu Một, Bình Dương"
Voucher Bulgogi Burger tại Lotteria,Lotteria,"555B đại lộ Bình Dương, P. Hiệp Bình, Thị xã Thủ Dầu Một, Bình Dương"
Voucher Bulgogi Burger tại Lotteria,Lotteria,"368 đường 30/4 P. Chánh Nghĩa, Thị xã Thủ Dầu Một, Bình Dương"
Voucher Bulgogi Burger tại Lotteria,Lotteria,"231 Yersin, P. Hiệp Thành, Thị xã Thủ Dầu Một, Bình Dương"
Voucher Bulgogi Burger tại Lotteria,Lotteria,"TTTM Green Square, P. Đông Hòa, Thị xã Dĩ An, Bình Dương"
Voucher Bulgogi Burger tại Lotteria,Lotteria,"TTMS Aeon - Bình Dương Canary, 1 Đại Lộ Bình Dương, KP. Bình Giao, P. Thuận Giao, Thị xã Thuận An, Bình Dương"
Voucher Bulgogi Burger tại Lotteria,Lotteria,"Tầng trệt, KP. Lộc An, Thị trấn Trảng Bàng, Huyện Trảng Bàng, Tây Ninh"
Voucher Bulgogi Burger tại Lotteria,Lotteria,"576 Cách Mạng Tháng Tám, Phường 3, Tây Ninh"
Voucher Bulgogi Burger tại Lotteria,Lotteria,"09 Hạ Long, P. 2, Vũng Tàu, Bà Rịa - Vũng Tàu"
Voucher Bulgogi Burger tại Lotteria,Lotteria,"227 Nam Kỳ Khởi Nghĩa - 378 Lê Hồng Phong, P. 03, Vũng Tàu, Bà Rịa - Vũng Tàu"
Voucher Bulgogi Burger tại Lotteria,Lotteria,"Tầng 1, Góc đường 3/2 - Thi Sách, P. 8, Vũng Tàu, Bà Rịa - Vũng Tàu"
Voucher Bulgogi Burger tại Lotteria,Lotteria,"Shop GF-01, Ấp Thanh Ba, Xã Mỹ Lộc, Thị trấn Cần Giuộc, Huyện Cần Giuộc, Long An"
Voucher Bulgogi Burger tại Lotteria,Lotteria,"34 Ngô Quyền, P. 1, Mỹ Tho, Tiền Giang"
Voucher Bulgogi Burger tại Lotteria,Lotteria,"545 Lê Văn Phẩm, P. 5, Mỹ Tho, Tiền Giang"
Voucher Bulgogi Burger tại Lotteria,Lotteria,"15 Trương Định - 11 Phan Đình Phùng, KP. 01, P. 1, Thị xã Gò Công, Tiền Giang"
Voucher Bulgogi Burger tại Lotteria,Lotteria,"Go Mart Trà Vinh, Đường Võ Nguyên Giáp, P. 7, Trà Vinh"
Voucher Bulgogi Burger tại Lotteria,Lotteria,"Tầng trệt, Nguyễn Sinh Sắc, khóm 2, P. 2, Sa Đéc, Đồng Tháp"
Voucher Bulgogi Burger tại Lotteria,Lotteria,"65 Nguyễn Huệ, P. 01, Cao Lãnh, Đồng Tháp"
Voucher Bulgogi Burger tại Lotteria,Lotteria,"01 Ngô Thời Nhậm, P. 1, Cao Lãnh, Đồng Tháp"
Voucher Bulgogi Burger tại Lotteria,Lotteria,"92 Nguyễn Trãi, P. Mỹ Long, Long Xuyên, An Giang"
Voucher Bulgogi Burger tại Lotteria,Lotteria,"29 Trần Hưng Đạo, P. 5, Cà Mau, Cà Mau"
Voucher Combo Chicken tại Lotteria,Lotteria,"Ngã 3 Đào Duy Anh - Kim Liên - Phạm Ngọc Thạch, Quận Đống Đa, Hà Nội"
Voucher Combo Chicken tại Lotteria,Lotteria,"Phạm Văn Đồng, P. Cổ Nhuế 1, Quận Bắc Từ Liêm, Hà Nội"
Voucher Combo Chicken tại Lotteria,Lotteria,"Toà nhà Mandarin Garden 2, Số 493 Tân Mai, P. Tân Mai, Quận Hoàng Mai, Hà Nội"
Voucher Combo Chicken tại Lotteria,Lotteria,"64 BT X2, khu đô thị Bắc Linh Đàm, Quận Hoàng Mai, Hà Nội"
Voucher Combo Chicken tại Lotteria,Lotteria,"201 Khâm Thiên, Quận Đống Đa, Hà Nội"
Voucher Combo Chicken tại Lotteria,Lotteria,"154 Bà Triệu, Nguyễn Du, Quận Hai Bà Trưng, Hà Nội"
Voucher Combo Chicken tại Lotteria,Lotteria,"152 Thái Thịnh, Láng Hạ, Quận Đống Đa, Hà Nội"
Voucher Combo Chicken tại Lotteria,Lotteria,"TTTM EBEST xã Minh Khai, Quận Từ Liêm, Hà Nội"
Voucher Combo Chicken tại Lotteria,Lotteria,"Tầng 1, Aeon Mall Long Biên, Cổ Linh, Quận Long Biên, Hà Nội"
Voucher Combo Chicken tại Lotteria,Lotteria,"Tầng 1C2 Nguyễn Cơ Thạch, KĐT Mỹ Đình, Quận Từ Liêm, Hà Nội"
Voucher Combo Chicken tại Lotteria,Lotteria,"138 Lê Thanh Nghị, P. Bách Khoa, Quận Hai Bà Trưng, Hà Nội"
Voucher Combo Chicken tại Lotteria,Lotteria,"7-9 Đinh Tiên Hoàng, P. Hàng Bạc, Quận Hoàn Kiếm, Hà Nội"
Voucher Combo Chicken tại Lotteria,Lotteria,"01 Núi Trúc, P.Kim Mã, Quận Ba Đình, Hà Nội"
Voucher Combo Chicken tại Lotteria,Lotteria,"298 Cầu Giấy, P. Quan Hoa, Quận Cầu Giấy, Hà Nội"
Voucher Combo Chicken tại Lotteria,Lotteria,"391 Hoàng Quốc Việt, P. Nghĩa Tân, Quận Cầu giấy, Hà Nội"
Voucher Combo Chicken tại Lotteria,Lotteria,"66 Lò Đúc, P. Phạm Đình Hổ, Quận Hai Bà Trưng, Hà Nội"
Voucher Combo Chicken tại Lotteria,Lotteria,"Tầng 4 , Ô số 430+431, Lotte Mall, Ngõ 683 Lạc Long Quân, P. Phú Thượng, Quận Tây Hồ, Hà Nội"
Voucher Combo Chicken tại Lotteria,Lotteria,"203 Nguyễn Thị Minh Khai, P. Minh Khai, Quận Hai Bà Trưng, Hà Nội"
Voucher Combo Chicken tại Lotteria,Lotteria,"Tầng 1 Mễ Trì, P. Mễ Trì, Quận Từ Liêm, Hà Nội"
Voucher Combo Chicken tại Lotteria,Lotteria,"TTTM Savico Nguyễn Văn Linh, Quận Long Biên, Hà Nội"
Voucher Combo Chicken tại Lotteria,Lotteria,"2A Trần Vũ, P. Quán Thánh, Quận Ba Đình, Hà Nội"
Voucher Combo Chicken tại Lotteria,Lotteria,"Km 10 Nguyễn Trãi, P. Mỗ Lao, Quận Hà Đông, Hà Nội"
Voucher Combo Chicken tại Lotteria,Lotteria,"Ngã 3 Yên Xá, Tân Triều, Quận Hà Đông, Hà Nội"
Voucher Combo Chicken tại Lotteria,Lotteria,"103DN11 Nguyễn Khánh Toàn, P. Quan Hoa, Quận Cầu Giấy, Hà Nội"
Voucher Combo Chicken tại Lotteria,Lotteria,"54 Liễu Giai, P. Cống Vị, Quận Ba Đình, Hà Nội"
Voucher Combo Chicken tại Lotteria,Lotteria,"445a Lạc Long Quân, Phường Xuân La, Quận Tây Hồ, Hà Nội"
Voucher Combo Chicken tại Lotteria,Lotteria,"Tầng 1 Citimart Hà Đông, CT 7A-CT7B KĐTM Văn Quán, P. Phúc La, Quận Hà Đông, Hà Nội"
Voucher Combo Chicken tại Lotteria,Lotteria,"63 Huỳnh Thúc Kháng, P. Láng Hạ, Quận Đống Đa, Hà Nội"
Voucher Combo Chicken tại Lotteria,Lotteria,"SH20.21 Tòa S1.05 Vinhomes Ocean Park, xã Đa Tốn, Huyện Gia Lâm, Hà Nội"
Voucher Combo Chicken tại Lotteria,Lotteria,"TTTM Aeon Mall, P. Dương Nội, Quận Hà Đông, Hà Nội"
Voucher Combo Chicken tại Lotteria,Lotteria,"34 Hoàng Cầu, P. Ô Chợ Dừa, Quận Đống Đa, Hà Nội"
Voucher Combo Chicken tại Lotteria,Lotteria,"Lô D5, KĐTM Cầu Giấy, P. Dịch Vọng, Quận Cầu Giấy, Hà Nội"
Voucher Combo Chicken tại Lotteria,Lotteria,"437 Bạch Mai, P. Trương Định, Quận Hai Bà Trưng, Hà Nội"
Voucher Combo Chicken tại Lotteria,Lotteria,"Tầng 2 Big C Thăng Long, 222 Trần Duy Hưng, P. Trung Hòa, Quận Cầu Giấy, Hà Nội"
Voucher Combo Chicken tại Lotteria,Lotteria,"23 Hàng Thanh, P. Nguyễn Trung Trực, Quận Ba Đình, Hà Nội"
Voucher Combo Chicken tại Lotteria,Lotteria,"Tầng 1 Tòa A8, An Bình City, 232 Phạm Văn Đồng, Quận Bắc Từ Liêm, Hà Nội"
Voucher Combo Chicken tại Lotteria,Lotteria,"72A Nguyễn Trãi, Quận Thanh Xuân, Hà Nội"
Voucher Combo Chicken tại Lotteria,Lotteria,"210-212 Nguyễn Văn Cừ, P. Ngọc Lâm, Quận Long Biên, Hà Nội"
Voucher Combo Chicken tại Lotteria,Lotteria,"Tòa Horizon city, 87 Lĩnh Nam, P. Mai Động, Quận Hoàng Mai, Hà Nội"
Voucher Combo Chicken tại Lotteria,Lotteria,"112 Trần Duy Hưng, P. Trung Hòa, Quận Cầu Giấy, Hà Nội"
Voucher Combo Chicken tại Lotteria,Lotteria,"Tầng hầm B1 Times City, 458 Minh Khai, P. Vĩnh Tuy, Quận Hai Bà Trưng, Hà Nội"
Voucher Combo Chicken tại Lotteria,Lotteria,"Tầng 1 CT 4A.B KĐT Xa La, xã Phúc La, Quận Hà Đông, Hà Nội"
Voucher Combo Chicken tại Lotteria,Lotteria,"TTTM Mê Linh, Tô Hiệu, Quận Hà Đông, Hà Nội"
Voucher Combo Chicken tại Lotteria,Lotteria,"Tầng 1 tòa nhà Housing, 299 Trung Kính, Trung Hòa, Quận Cầu Giấy, Hà Nội"
Voucher Combo Chicken tại Lotteria,Lotteria,"TTTM Mua Sắm Aeon - Tân Phú Celadon, 30 Bờ Bao Tân Thắng, P. Sơn Kỳ, Quận Tân Phú, Hồ Chí Minh"
Voucher Combo Chicken tại Lotteria,Lotteria,"Tầng 1, 18 Phan Văn Trị, P. 10, Quận Gò Vấp, Hồ Chí Minh"
Voucher Combo Chicken tại Lotteria,Lotteria,"211 - 213 Bình Phú, P. 11, Quận 6, Hồ Chí Minh"
Voucher Combo Chicken tại Lotteria,Lotteria,"445 Bạch Đằng, P. 12, Quận Bình Thạnh, Hồ Chí Minh"
Voucher Combo Chicken tại Lotteria,Lotteria,"Khu B, KĐT mới An Phú - An Khánh, P. An Phú, Quận 2, Hồ Chí Minh"
Voucher Combo Chicken tại Lotteria,Lotteria,"572A Ba Tháng Hai, P. 14, Quận 10, Hồ Chí Minh"
Voucher Combo Chicken tại Lotteria,Lotteria,"95A Trần Hưng Đạo, P. Cầu Ông Lãnh, Quận 1, Hồ Chí Minh"
Voucher Combo Chicken tại Lotteria,Lotteria,"Tầng 5, 101 Tôn Dật Tiên, P. Tân Phú, Quận 7, Hồ Chí Minh"
Voucher Combo Chicken tại Lotteria,Lotteria,"66 Mạc Cửu-67 Vạn Kiếp, P. 13, Quận 5, Hồ Chí Minh"
Voucher Combo Chicken tại Lotteria,Lotteria,"11 Sư Phạn Vạn Hạnh, P. 12, Quận 10, Hồ Chí Minh"
Voucher Combo Chicken tại Lotteria,Lotteria,"33 Nguyễn Văn Nghi, P. 4, Quận Gò Vấp, Hồ Chí Minh"
Voucher Combo Chicken tại Lotteria,Lotteria,"158 - 160 Lê Bình, P. 4, Quận Tân Bình, Hồ Chí Minh"
Voucher Combo Chicken tại Lotteria,Lotteria,"111 Dương Bá Trạc, P. 1, Quận 8, Hồ Chí Minh"
Voucher Combo Chicken tại Lotteria,Lotteria,"357 Quốc lộ 22, ấp Thượng, xã Tân Thông Hội, Huyện Củ Chi, Hồ Chí Minh"
Voucher Combo Chicken tại Lotteria,Lotteria,"P5 _SH.02 Tòa Park 5 Vinhomes Central, 20A Điện Biên Phủ, Phường 22, Quận Bình Thạnh, Hồ Chí Minh"
Voucher Combo Chicken tại Lotteria,Lotteria,"469 Nguyễn Hữu Thọ, P. Tân Hưng, Quận 7, Hồ Chí Minh"
Voucher Combo Chicken tại Lotteria,Lotteria,"S6.0301.S04 & S6.0301.S03 Origami Vinhomes Grand Park, Quận 9, Hồ Chí Minh"
Voucher Combo Chicken tại Lotteria,Lotteria,"292 Đinh Bộ Lĩnh, P. 26, Quận Bình Thạnh, Hồ Chí Minh"
Voucher Combo Chicken tại Lotteria,Lotteria,"Số 2 Song Hành (gần Cầu Đen), P. An Phú, Quận 2, Hồ Chí Minh"
Voucher Combo Chicken tại Lotteria,Lotteria,"Coopmart Tuy Lý Vương, 40 - 54 Tuy Lý Vương, P. 13, Quận 8, Hồ Chí Minh"
Voucher Combo Chicken tại Lotteria,Lotteria,"801 Hồng Bàng, P. 9, Quận 6, Hồ Chí Minh"
Voucher Combo Chicken tại Lotteria,Lotteria,"573 Huỳnh Tấn Phát, P. Tân Thuận Đông, Quận 7, Hồ Chí Minh"
Voucher Combo Chicken tại Lotteria,Lotteria,"11-11 Bis Nguyễn Thị Minh Khai, P. Bến Nghé, Quận 1, Hồ Chí Minh"
Voucher Combo Chicken tại Lotteria,Lotteria,"303 Trần Hưng Đạo, P. Nguyễn Cư Trinh, Quận 1, Hồ Chí Minh"
Voucher Combo Chicken tại Lotteria,Lotteria,"1397 Nguyễn Văn Linh, KP Mỹ Khánh 2-H4-2, P. Tân Phong, Quận 7, Hồ Chí Minh"
Voucher Combo Chicken tại Lotteria,Lotteria,"380 Thoại Ngọc Hầu, P. Phú Thạnh, Quận Tân Phú, Hồ Chí Minh"
Voucher Combo Chicken tại Lotteria,Lotteria,"70 - 72 Bàu Cát, P. 14, Quận Tân Bình, Hồ Chí Minh"
Voucher Combo Chicken tại Lotteria,Lotteria,"02 Ngô Gia Tự - 145 Lý Thái Tổ, P. 9, Quận 10, Hồ Chí Minh"
Voucher Combo Chicken tại Lotteria,Lotteria,"159/6 - 160/1 ấp Trung Chánh, xã Tân Xuân, Huyện Hóc Môn, Hồ Chí Minh"
Voucher Combo Chicken tại Lotteria,Lotteria,"250B Lý Chính Thắng, P. 9, Quận 3, Hồ Chí Minh"
Voucher Combo Chicken tại Lotteria,Lotteria,"Pico Plaza, 20 Cộng Hòa, P. 12, Quận Tân Bình, Hồ Chí Minh"
Voucher Combo Chicken tại Lotteria,Lotteria,"10 Võ Văn Ngân, P. Trường Thọ, Quận Thủ Đức, Hồ Chí Minh"
Voucher Combo Chicken tại Lotteria,Lotteria,"68 Lê Văn Việt, Tổ 11, KP. 2, P. Hiệp Phú, Quận 9, Hồ Chí Minh"
Voucher Combo Chicken tại Lotteria,Lotteria,"102 Lê Quốc Hưng, P. 12, Quận 4, Hồ Chí Minh"
Voucher Combo Chicken tại Lotteria,Lotteria,"1271 Tỉnh lộ 10, KP. 9, P. Tân Tạo, Quận Bình Tân, Hồ Chí Minh"
Voucher Combo Chicken tại Lotteria,Lotteria,"52 Hậu Giang, P. 06, Quận 6, Hồ Chí Minh"
Voucher Combo Chicken tại Lotteria,Lotteria,"220/151/3B - 222 Xô Viết Nghệ Tĩnh, P. 21, Quận Bình Thạnh, Hồ Chí Minh"
Voucher Combo Chicken tại Lotteria,Lotteria,"309 - 311 Vành Đai Trong, P. Bình Trị Đông B, Quận Bình Tân, Hồ Chí Minh"
Voucher Combo Chicken tại Lotteria,Lotteria,"09 Quang Trung, P. 11, Quận Gò Vấp, Hồ Chí Minh"
Voucher Combo Chicken tại Lotteria,Lotteria,"251 Phan Xích Long, KDC Rạch Miễu P. 7, Quận Phú Nhuận, Hồ Chí Minh"
Voucher Combo Chicken tại Lotteria,Lotteria,"01 Nguyễn Thông, P. 9, Quận 3, Hồ Chí Minh"
Voucher Combo Chicken tại Lotteria,Lotteria,"175 H òa Bình, P. Hiệp Tân, Quận Tân Phú, Hồ Chí Minh"
Voucher Combo Chicken tại Lotteria,Lotteria,"TTTM Big C City Land, Lô A, KDC City Land, Số 99 Nguyễn Thị Thập, Quận 7, Hồ Chí Minh"
Voucher Combo Chicken tại Lotteria,Lotteria,"968 Ba Tháng Hai, P. 15, Quận 11, Hồ Chí Minh"
Voucher Combo Chicken tại Lotteria,Lotteria,"175 (số cũ 19/35) Độc Lập, P. Tân Quý, Quận Tân Phú, Hồ Chí Minh"
Voucher Combo Chicken tại Lotteria,Lotteria,"114 Trần Hưng Đạo, P. 7, Quận 5, Hồ Chí Minh"
Voucher Combo Chicken tại Lotteria,Lotteria,"307A (số cũ 155A) Tô Hiến Thành, P. 13, Quận 10, Hồ Chí Minh"
Voucher Combo Chicken tại Lotteria,Lotteria,"604 - 606 Điện Biên Phủ, P. 22, Quận Bình Thạnh, Hồ Chí Minh"
Voucher Combo Chicken tại Lotteria,Lotteria,"72 Ngô Tất Tố, Phường 19, Quận Bình Thạnh, Hồ Chí Minh"
Voucher Combo Chicken tại Lotteria,Lotteria,"283 Võ Văn Ngân, P. Linh Chiểu, Quận Thủ Đức, Hồ Chí Minh"
Voucher Combo Chicken tại Lotteria,Lotteria,"187 Xuân Hồng, Phường 12, Quận Tân Bình, Hồ Chí Minh"
Voucher Combo Chicken tại Lotteria,Lotteria,"346B Lê Quang Định, P. 11, Quận Bình Thạnh, Hồ Chí Minh"
Voucher Combo Chicken tại Lotteria,Lotteria,"120 Nguyễn Thị Minh Khai, P. Hải Châu 1, Quận Hải Châu, Đà Nẵng"
Voucher Combo Chicken tại Lotteria,Lotteria,"568 Trưng Nữ Vương, P. Hòa Thuận Tây, Quận Hải Châu, Đà Nẵng"
Voucher Combo Chicken tại Lotteria,Lotteria,"92A Phan Chu Trinh, Quận Hải Châu, Đà Nẵng"
Voucher Combo Chicken tại Lotteria,Lotteria,"Trần Nhân Tông, Bình Than, Quận Sơn Trà, Đà Nẵng"
Voucher Combo Chicken tại Lotteria,Lotteria,"TTTM khu Quy hoạch Bà Triệu - Hùng Vương, P. Phú Hội, Thừa Thiên Huế, Thành Phố Huế, Thừa Thiên Huế"
Voucher Combo Chicken tại Lotteria,Lotteria,"06 Trần Hưng Đạo, P. Phú Hòa, Thừa Thiên Huế, Thành Phố Huế, Thừa Thiên Huế"
Voucher Combo Chicken tại Lotteria,Lotteria,"T308, Tầng 3 Trung tâm thương mại Aeon Mall Huế, Số 8 đường Võ Nguyên Giáp, Phường An Đông, Huế, Thừa Thiên Huế"
Voucher Combo Chicken tại Lotteria,Lotteria,"207C Lạch Tray, Quận Ngô Quyền, Hải Phòng"
Voucher Combo Chicken tại Lotteria,Lotteria,"88 Trần Phú, Quận Ngô Quyền, Hải Phòng"
Voucher Combo Chicken tại Lotteria,Lotteria,"317 Trần Thành Ngọ, Quận Kiến An, Hải Phòng"
Voucher Combo Chicken tại Lotteria,Lotteria,"Số 2 Phạm Minh Đức, Phường Máy Tơ, Quận Ngô Quyền, Hải Phòng"
Voucher Combo Chicken tại Lotteria,Lotteria,"Lô 1/20 KĐT ngã 5, Sân bay Cát Bi, Quận Ngô Quyền, Hải Phòng"
Voucher Combo Chicken tại Lotteria,Lotteria,"118 - 120 Trần Nguyên Hãn, Quận Lê Trân, Hải Phòng"
Voucher Combo Chicken tại Lotteria,Lotteria,"Lô 1F11, Lottemart, số 84 Mậu Thân, Phường An Hòa, Quận Ninh Kiều, Cần Thơ"
Voucher Combo Chicken tại Lotteria,Lotteria,"Lô 01, KDC Hưng Phú 1, P. Hưng Phú, Quận Cái Răng, Cần Thơ"
Voucher Combo Chicken tại Lotteria,Lotteria,"170 Nguyễn Văn Cừ, P. An Khánh, Quận Ninh Kiều, Cần Thơ"
Voucher Combo Chicken tại Lotteria,Lotteria,"Soiva Plaza Me Linh, Quận Khai Hoang, Vĩnh Yên, Vĩnh Phúc"
Voucher Combo Chicken tại Lotteria,Lotteria,"TTTM Vincom Plaza, Đường Cù Chính Lan, Đồng Tiến, Hoà Bình"
Voucher Combo Chicken tại Lotteria,Lotteria,"Tầng 3, Vincom Bắc Kan, Số 8A Đức Xuân, Bắc Kạn"
Voucher Combo Chicken tại Lotteria,Lotteria,"Ngã 6, Plot 26, Khu 13, P. Kim Tân, Lào Cai, Lào Cai"
Voucher Combo Chicken tại Lotteria,Lotteria,"Đường Cầu Kì Lừa, P. Chi Lăng, Lạng Sơn, Lạng Sơn"
Voucher Combo Chicken tại Lotteria,Lotteria,"Tầng 1 TTTM Big C Bắc Giang, ngã 4 Hùng Vương kéo dài, xã Tân Tiến, Bắc Giang, Bắc Giang"
Voucher Combo Chicken tại Lotteria,Lotteria,"TTTM Big C Việt Trì, Nguyễn Tất Thành, P. Thanh Miếu, Việt Trì, Phú Thọ"
Voucher Combo Chicken tại Lotteria,Lotteria,"Lầu 3, Vincom Sơn La, Trường Chinh, P. Quyết Thắng, Sơn La, Sơn La"
Voucher Combo Chicken tại Lotteria,Lotteria,"TTTM Thiên Trường, Quận Lộc Hòa, Nam Định"
Voucher Combo Chicken tại Lotteria,Lotteria,"02 Hồng Quang, P. Quang Trung, Hải Dương"
Voucher Combo Chicken tại Lotteria,Lotteria,"TTTM Vincom Hạ Long, P. Bạch Đằng, Hạ Long, Quảng Ninh"
Voucher Combo Chicken tại Lotteria,Lotteria,"TTTM Big C, Cột 5, P. Hồng Hải, Hạ Long, Quảng Ninh"
Voucher Combo Chicken tại Lotteria,Lotteria,"160 Lê Thánh Tôn, Hạ Long, Quảng Ninh"
Voucher Combo Chicken tại Lotteria,Lotteria,"02 Trần Khánh Dư, P. Cẩm Đông, Cẩm Phả, Quảng Ninh"
Voucher Combo Chicken tại Lotteria,Lotteria,"Số 342-346 Trần Hưng Đạo, P. Cửa Bắc, Thành phố Nam Định, Nam Định"
Voucher Combo Chicken tại Lotteria,Lotteria,"TTTM Big C Ninh Bình, Trần Nhân Tông, Xã Ninh Phúc, Ninh Bình"
Voucher Combo Chicken tại Lotteria,Lotteria,"TTTM Vincom Plaza Thanh Hóa, Phường Trần Phú, Thanh Hóa"
Voucher Combo Chicken tại Lotteria,Lotteria,"Tầng 1 Big C Thanh Hóa, Xã Đông Hải, Thanh Hóa"
Voucher Combo Chicken tại Lotteria,Lotteria,"TTTM Big C Vinh, 02 Quang Trung, Vinh, Nghệ An"
Voucher Combo Chicken tại Lotteria,Lotteria,"87A Nguyễn Văn Cừ, Khối 2, Phường Trường Thi, Vinh, Nghệ An"
Voucher Combo Chicken tại Lotteria,Lotteria,"Tầng 3-16, Lotte Mart Vinh, 295 đường V.I Lê Ninh, P. Hà Huy Tập, Vinh, Nghệ An"
Voucher Combo Chicken tại Lotteria,Lotteria,"74 Trần Phú, P. Bắc Hà, Hà Tĩnh"
Voucher Combo Chicken tại Lotteria,Lotteria,"Số 1 Hùng Vương, Phường Cẩm Phô, Hội An, Quảng Nam"
Voucher Combo Chicken tại Lotteria,Lotteria,"Cổng Nam TTTM Go! Đường Lý Thường Kiệt, Nghĩa Chánh, Quảng Ngãi"
Voucher Combo Chicken tại Lotteria,Lotteria,"117B Đại lộ Hùng Vương, Trần Hưng Đạo, Quảng Ngãi"
Voucher Combo Chicken tại Lotteria,Lotteria,"01 Phan Bội Châu, P. Hội Thương, Pleiku, Gia Lai"
Voucher Combo Chicken tại Lotteria,Lotteria,"02 - 2A Nguyễn Thái Học, Quy Nhơn, Bình Định"
Voucher Combo Chicken tại Lotteria,Lotteria,"KĐT xanh Vũng Chua, P. Ghềnh Ráng, Quy Nhơn, Bình Định"
Voucher Combo Chicken tại Lotteria,Lotteria,"178 Y Jut, Thắng Lợi, Buôn Ma Thuột, Đắk Lắk"
Voucher Combo Chicken tại Lotteria,Lotteria,"73 Thống Nhất, Nha Trang, Khánh Hòa"
Voucher Combo Chicken tại Lotteria,Lotteria,"CTXD số SB.D-70, Dự án Công viên văn hóa Vinwonders Nha Trang, Đảo Hòn Tre, P. Vĩnh Nguyên, Nha Trang, Khánh Hòa"
Voucher Combo Chicken tại Lotteria,Lotteria,"Lô 04, đường 19/5, KĐT Vĩnh Điềm Trung, xã Vĩnh Hiệp, Nha Trang, Khánh Hòa"
Voucher Combo Chicken tại Lotteria,Lotteria,"2038 Hùng Vương, P. Cam Lộc, Cam Ranh, Khánh Hòa"
Voucher Combo Chicken tại Lotteria,Lotteria,"2+2/1 Nguyễn Đình Chiểu, P. Vĩnh Phước, Nha Trang, Khánh Hòa"
Voucher Combo Chicken tại Lotteria,Lotteria,"133 Bà Triệu, P. Thắng Lợi, Kon Tum, Kon Tum"
Voucher Combo Chicken tại Lotteria,Lotteria,"285 Bùi Thị Xuân, P. 8, Đà Lạt, Lâm Đồng"
Voucher Combo Chicken tại Lotteria,Lotteria,"Tầng trệt, Tháp nước, Trần Phú, P. 2, Bảo Lộc, Lâm Đồng"
Voucher Combo Chicken tại Lotteria,Lotteria,"01 Nguyễn Thị Minh Khai, P. 01, Đà Lạt, Lâm Đồng"
Voucher Combo Chicken tại Lotteria,Lotteria,"Quảng Trường Lâm Viên, góc đường Hồ Tùng Mậu - Trần Quốc Thảo, P. 10, Đà Lạt, Lâm Đồng"
Voucher Combo Chicken tại Lotteria,Lotteria,"62 Thủ Khoa Huân, KP. 1, P. Bình Hưng, Phan Thiết, Bình Thuận"
Voucher Combo Chicken tại Lotteria,Lotteria,"KDC Hùng Vương 1, P. Phú Thủy, Phan Thiết, Bình Thuận"
Voucher Combo Chicken tại Lotteria,Lotteria,"1A Nguyễn Tất Thành, P. Bình Hưng, Phan Thiết, Bình Thuận"
Voucher Combo Chicken tại Lotteria,Lotteria,"Quốc Lộ 51, KP 1, P. Long Bình Tân, Biên Hòa, Đồng Nai"
Voucher Combo Chicken tại Lotteria,Lotteria,"Siêu Thị Hoàng Đức Gia Kiệm - 166 ấp Bạch Lâm 1, xã Gia Tân 2, Huyện Thống Nhất, Đồng Nai"
Voucher Combo Chicken tại Lotteria,Lotteria,"03 Phan Chu Trinh, P. Quang Vinh, Biên Hòa, Đồng Nai"
Voucher Combo Chicken tại Lotteria,Lotteria,"F230-F231 Võ Thị Sáu, Phường Thống Nhất, Biên Hòa, Đồng Nai"
Voucher Combo Chicken tại Lotteria,Lotteria,"Lô B-03, KTM Amata, Quốc lộ 1A, P. Long Bình, Biên Hòa, Đồng Nai"
Voucher Combo Chicken tại Lotteria,Lotteria,"198 Hùng Vương, P. Xuân Bình, Thị xã Long Khánh, Đồng Nai"
Voucher Combo Chicken tại Lotteria,Lotteria,"TTTM Chợ Thanh Hà, Trần Phú, P. Phủ Hòa, Phan Rang - Tháp Chàm, Ninh Thuận"
Voucher Combo Chicken tại Lotteria,Lotteria,"555B đại lộ Bình Dương, P. Hiệp Bình, Thị xã Thủ Dầu Một, Bình Dương"
Voucher Combo Chicken tại Lotteria,Lotteria,"TTTM Green Square, P. Đông Hòa, Thị xã Dĩ An, Bình Dương"
Voucher Combo Chicken tại Lotteria,Lotteria,"231 Yersin, P. Hiệp Thành, Thị xã Thủ Dầu Một, Bình Dương"
Voucher Combo Chicken tại Lotteria,Lotteria,"KĐT The Seasons Bình Dương, P. Lái Thiêu, Thị xã Thuận An, Bình Dương"
Voucher Combo Chicken tại Lotteria,Lotteria,"368 đường 30/4 P. Chánh Nghĩa, Thị xã Thủ Dầu Một, Bình Dương"
Voucher Combo Chicken tại Lotteria,Lotteria,"01 Trần Hưng Đạo, P. Phú Cường, Thị xã Thủ Dầu Một, Bình Dương"
Voucher Combo Chicken tại Lotteria,Lotteria,"TTMS Aeon - Bình Dương Canary, 1 Đại Lộ Bình Dương, KP. Bình Giao, P. Thuận Giao, Thị xã Thuận An, Bình Dương"
Voucher Combo Chicken tại Lotteria,Lotteria,"576 Cách Mạng Tháng Tám, Phường 3, Tây Ninh"
Voucher Combo Chicken tại Lotteria,Lotteria,"Tầng trệt, KP. Lộc An, Thị trấn Trảng Bàng, Huyện Trảng Bàng, Tây Ninh"
Voucher Combo Chicken tại Lotteria,Lotteria,"09 Hạ Long, P. 2, Vũng Tàu, Bà Rịa - Vũng Tàu"
Voucher Combo Chicken tại Lotteria,Lotteria,"227 Nam Kỳ Khởi Nghĩa - 378 Lê Hồng Phong, P. 03, Vũng Tàu, Bà Rịa - Vũng Tàu"
Voucher Combo Chicken tại Lotteria,Lotteria,"Tầng 1, Góc đường 3/2 - Thi Sách, P. 8, Vũng Tàu, Bà Rịa - Vũng Tàu"
Voucher Combo Chicken tại Lotteria,Lotteria,"Shop GF-01, Ấp Thanh Ba, Xã Mỹ Lộc, Thị trấn Cần Giuộc, Huyện Cần Giuộc, Long An"
Voucher Combo Chicken tại Lotteria,Lotteria,"15 Trương Định - 11 Phan Đình Phùng, KP. 01, P. 1, Thị xã Gò Công, Tiền Giang"
Voucher Combo Chicken tại Lotteria,Lotteria,"545 Lê Văn Phẩm, P. 5, Mỹ Tho, Tiền Giang"
Voucher Combo Chicken tại Lotteria,Lotteria,"34 Ngô Quyền, P. 1, Mỹ Tho, Tiền Giang"
Voucher Combo Chicken tại Lotteria,Lotteria,"Go Mart Trà Vinh, Đường Võ Nguyên Giáp, P. 7, Trà Vinh"
Voucher Combo Chicken tại Lotteria,Lotteria,"Tầng trệt, Nguyễn Sinh Sắc, khóm 2, P. 2, Sa Đéc, Đồng Tháp"
Voucher Combo Chicken tại Lotteria,Lotteria,"65 Nguyễn Huệ, P. 01, Cao Lãnh, Đồng Tháp"
Voucher Combo Chicken tại Lotteria,Lotteria,"01 Ngô Thời Nhậm, P. 1, Cao Lãnh, Đồng Tháp"
Voucher Combo Chicken tại Lotteria,Lotteria,"92 Nguyễn Trãi, P. Mỹ Long, Long Xuyên, An Giang"
Voucher Combo Chicken tại Lotteria,Lotteria,"29 Trần Hưng Đạo, P. 5, Cà Mau, Cà Mau"
Voucher Beef Teri Burger Set tại Lotteria,Lotteria,"Ngã 3 Đào Duy Anh - Kim Liên - Phạm Ngọc Thạch, Quận Đống Đa, Hà Nội"
Voucher Beef Teri Burger Set tại Lotteria,Lotteria,"Phạm Văn Đồng, P. Cổ Nhuế 1, Quận Bắc Từ Liêm, Hà Nội"
Voucher Beef Teri Burger Set tại Lotteria,Lotteria,"Toà nhà Mandarin Garden 2, Số 493 Tân Mai, P. Tân Mai, Quận Hoàng Mai, Hà Nội"
Voucher Beef Teri Burger Set tại Lotteria,Lotteria,"64 BT X2, khu đô thị Bắc Linh Đàm, Quận Hoàng Mai, Hà Nội"
Voucher Beef Teri Burger Set tại Lotteria,Lotteria,"201 Khâm Thiên, Quận Đống Đa, Hà Nội"
Voucher Beef Teri Burger Set tại Lotteria,Lotteria,"154 Bà Triệu, Nguyễn Du, Quận Hai Bà Trưng, Hà Nội"
Voucher Beef Teri Burger Set tại Lotteria,Lotteria,"152 Thái Thịnh, Láng Hạ, Quận Đống Đa, Hà Nội"
Voucher Beef Teri Burger Set tại Lotteria,Lotteria,"TTTM EBEST xã Minh Khai, Quận Từ Liêm, Hà Nội"
Voucher Beef Teri Burger Set tại Lotteria,Lotteria,"Tầng 1, Aeon Mall Long Biên, Cổ Linh, Quận Long Biên, Hà Nội"
Voucher Beef Teri Burger Set tại Lotteria,Lotteria,"Tầng 1C2 Nguyễn Cơ Thạch, KĐT Mỹ Đình, Quận Từ Liêm, Hà Nội"
Voucher Beef Teri Burger Set tại Lotteria,Lotteria,"138 Lê Thanh Nghị, P. Bách Khoa, Quận Hai Bà Trưng, Hà Nội"
Voucher Beef Teri Burger Set tại Lotteria,Lotteria,"7-9 Đinh Tiên Hoàng, P. Hàng Bạc, Quận Hoàn Kiếm, Hà Nội"
Voucher Beef Teri Burger Set tại Lotteria,Lotteria,"01 Núi Trúc, P.Kim Mã, Quận Ba Đình, Hà Nội"
Voucher Beef Teri Burger Set tại Lotteria,Lotteria,"298 Cầu Giấy, P. Quan Hoa, Quận Cầu Giấy, Hà Nội"
Voucher Beef Teri Burger Set tại Lotteria,Lotteria,"391 Hoàng Quốc Việt, P. Nghĩa Tân, Quận Cầu giấy, Hà Nội"
Voucher Beef Teri Burger Set tại Lotteria,Lotteria,"66 Lò Đúc, P. Phạm Đình Hổ, Quận Hai Bà Trưng, Hà Nội"
Voucher Beef Teri Burger Set tại Lotteria,Lotteria,"Tầng 4 , Ô số 430+431, Lotte Mall, Ngõ 683 Lạc Long Quân, P. Phú Thượng, Quận Tây Hồ, Hà Nội"
Voucher Beef Teri Burger Set tại Lotteria,Lotteria,"203 Nguyễn Thị Minh Khai, P. Minh Khai, Quận Hai Bà Trưng, Hà Nội"
Voucher Beef Teri Burger Set tại Lotteria,Lotteria,"Tầng 1 Mễ Trì, P. Mễ Trì, Quận Từ Liêm, Hà Nội"
Voucher Beef Teri Burger Set tại Lotteria,Lotteria,"TTTM Savico Nguyễn Văn Linh, Quận Long Biên, Hà Nội"
Voucher Beef Teri Burger Set tại Lotteria,Lotteria,"2A Trần Vũ, P. Quán Thánh, Quận Ba Đình, Hà Nội"
Voucher Beef Teri Burger Set tại Lotteria,Lotteria,"Km 10 Nguyễn Trãi, P. Mỗ Lao, Quận Hà Đông, Hà Nội"
Voucher Beef Teri Burger Set tại Lotteria,Lotteria,"Ngã 3 Yên Xá, Tân Triều, Quận Hà Đông, Hà Nội"
Voucher Beef Teri Burger Set tại Lotteria,Lotteria,"103DN11 Nguyễn Khánh Toàn, P. Quan Hoa, Quận Cầu Giấy, Hà Nội"
Voucher Beef Teri Burger Set tại Lotteria,Lotteria,"54 Liễu Giai, P. Cống Vị, Quận Ba Đình, Hà Nội"
Voucher Beef Teri Burger Set tại Lotteria,Lotteria,"445a Lạc Long Quân, Phường Xuân La, Quận Tây Hồ, Hà Nội"
Voucher Beef Teri Burger Set tại Lotteria,Lotteria,"Tầng 1 Citimart Hà Đông, CT 7A-CT7B KĐTM Văn Quán, P. Phúc La, Quận Hà Đông, Hà Nội"
Voucher Beef Teri Burger Set tại Lotteria,Lotteria,"63 Huỳnh Thúc Kháng, P. Láng Hạ, Quận Đống Đa, Hà Nội"
Voucher Beef Teri Burger Set tại Lotteria,Lotteria,"SH20.21 Tòa S1.05 Vinhomes Ocean Park, xã Đa Tốn, Huyện Gia Lâm, Hà Nội"
Voucher Beef Teri Burger Set tại Lotteria,Lotteria,"TTTM Aeon Mall, P. Dương Nội, Quận Hà Đông, Hà Nội"
Voucher Beef Teri Burger Set tại Lotteria,Lotteria,"34 Hoàng Cầu, P. Ô Chợ Dừa, Quận Đống Đa, Hà Nội"
Voucher Beef Teri Burger Set tại Lotteria,Lotteria,"Lô D5, KĐTM Cầu Giấy, P. Dịch Vọng, Quận Cầu Giấy, Hà Nội"
Voucher Beef Teri Burger Set tại Lotteria,Lotteria,"437 Bạch Mai, P. Trương Định, Quận Hai Bà Trưng, Hà Nội"
Voucher Beef Teri Burger Set tại Lotteria,Lotteria,"Tầng 2 Big C Thăng Long, 222 Trần Duy Hưng, P. Trung Hòa, Quận Cầu Giấy, Hà Nội"
Voucher Beef Teri Burger Set tại Lotteria,Lotteria,"23 Hàng Thanh, P. Nguyễn Trung Trực, Quận Ba Đình, Hà Nội"
Voucher Beef Teri Burger Set tại Lotteria,Lotteria,"Tầng 1 Tòa A8, An Bình City, 232 Phạm Văn Đồng, Quận Bắc Từ Liêm, Hà Nội"
Voucher Beef Teri Burger Set tại Lotteria,Lotteria,"72A Nguyễn Trãi, Quận Thanh Xuân, Hà Nội"
Voucher Beef Teri Burger Set tại Lotteria,Lotteria,"210-212 Nguyễn Văn Cừ, P. Ngọc Lâm, Quận Long Biên, Hà Nội"
Voucher Beef Teri Burger Set tại Lotteria,Lotteria,"Tòa Horizon city, 87 Lĩnh Nam, P. Mai Động, Quận Hoàng Mai, Hà Nội"
Voucher Beef Teri Burger Set tại Lotteria,Lotteria,"112 Trần Duy Hưng, P. Trung Hòa, Quận Cầu Giấy, Hà Nội"
Voucher Beef Teri Burger Set tại Lotteria,Lotteria,"Tầng hầm B1 Times City, 458 Minh Khai, P. Vĩnh Tuy, Quận Hai Bà Trưng, Hà Nội"
Voucher Beef Teri Burger Set tại Lotteria,Lotteria,"Tầng 1 CT 4A.B KĐT Xa La, xã Phúc La, Quận Hà Đông, Hà Nội"
Voucher Beef Teri Burger Set tại Lotteria,Lotteria,"TTTM Mê Linh, Tô Hiệu, Quận Hà Đông, Hà Nội"
Voucher Beef Teri Burger Set tại Lotteria,Lotteria,"Tầng 1 tòa nhà Housing, 299 Trung Kính, Trung Hòa, Quận Cầu Giấy, Hà Nội"
Voucher Beef Teri Burger Set tại Lotteria,Lotteria,"TTTM Mua Sắm Aeon - Tân Phú Celadon, 30 Bờ Bao Tân Thắng, P. Sơn Kỳ, Quận Tân Phú, Hồ Chí Minh"
Voucher Beef Teri Burger Set tại Lotteria,Lotteria,"Tầng 1, 18 Phan Văn Trị, P. 10, Quận Gò Vấp, Hồ Chí Minh"
Voucher Beef Teri Burger Set tại Lotteria,Lotteria,"211 - 213 Bình Phú, P. 11, Quận 6, Hồ Chí Minh"
Voucher Beef Teri Burger Set tại Lotteria,Lotteria,"445 Bạch Đằng, P. 12, Quận Bình Thạnh, Hồ Chí Minh"
Voucher Beef Teri Burger Set tại Lotteria,Lotteria,"Khu B, KĐT mới An Phú - An Khánh, P. An Phú, Quận 2, Hồ Chí Minh"
Voucher Beef Teri Burger Set tại Lotteria,Lotteria,"572A Ba Tháng Hai, P. 14, Quận 10, Hồ Chí Minh"
Voucher Beef Teri Burger Set tại Lotteria,Lotteria,"95A Trần Hưng Đạo, P. Cầu Ông Lãnh, Quận 1, Hồ Chí Minh"
Voucher Beef Teri Burger Set tại Lotteria,Lotteria,"Tầng 5, 101 Tôn Dật Tiên, P. Tân Phú, Quận 7, Hồ Chí Minh"
Voucher Beef Teri Burger Set tại Lotteria,Lotteria,"66 Mạc Cửu-67 Vạn Kiếp, P. 13, Quận 5, Hồ Chí Minh"
Voucher Beef Teri Burger Set tại Lotteria,Lotteria,"11 Sư Phạn Vạn Hạnh, P. 12, Quận 10, Hồ Chí Minh"
Voucher Beef Teri Burger Set tại Lotteria,Lotteria,"33 Nguyễn Văn Nghi, P. 4, Quận Gò Vấp, Hồ Chí Minh"
Voucher Beef Teri Burger Set tại Lotteria,Lotteria,"158 - 160 Lê Bình, P. 4, Quận Tân Bình, Hồ Chí Minh"
Voucher Beef Teri Burger Set tại Lotteria,Lotteria,"111 Dương Bá Trạc, P. 1, Quận 8, Hồ Chí Minh"
Voucher Beef Teri Burger Set tại Lotteria,Lotteria,"357 Quốc lộ 22, ấp Thượng, xã Tân Thông Hội, Huyện Củ Chi, Hồ Chí Minh"
Voucher Beef Teri Burger Set tại Lotteria,Lotteria,"P5 _SH.02 Tòa Park 5 Vinhomes Central, 20A Điện Biên Phủ, Phường 22, Quận Bình Thạnh, Hồ Chí Minh"
Voucher Beef Teri Burger Set tại Lotteria,Lotteria,"469 Nguyễn Hữu Thọ, P. Tân Hưng, Quận 7, Hồ Chí Minh"
Voucher Beef Teri Burger Set tại Lotteria,Lotteria,"S6.0301.S04 & S6.0301.S03 Origami Vinhomes Grand Park, Quận 9, Hồ Chí Minh"
Voucher Beef Teri Burger Set tại Lotteria,Lotteria,"292 Đinh Bộ Lĩnh, P. 26, Quận Bình Thạnh, Hồ Chí Minh"
Voucher Beef Teri Burger Set tại Lotteria,Lotteria,"Số 2 Song Hành (gần Cầu Đen), P. An Phú, Quận 2, Hồ Chí Minh"
Voucher Beef Teri Burger Set tại Lotteria,Lotteria,"Coopmart Tuy Lý Vương, 40 - 54 Tuy Lý Vương, P. 13, Quận 8, Hồ Chí Minh"
Voucher Beef Teri Burger Set tại Lotteria,Lotteria,"801 Hồng Bàng, P. 9, Quận 6, Hồ Chí Minh"
Voucher Beef Teri Burger Set tại Lotteria,Lotteria,"573 Huỳnh Tấn Phát, P. Tân Thuận Đông, Quận 7, Hồ Chí Minh"
Voucher Beef Teri Burger Set tại Lotteria,Lotteria,"11-11 Bis Nguyễn Thị Minh Khai, P. Bến Nghé, Quận 1, Hồ Chí Minh"
Voucher Beef Teri Burger Set tại Lotteria,Lotteria,"303 Trần Hưng Đạo, P. Nguyễn Cư Trinh, Quận 1, Hồ Chí Minh"
Voucher Beef Teri Burger Set tại Lotteria,Lotteria,"1397 Nguyễn Văn Linh, KP Mỹ Khánh 2-H4-2, P. Tân Phong, Quận 7, Hồ Chí Minh"
Voucher Beef Teri Burger Set tại Lotteria,Lotteria,"380 Thoại Ngọc Hầu, P. Phú Thạnh, Quận Tân Phú, Hồ Chí Minh"
Voucher Beef Teri Burger Set tại Lotteria,Lotteria,"70 - 72 Bàu Cát, P. 14, Quận Tân Bình, Hồ Chí Minh"
Voucher Beef Teri Burger Set tại Lotteria,Lotteria,"02 Ngô Gia Tự - 145 Lý Thái Tổ, P. 9, Quận 10, Hồ Chí Minh"
Voucher Beef Teri Burger Set tại Lotteria,Lotteria,"159/6 - 160/1 ấp Trung Chánh, xã Tân Xuân, Huyện Hóc Môn, Hồ Chí Minh"
Voucher Beef Teri Burger Set tại Lotteria,Lotteria,"250B Lý Chính Thắng, P. 9, Quận 3, Hồ Chí Minh"
Voucher Beef Teri Burger Set tại Lotteria,Lotteria,"Pico Plaza, 20 Cộng Hòa, P. 12, Quận Tân Bình, Hồ Chí Minh"
Voucher Beef Teri Burger Set tại Lotteria,Lotteria,"10 Võ Văn Ngân, P. Trường Thọ, Quận Thủ Đức, Hồ Chí Minh"
Voucher Beef Teri Burger Set tại Lotteria,Lotteria,"68 Lê Văn Việt, Tổ 11, KP. 2, P. Hiệp Phú, Quận 9, Hồ Chí Minh"
Voucher Beef Teri Burger Set tại Lotteria,Lotteria,"102 Lê Quốc Hưng, P. 12, Quận 4, Hồ Chí Minh"
Voucher Beef Teri Burger Set tại Lotteria,Lotteria,"1271 Tỉnh lộ 10, KP. 9, P. Tân Tạo, Quận Bình Tân, Hồ Chí Minh"
Voucher Beef Teri Burger Set tại Lotteria,Lotteria,"52 Hậu Giang, P. 06, Quận 6, Hồ Chí Minh"
Voucher Beef Teri Burger Set tại Lotteria,Lotteria,"220/151/3B - 222 Xô Viết Nghệ Tĩnh, P. 21, Quận Bình Thạnh, Hồ Chí Minh"
Voucher Beef Teri Burger Set tại Lotteria,Lotteria,"309 - 311 Vành Đai Trong, P. Bình Trị Đông B, Quận Bình Tân, Hồ Chí Minh"
Voucher Beef Teri Burger Set tại Lotteria,Lotteria,"09 Quang Trung, P. 11, Quận Gò Vấp, Hồ Chí Minh"
Voucher Beef Teri Burger Set tại Lotteria,Lotteria,"251 Phan Xích Long, KDC Rạch Miễu P. 7, Quận Phú Nhuận, Hồ Chí Minh"
Voucher Beef Teri Burger Set tại Lotteria,Lotteria,"01 Nguyễn Thông, P. 9, Quận 3, Hồ Chí Minh"
Voucher Beef Teri Burger Set tại Lotteria,Lotteria,"175 H òa Bình, P. Hiệp Tân, Quận Tân Phú, Hồ Chí Minh"
Voucher Beef Teri Burger Set tại Lotteria,Lotteria,"TTTM Big C City Land, Lô A, KDC City Land, Số 99 Nguyễn Thị Thập, Quận 7, Hồ Chí Minh"
Voucher Beef Teri Burger Set tại Lotteria,Lotteria,"968 Ba Tháng Hai, P. 15, Quận 11, Hồ Chí Minh"
Voucher Beef Teri Burger Set tại Lotteria,Lotteria,"175 (số cũ 19/35) Độc Lập, P. Tân Quý, Quận Tân Phú, Hồ Chí Minh"
Voucher Beef Teri Burger Set tại Lotteria,Lotteria,"114 Trần Hưng Đạo, P. 7, Quận 5, Hồ Chí Minh"
Voucher Beef Teri Burger Set tại Lotteria,Lotteria,"307A (số cũ 155A) Tô Hiến Thành, P. 13, Quận 10, Hồ Chí Minh"
Voucher Beef Teri Burger Set tại Lotteria,Lotteria,"604 - 606 Điện Biên Phủ, P. 22, Quận Bình Thạnh, Hồ Chí Minh"
Voucher Beef Teri Burger Set tại Lotteria,Lotteria,"72 Ngô Tất Tố, Phường 19, Quận Bình Thạnh, Hồ Chí Minh"
Voucher Beef Teri Burger Set tại Lotteria,Lotteria,"283 Võ Văn Ngân, P. Linh Chiểu, Quận Thủ Đức, Hồ Chí Minh"
Voucher Beef Teri Burger Set tại Lotteria,Lotteria,"187 Xuân Hồng, Phường 12, Quận Tân Bình, Hồ Chí Minh"
Voucher Beef Teri Burger Set tại Lotteria,Lotteria,"346B Lê Quang Định, P. 11, Quận Bình Thạnh, Hồ Chí Minh"
Voucher Beef Teri Burger Set tại Lotteria,Lotteria,"120 Nguyễn Thị Minh Khai, P. Hải Châu 1, Quận Hải Châu, Đà Nẵng"
Voucher Beef Teri Burger Set tại Lotteria,Lotteria,"568 Trưng Nữ Vương, P. Hòa Thuận Tây, Quận Hải Châu, Đà Nẵng"
Voucher Beef Teri Burger Set tại Lotteria,Lotteria,"92A Phan Chu Trinh, Quận Hải Châu, Đà Nẵng"
Voucher Beef Teri Burger Set tại Lotteria,Lotteria,"Trần Nhân Tông, Bình Than, Quận Sơn Trà, Đà Nẵng"
Voucher Beef Teri Burger Set tại Lotteria,Lotteria,"TTTM khu Quy hoạch Bà Triệu - Hùng Vương, P. Phú Hội, Thừa Thiên Huế, Thành Phố Huế, Thừa Thiên Huế"
Voucher Beef Teri Burger Set tại Lotteria,Lotteria,"06 Trần Hưng Đạo, P. Phú Hòa, Thừa Thiên Huế, Thành Phố Huế, Thừa Thiên Huế"
Voucher Beef Teri Burger Set tại Lotteria,Lotteria,"T308, Tầng 3 Trung tâm thương mại Aeon Mall Huế, Số 8 đường Võ Nguyên Giáp, Phường An Đông, Huế, Thừa Thiên Huế"
Voucher Beef Teri Burger Set tại Lotteria,Lotteria,"207C Lạch Tray, Quận Ngô Quyền, Hải Phòng"
Voucher Beef Teri Burger Set tại Lotteria,Lotteria,"88 Trần Phú, Quận Ngô Quyền, Hải Phòng"
Voucher Beef Teri Burger Set tại Lotteria,Lotteria,"317 Trần Thành Ngọ, Quận Kiến An, Hải Phòng"
Voucher Beef Teri Burger Set tại Lotteria,Lotteria,"Số 2 Phạm Minh Đức, Phường Máy Tơ, Quận Ngô Quyền, Hải Phòng"
Voucher Beef Teri Burger Set tại Lotteria,Lotteria,"Lô 1/20 KĐT ngã 5, Sân bay Cát Bi, Quận Ngô Quyền, Hải Phòng"
Voucher Beef Teri Burger Set tại Lotteria,Lotteria,"118 - 120 Trần Nguyên Hãn, Quận Lê Trân, Hải Phòng"
Voucher Beef Teri Burger Set tại Lotteria,Lotteria,"Lô 1F11, Lottemart, số 84 Mậu Thân, Phường An Hòa, Quận Ninh Kiều, Cần Thơ"
Voucher Beef Teri Burger Set tại Lotteria,Lotteria,"Lô 01, KDC Hưng Phú 1, P. Hưng Phú, Quận Cái Răng, Cần Thơ"
Voucher Beef Teri Burger Set tại Lotteria,Lotteria,"170 Nguyễn Văn Cừ, P. An Khánh, Quận Ninh Kiều, Cần Thơ"
Voucher Beef Teri Burger Set tại Lotteria,Lotteria,"Soiva Plaza Me Linh, Quận Khai Hoang, Vĩnh Yên, Vĩnh Phúc"
Voucher Beef Teri Burger Set tại Lotteria,Lotteria,"TTTM Vincom Plaza, Đường Cù Chính Lan, Đồng Tiến, Hoà Bình"
Voucher Beef Teri Burger Set tại Lotteria,Lotteria,"Tầng 3, Vincom Bắc Kan, Số 8A Đức Xuân, Bắc Kạn"
Voucher Beef Teri Burger Set tại Lotteria,Lotteria,"Ngã 6, Plot 26, Khu 13, P. Kim Tân, Lào Cai, Lào Cai"
Voucher Beef Teri Burger Set tại Lotteria,Lotteria,"Đường Cầu Kì Lừa, P. Chi Lăng, Lạng Sơn, Lạng Sơn"
Voucher Beef Teri Burger Set tại Lotteria,Lotteria,"Tầng 1 TTTM Big C Bắc Giang, ngã 4 Hùng Vương kéo dài, xã Tân Tiến, Bắc Giang, Bắc Giang"
Voucher Beef Teri Burger Set tại Lotteria,Lotteria,"TTTM Big C Việt Trì, Nguyễn Tất Thành, P. Thanh Miếu, Việt Trì, Phú Thọ"
Voucher Beef Teri Burger Set tại Lotteria,Lotteria,"Lầu 3, Vincom Sơn La, Trường Chinh, P. Quyết Thắng, Sơn La, Sơn La"
Voucher Beef Teri Burger Set tại Lotteria,Lotteria,"TTTM Thiên Trường, Quận Lộc Hòa, Nam Định"
Voucher Beef Teri Burger Set tại Lotteria,Lotteria,"02 Hồng Quang, P. Quang Trung, Hải Dương"
Voucher Beef Teri Burger Set tại Lotteria,Lotteria,"TTTM Vincom Hạ Long, P. Bạch Đằng, Hạ Long, Quảng Ninh"
Voucher Beef Teri Burger Set tại Lotteria,Lotteria,"TTTM Big C, Cột 5, P. Hồng Hải, Hạ Long, Quảng Ninh"
Voucher Beef Teri Burger Set tại Lotteria,Lotteria,"160 Lê Thánh Tôn, Hạ Long, Quảng Ninh"
Voucher Beef Teri Burger Set tại Lotteria,Lotteria,"02 Trần Khánh Dư, P. Cẩm Đông, Cẩm Phả, Quảng Ninh"
Voucher Beef Teri Burger Set tại Lotteria,Lotteria,"Số 342-346 Trần Hưng Đạo, P. Cửa Bắc, Thành phố Nam Định, Nam Định"
Voucher Beef Teri Burger Set tại Lotteria,Lotteria,"TTTM Big C Ninh Bình, Trần Nhân Tông, Xã Ninh Phúc, Ninh Bình"
Voucher Beef Teri Burger Set tại Lotteria,Lotteria,"TTTM Vincom Plaza Thanh Hóa, Phường Trần Phú, Thanh Hóa"
Voucher Beef Teri Burger Set tại Lotteria,Lotteria,"Tầng 1 Big C Thanh Hóa, Xã Đông Hải, Thanh Hóa"
Voucher Beef Teri Burger Set tại Lotteria,Lotteria,"TTTM Big C Vinh, 02 Quang Trung, Vinh, Nghệ An"
Voucher Beef Teri Burger Set tại Lotteria,Lotteria,"87A Nguyễn Văn Cừ, Khối 2, Phường Trường Thi, Vinh, Nghệ An"
Voucher Beef Teri Burger Set tại Lotteria,Lotteria,"Tầng 3-16, Lotte Mart Vinh, 295 đường V.I Lê Ninh, P. Hà Huy Tập, Vinh, Nghệ An"
Voucher Beef Teri Burger Set tại Lotteria,Lotteria,"74 Trần Phú, P. Bắc Hà, Hà Tĩnh"
Voucher Beef Teri Burger Set tại Lotteria,Lotteria,"Số 1 Hùng Vương, Phường Cẩm Phô, Hội An, Quảng Nam"
Voucher Beef Teri Burger Set tại Lotteria,Lotteria,"Cổng Nam TTTM Go! Đường Lý Thường Kiệt, Nghĩa Chánh, Quảng Ngãi"
Voucher Beef Teri Burger Set tại Lotteria,Lotteria,"117B Đại lộ Hùng Vương, Trần Hưng Đạo, Quảng Ngãi"
Voucher Beef Teri Burger Set tại Lotteria,Lotteria,"01 Phan Bội Châu, P. Hội Thương, Pleiku, Gia Lai"
Voucher Beef Teri Burger Set tại Lotteria,Lotteria,"02 - 2A Nguyễn Thái Học, Quy Nhơn, Bình Định"
Voucher Beef Teri Burger Set tại Lotteria,Lotteria,"KĐT xanh Vũng Chua, P. Ghềnh Ráng, Quy Nhơn, Bình Định"
Voucher Beef Teri Burger Set tại Lotteria,Lotteria,"178 Y Jut, Thắng Lợi, Buôn Ma Thuột, Đắk Lắk"
Voucher Beef Teri Burger Set tại Lotteria,Lotteria,"73 Thống Nhất, Nha Trang, Khánh Hòa"
Voucher Beef Teri Burger Set tại Lotteria,Lotteria,"CTXD số SB.D-70, Dự án Công viên văn hóa Vinwonders Nha Trang, Đảo Hòn Tre, P. Vĩnh Nguyên, Nha Trang, Khánh Hòa"
Voucher Beef Teri Burger Set tại Lotteria,Lotteria,"Lô 04, đường 19/5, KĐT Vĩnh Điềm Trung, xã Vĩnh Hiệp, Nha Trang, Khánh Hòa"
Voucher Beef Teri Burger Set tại Lotteria,Lotteria,"2038 Hùng Vương, P. Cam Lộc, Cam Ranh, Khánh Hòa"
Voucher Beef Teri Burger Set tại Lotteria,Lotteria,"2+2/1 Nguyễn Đình Chiểu, P. Vĩnh Phước, Nha Trang, Khánh Hòa"
Voucher Beef Teri Burger Set tại Lotteria,Lotteria,"133 Bà Triệu, P. Thắng Lợi, Kon Tum, Kon Tum"
Voucher Beef Teri Burger Set tại Lotteria,Lotteria,"285 Bùi Thị Xuân, P. 8, Đà Lạt, Lâm Đồng"
Voucher Beef Teri Burger Set tại Lotteria,Lotteria,"Tầng trệt, Tháp nước, Trần Phú, P. 2, Bảo Lộc, Lâm Đồng"
Voucher Beef Teri Burger Set tại Lotteria,Lotteria,"01 Nguyễn Thị Minh Khai, P. 01, Đà Lạt, Lâm Đồng"
Voucher Beef Teri Burger Set tại Lotteria,Lotteria,"Quảng Trường Lâm Viên, góc đường Hồ Tùng Mậu - Trần Quốc Thảo, P. 10, Đà Lạt, Lâm Đồng"
Voucher Beef Teri Burger Set tại Lotteria,Lotteria,"62 Thủ Khoa Huân, KP. 1, P. Bình Hưng, Phan Thiết, Bình Thuận"
Voucher Beef Teri Burger Set tại Lotteria,Lotteria,"KDC Hùng Vương 1, P. Phú Thủy, Phan Thiết, Bình Thuận"
Voucher Beef Teri Burger Set tại Lotteria,Lotteria,"1A Nguyễn Tất Thành, P. Bình Hưng, Phan Thiết, Bình Thuận"
Voucher Beef Teri Burger Set tại Lotteria,Lotteria,"Quốc Lộ 51, KP 1, P. Long Bình Tân, Biên Hòa, Đồng Nai"
Voucher Beef Teri Burger Set tại Lotteria,Lotteria,"Siêu Thị Hoàng Đức Gia Kiệm - 166 ấp Bạch Lâm 1, xã Gia Tân 2, Huyện Thống Nhất, Đồng Nai"
Voucher Beef Teri Burger Set tại Lotteria,Lotteria,"03 Phan Chu Trinh, P. Quang Vinh, Biên Hòa, Đồng Nai"
Voucher Beef Teri Burger Set tại Lotteria,Lotteria,"F230-F231 Võ Thị Sáu, Phường Thống Nhất, Biên Hòa, Đồng Nai"
Voucher Beef Teri Burger Set tại Lotteria,Lotteria,"Lô B-03, KTM Amata, Quốc lộ 1A, P. Long Bình, Biên Hòa, Đồng Nai"
Voucher Beef Teri Burger Set tại Lotteria,Lotteria,"198 Hùng Vương, P. Xuân Bình, Thị xã Long Khánh, Đồng Nai"
Voucher Beef Teri Burger Set tại Lotteria,Lotteria,"TTTM Chợ Thanh Hà, Trần Phú, P. Phủ Hòa, Phan Rang - Tháp Chàm, Ninh Thuận"
Voucher Beef Teri Burger Set tại Lotteria,Lotteria,"555B đại lộ Bình Dương, P. Hiệp Bình, Thị xã Thủ Dầu Một, Bình Dương"
Voucher Beef Teri Burger Set tại Lotteria,Lotteria,"TTTM Green Square, P. Đông Hòa, Thị xã Dĩ An, Bình Dương"
Voucher Beef Teri Burger Set tại Lotteria,Lotteria,"231 Yersin, P. Hiệp Thành, Thị xã Thủ Dầu Một, Bình Dương"
Voucher Beef Teri Burger Set tại Lotteria,Lotteria,"KĐT The Seasons Bình Dương, P. Lái Thiêu, Thị xã Thuận An, Bình Dương"
Voucher Beef Teri Burger Set tại Lotteria,Lotteria,"368 đường 30/4 P. Chánh Nghĩa, Thị xã Thủ Dầu Một, Bình Dương"
Voucher Beef Teri Burger Set tại Lotteria,Lotteria,"01 Trần Hưng Đạo, P. Phú Cường, Thị xã Thủ Dầu Một, Bình Dương"
Voucher Beef Teri Burger Set tại Lotteria,Lotteria,"TTMS Aeon - Bình Dương Canary, 1 Đại Lộ Bình Dương, KP. Bình Giao, P. Thuận Giao, Thị xã Thuận An, Bình Dương"
Voucher Beef Teri Burger Set tại Lotteria,Lotteria,"576 Cách Mạng Tháng Tám, Phường 3, Tây Ninh"
Voucher Beef Teri Burger Set tại Lotteria,Lotteria,"Tầng trệt, KP. Lộc An, Thị trấn Trảng Bàng, Huyện Trảng Bàng, Tây Ninh"
Voucher Beef Teri Burger Set tại Lotteria,Lotteria,"09 Hạ Long, P. 2, Vũng Tàu, Bà Rịa - Vũng Tàu"
Voucher Beef Teri Burger Set tại Lotteria,Lotteria,"227 Nam Kỳ Khởi Nghĩa - 378 Lê Hồng Phong, P. 03, Vũng Tàu, Bà Rịa - Vũng Tàu"
Voucher Beef Teri Burger Set tại Lotteria,Lotteria,"Tầng 1, Góc đường 3/2 - Thi Sách, P. 8, Vũng Tàu, Bà Rịa - Vũng Tàu"
Voucher Beef Teri Burger Set tại Lotteria,Lotteria,"Shop GF-01, Ấp Thanh Ba, Xã Mỹ Lộc, Thị trấn Cần Giuộc, Huyện Cần Giuộc, Long An"
Voucher Beef Teri Burger Set tại Lotteria,Lotteria,"15 Trương Định - 11 Phan Đình Phùng, KP. 01, P. 1, Thị xã Gò Công, Tiền Giang"
Voucher Beef Teri Burger Set tại Lotteria,Lotteria,"545 Lê Văn Phẩm, P. 5, Mỹ Tho, Tiền Giang"
Voucher Beef Teri Burger Set tại Lotteria,Lotteria,"34 Ngô Quyền, P. 1, Mỹ Tho, Tiền Giang"
Voucher Beef Teri Burger Set tại Lotteria,Lotteria,"Go Mart Trà Vinh, Đường Võ Nguyên Giáp, P. 7, Trà Vinh"
Voucher Beef Teri Burger Set tại Lotteria,Lotteria,"Tầng trệt, Nguyễn Sinh Sắc, khóm 2, P. 2, Sa Đéc, Đồng Tháp"
Voucher Beef Teri Burger Set tại Lotteria,Lotteria,"65 Nguyễn Huệ, P. 01, Cao Lãnh, Đồng Tháp"
Voucher Beef Teri Burger Set tại Lotteria,Lotteria,"01 Ngô Thời Nhậm, P. 1, Cao Lãnh, Đồng Tháp"
Voucher Beef Teri Burger Set tại Lotteria,Lotteria,"92 Nguyễn Trãi, P. Mỹ Long, Long Xuyên, An Giang"
Voucher Beef Teri Burger Set tại Lotteria,Lotteria,"29 Trần Hưng Đạo, P. 5, Cà Mau, Cà Mau"
Thẻ quà tặng Beard Papas,Beard Papas HCM,"161 Xa Lộ Hà Nội, P. Thảo Điền, Quận 2, Hồ Chí Minh"
Thẻ quà tặng Beard Papas,Beard Papas HCM,"88 Song Hành, P. An Phú, Quận 2, Hồ Chí Minh"
Thẻ quà tặng Beard Papas,Beard Papas HCM,"121 Nguyễn Đức Cảnh, P. Tân Phong, Quận 7, Hồ Chí Minh"
Thẻ quà tặng Beard Papas,Beard Papas HCM,"L4-K5, Tầng 4, Vincom Plaza Phan Văn Trị, 12 Phan Văn Trị, Quận Gò Vấp, Hồ Chí Minh"
Thẻ quà tặng Beard Papas,Beard Papas HCM,"65 Lê Lợi, P. Bến Nghé, Quận 1, Hồ Chí Minh"
Thẻ quà tặng Beard Papas,Beard Papas HCM,"B3-21, Vincom Đồng Khởi, 72 Lê Thánh Tôn, P. Bến Nghé, Quận 1, Hồ Chí Minh"
Thẻ quà tặng Beard Papas,Beard Papas HCM,"1F-10-01, Tầng 1, Hùng Vương Plaza, 126 Hồng Bàng, Quận 5, Hồ Chí Minh"
Thẻ quà tặng Beard Papas,Beard Papas HCM,"60A Trường Sơn, P. 2, Quận Tân Bình, Hồ Chí Minh"
Thẻ quà tặng Beard Papas,Beard Papas HCM,"Tầng FM-19B, Vạn Hạnh Mall, 11 Sư Vạn Hạnh, Quận 10, Hồ Chí Minh"
Hệ thống Sườn Mười - E-coupon 100K áp dụng hóa đơn từ 600K,Hệ thống Sườn Mười,AEON Mall Hà Đông - Hà Đông - Hà Nội
Hệ thống Sườn Mười - E-coupon 100K áp dụng hóa đơn từ 600K,Hệ thống Sườn Mười,128 Vũ Phạm Hàm - Cầu Giấy - Hà Nội
Hệ thống Sườn Mười - E-coupon 100K áp dụng hóa đơn từ 600K,Hệ thống Sườn Mười,117 Nguyễn Văn Lộc - Hà Đông  - Hà Nội
Hệ thống Sườn Mười - E-coupon 100K áp dụng hóa đơn từ 600K,Hệ thống Sườn Mười,19 Hàm Nghi - Mỹ Đình - Từ Liêm - Hà Nội
Hệ thống Sườn Mười - E-coupon 100K áp dụng hóa đơn từ 600K,Hệ thống Sườn Mười,"Vincom Mega Mall Royal City - 72 Nguyễn Trãi, Thanh Xuân, Hà Nội"
Hệ thống Sườn Mười - E-coupon 100K áp dụng hóa đơn từ 600K,Hệ thống Sườn Mười,"Tầng B1, Vincom Times City, Minh Khai, Hà Nội"
Hệ thống Sườn Mười - E-coupon 100K áp dụng hóa đơn từ 600K,Hệ thống Sườn Mười,177 Giảng Võ - Đống Đa - Hà Nội
Hệ thống Sườn Mười - E-coupon 100K áp dụng hóa đơn từ 600K,Hệ thống Sườn Mười,Vincom Mega Mall Royal Island Vũ Yên - Hải Phòng
Hệ thống Sườn Mười - E-coupon 100K áp dụng hóa đơn từ 600K,Hệ thống Sườn Mười,"Vincom Megamall Ocean City - Văn Giang, Hưng Yên"
Lotteria - Voucher L-Chicken Burger,Lotteria,"437 Bạch Mai, P. Trương Định, Quận Hai Bà Trưng, Hà Nội"
Lotteria - Voucher L-Chicken Burger,Lotteria,"TTTM Aeon Mall, P. Dương Nội, Quận Hà Đông, Hà Nội"
Lotteria - Voucher L-Chicken Burger,Lotteria,"34 Hoàng Cầu, P. Ô Chợ Dừa, Quận Đống Đa, Hà Nội"
Lotteria - Voucher L-Chicken Burger,Lotteria,"23 Hàng Thanh, P. Nguyễn Trung Trực, Quận Ba Đình, Hà Nội"
Lotteria - Voucher L-Chicken Burger,Lotteria,"Tầng 1 Tòa A8, An Bình City, 232 Phạm Văn Đồng, Quận Bắc Từ Liêm, Hà Nội"
Lotteria - Voucher L-Chicken Burger,Lotteria,"72A Nguyễn Trãi, Quận Thanh Xuân, Hà Nội"
Lotteria - Voucher L-Chicken Burger,Lotteria,"210-212 Nguyễn Văn Cừ, P. Ngọc Lâm, Quận Long Biên, Hà Nội"
Lotteria - Voucher L-Chicken Burger,Lotteria,"Tòa Horizon city, 87 Lĩnh Nam, P. Mai Động, Quận Hoàng Mai, Hà Nội"
Lotteria - Voucher L-Chicken Burger,Lotteria,"Tầng 2 Big C Thăng Long, 222 Trần Duy Hưng, P. Trung Hòa, Quận Cầu Giấy, Hà Nội"
Lotteria - Voucher L-Chicken Burger,Lotteria,"112 Trần Duy Hưng, P. Trung Hòa, Quận Cầu Giấy, Hà Nội"
Lotteria - Voucher L-Chicken Burger,Lotteria,"Tầng hầm B1 Times City, 458 Minh Khai, P. Vĩnh Tuy, Quận Hai Bà Trưng, Hà Nội"
Lotteria - Voucher L-Chicken Burger,Lotteria,"Tầng 1 CT 4A.B KĐT Xa La, xã Phúc La, Quận Hà Đông, Hà Nội"
Lotteria - Voucher L-Chicken Burger,Lotteria,"TTTM Mê Linh, Tô Hiệu, Quận Hà Đông, Hà Nội"
Lotteria - Voucher L-Chicken Burger,Lotteria,"Tầng 1 tòa nhà Housing, 299 Trung Kính, Trung Hòa, Quận Cầu Giấy, Hà Nội"
Lotteria - Voucher L-Chicken Burger,Lotteria,"Toà nhà Mandarin Garden 2, Số 493 Tân Mai, P. Tân Mai, Quận Hoàng Mai, Hà Nội"
Lotteria - Voucher L-Chicken Burger,Lotteria,"64 BT X2, khu đô thị Bắc Linh Đàm, Quận Hoàng Mai, Hà Nội"
Lotteria - Voucher L-Chicken Burger,Lotteria,"201 Khâm Thiên, Quận Đống Đa, Hà Nội"
Lotteria - Voucher L-Chicken Burger,Lotteria,"154 Bà Triệu, Nguyễn Du, Quận Hai Bà Trưng, Hà Nội"
Lotteria - Voucher L-Chicken Burger,Lotteria,"152 Thái Thịnh, Láng Hạ, Quận Đống Đa, Hà Nội"
Lotteria - Voucher L-Chicken Burger,Lotteria,"Ngã 3 Đào Duy Anh - Kim Liên - Phạm Ngọc Thạch, Quận Đống Đa, Hà Nội"
Lotteria - Voucher L-Chicken Burger,Lotteria,"Tầng 1, Aeon Mall Long Biên, Cổ Linh, Quận Long Biên, Hà Nội"
Lotteria - Voucher L-Chicken Burger,Lotteria,"Tầng 1C2 Nguyễn Cơ Thạch, KĐT Mỹ Đình, Quận Từ Liêm, Hà Nội"
Lotteria - Voucher L-Chicken Burger,Lotteria,"TTTM EBEST xã Minh Khai, Quận Từ Liêm, Hà Nội"
Lotteria - Voucher L-Chicken Burger,Lotteria,"01 Núi Trúc, P.Kim Mã, Quận Ba Đình, Hà Nội"
Lotteria - Voucher L-Chicken Burger,Lotteria,"298 Cầu Giấy, P. Quan Hoa, Quận Cầu Giấy, Hà Nội"
Lotteria - Voucher L-Chicken Burger,Lotteria,"391 Hoàng Quốc Việt, P. Nghĩa Tân, Quận Cầu giấy, Hà Nội"
Lotteria - Voucher L-Chicken Burger,Lotteria,"66 Lò Đúc, P. Phạm Đình Hổ, Quận Hai Bà Trưng, Hà Nội"
Lotteria - Voucher L-Chicken Burger,Lotteria,"Tầng 4 , Ô số 430+431, Lotte Mall, Ngõ 683 Lạc Long Quân, P. Phú Thượng, Quận Tây Hồ, Hà Nội"
Lotteria - Voucher L-Chicken Burger,Lotteria,"203 Nguyễn Thị Minh Khai, P. Minh Khai, Quận Hai Bà Trưng, Hà Nội"
Lotteria - Voucher L-Chicken Burger,Lotteria,"Tầng 1 Mễ Trì, P. Mễ Trì, Quận Từ Liêm, Hà Nội"
Lotteria - Voucher L-Chicken Burger,Lotteria,"TTTM Savico Nguyễn Văn Linh, Quận Long Biên, Hà Nội"
Lotteria - Voucher L-Chicken Burger,Lotteria,"138 Lê Thanh Nghị, P. Bách Khoa, Quận Hai Bà Trưng, Hà Nội"
Lotteria - Voucher L-Chicken Burger,Lotteria,"7-9 Đinh Tiên Hoàng, P. Hàng Bạc, Quận Hoàn Kiếm, Hà Nội"
Lotteria - Voucher L-Chicken Burger,Lotteria,"Km 10 Nguyễn Trãi, P. Mỗ Lao, Quận Hà Đông, Hà Nội"
Lotteria - Voucher L-Chicken Burger,Lotteria,"Ngã 3 Yên Xá, Tân Triều, Quận Hà Đông, Hà Nội"
Lotteria - Voucher L-Chicken Burger,Lotteria,"103DN11 Nguyễn Khánh Toàn, P. Quan Hoa, Quận Cầu Giấy, Hà Nội"
Lotteria - Voucher L-Chicken Burger,Lotteria,"54 Liễu Giai, P. Cống Vị, Quận Ba Đình, Hà Nội"
Lotteria - Voucher L-Chicken Burger,Lotteria,"445a Lạc Long Quân, Phường Xuân La, Quận Tây Hồ, Hà Nội"
Lotteria - Voucher L-Chicken Burger,Lotteria,"Tầng 1 Citimart Hà Đông, CT 7A-CT7B KĐTM Văn Quán, P. Phúc La, Quận Hà Đông, Hà Nội"
Lotteria - Voucher L-Chicken Burger,Lotteria,"63 Huỳnh Thúc Kháng, P. Láng Hạ, Quận Đống Đa, Hà Nội"
Lotteria - Voucher L-Chicken Burger,Lotteria,"SH20.21 Tòa S1.05 Vinhomes Ocean Park, xã Đa Tốn, Huyện Gia Lâm, Hà Nội"
Lotteria - Voucher L-Chicken Burger,Lotteria,"2A Trần Vũ, P. Quán Thánh, Quận Ba Đình, Hà Nội"
Lotteria - Voucher L-Chicken Burger,Lotteria,"Lô D5, KĐTM Cầu Giấy, P. Dịch Vọng, Quận Cầu Giấy, Hà Nội"
Lotteria - Voucher L-Chicken Burger,Lotteria,"159/6 - 160/1 ấp Trung Chánh, xã Tân Xuân, Huyện Hóc Môn, Hồ Chí Minh"
Lotteria - Voucher L-Chicken Burger,Lotteria,"10 Võ Văn Ngân, P. Trường Thọ, Quận Thủ Đức, Hồ Chí Minh"
Lotteria - Voucher L-Chicken Burger,Lotteria,"1397 Nguyễn Văn Linh, KP Mỹ Khánh 2-H4-2, P. Tân Phong, Quận 7, Hồ Chí Minh"
Lotteria - Voucher L-Chicken Burger,Lotteria,"02 Ngô Gia Tự - 145 Lý Thái Tổ, P. 9, Quận 10, Hồ Chí Minh"
Lotteria - Voucher L-Chicken Burger,Lotteria,"70 - 72 Bàu Cát, P. 14, Quận Tân Bình, Hồ Chí Minh"
Lotteria - Voucher L-Chicken Burger,Lotteria,"380 Thoại Ngọc Hầu, P. Phú Thạnh, Quận Tân Phú, Hồ Chí Minh"
Lotteria - Voucher L-Chicken Burger,Lotteria,"Số 2 Song Hành (gần Cầu Đen), P. An Phú, Quận 2, Hồ Chí Minh"
Lotteria - Voucher L-Chicken Burger,Lotteria,"303 Trần Hưng Đạo, P. Nguyễn Cư Trinh, Quận 1, Hồ Chí Minh"
Lotteria - Voucher L-Chicken Burger,Lotteria,"68 Lê Văn Việt, Tổ 11, KP. 2, P. Hiệp Phú, Quận 9, Hồ Chí Minh"
Lotteria - Voucher L-Chicken Burger,Lotteria,"102 Lê Quốc Hưng, P. 12, Quận 4, Hồ Chí Minh"
Lotteria - Voucher L-Chicken Burger,Lotteria,"1271 Tỉnh lộ 10, KP. 9, P. Tân Tạo, Quận Bình Tân, Hồ Chí Minh"
Lotteria - Voucher L-Chicken Burger,Lotteria,"52 Hậu Giang, P. 06, Quận 6, Hồ Chí Minh"
Lotteria - Voucher L-Chicken Burger,Lotteria,"220/151/3B - 222 Xô Viết Nghệ Tĩnh, P. 21, Quận Bình Thạnh, Hồ Chí Minh"
Lotteria - Voucher L-Chicken Burger,Lotteria,"309 - 311 Vành Đai Trong, P. Bình Trị Đông B, Quận Bình Tân, Hồ Chí Minh"
Lotteria - Voucher L-Chicken Burger,Lotteria,"250B Lý Chính Thắng, P. 9, Quận 3, Hồ Chí Minh"
Lotteria - Voucher L-Chicken Burger,Lotteria,"Pico Plaza, 20 Cộng Hòa, P. 12, Quận Tân Bình, Hồ Chí Minh"
Lotteria - Voucher L-Chicken Burger,Lotteria,"251 Phan Xích Long, KDC Rạch Miễu P. 7, Quận Phú Nhuận, Hồ Chí Minh"
Lotteria - Voucher L-Chicken Burger,Lotteria,"01 Nguyễn Thông, P. 9, Quận 3, Hồ Chí Minh"
Lotteria - Voucher L-Chicken Burger,Lotteria,"175 H òa Bình, P. Hiệp Tân, Quận Tân Phú, Hồ Chí Minh"
Lotteria - Voucher L-Chicken Burger,Lotteria,"TTTM Big C City Land, Lô A, KDC City Land, Số 99 Nguyễn Thị Thập, Quận 7, Hồ Chí Minh"
Lotteria - Voucher L-Chicken Burger,Lotteria,"968 Ba Tháng Hai, P. 15, Quận 11, Hồ Chí Minh"
Lotteria - Voucher L-Chicken Burger,Lotteria,"09 Quang Trung, P. 11, Quận Gò Vấp, Hồ Chí Minh"
Lotteria - Voucher L-Chicken Burger,Lotteria,"307A (số cũ 155A) Tô Hiến Thành, P. 13, Quận 10, Hồ Chí Minh"
Lotteria - Voucher L-Chicken Burger,Lotteria,"604 - 606 Điện Biên Phủ, P. 22, Quận Bình Thạnh, Hồ Chí Minh"
Lotteria - Voucher L-Chicken Burger,Lotteria,"72 Ngô Tất Tố, Phường 19, Quận Bình Thạnh, Hồ Chí Minh"
Lotteria - Voucher L-Chicken Burger,Lotteria,"283 Võ Văn Ngân, P. Linh Chiểu, Quận Thủ Đức, Hồ Chí Minh"
Lotteria - Voucher L-Chicken Burger,Lotteria,"187 Xuân Hồng, Phường 12, Quận Tân Bình, Hồ Chí Minh"
Lotteria - Voucher L-Chicken Burger,Lotteria,"346B Lê Quang Định, P. 11, Quận Bình Thạnh, Hồ Chí Minh"
Lotteria - Voucher L-Chicken Burger,Lotteria,"175 (số cũ 19/35) Độc Lập, P. Tân Quý, Quận Tân Phú, Hồ Chí Minh"
Lotteria - Voucher L-Chicken Burger,Lotteria,"114 Trần Hưng Đạo, P. 7, Quận 5, Hồ Chí Minh"
Lotteria - Voucher L-Chicken Burger,Lotteria,"572A Ba Tháng Hai, P. 14, Quận 10, Hồ Chí Minh"
Lotteria - Voucher L-Chicken Burger,Lotteria,"95A Trần Hưng Đạo, P. Cầu Ông Lãnh, Quận 1, Hồ Chí Minh"
Lotteria - Voucher L-Chicken Burger,Lotteria,"Tầng 5, 101 Tôn Dật Tiên, P. Tân Phú, Quận 7, Hồ Chí Minh"
Lotteria - Voucher L-Chicken Burger,Lotteria,"66 Mạc Cửu-67 Vạn Kiếp, P. 13, Quận 5, Hồ Chí Minh"
Lotteria - Voucher L-Chicken Burger,Lotteria,"11 Sư Phạn Vạn Hạnh, P. 12, Quận 10, Hồ Chí Minh"
Lotteria - Voucher L-Chicken Burger,Lotteria,"33 Nguyễn Văn Nghi, P. 4, Quận Gò Vấp, Hồ Chí Minh"
Lotteria - Voucher L-Chicken Burger,Lotteria,"158 - 160 Lê Bình, P. 4, Quận Tân Bình, Hồ Chí Minh"
Lotteria - Voucher L-Chicken Burger,Lotteria,"111 Dương Bá Trạc, P. 1, Quận 8, Hồ Chí Minh"
Lotteria - Voucher L-Chicken Burger,Lotteria,"TTTM Mua Sắm Aeon - Tân Phú Celadon, 30 Bờ Bao Tân Thắng, P. Sơn Kỳ, Quận Tân Phú, Hồ Chí Minh"
Lotteria - Voucher L-Chicken Burger,Lotteria,"Tầng 1, 18 Phan Văn Trị, P. 10, Quận Gò Vấp, Hồ Chí Minh"
Lotteria - Voucher L-Chicken Burger,Lotteria,"211 - 213 Bình Phú, P. 11, Quận 6, Hồ Chí Minh"
Lotteria - Voucher L-Chicken Burger,Lotteria,"445 Bạch Đằng, P. 12, Quận Bình Thạnh, Hồ Chí Minh"
Lotteria - Voucher L-Chicken Burger,Lotteria,"Khu B, KĐT mới An Phú - An Khánh, P. An Phú, Quận 2, Hồ Chí Minh"
Lotteria - Voucher L-Chicken Burger,Lotteria,"P5 _SH.02 Tòa Park 5 Vinhomes Central, 20A Điện Biên Phủ, Phường 22, Quận Bình Thạnh, Hồ Chí Minh"
Lotteria - Voucher L-Chicken Burger,Lotteria,"469 Nguyễn Hữu Thọ, P. Tân Hưng, Quận 7, Hồ Chí Minh"
Lotteria - Voucher L-Chicken Burger,Lotteria,"S6.0301.S04 & S6.0301.S03 Origami Vinhomes Grand Park, Quận 9, Hồ Chí Minh"
Lotteria - Voucher L-Chicken Burger,Lotteria,"292 Đinh Bộ Lĩnh, P. 26, Quận Bình Thạnh, Hồ Chí Minh"
Lotteria - Voucher L-Chicken Burger,Lotteria,"357 Quốc lộ 22, ấp Thượng, xã Tân Thông Hội, Huyện Củ Chi, Hồ Chí Minh"
Lotteria - Voucher L-Chicken Burger,Lotteria,"Coopmart Tuy Lý Vương, 40 - 54 Tuy Lý Vương, P. 13, Quận 8, Hồ Chí Minh"
Lotteria - Voucher L-Chicken Burger,Lotteria,"801 Hồng Bàng, P. 9, Quận 6, Hồ Chí Minh"
Lotteria - Voucher L-Chicken Burger,Lotteria,"573 Huỳnh Tấn Phát, P. Tân Thuận Đông, Quận 7, Hồ Chí Minh"
Lotteria - Voucher L-Chicken Burger,Lotteria,"11-11 Bis Nguyễn Thị Minh Khai, P. Bến Nghé, Quận 1, Hồ Chí Minh"
Lotteria - Voucher L-Chicken Burger,Lotteria,"92A Phan Chu Trinh, Quận Hải Châu, Đà Nẵng"
Lotteria - Voucher L-Chicken Burger,Lotteria,"120 Nguyễn Thị Minh Khai, P. Hải Châu 1, Quận Hải Châu, Đà Nẵng"
Lotteria - Voucher L-Chicken Burger,Lotteria,"Trần Nhân Tông, Bình Than, Quận Sơn Trà, Đà Nẵng"
Lotteria - Voucher L-Chicken Burger,Lotteria,"568 Trưng Nữ Vương, P. Hòa Thuận Tây, Quận Hải Châu, Đà Nẵng"
Lotteria - Voucher L-Chicken Burger,Lotteria,"T308, Tầng 3 Trung tâm thương mại Aeon Mall Huế, Số 8 đường Võ Nguyên Giáp, Phường An Đông, Huế, Thừa Thiên Huế"
Lotteria - Voucher L-Chicken Burger,Lotteria,"06 Trần Hưng Đạo, P. Phú Hòa, Thừa Thiên Huế, Thành Phố Huế, Thừa Thiên Huế"
Lotteria - Voucher L-Chicken Burger,Lotteria,"TTTM khu Quy hoạch Bà Triệu - Hùng Vương, P. Phú Hội, Thừa Thiên Huế, Thành Phố Huế, Thừa Thiên Huế"
Lotteria - Voucher L-Chicken Burger,Lotteria,"207C Lạch Tray, Quận Ngô Quyền, Hải Phòng"
Lotteria - Voucher L-Chicken Burger,Lotteria,"118 - 120 Trần Nguyên Hãn, Quận Lê Trân, Hải Phòng"
Lotteria - Voucher L-Chicken Burger,Lotteria,"88 Trần Phú, Quận Ngô Quyền, Hải Phòng"
Lotteria - Voucher L-Chicken Burger,Lotteria,"Số 2 Phạm Minh Đức, Phường Máy Tơ, Quận Ngô Quyền, Hải Phòng"
Lotteria - Voucher L-Chicken Burger,Lotteria,"317 Trần Thành Ngọ, Quận Kiến An, Hải Phòng"
Lotteria - Voucher L-Chicken Burger,Lotteria,"Lô 1/20 KĐT ngã 5, Sân bay Cát Bi, Quận Ngô Quyền, Hải Phòng"
Lotteria - Voucher L-Chicken Burger,Lotteria,"Lô 01, KDC Hưng Phú 1, P. Hưng Phú, Quận Cái Răng, Cần Thơ"
Lotteria - Voucher L-Chicken Burger,Lotteria,"170 Nguyễn Văn Cừ, P. An Khánh, Quận Ninh Kiều, Cần Thơ"
Lotteria - Voucher L-Chicken Burger,Lotteria,"Soiva Plaza Me Linh, Quận Khai Hoang, Vĩnh Yên, Vĩnh Phúc"
Lotteria - Voucher L-Chicken Burger,Lotteria,"TTTM Vincom Plaza, Đường Cù Chính Lan, Đồng Tiến, Hoà Bình"
Lotteria - Voucher L-Chicken Burger,Lotteria,"Tầng 3, Vincom Bắc Kan, Số 8A Đức Xuân, Bắc Kạn"
Lotteria - Voucher L-Chicken Burger,Lotteria,"Ngã 6, Plot 26, Khu 13, P. Kim Tân, Lào Cai, Lào Cai"
Lotteria - Voucher L-Chicken Burger,Lotteria,"Đường Cầu Kì Lừa, P. Chi Lăng, Lạng Sơn, Lạng Sơn"
Lotteria - Voucher L-Chicken Burger,Lotteria,"Tầng 1 TTTM Big C Bắc Giang, ngã 4 Hùng Vương kéo dài, xã Tân Tiến, Bắc Giang, Bắc Giang"
Lotteria - Voucher L-Chicken Burger,Lotteria,"TTTM Big C Việt Trì, Nguyễn Tất Thành, P. Thanh Miếu, Việt Trì, Phú Thọ"
Lotteria - Voucher L-Chicken Burger,Lotteria,"Lầu 3, Vincom Sơn La, Trường Chinh, P. Quyết Thắng, Sơn La, Sơn La"
Lotteria - Voucher L-Chicken Burger,Lotteria,"TTTM Thiên Trường, Quận Lộc Hòa, Nam Định"
Lotteria - Voucher L-Chicken Burger,Lotteria,"02 Hồng Quang, P. Quang Trung, Hải Dương"
Lotteria - Voucher L-Chicken Burger,Lotteria,"TTTM Vincom Hạ Long, P. Bạch Đằng, Hạ Long, Quảng Ninh"
Lotteria - Voucher L-Chicken Burger,Lotteria,"TTTM Big C, Cột 5, P. Hồng Hải, Hạ Long, Quảng Ninh"
Lotteria - Voucher L-Chicken Burger,Lotteria,"160 Lê Thánh Tôn, Hạ Long, Quảng Ninh"
Lotteria - Voucher L-Chicken Burger,Lotteria,"02 Trần Khánh Dư, P. Cẩm Đông, Cẩm Phả, Quảng Ninh"
Lotteria - Voucher L-Chicken Burger,Lotteria,"TTTM Big C Ninh Bình, Trần Nhân Tông, Xã Ninh Phúc, Ninh Bình"
Lotteria - Voucher L-Chicken Burger,Lotteria,"TTTM Vincom Plaza Thanh Hóa, Phường Trần Phú, Thanh Hóa"
Lotteria - Voucher L-Chicken Burger,Lotteria,"Tầng 1 Big C Thanh Hóa, Xã Đông Hải, Thanh Hóa"
Lotteria - Voucher L-Chicken Burger,Lotteria,"TTTM Big C Vinh, 02 Quang Trung, Vinh, Nghệ An"
Lotteria - Voucher L-Chicken Burger,Lotteria,"Tầng 3-16, Lotte Mart Vinh, 295 đường V.I Lê Ninh, P. Hà Huy Tập, Vinh, Nghệ An"
Lotteria - Voucher L-Chicken Burger,Lotteria,"74 Trần Phú, P. Bắc Hà, Hà Tĩnh"
Lotteria - Voucher L-Chicken Burger,Lotteria,"Số 1 Hùng Vương, Phường Cẩm Phô, Hội An, Quảng Nam"
Lotteria - Voucher L-Chicken Burger,Lotteria,"117B Đại lộ Hùng Vương, Trần Hưng Đạo, Quảng Ngãi"
Lotteria - Voucher L-Chicken Burger,Lotteria,"Cổng Nam TTTM Go! Đường Lý Thường Kiệt, Nghĩa Chánh, Quảng Ngãi"
Lotteria - Voucher L-Chicken Burger,Lotteria,"01 Phan Bội Châu, P. Hội Thương, Pleiku, Gia Lai"
Lotteria - Voucher L-Chicken Burger,Lotteria,"KĐT xanh Vũng Chua, P. Ghềnh Ráng, Quy Nhơn, Bình Định"
Lotteria - Voucher L-Chicken Burger,Lotteria,"02 - 2A Nguyễn Thái Học, Quy Nhơn, Bình Định"
Lotteria - Voucher L-Chicken Burger,Lotteria,"178 Y Jut, Thắng Lợi, Buôn Ma Thuột, Đắk Lắk"
Lotteria - Voucher L-Chicken Burger,Lotteria,"73 Thống Nhất, Nha Trang, Khánh Hòa"
Lotteria - Voucher L-Chicken Burger,Lotteria,"2+2/1 Nguyễn Đình Chiểu, P. Vĩnh Phước, Nha Trang, Khánh Hòa"
Lotteria - Voucher L-Chicken Burger,Lotteria,"2038 Hùng Vương, P. Cam Lộc, Cam Ranh, Khánh Hòa"
Lotteria - Voucher L-Chicken Burger,Lotteria,"Lô 04, đường 19/5, KĐT Vĩnh Điềm Trung, xã Vĩnh Hiệp, Nha Trang, Khánh Hòa"
Lotteria - Voucher L-Chicken Burger,Lotteria,"133 Bà Triệu, P. Thắng Lợi, Kon Tum, Kon Tum"
Lotteria - Voucher L-Chicken Burger,Lotteria,"Tầng trệt, Tháp nước, Trần Phú, P. 2, Bảo Lộc, Lâm Đồng"
Lotteria - Voucher L-Chicken Burger,Lotteria,"285 Bùi Thị Xuân, P. 8, Đà Lạt, Lâm Đồng"
Lotteria - Voucher L-Chicken Burger,Lotteria,"01 Nguyễn Thị Minh Khai, P. 01, Đà Lạt, Lâm Đồng"
Lotteria - Voucher L-Chicken Burger,Lotteria,"Quảng Trường Lâm Viên, góc đường Hồ Tùng Mậu - Trần Quốc Thảo, P. 10, Đà Lạt, Lâm Đồng"
Lotteria - Voucher L-Chicken Burger,Lotteria,"62 Thủ Khoa Huân, KP. 1, P. Bình Hưng, Phan Thiết, Bình Thuận"
Lotteria - Voucher L-Chicken Burger,Lotteria,"KDC Hùng Vương 1, P. Phú Thủy, Phan Thiết, Bình Thuận"
Lotteria - Voucher L-Chicken Burger,Lotteria,"1A Nguyễn Tất Thành, P. Bình Hưng, Phan Thiết, Bình Thuận"
Lotteria - Voucher L-Chicken Burger,Lotteria,"198 Hùng Vương, P. Xuân Bình, Thị xã Long Khánh, Đồng Nai"
Lotteria - Voucher L-Chicken Burger,Lotteria,"F230-F231 Võ Thị Sáu, Phường Thống Nhất, Biên Hòa, Đồng Nai"
Lotteria - Voucher L-Chicken Burger,Lotteria,"Lô B-03, KTM Amata, Quốc lộ 1A, P. Long Bình, Biên Hòa, Đồng Nai"
Lotteria - Voucher L-Chicken Burger,Lotteria,"03 Phan Chu Trinh, P. Quang Vinh, Biên Hòa, Đồng Nai"
Lotteria - Voucher L-Chicken Burger,Lotteria,"Quốc Lộ 51, KP 1, P. Long Bình Tân, Biên Hòa, Đồng Nai"
Lotteria - Voucher L-Chicken Burger,Lotteria,"Siêu Thị Hoàng Đức Gia Kiệm - 166 ấp Bạch Lâm 1, xã Gia Tân 2, Huyện Thống Nhất, Đồng Nai"
Lotteria - Voucher L-Chicken Burger,Lotteria,"TTTM Chợ Thanh Hà, Trần Phú, P. Phủ Hòa, Phan Rang - Tháp Chàm, Ninh Thuận"
Lotteria - Voucher L-Chicken Burger,Lotteria,"368 đường 30/4 P. Chánh Nghĩa, Thị xã Thủ Dầu Một, Bình Dương"
Lotteria - Voucher L-Chicken Burger,Lotteria,"TTTM Green Square, P. Đông Hòa, Thị xã Dĩ An, Bình Dương"
Lotteria - Voucher L-Chicken Burger,Lotteria,"KĐT The Seasons Bình Dương, P. Lái Thiêu, Thị xã Thuận An, Bình Dương"
Lotteria - Voucher L-Chicken Burger,Lotteria,"231 Yersin, P. Hiệp Thành, Thị xã Thủ Dầu Một, Bình Dương"
Lotteria - Voucher L-Chicken Burger,Lotteria,"555B đại lộ Bình Dương, P. Hiệp Bình, Thị xã Thủ Dầu Một, Bình Dương"
Lotteria - Voucher L-Chicken Burger,Lotteria,"01 Trần Hưng Đạo, P. Phú Cường, Thị xã Thủ Dầu Một, Bình Dương"
Lotteria - Voucher L-Chicken Burger,Lotteria,"TTMS Aeon - Bình Dương Canary, 1 Đại Lộ Bình Dương, KP. Bình Giao, P. Thuận Giao, Thị xã Thuận An, Bình Dương"
Lotteria - Voucher L-Chicken Burger,Lotteria,"Tầng trệt, KP. Lộc An, Thị trấn Trảng Bàng, Huyện Trảng Bàng, Tây Ninh"
Lotteria - Voucher L-Chicken Burger,Lotteria,"576 Cách Mạng Tháng Tám, Phường 3, Tây Ninh"
Lotteria - Voucher L-Chicken Burger,Lotteria,"227 Nam Kỳ Khởi Nghĩa - 378 Lê Hồng Phong, P. 03, Vũng Tàu, Bà Rịa - Vũng Tàu"
Lotteria - Voucher L-Chicken Burger,Lotteria,"Tầng 1, Góc đường 3/2 - Thi Sách, P. 8, Vũng Tàu, Bà Rịa - Vũng Tàu"
Lotteria - Voucher L-Chicken Burger,Lotteria,"09 Hạ Long, P. 2, Vũng Tàu, Bà Rịa - Vũng Tàu"
Lotteria - Voucher L-Chicken Burger,Lotteria,"Shop GF-01, Ấp Thanh Ba, Xã Mỹ Lộc, Thị trấn Cần Giuộc, Huyện Cần Giuộc, Long An"
Lotteria - Voucher L-Chicken Burger,Lotteria,"34 Ngô Quyền, P. 1, Mỹ Tho, Tiền Giang"
Lotteria - Voucher L-Chicken Burger,Lotteria,"545 Lê Văn Phẩm, P. 5, Mỹ Tho, Tiền Giang"
Lotteria - Voucher L-Chicken Burger,Lotteria,"15 Trương Định - 11 Phan Đình Phùng, KP. 01, P. 1, Thị xã Gò Công, Tiền Giang"
Lotteria - Voucher L-Chicken Burger,Lotteria,"Go Mart Trà Vinh, Đường Võ Nguyên Giáp, P. 7, Trà Vinh"
Lotteria - Voucher L-Chicken Burger,Lotteria,"Tầng trệt, Nguyễn Sinh Sắc, khóm 2, P. 2, Sa Đéc, Đồng Tháp"
Lotteria - Voucher L-Chicken Burger,Lotteria,"01 Ngô Thời Nhậm, P. 1, Cao Lãnh, Đồng Tháp"
Lotteria - Voucher L-Chicken Burger,Lotteria,"65 Nguyễn Huệ, P. 01, Cao Lãnh, Đồng Tháp"
Lotteria - Voucher L-Chicken Burger,Lotteria,"92 Nguyễn Trãi, P. Mỹ Long, Long Xuyên, An Giang"
Lotteria - Voucher L-Chicken Burger,Lotteria,"29 Trần Hưng Đạo, P. 5, Cà Mau, Cà Mau"
Tàu nhà hàng SaiGon Princess - Du ngoạn và ăn tối trên sông Sài Gòn - Thực đơn trẻ em,Tàu nhà hàng SAIGON PRINCESS,"Cảng Hành khách Tàu biển – Cảng Sài Gòn, số 5 Nguyễn Tất Thành, phường Xóm Chiếu , TP.HCM"
Tàu nhà hàng Saigon Princess - Du ngoạn và ăn tối trên sông Sài Gòn - Thực đơn chay,Tàu nhà hàng SAIGON PRINCESS,"Cảng Hành khách Tàu biển – Cảng Sài Gòn, số 5 Nguyễn Tất Thành, phường Xóm Chiếu , TP.HCM"
Tàu nhà hàng Saigon Princess - Du ngoạn và ăn tối trên sông Sài Gòn - Thực đơn 3 món đặc biệt,Tàu nhà hàng SAIGON PRINCESS,"Cảng Hành khách Tàu biển – Cảng Sài Gòn, số 5 Nguyễn Tất Thành, phường Xóm Chiếu , TP.HCM"
Du thuyền nhà hàng Benthanh Princess - Du ngoạn và ăn tối trên sông Sài Gòn - Thực đơn 3 món đặc biệt,Du thuyền nhà hàng Benthanh Princess,"Địa điểm sử dụng: Cảng Hành khách Tàu biển – Cảng Sài Gòn, số 5 Nguyễn Tất Thành, phường Xóm Chiếu , TP.HCM"
Dookki Việt Nam - Combo 2 Vé Buffet Người Lớn,Dookki Việt Nam,"Tầng 4 Vincom Trần Duy Hưng, số 119 Trần Duy Hưng, Trung Hoà, Cầu Giấy, Hà Nội"
Dookki Việt Nam - Combo 2 Vé Buffet Người Lớn,Dookki Việt Nam,"Tầng hầm R3 Vincom Royal City, Số 72 Nguyễn Trãi, Thượng Đình, Thanh Xuân, Hà Nội"
Dookki Việt Nam - Combo 2 Vé Buffet Người Lớn,Dookki Việt Nam,"Tầng 2, Tòa nhà A, Trung tâm thương mại Park City, Khu đô thị Park City Hà Nội, Đường Lê Trọng Tấn, Phường Dương Nội, Hà Nội"
Dookki Việt Nam - Combo 2 Vé Buffet Người Lớn,Dookki Việt Nam,"Tầng 1, ROX Center Hồ Tùng Mậu, Số 136 Hồ Tùng Mậu, Phường Phú Diễn, Quận Bắc Từ Liêm, Hà Nội"
Dookki Việt Nam - Combo 2 Vé Buffet Người Lớn,Dookki Việt Nam,"Tầng B1-22 Vincom Time City, số 458 Minh Khai, Hai Bà Trưng, Hà Nội"
Dookki Việt Nam - Combo 2 Vé Buffet Người Lớn,Dookki Việt Nam,"Tầng 3, Toà nhà Lotte Center Hanoi, 54 Liễu Giai, Phường Cống Vị, Quận Ba Đình, Hà Nội"
Dookki Việt Nam - Combo 2 Vé Buffet Người Lớn,Dookki Việt Nam,"Tầng 3, TTTM Tasco Mall Long Biên, 7-9 Nguyễn Văn Linh, Long Biên, Hà Nội"
Dookki Việt Nam - Combo 2 Vé Buffet Người Lớn,Dookki Việt Nam,"Tầng hầm B1 28 31 Vincom Bắc Từ Liêm, 234 Phạm Văn Đồng, Cổ Nhuế, Bắc Từ Liêm, Hà Nội"
Dookki Việt Nam - Combo 2 Vé Buffet Người Lớn,Dookki Việt Nam,"Tầng 4 TTTM Mac Plaza Hà Đông, Số 10 Trần Phú, Mô Lão, Hà Đông, Hà Nội"
Dookki Việt Nam - Combo 2 Vé Buffet Người Lớn,Dookki Việt Nam,"Tầng 6, 02 Phạm Ngọc Thạch, Trung Tự, Đống Đa, Hà Nội"
Dookki Việt Nam - Combo 2 Vé Buffet Người Lớn,Dookki Việt Nam,"Tầng 3 Vincom Plaza Skylake - Phạm Hùng, Mĩ Đình, Nam Từ Liêm, Hà Nội"
Dookki Việt Nam - Combo 2 Vé Buffet Người Lớn,Dookki Việt Nam,"Tầng 3, Trung Tâm Thương Mại Indochina Plaza Hà Nội, Số 241 Đường Xuân Thủy, Phường Dịch Vọng Hậu, Quận Cầu Giấy, Hà Nội"
Dookki Việt Nam - Combo 2 Vé Buffet Người Lớn,Dookki Việt Nam,"L1-06, Số 461 đường Trương Định, Phường Tân Mai, Quận Hoàng Mai, Hà Nội"
Dookki Việt Nam - Combo 2 Vé Buffet Người Lớn,Dookki Việt Nam,"Tầng 4, Vincom Mega Mall Ocean Park, Đa Tốn, Gia Lâm, Hà Nội"
Dookki Việt Nam - Combo 2 Vé Buffet Người Lớn,Dookki Việt Nam,"Tầng 2, Trung tâm thương mại Mipec Long Biên, số 2 Đường Long Biên II, Quận Long Biên, Hà Nội"
Dookki Việt Nam - Combo 2 Vé Buffet Người Lớn,Dookki Việt Nam,"Tầng 3 TTTM Lotte Mall Hà Nội, Khu đô thị Nam Thăng Long, số 272 đường Võ Chí Công, Phường Phú Thượng, Quận Tây Hồ, Hà Nội"
Dookki Việt Nam - Combo 2 Vé Buffet Người Lớn,Dookki Việt Nam,"Tầng 1 - L11, Tòa Nhà HHNO1, 47 Nguyễn Tuân, Phường Thanh Xuân, Hà Nội"
Dookki Việt Nam - Combo 2 Vé Buffet Người Lớn,Dookki Việt Nam,"Tầng 5 TTTM Hà Nội Centerpoint, 27 Đường Lê Văn Lương, Nhân Chính, Thanh Xuân, Hà Nội"
Dookki Việt Nam - Combo 2 Vé Buffet Người Lớn,Dookki Việt Nam,"Tầng hầm BH1 Vincom Nguyễn Chí Thanh, 54A Nguyễn Chí Thanh, Láng Thượng, Đống Đa, Hà Nội"
Dookki Việt Nam - Combo 2 Vé Buffet Người Lớn,Dookki Việt Nam,"Tầng 2, TTTM Go! Thăng Long, Số 222 Trần Duy Hưng, Phường Trung Hoà, Quận Cầu Giấy, Hà Nội"
Dookki Việt Nam - Combo 2 Vé Buffet Người Lớn,Dookki Việt Nam,"Tầng 5 Vincom Bà Triệu, số 191 Bà Triệu, Lê Đại Hành, Hai Bà Trưng, Hà Nội"
Dookki Việt Nam - Combo 2 Vé Buffet Người Lớn,Dookki Việt Nam,"Tầng 2 AEON Hà Đông, Dương Nội, Hà Đông, Hà Nội"
Dookki Việt Nam - Combo 2 Vé Buffet Người Lớn,Dookki Việt Nam,"59 Đường Xuân Diệu, Quảng An, Tây Hồ, Hà Nội"
Dookki Việt Nam - Combo 2 Vé Buffet Người Lớn,Dookki Việt Nam,"Tầng 3, Vincom Mega Mall Smart City, Nam Từ Liêm, Hà Nội"
Dookki Việt Nam - Combo 2 Vé Buffet Người Lớn,Dookki Việt Nam,"Tầng 3 Aeon Long Biên, 27 Đường Cổ Linh, Long Biên, Hà Nội"
Dookki Việt Nam - Combo 2 Vé Buffet Người Lớn,Dookki Việt Nam,"Gian hàng 1S12, TTTM Tops Hà Đông, 104, Đường Trần Phú, Phường Mộ Lao, Quận Hà Đông, Hà Nội"
Dookki Việt Nam - Combo 2 Vé Buffet Người Lớn,Dookki Việt Nam,"Ô số 9 - 10, Lô TT01B, Khu đô thị mới Tây Nam Hồ Linh Đàm, Phường Hoàng Liệt, Quận Hoàng Mai, Hà Nội"
Dookki Việt Nam - Combo 2 Vé Buffet Người Lớn,Dookki Việt Nam,"Tầng 2, TTTM The Zei Plaza, Số 8 Lê Đức Thọ, Phường Mỹ Đình, Nam Từ Liêm, Hà Nội"
Dookki Việt Nam - Combo 2 Vé Buffet Người Lớn,Dookki Việt Nam,"Tầng 4, Mipec Rubik360, 122-124 đường Xuân Thủy, Phường Cầu Giấy, Hà Nội"
Dookki Việt Nam - Combo 2 Vé Buffet Người Lớn,Dookki Việt Nam,"L4-03 thuộc Tầng 4 TTM Satra Võ Văn Kiệt, 1466 Võ Văn Kiệt, Phường 3, Quận 6, Hồ Chí Minh"
Dookki Việt Nam - Combo 2 Vé Buffet Người Lớn,Dookki Việt Nam,"Tầng 4, Vincom Plaza Lê Văn Việt: Số 50, Đường Lê Văn Việt, Phường Hiệp Phú, Thành phố Thủ Đức, Hồ Chí Minh"
Dookki Việt Nam - Combo 2 Vé Buffet Người Lớn,Dookki Việt Nam,"Tầng 1-2 Khối A1, Khu TM - DV - Căn hộ Bcons, đường Thống Nhất, Phường Đông Hòa, Hồ Chí Minh"
Dookki Việt Nam - Combo 2 Vé Buffet Người Lớn,Dookki Việt Nam,"L4-06, Tầng L4, Vincom Plaza 3/2, 3C đường 3 tháng 2, Phường 11, Quận 10, Hồ Chí Minh"
Dookki Việt Nam - Combo 2 Vé Buffet Người Lớn,Dookki Việt Nam,"Tầng trệt Mega Maket Quận 6, Bình Phú, Phường 11, Quận 6, Hồ Chí Minh"
Dookki Việt Nam - Combo 2 Vé Buffet Người Lớn,Dookki Việt Nam,"1F, Tầng 1 , Tòa nhà EverRich, 968 Đường 3/2, Phường 15, Quận 11, Hồ Chí Minh"
Dookki Việt Nam - Combo 2 Vé Buffet Người Lớn,Dookki Việt Nam,"Góc 743, Thị xã Dĩ An, Bình Dường"
Dookki Việt Nam - Combo 2 Vé Buffet Người Lớn,Dookki Việt Nam,"Lô L4-01, Tầng 4, Central Premium 854-856 Tạ Quang Bửu, Phường 5, Quận 8, Hồ Chí Minh"
Dookki Việt Nam - Combo 2 Vé Buffet Người Lớn,Dookki Việt Nam,"Tầng trệt, Co.opmart Bình Dường, số 1 Phú Lợi, Phường Phú Lợi, Thành phố Thủ Dầu Một, Bình Dương"
Dookki Việt Nam - Combo 2 Vé Buffet Người Lớn,Dookki Việt Nam,"Lầu 3, TTTM Satra Phạm Hùng, số C6/27 Phạm Hùng, Xã Bình Hưng, Huyện Bình Chánh, Hồ Chí Minh"
Dookki Việt Nam - Combo 2 Vé Buffet Người Lớn,Dookki Việt Nam,"Tầng 3 Aeon Tân Phú, 30 Bờ Bao Tân Thắng, Sơn Kỳ, Tân Phú, Hồ Chí Minh"
Dookki Việt Nam - Combo 2 Vé Buffet Người Lớn,Dookki Việt Nam,"Co.opmart Thủ Dầu Một, 368 Đường 30 Tháng 4, Chánh Nghĩa, Thủ Dầu Một, Bình Dương"
Dookki Việt Nam - Combo 2 Vé Buffet Người Lớn,Dookki Việt Nam,"139 Nguyễn Gia Trí, Phường 25, Bình Thạnh, Hồ Chí Minh"
Dookki Việt Nam - Combo 2 Vé Buffet Người Lớn,Dookki Việt Nam,"Tầng 4, TTTM Vincom Mega Mall Grand Park, Phường Long Bình và Phường Long Thạnh Mỹ, Thành phố Thủ Đức, Hồ Chí Minh"
Dookki Việt Nam - Combo 2 Vé Buffet Người Lớn,Dookki Việt Nam,"Tầng 1 - KNG Mall, Phường Phú Mỹ, Hồ Chí Minh"
Dookki Việt Nam - Combo 2 Vé Buffet Người Lớn,Dookki Việt Nam,"Tầng 2, Sora Gardens SC, Lô C19, Đường Hùng Vương, Phường Hòa Phú, Thành phố Thủ Dầu Một, Bình Dường."
Dookki Việt Nam - Combo 2 Vé Buffet Người Lớn,Dookki Việt Nam,"Tầng 4 Vincom Thủ Đức - 216 Võ Văn Ngân, Thành phố Thủ Đức, Hồ Chí Minh"
Dookki Việt Nam - Combo 2 Vé Buffet Người Lớn,Dookki Việt Nam,"Tầng B1 TTTM Giga Mall Thủ Đức, số240-242 Phạm Văn Đồng, P. Hiệp Bình Chánh, Thành phố Thủ Đức, Hồ Chí Minh"
Dookki Việt Nam - Combo 2 Vé Buffet Người Lớn,Dookki Việt Nam,"114-116 Nguyễn Ảnh Thủ, Hiệp Thành, Quận 12, Hồ Chí Minh"
Dookki Việt Nam - Combo 2 Vé Buffet Người Lớn,Dookki Việt Nam,"332A Cách Mạng Tháng Tám, Phước Trung, Bà Rịa, Bà Rịa – Vũng Tàu"
Dookki Việt Nam - Combo 2 Vé Buffet Người Lớn,Dookki Việt Nam,"Tầng 3 Lotte Mart Tân Bình, số 20 Cộng Hòa, Phường 4, Tân Bình, Hồ Chí Minh"
Dookki Việt Nam - Combo 2 Vé Buffet Người Lớn,Dookki Việt Nam,"645 Quang Trung, Phường 11, Quận Gò Vấp, Hồ Chí Minh"
Dookki Việt Nam - Combo 2 Vé Buffet Người Lớn,Dookki Việt Nam,"Tầng 6 Vạn Hạnh Mall, Số 11 Sư Vạn Hạnh, Phường 12, Quận 10, Thành phố Hồ Chí Minh"
Dookki Việt Nam - Combo 2 Vé Buffet Người Lớn,Dookki Việt Nam,"Tầng L3, TTTM Vincom Center Landmark 81, Số 772 Điện Biên Phủ, Phường 22, Quận Bình Thạnh, Hồ Chí Minh"
Dookki Việt Nam - Combo 2 Vé Buffet Người Lớn,Dookki Việt Nam,"L4-05 và L4-06, Tầng 4, số 385, Phan Huy Ích, Phường 14, Quận Gò Vấp, Hồ Chí Minh"
Dookki Việt Nam - Combo 2 Vé Buffet Người Lớn,Dookki Việt Nam,"Tầng 4 Fashion Mall Nowzone - 235 Nguyễn Văn Cừ, Phường Nguyễn Cư Trinh, Quận 1, Hồ Chí Minh"
Dookki Việt Nam - Combo 2 Vé Buffet Người Lớn,Dookki Việt Nam,"Tầng 4, Vincom Plaza Hòa Bình, Đồng Tiến, Hòa Bình"
Dookki Việt Nam - Combo 2 Vé Buffet Người Lớn,Dookki Việt Nam,"Tầng 4 Vincom Gò Vấp - 12 Phan Văn Trị, Phường 7, Quận Gò Vấp, Hồ Chí Minh"
Dookki Việt Nam - Combo 2 Vé Buffet Người Lớn,Dookki Việt Nam,"126 Đ. Tân Sơn Nhì, Tân Sơn Nhì, Tân Phú, Hồ Chí Minh"
Dookki Việt Nam - Combo 2 Vé Buffet Người Lớn,Dookki Việt Nam,"Tầng 1-2 Topaz Home, 102 Phan Văn Hớn, Phường Tân Thới Nhất, Quận 12, Hồ Chí Minh"
Dookki Việt Nam - Combo 2 Vé Buffet Người Lớn,Dookki Việt Nam,"Tầng 3 Aeon Mall Bình Tân, Số 1 Đường Số 17A, Khu phố 11, Bình Tân, Hồ Chí Minh"
Dookki Việt Nam - Combo 2 Vé Buffet Người Lớn,Dookki Việt Nam,"Tầng 5 Vincom Mega Mall Thảo Điền , Số 161 Xa lộ Hà Nội, Quận 2, Hồ Chí Minh"
Dookki Việt Nam - Combo 2 Vé Buffet Người Lớn,Dookki Việt Nam,"S3B, Tầng 2, Aeon Mall Bình Dương Canary 1 Đại Lộ Bình Dương, Kp. Bình Giao, Phường Thuận Giao, Thành phố Thuận An, Bình Dương"
Dookki Việt Nam - Combo 2 Vé Buffet Người Lớn,Dookki Việt Nam,"Tầng 3 469 Nguyễn Hữu Thọ, Tân Hưng, Quận 7, Hồ Chí Minh"
Dookki Việt Nam - Combo 2 Vé Buffet Người Lớn,Dookki Việt Nam,"Tầng 4, Crescent Mall Quận 7, 101 Tôn Dật Tiên, Tân Phú, Quận 7, Hồ Chí Minh"
Dookki Việt Nam - Combo 2 Vé Buffet Người Lớn,Dookki Việt Nam,"Tầng 3 Vincom Đồng Khởi, 72 Lê Thánh Tôn, Bến Nghé, Quận 1, Hồ Chí Minh"
Dookki Việt Nam - Combo 2 Vé Buffet Người Lớn,Dookki Việt Nam,"TTTM Go! Phú Thạnh, 53 Nguyễn Sơn, Phường Phú Thạnh, Quận Tân Phú, Hồ Chí Minh"
Dookki Việt Nam - Combo 2 Vé Buffet Người Lớn,Dookki Việt Nam,"Co.opxtra Thủ Đức, 934 Quốc Lộ 1A, Phường Linh Trung, Thành phố Thủ Đức, Hồ Chí Minh"
Dookki Việt Nam - Combo 2 Vé Buffet Người Lớn,Dookki Việt Nam,"L3-10,11,V8-10, Đường Mai Chí Thọ, Phường Thủ Thiêm, Thành phố Thủ Đức, Hồ Chí Minh"
Dookki Việt Nam - Combo 2 Vé Buffet Người Lớn,Dookki Việt Nam,"Lotte Mart Vũng Tàu, Góc đường 3/2 và, Đường Thi Sách, Phường 8, Thành phố Vũng Tàu"
Dookki Việt Nam - Combo 2 Vé Buffet Người Lớn,Dookki Việt Nam,"GF-13, Tầng Trệt, Co.opMart Xa Lộ Hà Nội, 191 Quang Trung, Phường Hiệp Phú, Thành phố Thủ Đức, Hồ Chí Minh"
Dookki Việt Nam - Combo 2 Vé Buffet Người Lớn,Dookki Việt Nam,"Tầng 2, Co.opmart Rạch Miễu 48 Hoa Sứ, Phường 7, Phú Nhuận, Hồ Chí Minh"
Dookki Việt Nam - Combo 2 Vé Buffet Người Lớn,Dookki Việt Nam,"MM Mega Market Hiệp Phú, Đường Trương Thị Hoa, Tân Thới Hiệp, Quận 12, Hồ Chí Minh"
Dookki Việt Nam - Combo 2 Vé Buffet Người Lớn,Dookki Việt Nam,"Tầng 3, Hùng Vương Plaza, 126 Hồng Bàng, Phường 12, Quận 5, Hồ Chí Minh"
Dookki Việt Nam - Combo 2 Vé Buffet Người Lớn,Dookki Việt Nam,"Gian hàng 1S5, Tầng 1 TTTM Go! Đà Nẵng, Số 255-257 Hùng Vương, Phường Thạc Gián, Đà Nẵng"
Dookki Việt Nam - Combo 2 Vé Buffet Người Lớn,Dookki Việt Nam,"326 Nguyễn Duy Hiệu, Phường Sơn Phong, Thành phố Hội An, Quảng Nam"
Dookki Việt Nam - Combo 2 Vé Buffet Người Lớn,Dookki Việt Nam,"Tầng 3 MM Đà Nẵng, Đường Nguyễn Sinh Sắc, Phường Hoà Khánh Nam, Quận Liên Chiểu, Đà Nẵng"
Dookki Việt Nam - Combo 2 Vé Buffet Người Lớn,Dookki Việt Nam,"74 Bạch Đằng, Hải Châu 1, Hải Châu, Đà Nẵng"
Dookki Việt Nam - Combo 2 Vé Buffet Người Lớn,Dookki Việt Nam,"Lô 3 A5.6 Khu công viên Bắc Đài tưởng niệm, Phường Hòa Cường Bắc, Quận hải Châu, Đà Nẵng"
Dookki Việt Nam - Combo 2 Vé Buffet Người Lớn,Dookki Việt Nam,"37 Phan Tứ, Phường Ngũ Hành Sơn, Đà Nẵng"
Dookki Việt Nam - Combo 2 Vé Buffet Người Lớn,Dookki Việt Nam,"Lô T323, Tầng 3, TTTM Aeon Mall Huế, Số 8 Đường Võ Nguyên Giáp, Phường An Đông, Thành phố Huế, Thừa Thiên Huế"
Dookki Việt Nam - Combo 2 Vé Buffet Người Lớn,Dookki Việt Nam,"Lầu 5, Vincom Plaza Huế, 50A Hùng Vương tổ 10, Phú Nhuận, Thành phố Huế, Thừa Thiên Huế"
Dookki Việt Nam - Combo 2 Vé Buffet Người Lớn,Dookki Việt Nam,"Tầng L3, TTTM Vincom Mega Mall Royal Island, Lô CCĐT-01, Khu B1, Phường Thủy Nguyên, Hải Phòng"
Dookki Việt Nam - Combo 2 Vé Buffet Người Lớn,Dookki Việt Nam,"1/20 Khu đô thị mới ngã 5 sân bay Cát Bi - Quận Ngô Quyền, Hải Phòng"
Dookki Việt Nam - Combo 2 Vé Buffet Người Lớn,Dookki Việt Nam,"Tầng 2, AEON Mall Hải Phòng, 10 Võ Nguyên Giáp, Phường Kênh Dương, Quận Lê Chân, Hải Phòng"
Dookki Việt Nam - Combo 2 Vé Buffet Người Lớn,Dookki Việt Nam,"L1-01B, Vincom+ Chí Linh, tại địa chỉ Khu dân cư Nguyễn Trãi 1, Phường Sao Đỏ, Thành phố Chí Linh, Hải Dương"
Dookki Việt Nam - Combo 2 Vé Buffet Người Lớn,Dookki Việt Nam,"Tầng trệt TTTM GO! Hải Dương, Phường Nhị Châu, Thành phố Hải Dương, Hải Dương"
Dookki Việt Nam - Combo 2 Vé Buffet Người Lớn,Dookki Việt Nam,"Tầng 4-04, Vincom Sóc Trăng ,Số 22 Trần Hưng Đạo, Khóm 1, Phường 2, Sóc Trăng"
Dookki Việt Nam - Combo 2 Vé Buffet Người Lớn,Dookki Việt Nam,"Tầng 4 Vincom Hùng Vương, Số 2 Hùng Vương, Thới Bình, Ninh Kiều, Cần Thơ"
Dookki Việt Nam - Combo 2 Vé Buffet Người Lớn,Dookki Việt Nam,"Tầng 4 Vincom Xuân Khánh, Số 209 Đường 30 Tháng 4, Xuân Khánh, Ninh Kiều, Cần Thơ"
Dookki Việt Nam - Combo 2 Vé Buffet Người Lớn,Dookki Việt Nam,"Tầng 4, Vincom Plaza Bắc Giang Số 41, Đường Ngô Gia Tự, Thành phố Bắc Giang, Bắc Giang"
Dookki Việt Nam - Combo 2 Vé Buffet Người Lớn,Dookki Việt Nam,"Lầu 2, Go ! Bắc Giang, Xã Tân Tiến, Thành Phố Bắc Giang, Bắc Giang"
Dookki Việt Nam - Combo 2 Vé Buffet Người Lớn,Dookki Việt Nam,"Tầng 3 Vincom Plaza Lý Thái Tổ, Bắc Ninh, Ngã 6 mặt đường Lý Thái Tổ và đường Trần Hưng Đạo, Phường Suối Hoa, Bắc Ninh"
Dookki Việt Nam - Combo 2 Vé Buffet Người Lớn,Dookki Việt Nam,"125 &127 Nguyễn Thị Minh Khai, Phường Kinh Bắc, Tỉnh Bắc Ninh"
Dookki Việt Nam - Combo 2 Vé Buffet Người Lớn,Dookki Việt Nam,"Lô L3-05, Tầng L3, TTTM Vincom Plaza Yên Bái, Công Viên Yên Hòa, Đường Thành Công và Đường Tô Hiến Thành, Phường Nguyễn Thái Học, Thành phố Yên Bái, Yên Bái"
Dookki Việt Nam - Combo 2 Vé Buffet Người Lớn,Dookki Việt Nam,"Tầng 1 - TTTM Go! Yên Bái, Phường Yên Bái, Lào Cai"
Dookki Việt Nam - Combo 2 Vé Buffet Người Lớn,Dookki Việt Nam,"Tầng 1 , TTTM GO! LÀO CAI Đại Lộ Trần Hưng Đạo, Đường H1, Tiểu KĐT 13, Phường Bắc Lệnh, Lào Cai"
Dookki Việt Nam - Combo 2 Vé Buffet Người Lớn,Dookki Việt Nam,"L3-05, Tầng L3, TTTM Vincom, Số 2 Trần Hưng Đạo, Phường Chi Lăng, Thành phố Lạng Sơn, Lạng Sơn"
Dookki Việt Nam - Combo 2 Vé Buffet Người Lớn,Dookki Việt Nam,"Tầng 3 TTTM Vincom Thái Nguyên, số 286 Đường Lương Ngọc Quyến, Phường Quang Trung, Thành phố Thái Nguyên, Thái Nguyên"
Dookki Việt Nam - Combo 2 Vé Buffet Người Lớn,Dookki Việt Nam,"L3-04, Tầng L3, Trung Tâm Thương Mại Vincom Plaza Bắc Kạn, Tổ hợp TTTM và nhà ở liền kề (Shophouse) Tổ 8A, Phường Đức Xuân, Thành Phố Bắc Kạn, Bắc Kạn"
Dookki Việt Nam - Combo 2 Vé Buffet Người Lớn,Dookki Việt Nam,"Tầng 5, Trung Tâm Thương Mại Vincom Plaza Việt Trì, Đường Hùng Vương, Khu Hồng Hà, Phường Tiên Cát, Thành Phố Việt Trì, Phú Thọ"
Dookki Việt Nam - Combo 2 Vé Buffet Người Lớn,Dookki Việt Nam,"1S9-B, Tầng 1, TTTM Go! Việt Trì, Đường Nguyễn Tất Thành, Phường Thanh Miếu, Thành phố Việt Trì, Phú Thọ"
Dookki Việt Nam - Combo 2 Vé Buffet Người Lớn,Dookki Việt Nam,"Siêu thị Co.opmart Vĩnh Phúc- Tòa nhà TTTM Soiva. Plaza, đường Mê Linh, phường Khai Quang, thành phố Vĩnh Yên, Vĩnh Phúc."
Dookki Việt Nam - Combo 2 Vé Buffet Người Lớn,Dookki Việt Nam,"Tầng 3, TTTM Vincom Plaza Tuyên Quang, 260 Đường Quang Trung, Phường Phan Thiết, Tuyên Quang."
Dookki Việt Nam - Combo 2 Vé Buffet Người Lớn,Dookki Việt Nam,"Tầng 4, Vincom Plaza Hà Giang, Phường Trần Phú, Thành phố Hà Giang, Hà Giang"
Dookki Việt Nam - Combo 2 Vé Buffet Người Lớn,Dookki Việt Nam,"L3-06, Tầng L3, Trung Tâm Thương Mại Vincom Plaza Sơn La, Tổ 13, Phường Quyết Thắng, Thành phố Sơn La, Sơn La"
Dookki Việt Nam - Combo 2 Vé Buffet Người Lớn,Dookki Việt Nam,"Tầng 5 SC Vivo City, 1058 Nguyễn Văn Linh, Tân Phong, Quận 7, Hồ Chí Minh"
Dookki Việt Nam - Combo 2 Vé Buffet Người Lớn,Dookki Việt Nam,"L3-02-03, TTTM Vincom Plaza Cẩm Phả, Thửa đất số 69 tờ bản đồ số 25, Phường Cẩm Bình, Thành phố Cẩm Phả, Quảng Ninh"
Dookki Việt Nam - Combo 2 Vé Buffet Người Lớn,Dookki Việt Nam,"L1-03, Tầng L1, TTTM Vincom Uông Bí, Khu đô thị Yên Thanh, Phường Yên Thanh, Thành phố Uông Bí, Quảng Ninh"
Dookki Việt Nam - Combo 2 Vé Buffet Người Lớn,Dookki Việt Nam,"Tầng 4, TTTM Vincom Center Hạ Long, Khu, Phường Bạch Đằng, Quảng Ninh"
Dookki Việt Nam - Combo 2 Vé Buffet Người Lớn,Dookki Việt Nam,"158, Tầng 1, TTTM Go! Hạ Long, cột 5, Phường Hồng Hải, Thành phố Hạ Long, Quảng Ninh"
Dookki Việt Nam - Combo 2 Vé Buffet Người Lớn,Dookki Việt Nam,"Tầng 3 của TTTM Vincom Plaza Móng Cái Thành phố Móng Cái, Quảng Ninh"
Dookki Việt Nam - Combo 2 Vé Buffet Người Lớn,Dookki Việt Nam,"L4-06, Tầng L4, TTTM Vincom Điện Biên, Thửa đất số 117, tờ bản đồ số 13, tổ dân phố 7, Phường Mường Thanh, Thành phố Điện Biên Phủ, Điện Biên"
Dookki Việt Nam - Combo 2 Vé Buffet Người Lớn,Dookki Việt Nam,"L2-19-20 Tầng L2, Vincom Mega Mall Ocean City tại địa chỉ thửa đất số 1128, tờ bản đồ số 05 thuộc Dự án Khu đô thị sinh thái Dream City, Xã Nghĩa Trụ, Huyện Văn Giang, Hưng Yên"
Dookki Việt Nam - Combo 2 Vé Buffet Người Lớn,Dookki Việt Nam,"Tầng 1, TTTM GO ! THÁI BÌNH , Trần Thái Tông, Phường Phú Khánh, Thái Bình"
Dookki Việt Nam - Combo 2 Vé Buffet Người Lớn,Dookki Việt Nam,"L4-04, Tầng L4, Trung Tâm Thương Mại Vincom Plaza Thái Bình tại 460 Lý Bôn, Phường Đề Thám, Thành phố Thái Bình, Thái Bình"
Dookki Việt Nam - Combo 2 Vé Buffet Người Lớn,Dookki Việt Nam,"Tầng 3, Chợ Phủ, Thị trấn Khoái Châu, Huyện Khoái Châu, Hưng Yên"
Dookki Việt Nam - Combo 2 Vé Buffet Người Lớn,Dookki Việt Nam,"Tầng 1 - TTTM Go! Hưng Yên, Đường Tô Hiệu, Phường Hiến Nam, Thành phố Hưng Yên, Hưng Yên"
Dookki Việt Nam - Combo 2 Vé Buffet Người Lớn,Dookki Việt Nam,"Tầng 2, Go! Ninh Bình , Đường Trần Nhân Tông, Xã Ninh Phúc, Thành phố Ninh Bình, Ninh Bình"
Dookki Việt Nam - Combo 2 Vé Buffet Người Lớn,Dookki Việt Nam,"Tầng 3, Trung Tâm Thương Mại Vincom Plaza Hà Nam, Số 42 Biên Hòa, Phường Lương Khánh Thiện, Thành phố Phủ Lý, Hà Nam"
Dookki Việt Nam - Combo 2 Vé Buffet Người Lớn,Dookki Việt Nam,"Tầng 1, Go ! Nam Định, Trung Tâm Thương Mại Siêu thị Thiên Trường, Phường Lộc Hòa, Nam Định"
Dookki Việt Nam - Combo 2 Vé Buffet Người Lớn,Dookki Việt Nam,"Siêu thị Go Thanh Hóa, Phố Đồng Lễ, Phường Đông Hải, Thanh Hoá"
Dookki Việt Nam - Combo 2 Vé Buffet Người Lớn,Dookki Việt Nam,"Lầu 5- Vincom Plaza Thanh Hóa, số 27 Trần Phú, Phường Điện Biên , Thanh Hóa"
Dookki Việt Nam - Combo 2 Vé Buffet Người Lớn,Dookki Việt Nam,"Tầng 2 Vinh Centre, số 69 Hồ Tùng Mậu, Trường Thi, Thành phố Vinh, Nghệ An"
Dookki Việt Nam - Combo 2 Vé Buffet Người Lớn,Dookki Việt Nam,"Tầng L5 TTTM Vincom Plaza Vinh, Khu chung cư Quang Trung, Phường Thành Vinh, Nghệ An"
Dookki Việt Nam - Combo 2 Vé Buffet Người Lớn,Dookki Việt Nam,"Tầng 3 Lotte Mart Vinh, 494 V.I. Lê Nin, Hà Huy Tập, Thành phố Vinh, Nghệ An"
Dookki Việt Nam - Combo 2 Vé Buffet Người Lớn,Dookki Việt Nam,"Tầng L1, TTTM Vincom Kỳ Anh, Tiểu khu 2, Tổ dân phố 1, Phường Sông Trí, Hà Tĩnh"
Dookki Việt Nam - Combo 2 Vé Buffet Người Lớn,Dookki Việt Nam,"Tầng 3, Vincom Plaza Hà Tĩnh, Ngã tư đường Hà Huy Tập, Phường Hà Huy Tập, Hà Tĩnh"
Dookki Việt Nam - Combo 2 Vé Buffet Người Lớn,Dookki Việt Nam,"Lô L4-06, tầng L4, TTTM Vincom Plaza Đông Hà, 252 đường Hùng Vương, phường Đông Lương, thành phố Đông Hà, Quảng Trị"
Dookki Việt Nam - Combo 2 Vé Buffet Người Lớn,Dookki Việt Nam,"Tầng 2 siêu thị Co.opmart Quảng Bình - số 07, Đường 23/08, Phường Đồng Phú, Thành phố Đồng Hới, Quảng Bình"
Dookki Việt Nam - Combo 2 Vé Buffet Người Lớn,Dookki Việt Nam,"Tầng 1, Trung tâm thương mại GO! Quảng Ngãi, Đường Lý Thường Kiệt, Phường Chánh Nghĩa, Thành phố Quảng Ngãi, Quảng Ngãi"
Dookki Việt Nam - Combo 2 Vé Buffet Người Lớn,Dookki Việt Nam,"L4-04, Tầng L4, TTTM Vincom Plaza Kon Tum, Số 2 Đường Phan Đình Phùng, Phường Quyết Thắng, Thành phố Kon Tum, Kon Tum"
Dookki Việt Nam - Combo 2 Vé Buffet Người Lớn,Dookki Việt Nam,"Tầng triệt, Trung Tâm Thương Mại Quy Nhơn, Số 7 Lê Duẩn, Phường Lý Thường Kiệt, Thành phố Quy Nhơn"
Dookki Việt Nam - Combo 2 Vé Buffet Người Lớn,Dookki Việt Nam,"Tầng Trệt, Co.opmart Pleiku, Số 21 Đường Cách Mạng Tháng 8, Phường Hoa Lư, Thành phố Pleiku, Gia Lai"
Dookki Việt Nam - Combo 2 Vé Buffet Người Lớn,Dookki Việt Nam,"Tầng 1, GO- Buôn Mê Thuột, Góc đường Nguyễn Thị Định và đường Vành đai phía Tây, Thành phố Buôn Ma Thuột, Đắk Lắk"
Dookki Việt Nam - Combo 2 Vé Buffet Người Lớn,Dookki Việt Nam,"Tầng L1, TTTM Vincom, Phường Ninh Hòa, Khánh Hòa"
Dookki Việt Nam - Combo 2 Vé Buffet Người Lớn,Dookki Việt Nam,"Tầng 6, TTTM Gold Coast, số 01 Trần Hưng Đạo, Lộc Thọ, Thành phố Nha Trang, Khánh Hòa"
Dookki Việt Nam - Combo 2 Vé Buffet Người Lớn,Dookki Việt Nam,"Tầng 1, Lotte Mart Nha Trang ,Số 58 đường 23/10, Phường Phương Sơn, Thành phố Nha Trang, Khánh Hòa"
Dookki Việt Nam - Combo 2 Vé Buffet Người Lớn,Dookki Việt Nam,"L1-02, Lầu 1 (Tầng 2), Co.opMart Thanh Hà, TTTM Chợ Thanh Hà, Đường Trần Phú, Phường Phủ Hà, Thành phố Phan Rang - Tháp Chàm, Ninh Thuận"
Dookki Việt Nam - Combo 2 Vé Buffet Người Lớn,Dookki Việt Nam,"Tầng 5, LOTTE Mart Phan Thiết, Khu dân cư Hùng Vương I, Phường Phú Thủy, Thành phố Phan Thiết, Bình Thuận"
Dookki Việt Nam - Combo 2 Vé Buffet Người Lớn,Dookki Việt Nam,"Co.op Mart - Tầng trệt, Tháp Nước, Đường Trần Phú, Phường 2, Thành phố Bảo Lộc, Lâm Đồng."
Dookki Việt Nam - Combo 2 Vé Buffet Người Lớn,Dookki Việt Nam,"Tầng hầm 1, quảng trường Lâm Viên (Big C), thành phố Đà Lạt, Lâm Đồng"
Dookki Việt Nam - Combo 2 Vé Buffet Người Lớn,Dookki Việt Nam,"MB6, Tầng 2, Tòa nhà Galaxy Tulips, Số 5 Nguyễn Thị Minh Khai, Phường 1, Thành phố Đà Lạt, Lâm Đồng"
Dookki Việt Nam - Combo 2 Vé Buffet Người Lớn,Dookki Việt Nam,"L1-02B, Tầng L1, TTTM Vincom Long Thành, Số 251 Đường Lê Duẩn, Thị Trấn Long Thành, Huyện Long Thành, Đồng Nai"
Dookki Việt Nam - Combo 2 Vé Buffet Người Lớn,Dookki Việt Nam,"Số A2,22-23 , Khu nhà mặt phố thương mại Long Khánh (Ngay chợ Long Khánh), Đường D1, Phường Xuân Trung, Thành phố Long Khánh, Đồng Nai"
Dookki Việt Nam - Combo 2 Vé Buffet Người Lớn,Dookki Việt Nam,"Số 237/6A Trương Định, Tân Mai, Thành phố Biên Hòa, Đồng Nai"
Dookki Việt Nam - Combo 2 Vé Buffet Người Lớn,Dookki Việt Nam,"Tầng 5, Lô B-03, Khu thương mại Amata,Quốc lộ 1A, Phường Long Bình, Thành phố Biên Hoà, Đồng Nai"
Dookki Việt Nam - Combo 2 Vé Buffet Người Lớn,Dookki Việt Nam,"Tầng trệt, TTTM Co.opmart Tân An, 01 Mai Thị Tốt, Phường 2, Thành phố Tân An, Long An"
Dookki Việt Nam - Combo 2 Vé Buffet Người Lớn,Dookki Việt Nam,"Lầu 1, Co.opmart Tây Ninh, 576 Cách Mạng Tháng Tám, Phường 3, Thành phố Tây Ninh, Tây Ninh"
Dookki Việt Nam - Combo 2 Vé Buffet Người Lớn,Dookki Việt Nam,"Tầng L3, Trung Tâm Thương Mại Vincom Plaza Vĩnh Long, Số 55 đường Phạm Thái Bường, Phường 4, Thành phố Vĩnh Long, Vĩnh Long"
Dookki Việt Nam - Combo 2 Vé Buffet Người Lớn,Dookki Việt Nam,"Tầng L3, Trung Tâm Thương Mại Vincom Plaza Trà Vinh, Phường 2, Thành phố Trà Vinh, Trà Vinh"
Dookki Việt Nam - Combo 2 Vé Buffet Người Lớn,Dookki Việt Nam,"26 Đường 3 Tháng 2, Phường 1, Vĩnh Long"
Dookki Việt Nam - Combo 2 Vé Buffet Người Lớn,Dookki Việt Nam,"Tầng Trệt, TTTM GO! Bến Tre, Ấp1, đường Võ Nguyên Giáp (Quốc lộ 60), Xã Sơn Đông, Bến Tre"
Dookki Việt Nam - Combo 2 Vé Buffet Người Lớn,Dookki Việt Nam,"Tầng 5 Vincom Plaza Mỹ Tho - số 1A đường Hùng Vương, Phường 1, Thành phố Mỹ Tho, Tiền Giang"
Dookki Việt Nam - Combo 2 Vé Buffet Người Lớn,Dookki Việt Nam,"Lầu 4 Vincom Plaza Cao Lãnh, Ngã tư 30/04 & Nguyễn Đình Chiểu, Thành phố Cao Lãnh, Đồng Tháp"
Dookki Việt Nam - Combo 2 Vé Buffet Người Lớn,Dookki Việt Nam,"Tầng L1, TTTM Vincom Sa Đéc, 11a Nguyễn Hữu Cảnh, Phường 1, Thành phố Sa Đéc, Đồng Tháp"
Dookki Việt Nam - Combo 2 Vé Buffet Người Lớn,Dookki Việt Nam,"TTTM Go! Thanh Bình, Thửa đất số 119, Tờ bản đồ số 72, Thị trấn Thanh Bình, Huyện Thanh Bình, Đồng Tháp"
Dookki Việt Nam - Combo 2 Vé Buffet Người Lớn,Dookki Việt Nam,"GF1 + GF2, Tầng trệt, Co.opMart Kiên Giang, 1332 Nguyễn Trung Trực, Phường An Bình, Rạch Giá, Kiên Giang"
Dookki Việt Nam - Combo 2 Vé Buffet Người Lớn,Dookki Việt Nam,"Tầng 5 Vincom Plaza Rạch Giá, Kiên Giang, Lô A12, Khu Phố 1, Đường Cô Bắc, Phường Vĩnh Bảo, Thành Phố Rạch Giá, Kiên Giang"
Dookki Việt Nam - Combo 2 Vé Buffet Người Lớn,Dookki Việt Nam,"Lầu 5 Vincom Plaza An Giang, Số 1242 Trần Hưng Đạo, Mỹ Bình,Thành phố Long Xuyên, An Giang"
Dookki Việt Nam - Combo 2 Vé Buffet Người Lớn,Dookki Việt Nam,"Trung tâm giải trí và ẩm thực Holiday Center, 95 Trần Hưng Đạo, Khu phố 7, Phường Dương Đông, Thành phố Phú Quốc, Kiên Giang"
Dookki Việt Nam - Combo 2 Vé Buffet Người Lớn,Dookki Việt Nam,"Tầng 3-02-03, TTTM Vincom Trần Huỳnh Trần Huỳnh, Phường 7, Bạc Liêu"
Dookki Việt Nam - Combo 2 Vé Buffet Người Lớn,Dookki Việt Nam,"Tầng L4, Trung Tâm Thương Mại Vincom Cà Mau, Khu Phố Thương mại và Trung tâm Thương mại, Phường 1, Thành phố Cà Mau, Cà Mau"
Dookki Việt Nam - Vé Buffet Người Lớn,Dookki Việt Nam,"Tầng 3, Toà nhà Lotte Center Hanoi, 54 Liễu Giai, Phường Cống Vị, Quận Ba Đình, Hà Nội"
Dookki Việt Nam - Vé Buffet Người Lớn,Dookki Việt Nam,"Tầng B1-22 Vincom Time City, số 458 Minh Khai, Hai Bà Trưng, Hà Nội"
Dookki Việt Nam - Vé Buffet Người Lớn,Dookki Việt Nam,"Tầng hầm B1 28 31 Vincom Bắc Từ Liêm, 234 Phạm Văn Đồng, Cổ Nhuế, Bắc Từ Liêm, Hà Nội"
Dookki Việt Nam - Vé Buffet Người Lớn,Dookki Việt Nam,"Tầng 4 TTTM Mac Plaza Hà Đông, Số 10 Trần Phú, Mô Lão, Hà Đông, Hà Nội"
Dookki Việt Nam - Vé Buffet Người Lớn,Dookki Việt Nam,"Tầng 6, 02 Phạm Ngọc Thạch, Trung Tự, Đống Đa, Hà Nội"
Dookki Việt Nam - Vé Buffet Người Lớn,Dookki Việt Nam,"Tầng 3, Trung Tâm Thương Mại Indochina Plaza Hà Nội, Số 241 Đường Xuân Thủy, Phường Dịch Vọng Hậu, Quận Cầu Giấy, Hà Nội"
Dookki Việt Nam - Vé Buffet Người Lớn,Dookki Việt Nam,"Tầng 3 Vincom Plaza Skylake - Phạm Hùng, Mĩ Đình, Nam Từ Liêm, Hà Nội"
Dookki Việt Nam - Vé Buffet Người Lớn,Dookki Việt Nam,"Tầng 3 TTTM Lotte Mall Hà Nội, Khu đô thị Nam Thăng Long, số 272 đường Võ Chí Công, Phường Phú Thượng, Quận Tây Hồ, Hà Nội"
Dookki Việt Nam - Vé Buffet Người Lớn,Dookki Việt Nam,"L1-06, Số 461 đường Trương Định, Phường Tân Mai, Quận Hoàng Mai, Hà Nội"
Dookki Việt Nam - Vé Buffet Người Lớn,Dookki Việt Nam,"Tầng 4, Vincom Mega Mall Ocean Park, Đa Tốn, Gia Lâm, Hà Nội"
Dookki Việt Nam - Vé Buffet Người Lớn,Dookki Việt Nam,"Tầng 2, Trung tâm thương mại Mipec Long Biên, số 2 Đường Long Biên II, Quận Long Biên, Hà Nội"
Dookki Việt Nam - Vé Buffet Người Lớn,Dookki Việt Nam,"Tầng 1 - L11, Tòa Nhà HHNO1, 47 Nguyễn Tuân, Phường Thanh Xuân, Hà Nội"
Dookki Việt Nam - Vé Buffet Người Lớn,Dookki Việt Nam,"Tầng 5 TTTM Hà Nội Centerpoint, 27 Đường Lê Văn Lương, Nhân Chính, Thanh Xuân, Hà Nội"
Dookki Việt Nam - Vé Buffet Người Lớn,Dookki Việt Nam,"Tầng hầm BH1 Vincom Nguyễn Chí Thanh, 54A Nguyễn Chí Thanh, Láng Thượng, Đống Đa, Hà Nội"
Dookki Việt Nam - Vé Buffet Người Lớn,Dookki Việt Nam,"Tầng 2, TTTM Go! Thăng Long, Số 222 Trần Duy Hưng, Phường Trung Hoà, Quận Cầu Giấy, Hà Nội"
Dookki Việt Nam - Vé Buffet Người Lớn,Dookki Việt Nam,"Tầng 5 Vincom Bà Triệu, số 191 Bà Triệu, Lê Đại Hành, Hai Bà Trưng, Hà Nội"
Dookki Việt Nam - Vé Buffet Người Lớn,Dookki Việt Nam,"Tầng 2 AEON Hà Đông, Dương Nội, Hà Đông, Hà Nội"
Dookki Việt Nam - Vé Buffet Người Lớn,Dookki Việt Nam,"59 Đường Xuân Diệu, Quảng An, Tây Hồ, Hà Nội"
Dookki Việt Nam - Vé Buffet Người Lớn,Dookki Việt Nam,"Tầng 3, Vincom Mega Mall Smart City, Nam Từ Liêm, Hà Nội"
Dookki Việt Nam - Vé Buffet Người Lớn,Dookki Việt Nam,"Tầng 3 Aeon Long Biên, 27 Đường Cổ Linh, Long Biên, Hà Nội"
Dookki Việt Nam - Vé Buffet Người Lớn,Dookki Việt Nam,"Gian hàng 1S12, TTTM Tops Hà Đông, 104, Đường Trần Phú, Phường Mộ Lao, Quận Hà Đông, Hà Nội"
Dookki Việt Nam - Vé Buffet Người Lớn,Dookki Việt Nam,"Ô số 9 - 10, Lô TT01B, Khu đô thị mới Tây Nam Hồ Linh Đàm, Phường Hoàng Liệt, Quận Hoàng Mai, Hà Nội"
Dookki Việt Nam - Vé Buffet Người Lớn,Dookki Việt Nam,"Tầng 2, TTTM The Zei Plaza, Số 8 Lê Đức Thọ, Phường Mỹ Đình, Nam Từ Liêm, Hà Nội"
Dookki Việt Nam - Vé Buffet Người Lớn,Dookki Việt Nam,"Tầng hầm R3 Vincom Royal City, Số 72 Nguyễn Trãi, Thượng Đình, Thanh Xuân, Hà Nội"
Dookki Việt Nam - Vé Buffet Người Lớn,Dookki Việt Nam,"Tầng 4 Vincom Trần Duy Hưng, số 119 Trần Duy Hưng, Trung Hoà, Cầu Giấy, Hà Nội"
Dookki Việt Nam - Vé Buffet Người Lớn,Dookki Việt Nam,"Tầng 4, Mipec Rubik360, 122-124 đường Xuân Thủy, Phường Cầu Giấy, Hà Nội"
Dookki Việt Nam - Vé Buffet Người Lớn,Dookki Việt Nam,"Tầng 2, Tòa nhà A, Trung tâm thương mại Park City, Khu đô thị Park City Hà Nội, Đường Lê Trọng Tấn, Phường Dương Nội, Hà Nội"
Dookki Việt Nam - Vé Buffet Người Lớn,Dookki Việt Nam,"Tầng 1, ROX Center Hồ Tùng Mậu, Số 136 Hồ Tùng Mậu, Phường Phú Diễn, Quận Bắc Từ Liêm, Hà Nội"
Dookki Việt Nam - Vé Buffet Người Lớn,Dookki Việt Nam,"Tầng 3, TTTM Tasco Mall Long Biên, 7-9 Nguyễn Văn Linh, Long Biên, Hà Nội"
Dookki Việt Nam - Vé Buffet Người Lớn,Dookki Việt Nam,"Tầng 2, Sora Gardens SC, Lô C19, Đường Hùng Vương, Phường Hòa Phú, Thành phố Thủ Dầu Một, Bình Dường."
Dookki Việt Nam - Vé Buffet Người Lớn,Dookki Việt Nam,"139 Nguyễn Gia Trí, Phường 25, Bình Thạnh, Hồ Chí Minh"
Dookki Việt Nam - Vé Buffet Người Lớn,Dookki Việt Nam,"Tầng 4, TTTM Vincom Mega Mall Grand Park, Phường Long Bình và Phường Long Thạnh Mỹ, Thành phố Thủ Đức, Hồ Chí Minh"
Dookki Việt Nam - Vé Buffet Người Lớn,Dookki Việt Nam,"Tầng 1 - KNG Mall, Phường Phú Mỹ, Hồ Chí Minh"
Dookki Việt Nam - Vé Buffet Người Lớn,Dookki Việt Nam,"Tầng 4 Vincom Thủ Đức - 216 Võ Văn Ngân, Thành phố Thủ Đức, Hồ Chí Minh"
Dookki Việt Nam - Vé Buffet Người Lớn,Dookki Việt Nam,"Tầng B1 TTTM Giga Mall Thủ Đức, số240-242 Phạm Văn Đồng, P. Hiệp Bình Chánh, Thành phố Thủ Đức, Hồ Chí Minh"
Dookki Việt Nam - Vé Buffet Người Lớn,Dookki Việt Nam,"114-116 Nguyễn Ảnh Thủ, Hiệp Thành, Quận 12, Hồ Chí Minh"
Dookki Việt Nam - Vé Buffet Người Lớn,Dookki Việt Nam,"332A Cách Mạng Tháng Tám, Phước Trung, Bà Rịa, Bà Rịa – Vũng Tàu"
Dookki Việt Nam - Vé Buffet Người Lớn,Dookki Việt Nam,"Tầng 3 Lotte Mart Tân Bình, số 20 Cộng Hòa, Phường 4, Tân Bình, Hồ Chí Minh"
Dookki Việt Nam - Vé Buffet Người Lớn,Dookki Việt Nam,"645 Quang Trung, Phường 11, Quận Gò Vấp, Hồ Chí Minh"
Dookki Việt Nam - Vé Buffet Người Lớn,Dookki Việt Nam,"Tầng 6 Vạn Hạnh Mall, Số 11 Sư Vạn Hạnh, Phường 12, Quận 10, Thành phố Hồ Chí Minh"
Dookki Việt Nam - Vé Buffet Người Lớn,Dookki Việt Nam,"Tầng L3, TTTM Vincom Center Landmark 81, Số 772 Điện Biên Phủ, Phường 22, Quận Bình Thạnh, Hồ Chí Minh"
Dookki Việt Nam - Vé Buffet Người Lớn,Dookki Việt Nam,"L4-05 và L4-06, Tầng 4, số 385, Phan Huy Ích, Phường 14, Quận Gò Vấp, Hồ Chí Minh"
Dookki Việt Nam - Vé Buffet Người Lớn,Dookki Việt Nam,"Tầng 4 Fashion Mall Nowzone - 235 Nguyễn Văn Cừ, Phường Nguyễn Cư Trinh, Quận 1, Hồ Chí Minh"
Dookki Việt Nam - Vé Buffet Người Lớn,Dookki Việt Nam,"Tầng 4, Vincom Plaza Hòa Bình, Đồng Tiến, Hòa Bình"
Dookki Việt Nam - Vé Buffet Người Lớn,Dookki Việt Nam,"Tầng 4 Vincom Gò Vấp - 12 Phan Văn Trị, Phường 7, Quận Gò Vấp, Hồ Chí Minh"
Dookki Việt Nam - Vé Buffet Người Lớn,Dookki Việt Nam,"126 Đ. Tân Sơn Nhì, Tân Sơn Nhì, Tân Phú, Hồ Chí Minh"
Dookki Việt Nam - Vé Buffet Người Lớn,Dookki Việt Nam,"S3B, Tầng 2, Aeon Mall Bình Dương Canary 1 Đại Lộ Bình Dương, Kp. Bình Giao, Phường Thuận Giao, Thành phố Thuận An, Bình Dương"
Dookki Việt Nam - Vé Buffet Người Lớn,Dookki Việt Nam,"Tầng 1-2 Topaz Home, 102 Phan Văn Hớn, Phường Tân Thới Nhất, Quận 12, Hồ Chí Minh"
Dookki Việt Nam - Vé Buffet Người Lớn,Dookki Việt Nam,"Tầng 3 Aeon Mall Bình Tân, Số 1 Đường Số 17A, Khu phố 11, Bình Tân, Hồ Chí Minh"
Dookki Việt Nam - Vé Buffet Người Lớn,Dookki Việt Nam,"Tầng 5 Vincom Mega Mall Thảo Điền , Số 161 Xa lộ Hà Nội, Quận 2, Hồ Chí Minh"
Dookki Việt Nam - Vé Buffet Người Lớn,Dookki Việt Nam,"Lầu 3, TTTM Satra Phạm Hùng, số C6/27 Phạm Hùng, Xã Bình Hưng, Huyện Bình Chánh, Hồ Chí Minh"
Dookki Việt Nam - Vé Buffet Người Lớn,Dookki Việt Nam,"Tầng 3 469 Nguyễn Hữu Thọ, Tân Hưng, Quận 7, Hồ Chí Minh"
Dookki Việt Nam - Vé Buffet Người Lớn,Dookki Việt Nam,"Tầng 4, Crescent Mall Quận 7, 101 Tôn Dật Tiên, Tân Phú, Quận 7, Hồ Chí Minh"
Dookki Việt Nam - Vé Buffet Người Lớn,Dookki Việt Nam,"Tầng 3 Vincom Đồng Khởi, 72 Lê Thánh Tôn, Bến Nghé, Quận 1, Hồ Chí Minh"
Dookki Việt Nam - Vé Buffet Người Lớn,Dookki Việt Nam,"TTTM Go! Phú Thạnh, 53 Nguyễn Sơn, Phường Phú Thạnh, Quận Tân Phú, Hồ Chí Minh"
Dookki Việt Nam - Vé Buffet Người Lớn,Dookki Việt Nam,"Co.opxtra Thủ Đức, 934 Quốc Lộ 1A, Phường Linh Trung, Thành phố Thủ Đức, Hồ Chí Minh"
Dookki Việt Nam - Vé Buffet Người Lớn,Dookki Việt Nam,"L3-10,11,V8-10, Đường Mai Chí Thọ, Phường Thủ Thiêm, Thành phố Thủ Đức, Hồ Chí Minh"
Dookki Việt Nam - Vé Buffet Người Lớn,Dookki Việt Nam,"Lotte Mart Vũng Tàu, Góc đường 3/2 và, Đường Thi Sách, Phường 8, Thành phố Vũng Tàu"
Dookki Việt Nam - Vé Buffet Người Lớn,Dookki Việt Nam,"GF-13, Tầng Trệt, Co.opMart Xa Lộ Hà Nội, 191 Quang Trung, Phường Hiệp Phú, Thành phố Thủ Đức, Hồ Chí Minh"
Dookki Việt Nam - Vé Buffet Người Lớn,Dookki Việt Nam,"Tầng 2, Co.opmart Rạch Miễu 48 Hoa Sứ, Phường 7, Phú Nhuận, Hồ Chí Minh"
Dookki Việt Nam - Vé Buffet Người Lớn,Dookki Việt Nam,"MM Mega Market Hiệp Phú, Đường Trương Thị Hoa, Tân Thới Hiệp, Quận 12, Hồ Chí Minh"
Dookki Việt Nam - Vé Buffet Người Lớn,Dookki Việt Nam,"Tầng 3, Hùng Vương Plaza, 126 Hồng Bàng, Phường 12, Quận 5, Hồ Chí Minh"
Dookki Việt Nam - Vé Buffet Người Lớn,Dookki Việt Nam,"L4-03 thuộc Tầng 4 TTM Satra Võ Văn Kiệt, 1466 Võ Văn Kiệt, Phường 3, Quận 6, Hồ Chí Minh"
Dookki Việt Nam - Vé Buffet Người Lớn,Dookki Việt Nam,"Tầng 4, Vincom Plaza Lê Văn Việt: Số 50, Đường Lê Văn Việt, Phường Hiệp Phú, Thành phố Thủ Đức, Hồ Chí Minh"
Dookki Việt Nam - Vé Buffet Người Lớn,Dookki Việt Nam,"Tầng 1-2 Khối A1, Khu TM - DV - Căn hộ Bcons, đường Thống Nhất, Phường Đông Hòa, Hồ Chí Minh"
Dookki Việt Nam - Vé Buffet Người Lớn,Dookki Việt Nam,"L4-06, Tầng L4, Vincom Plaza 3/2, 3C đường 3 tháng 2, Phường 11, Quận 10, Hồ Chí Minh"
Dookki Việt Nam - Vé Buffet Người Lớn,Dookki Việt Nam,"Tầng trệt Mega Maket Quận 6, Bình Phú, Phường 11, Quận 6, Hồ Chí Minh"
Dookki Việt Nam - Vé Buffet Người Lớn,Dookki Việt Nam,"1F, Tầng 1 , Tòa nhà EverRich, 968 Đường 3/2, Phường 15, Quận 11, Hồ Chí Minh"
Dookki Việt Nam - Vé Buffet Người Lớn,Dookki Việt Nam,"Góc 743, Thị xã Dĩ An, Bình Dường"
Dookki Việt Nam - Vé Buffet Người Lớn,Dookki Việt Nam,"Lô L4-01, Tầng 4, Central Premium 854-856 Tạ Quang Bửu, Phường 5, Quận 8, Hồ Chí Minh"
Dookki Việt Nam - Vé Buffet Người Lớn,Dookki Việt Nam,"Tầng trệt, Co.opmart Bình Dường, số 1 Phú Lợi, Phường Phú Lợi, Thành phố Thủ Dầu Một, Bình Dương"
Dookki Việt Nam - Vé Buffet Người Lớn,Dookki Việt Nam,"Tầng 3 Aeon Tân Phú, 30 Bờ Bao Tân Thắng, Sơn Kỳ, Tân Phú, Hồ Chí Minh"
Dookki Việt Nam - Vé Buffet Người Lớn,Dookki Việt Nam,"Co.opmart Thủ Dầu Một, 368 Đường 30 Tháng 4, Chánh Nghĩa, Thủ Dầu Một, Bình Dương"
Dookki Việt Nam - Vé Buffet Người Lớn,Dookki Việt Nam,"74 Bạch Đằng, Hải Châu 1, Hải Châu, Đà Nẵng"
Dookki Việt Nam - Vé Buffet Người Lớn,Dookki Việt Nam,"Tầng 3 MM Đà Nẵng, Đường Nguyễn Sinh Sắc, Phường Hoà Khánh Nam, Quận Liên Chiểu, Đà Nẵng"
Dookki Việt Nam - Vé Buffet Người Lớn,Dookki Việt Nam,"Lô 3 A5.6 Khu công viên Bắc Đài tưởng niệm, Phường Hòa Cường Bắc, Quận hải Châu, Đà Nẵng"
Dookki Việt Nam - Vé Buffet Người Lớn,Dookki Việt Nam,"Gian hàng 1S5, Tầng 1 TTTM Go! Đà Nẵng, Số 255-257 Hùng Vương, Phường Thạc Gián, Đà Nẵng"
Dookki Việt Nam - Vé Buffet Người Lớn,Dookki Việt Nam,"37 Phan Tứ, Phường Ngũ Hành Sơn, Đà Nẵng"
Dookki Việt Nam - Vé Buffet Người Lớn,Dookki Việt Nam,"326 Nguyễn Duy Hiệu, Phường Sơn Phong, Thành phố Hội An, Quảng Nam"
Dookki Việt Nam - Vé Buffet Người Lớn,Dookki Việt Nam,"Lô T323, Tầng 3, TTTM Aeon Mall Huế, Số 8 Đường Võ Nguyên Giáp, Phường An Đông, Thành phố Huế, Thừa Thiên Huế"
Dookki Việt Nam - Vé Buffet Người Lớn,Dookki Việt Nam,"Lầu 5, Vincom Plaza Huế, 50A Hùng Vương tổ 10, Phú Nhuận, Thành phố Huế, Thừa Thiên Huế"
Dookki Việt Nam - Vé Buffet Người Lớn,Dookki Việt Nam,"1/20 Khu đô thị mới ngã 5 sân bay Cát Bi - Quận Ngô Quyền, Hải Phòng"
Dookki Việt Nam - Vé Buffet Người Lớn,Dookki Việt Nam,"Tầng L3, TTTM Vincom Mega Mall Royal Island, Lô CCĐT-01, Khu B1, Phường Thủy Nguyên, Hải Phòng"
Dookki Việt Nam - Vé Buffet Người Lớn,Dookki Việt Nam,"Tầng 2, AEON Mall Hải Phòng, 10 Võ Nguyên Giáp, Phường Kênh Dương, Quận Lê Chân, Hải Phòng"
Dookki Việt Nam - Vé Buffet Người Lớn,Dookki Việt Nam,"Tầng trệt TTTM GO! Hải Dương, Phường Nhị Châu, Thành phố Hải Dương, Hải Dương"
Dookki Việt Nam - Vé Buffet Người Lớn,Dookki Việt Nam,"L1-01B, Vincom+ Chí Linh, tại địa chỉ Khu dân cư Nguyễn Trãi 1, Phường Sao Đỏ, Thành phố Chí Linh, Hải Dương"
Dookki Việt Nam - Vé Buffet Người Lớn,Dookki Việt Nam,"Tầng 4 Vincom Xuân Khánh, Số 209 Đường 30 Tháng 4, Xuân Khánh, Ninh Kiều, Cần Thơ"
Dookki Việt Nam - Vé Buffet Người Lớn,Dookki Việt Nam,"Tầng 4-04, Vincom Sóc Trăng ,Số 22 Trần Hưng Đạo, Khóm 1, Phường 2, Sóc Trăng"
Dookki Việt Nam - Vé Buffet Người Lớn,Dookki Việt Nam,"Tầng 4 Vincom Hùng Vương, Số 2 Hùng Vương, Thới Bình, Ninh Kiều, Cần Thơ"
Dookki Việt Nam - Vé Buffet Người Lớn,Dookki Việt Nam,"125 &127 Nguyễn Thị Minh Khai, Phường Kinh Bắc, Tỉnh Bắc Ninh"
Dookki Việt Nam - Vé Buffet Người Lớn,Dookki Việt Nam,"Tầng 4, Vincom Plaza Bắc Giang Số 41, Đường Ngô Gia Tự, Thành phố Bắc Giang, Bắc Giang"
Dookki Việt Nam - Vé Buffet Người Lớn,Dookki Việt Nam,"Lầu 2, Go ! Bắc Giang, Xã Tân Tiến, Thành Phố Bắc Giang, Bắc Giang"
Dookki Việt Nam - Vé Buffet Người Lớn,Dookki Việt Nam,"Tầng 3 Vincom Plaza Lý Thái Tổ, Bắc Ninh, Ngã 6 mặt đường Lý Thái Tổ và đường Trần Hưng Đạo, Phường Suối Hoa, Bắc Ninh"
Dookki Việt Nam - Vé Buffet Người Lớn,Dookki Việt Nam,"Tầng 1 - TTTM Go! Yên Bái, Phường Yên Bái, Lào Cai"
Dookki Việt Nam - Vé Buffet Người Lớn,Dookki Việt Nam,"Lô L3-05, Tầng L3, TTTM Vincom Plaza Yên Bái, Công Viên Yên Hòa, Đường Thành Công và Đường Tô Hiến Thành, Phường Nguyễn Thái Học, Thành phố Yên Bái, Yên Bái"
Dookki Việt Nam - Vé Buffet Người Lớn,Dookki Việt Nam,"Tầng 1 , TTTM GO! LÀO CAI Đại Lộ Trần Hưng Đạo, Đường H1, Tiểu KĐT 13, Phường Bắc Lệnh, Lào Cai"
Dookki Việt Nam - Vé Buffet Người Lớn,Dookki Việt Nam,"L3-05, Tầng L3, TTTM Vincom, Số 2 Trần Hưng Đạo, Phường Chi Lăng, Thành phố Lạng Sơn, Lạng Sơn"
Dookki Việt Nam - Vé Buffet Người Lớn,Dookki Việt Nam,"L3-04, Tầng L3, Trung Tâm Thương Mại Vincom Plaza Bắc Kạn, Tổ hợp TTTM và nhà ở liền kề (Shophouse) Tổ 8A, Phường Đức Xuân, Thành Phố Bắc Kạn, Bắc Kạn"
Dookki Việt Nam - Vé Buffet Người Lớn,Dookki Việt Nam,"Tầng 3 TTTM Vincom Thái Nguyên, số 286 Đường Lương Ngọc Quyến, Phường Quang Trung, Thành phố Thái Nguyên, Thái Nguyên"
Dookki Việt Nam - Vé Buffet Người Lớn,Dookki Việt Nam,"Siêu thị Co.opmart Vĩnh Phúc- Tòa nhà TTTM Soiva. Plaza, đường Mê Linh, phường Khai Quang, thành phố Vĩnh Yên, Vĩnh Phúc."
Dookki Việt Nam - Vé Buffet Người Lớn,Dookki Việt Nam,"Tầng 5, Trung Tâm Thương Mại Vincom Plaza Việt Trì, Đường Hùng Vương, Khu Hồng Hà, Phường Tiên Cát, Thành Phố Việt Trì, Phú Thọ"
Dookki Việt Nam - Vé Buffet Người Lớn,Dookki Việt Nam,"1S9-B, Tầng 1, TTTM Go! Việt Trì, Đường Nguyễn Tất Thành, Phường Thanh Miếu, Thành phố Việt Trì, Phú Thọ"
Dookki Việt Nam - Vé Buffet Người Lớn,Dookki Việt Nam,"Tầng 3, TTTM Vincom Plaza Tuyên Quang, 260 Đường Quang Trung, Phường Phan Thiết, Tuyên Quang."
Dookki Việt Nam - Vé Buffet Người Lớn,Dookki Việt Nam,"Tầng 4, Vincom Plaza Hà Giang, Phường Trần Phú, Thành phố Hà Giang, Hà Giang"
Dookki Việt Nam - Vé Buffet Người Lớn,Dookki Việt Nam,"L3-06, Tầng L3, Trung Tâm Thương Mại Vincom Plaza Sơn La, Tổ 13, Phường Quyết Thắng, Thành phố Sơn La, Sơn La"
Dookki Việt Nam - Vé Buffet Người Lớn,Dookki Việt Nam,"Tầng 5 SC Vivo City, 1058 Nguyễn Văn Linh, Tân Phong, Quận 7, Hồ Chí Minh"
Dookki Việt Nam - Vé Buffet Người Lớn,Dookki Việt Nam,"Tầng 3 của TTTM Vincom Plaza Móng Cái Thành phố Móng Cái, Quảng Ninh"
Dookki Việt Nam - Vé Buffet Người Lớn,Dookki Việt Nam,"L3-02-03, TTTM Vincom Plaza Cẩm Phả, Thửa đất số 69 tờ bản đồ số 25, Phường Cẩm Bình, Thành phố Cẩm Phả, Quảng Ninh"
Dookki Việt Nam - Vé Buffet Người Lớn,Dookki Việt Nam,"158, Tầng 1, TTTM Go! Hạ Long, cột 5, Phường Hồng Hải, Thành phố Hạ Long, Quảng Ninh"
Dookki Việt Nam - Vé Buffet Người Lớn,Dookki Việt Nam,"Tầng 4, TTTM Vincom Center Hạ Long, Khu, Phường Bạch Đằng, Quảng Ninh"
Dookki Việt Nam - Vé Buffet Người Lớn,Dookki Việt Nam,"L1-03, Tầng L1, TTTM Vincom Uông Bí, Khu đô thị Yên Thanh, Phường Yên Thanh, Thành phố Uông Bí, Quảng Ninh"
Dookki Việt Nam - Vé Buffet Người Lớn,Dookki Việt Nam,"L4-06, Tầng L4, TTTM Vincom Điện Biên, Thửa đất số 117, tờ bản đồ số 13, tổ dân phố 7, Phường Mường Thanh, Thành phố Điện Biên Phủ, Điện Biên"
Dookki Việt Nam - Vé Buffet Người Lớn,Dookki Việt Nam,"L2-19-20 Tầng L2, Vincom Mega Mall Ocean City tại địa chỉ thửa đất số 1128, tờ bản đồ số 05 thuộc Dự án Khu đô thị sinh thái Dream City, Xã Nghĩa Trụ, Huyện Văn Giang, Hưng Yên"
Dookki Việt Nam - Vé Buffet Người Lớn,Dookki Việt Nam,"L4-04, Tầng L4, Trung Tâm Thương Mại Vincom Plaza Thái Bình tại 460 Lý Bôn, Phường Đề Thám, Thành phố Thái Bình, Thái Bình"
Dookki Việt Nam - Vé Buffet Người Lớn,Dookki Việt Nam,"Tầng 3, Chợ Phủ, Thị trấn Khoái Châu, Huyện Khoái Châu, Hưng Yên"
Dookki Việt Nam - Vé Buffet Người Lớn,Dookki Việt Nam,"Tầng 1, TTTM GO ! THÁI BÌNH , Trần Thái Tông, Phường Phú Khánh, Thái Bình"
Dookki Việt Nam - Vé Buffet Người Lớn,Dookki Việt Nam,"Tầng 1 - TTTM Go! Hưng Yên, Đường Tô Hiệu, Phường Hiến Nam, Thành phố Hưng Yên, Hưng Yên"
Dookki Việt Nam - Vé Buffet Người Lớn,Dookki Việt Nam,"Tầng 3, Trung Tâm Thương Mại Vincom Plaza Hà Nam, Số 42 Biên Hòa, Phường Lương Khánh Thiện, Thành phố Phủ Lý, Hà Nam"
Dookki Việt Nam - Vé Buffet Người Lớn,Dookki Việt Nam,"Tầng 2, Go! Ninh Bình , Đường Trần Nhân Tông, Xã Ninh Phúc, Thành phố Ninh Bình, Ninh Bình"
Dookki Việt Nam - Vé Buffet Người Lớn,Dookki Việt Nam,"Tầng 1, Go ! Nam Định, Trung Tâm Thương Mại Siêu thị Thiên Trường, Phường Lộc Hòa, Nam Định"
Dookki Việt Nam - Vé Buffet Người Lớn,Dookki Việt Nam,"Siêu thị Go Thanh Hóa, Phố Đồng Lễ, Phường Đông Hải, Thanh Hoá"
Dookki Việt Nam - Vé Buffet Người Lớn,Dookki Việt Nam,"Lầu 5- Vincom Plaza Thanh Hóa, số 27 Trần Phú, Phường Điện Biên , Thanh Hóa"
Dookki Việt Nam - Vé Buffet Người Lớn,Dookki Việt Nam,"Tầng L5 TTTM Vincom Plaza Vinh, Khu chung cư Quang Trung, Phường Thành Vinh, Nghệ An"
Dookki Việt Nam - Vé Buffet Người Lớn,Dookki Việt Nam,"Tầng 3 Lotte Mart Vinh, 494 V.I. Lê Nin, Hà Huy Tập, Thành phố Vinh, Nghệ An"
Dookki Việt Nam - Vé Buffet Người Lớn,Dookki Việt Nam,"Tầng 2 Vinh Centre, số 69 Hồ Tùng Mậu, Trường Thi, Thành phố Vinh, Nghệ An"
Dookki Việt Nam - Vé Buffet Người Lớn,Dookki Việt Nam,"Tầng 3, Vincom Plaza Hà Tĩnh, Ngã tư đường Hà Huy Tập, Phường Hà Huy Tập, Hà Tĩnh"
Dookki Việt Nam - Vé Buffet Người Lớn,Dookki Việt Nam,"Tầng L1, TTTM Vincom Kỳ Anh, Tiểu khu 2, Tổ dân phố 1, Phường Sông Trí, Hà Tĩnh"
Dookki Việt Nam - Vé Buffet Người Lớn,Dookki Việt Nam,"Tầng 2 siêu thị Co.opmart Quảng Bình - số 07, Đường 23/08, Phường Đồng Phú, Thành phố Đồng Hới, Quảng Bình"
Dookki Việt Nam - Vé Buffet Người Lớn,Dookki Việt Nam,"Lô L4-06, tầng L4, TTTM Vincom Plaza Đông Hà, 252 đường Hùng Vương, phường Đông Lương, thành phố Đông Hà, Quảng Trị"
Dookki Việt Nam - Vé Buffet Người Lớn,Dookki Việt Nam,"Tầng 1, Trung tâm thương mại GO! Quảng Ngãi, Đường Lý Thường Kiệt, Phường Chánh Nghĩa, Thành phố Quảng Ngãi, Quảng Ngãi"
Dookki Việt Nam - Vé Buffet Người Lớn,Dookki Việt Nam,"L4-04, Tầng L4, TTTM Vincom Plaza Kon Tum, Số 2 Đường Phan Đình Phùng, Phường Quyết Thắng, Thành phố Kon Tum, Kon Tum"
Dookki Việt Nam - Vé Buffet Người Lớn,Dookki Việt Nam,"Tầng Trệt, Co.opmart Pleiku, Số 21 Đường Cách Mạng Tháng 8, Phường Hoa Lư, Thành phố Pleiku, Gia Lai"
Dookki Việt Nam - Vé Buffet Người Lớn,Dookki Việt Nam,"Tầng triệt, Trung Tâm Thương Mại Quy Nhơn, Số 7 Lê Duẩn, Phường Lý Thường Kiệt, Thành phố Quy Nhơn"
Dookki Việt Nam - Vé Buffet Người Lớn,Dookki Việt Nam,"Tầng 1, GO- Buôn Mê Thuột, Góc đường Nguyễn Thị Định và đường Vành đai phía Tây, Thành phố Buôn Ma Thuột, Đắk Lắk"
Dookki Việt Nam - Vé Buffet Người Lớn,Dookki Việt Nam,"Tầng 1, Lotte Mart Nha Trang ,Số 58 đường 23/10, Phường Phương Sơn, Thành phố Nha Trang, Khánh Hòa"
Dookki Việt Nam - Vé Buffet Người Lớn,Dookki Việt Nam,"Tầng 6, TTTM Gold Coast, số 01 Trần Hưng Đạo, Lộc Thọ, Thành phố Nha Trang, Khánh Hòa"
Dookki Việt Nam - Vé Buffet Người Lớn,Dookki Việt Nam,"Tầng L1, TTTM Vincom, Phường Ninh Hòa, Khánh Hòa"
Dookki Việt Nam - Vé Buffet Người Lớn,Dookki Việt Nam,"Tầng 5, LOTTE Mart Phan Thiết, Khu dân cư Hùng Vương I, Phường Phú Thủy, Thành phố Phan Thiết, Bình Thuận"
Dookki Việt Nam - Vé Buffet Người Lớn,Dookki Việt Nam,"Tầng hầm 1, quảng trường Lâm Viên (Big C), thành phố Đà Lạt, Lâm Đồng"
Dookki Việt Nam - Vé Buffet Người Lớn,Dookki Việt Nam,"L1-02, Lầu 1 (Tầng 2), Co.opMart Thanh Hà, TTTM Chợ Thanh Hà, Đường Trần Phú, Phường Phủ Hà, Thành phố Phan Rang - Tháp Chàm, Ninh Thuận"
Dookki Việt Nam - Vé Buffet Người Lớn,Dookki Việt Nam,"Co.op Mart - Tầng trệt, Tháp Nước, Đường Trần Phú, Phường 2, Thành phố Bảo Lộc, Lâm Đồng."
Dookki Việt Nam - Vé Buffet Người Lớn,Dookki Việt Nam,"MB6, Tầng 2, Tòa nhà Galaxy Tulips, Số 5 Nguyễn Thị Minh Khai, Phường 1, Thành phố Đà Lạt, Lâm Đồng"
Dookki Việt Nam - Vé Buffet Người Lớn,Dookki Việt Nam,"Tầng 5, Lô B-03, Khu thương mại Amata,Quốc lộ 1A, Phường Long Bình, Thành phố Biên Hoà, Đồng Nai"
Dookki Việt Nam - Vé Buffet Người Lớn,Dookki Việt Nam,"Số A2,22-23 , Khu nhà mặt phố thương mại Long Khánh (Ngay chợ Long Khánh), Đường D1, Phường Xuân Trung, Thành phố Long Khánh, Đồng Nai"
Dookki Việt Nam - Vé Buffet Người Lớn,Dookki Việt Nam,"L1-02B, Tầng L1, TTTM Vincom Long Thành, Số 251 Đường Lê Duẩn, Thị Trấn Long Thành, Huyện Long Thành, Đồng Nai"
Dookki Việt Nam - Vé Buffet Người Lớn,Dookki Việt Nam,"Số 237/6A Trương Định, Tân Mai, Thành phố Biên Hòa, Đồng Nai"
Dookki Việt Nam - Vé Buffet Người Lớn,Dookki Việt Nam,"Tầng trệt, TTTM Co.opmart Tân An, 01 Mai Thị Tốt, Phường 2, Thành phố Tân An, Long An"
Dookki Việt Nam - Vé Buffet Người Lớn,Dookki Việt Nam,"Lầu 1, Co.opmart Tây Ninh, 576 Cách Mạng Tháng Tám, Phường 3, Thành phố Tây Ninh, Tây Ninh"
Dookki Việt Nam - Vé Buffet Người Lớn,Dookki Việt Nam,"26 Đường 3 Tháng 2, Phường 1, Vĩnh Long"
Dookki Việt Nam - Vé Buffet Người Lớn,Dookki Việt Nam,"Tầng L3, Trung Tâm Thương Mại Vincom Plaza Vĩnh Long, Số 55 đường Phạm Thái Bường, Phường 4, Thành phố Vĩnh Long, Vĩnh Long"
Dookki Việt Nam - Vé Buffet Người Lớn,Dookki Việt Nam,"Tầng L3, Trung Tâm Thương Mại Vincom Plaza Trà Vinh, Phường 2, Thành phố Trà Vinh, Trà Vinh"
Dookki Việt Nam - Vé Buffet Người Lớn,Dookki Việt Nam,"Tầng Trệt, TTTM GO! Bến Tre, Ấp1, đường Võ Nguyên Giáp (Quốc lộ 60), Xã Sơn Đông, Bến Tre"
Dookki Việt Nam - Vé Buffet Người Lớn,Dookki Việt Nam,"Tầng L1, TTTM Vincom Sa Đéc, 11a Nguyễn Hữu Cảnh, Phường 1, Thành phố Sa Đéc, Đồng Tháp"
Dookki Việt Nam - Vé Buffet Người Lớn,Dookki Việt Nam,"Lầu 4 Vincom Plaza Cao Lãnh, Ngã tư 30/04 & Nguyễn Đình Chiểu, Thành phố Cao Lãnh, Đồng Tháp"
Dookki Việt Nam - Vé Buffet Người Lớn,Dookki Việt Nam,"Tầng 5 Vincom Plaza Mỹ Tho - số 1A đường Hùng Vương, Phường 1, Thành phố Mỹ Tho, Tiền Giang"
Dookki Việt Nam - Vé Buffet Người Lớn,Dookki Việt Nam,"TTTM Go! Thanh Bình, Thửa đất số 119, Tờ bản đồ số 72, Thị trấn Thanh Bình, Huyện Thanh Bình, Đồng Tháp"
Dookki Việt Nam - Vé Buffet Người Lớn,Dookki Việt Nam,"Tầng 5 Vincom Plaza Rạch Giá, Kiên Giang, Lô A12, Khu Phố 1, Đường Cô Bắc, Phường Vĩnh Bảo, Thành Phố Rạch Giá, Kiên Giang"
Dookki Việt Nam - Vé Buffet Người Lớn,Dookki Việt Nam,"GF1 + GF2, Tầng trệt, Co.opMart Kiên Giang, 1332 Nguyễn Trung Trực, Phường An Bình, Rạch Giá, Kiên Giang"
Dookki Việt Nam - Vé Buffet Người Lớn,Dookki Việt Nam,"Trung tâm giải trí và ẩm thực Holiday Center, 95 Trần Hưng Đạo, Khu phố 7, Phường Dương Đông, Thành phố Phú Quốc, Kiên Giang"
Dookki Việt Nam - Vé Buffet Người Lớn,Dookki Việt Nam,"Lầu 5 Vincom Plaza An Giang, Số 1242 Trần Hưng Đạo, Mỹ Bình,Thành phố Long Xuyên, An Giang"
Dookki Việt Nam - Vé Buffet Người Lớn,Dookki Việt Nam,"Tầng L4, Trung Tâm Thương Mại Vincom Cà Mau, Khu Phố Thương mại và Trung tâm Thương mại, Phường 1, Thành phố Cà Mau, Cà Mau"
Dookki Việt Nam - Vé Buffet Người Lớn,Dookki Việt Nam,"Tầng 3-02-03, TTTM Vincom Trần Huỳnh Trần Huỳnh, Phường 7, Bạc Liêu"
Ngự thuyền Hueritage - Vãn Trà - Trà chiều Đông Dương,Ngự thuyền Hueritage,"Nghinh Lương Đình, Đường Lê Duẩn, Phường Phú Xuân, Thành phố Huế"
Ngự thuyền Hueritage - Thưởng thức bữa tối Dạ Yến trọn vẹn đoàn viên,Ngự thuyền Hueritage,"Nghinh Lương Đình, Đường Lê Duẩn, Phường Phú Xuân, Thành phố Huế"
Ngự thuyền Hueritage – Thưởng thức bữa trưa Minh Yến hương cố đô,Ngự thuyền Hueritage,"Nghinh Lương Đình, Đường Lê Duẩn, Phường Phú Xuân, Thành phố Huế"
Nhà hàng Shacha Níu - Buffet lẩu bò Triều Châu menu 516K,Nhà hàng Shacha Niú,"26 Lương Định Của, Phường Kim Liên, Hà Nội"
Nhà hàng Shacha Níu - Buffet lẩu bò Triều Châu menu 428K áp dụng cuối tuần,Nhà hàng Shacha Niú,"26 Lương Định Của, Phường Kim Liên, Hà Nội"
Nhà hàng Shacha Níu - Buffet lẩu bò Triều Châu menu 398K,Nhà hàng Shacha Niú,"26 Lương Định Của, Phường Kim Liên, Hà Nội"
Ngự thuyền Hueritage - Thưởng thức bữa sáng trong sương mai - Sương Thiện,Ngự thuyền Hueritage,"Nghinh Lương Đình, Đường Lê Duẩn, Phường Phú Xuân, Thành phố Huế"
Ngự thuyền Hueritage - Thưởng thức bữa lỡ thanh nhã trong nắng mới - Nhã Yến,Ngự thuyền Hueritage,"Nghinh Lương Đình, Đường Lê Duẩn, Phường Phú Xuân, Thành phố Huế"
Ngự thuyền Hueritage - Thưởng thức bữa trưa thịnh soạn an lành - Nhật Yến,Ngự thuyền Hueritage,"Nghinh Lương Đình, Đường Lê Duẩn, Phường Phú Xuân, Thành phố Huế"
Novotel Saigon Centre - International Buffet trưa hải sản thượng hạng,Novotel Saigon Centre,"Nhà hàng Food Exchange - Tầng 2, Novotel Saigon Centre 4* -  Số 167 Hai Bà Trưng, Phường Xuân Hoà, TP.HCM."
"Novotel Saigon Centre - Premium Buffet tối hải sản thượng hạng, tôm hùm, cua biển",Novotel Saigon Centre,"Nhà hàng Food Exchange - Tầng 2, Novotel Saigon Centre 4* -  Số 167 Hai Bà Trưng, Phường Xuân Hoà, TP.HCM."
Thẻ quà tặng Bắc Kim Thang,Bắc Kim Thang,"5F-53 Tầng 5, Trung Tâm Thương Mại Crescent Mall, Số 101 Tôn Dật Tiên, P. Tân Phú, Quận 7, Hồ Chí Minh"
Thẻ quà tặng Bắc Kim Thang,Bắc Kim Thang,"L3-02 Tầng 3, Trung Tâm Thương Mại Estella Place, 88 Song Hành, Xa Lộ Hà Nội, Thủ Đức, Hồ Chí Minh"
Thẻ quà tặng Bắc Kim Thang,Bắc Kim Thang,"L1-18 Tầng 1, Thiso Mall Sala, Số 10 Mai Chí Thọ, Phường An Khánh, Hồ Chí Minh"
Thẻ quà tặng Bắc Kim Thang,Bắc Kim Thang,"L2-14-15 Tầng 2, Trung Tâm Thương Mại Marina Center Tower, 02 Tôn Đức Thắng, P. Bến Nghé, Quận 1, Hồ Chí Minh"
"Vé vào cổng KidZania Lotte Mall Tây Hồ dành cho Trẻ em cả ngày - Áp dụng Thứ 7, Chủ nhật, Lễ Tết",Tổ Hợp Khu Vui Chơi KidZania Lotte Mall Tây Hồ,"Tầng 5, Trung tâm thương mại Lotte Mall Hà Nội, số 272 đường Võ Chí Công, phường Tây Hồ, thành phố Hà Nội, Việt Nam"
Vé vào cổng KidZania Lotte Mall Tây Hồ dành cho Trẻ em cả ngày - Áp dụng Thứ 2 - Thứ 6,Tổ Hợp Khu Vui Chơi KidZania Lotte Mall Tây Hồ,"Tầng 5, Trung tâm thương mại Lotte Mall Hà Nội, số 272 đường Võ Chí Công, phường Tây Hồ, thành phố Hà Nội, Việt Nam"
"Vé Tàu Hà Nội 5 Cửa Ô Tầng 2 - Toa Ô Cầu Dền, Ô Quan Chưởng, Ô Cầu Giấy, Ô Đống Mác - The Hanoi Train",The Hanoi Train,"Cửa 1C, sảnh Bắc - Ga Hà Nội - 120 Lê Duẩn - Văn Miếu - Hà Nội"
"Vé Tàu Hà Nội 5 Cửa Ô Tầng Xép - Toa Ô Cầu Dền, Ô Quan Chưởng, Ô Cầu Giấy, Ô Đống Mác - The Hanoi Train",The Hanoi Train,"Cửa 1C, sảnh Bắc - Ga Hà Nội - 120 Lê Duẩn - Văn Miếu - Hà Nội"
"Vé Tàu Hà Nội 5 Cửa Ô Tầng 1 - Toa Ô Cầu Dền, Ô Quan Trưởng, Ô Cầu Giấy, Ô Đống Mác - The Hanoi Train",The Hanoi Train,"Cửa 1C, sảnh Bắc - Ga Hà Nội - 120 Lê Duẩn - Văn Miếu - Hà Nội"
Vé Tàu Hà Nội 5 Cửa Ô Toa Ô Chợ Dừa - The Hanoi Train,The Hanoi Train,"Cửa 1C, sảnh Bắc - Ga Hà Nội - 120 Lê Duẩn - Văn Miếu - Hà Nội"
Vé vui chơi trẻ em tại Sâu Kid Playground sau 16h tứ Thứ 2 - Thứ 6,Sâu Kid Playground,"Tầng 3, Lô 05-06-07 toà ROX Center Goldmark City, 136 Hồ Tùng Mậu, Bắc Từ Liêm, Hà Nội"
Vé vui chơi trẻ em tại Sâu Kid Playground trước 16h từ Thứ 2 - Thứ 6,Sâu Kid Playground,"Tầng 3, Lô 05-06-07 toà ROX Center Goldmark City, 136 Hồ Tùng Mậu, Bắc Từ Liêm, Hà Nội"
Vé vào cổng khu vui chơi kidzooona AEON MALL Hải Phòng 3F bao gồm Lễ Tết,kidzooona AEON MALL Hải Phòng 3F,"Lô T347-348, tầng 3, Aeon Mall Hải Phòng Lê Chân, Đ. Hồ Sen Cầu Rào 2, phường An Biên, thành phố Hải Phòng"
Show thực cảnh Anh Hùng Cờ Lau - Hoa Lư Ninh Bình - Hạng CL250 Xanh nhạt - Trẻ em,Show Thực Cảnh Anh Hùng Cờ Lau,"Thủy Đình, Phố Cổ Hoa Lư, Ninh Bình"
Show thực cảnh Anh Hùng Cờ Lau - Hoa Lư Ninh Bình - Hạng CL250 Xanh nhạt - Người lớn,Show Thực Cảnh Anh Hùng Cờ Lau,"Thủy Đình, Phố Cổ Hoa Lư, Ninh Bình"
Show thực cảnh Anh Hùng Cờ Lau - Hoa Lư Ninh Bình - Hạng CL350 xanh đậm - Trẻ em,Show Thực Cảnh Anh Hùng Cờ Lau,"Thủy Đình, Phố Cổ Hoa Lư, Ninh Bình"
Show thực cảnh Anh Hùng Cờ Lau - Hoa Lư Ninh Bình - Hạng CL350 Xanh đậm - Người lớn,Show Thực Cảnh Anh Hùng Cờ Lau,"Thủy Đình, Phố Cổ Hoa Lư, Ninh Bình"
Show thực cảnh Anh Hùng Cờ Lau - Hoa Lư Ninh Bình - Hạng CL500 màu vàng - Trẻ em,Show Thực Cảnh Anh Hùng Cờ Lau,"Thủy Đình, Phố Cổ Hoa Lư, Ninh Bình"
Show thực cảnh Anh Hùng Cờ Lau - Hoa Lư Ninh Bình - Hạng CL500 Màu vàng - Người lớn,Show Thực Cảnh Anh Hùng Cờ Lau,"Thủy Đình, Phố Cổ Hoa Lư, Ninh Bình"
Kid's Box Vincom Royal Island Hải Phòng - Vé vào cổng khu vui chơi bao gồm Lễ Tết,Kid's Box Vincom Royal Island Hải Phòng,"Lô L3-16, tầng L3, Tòa nhà Vincom Mega Mall Royal Island thuộc lô CCĐT-01, Khu B1, Khu vui chơi giải trí, nhà ở và công viên sinh thái đảo Vũ Yên, Phường Thủy Nguyên, TP. Hải Phòng, VN"
kidzooona AEON MALL Hải Phòng 2F - Vé vào cổng khu vui chơi bao gồm Lễ Tết,kidzooona AEON MALL Hải Phòng 2F,"Lô T264, tầng 2, Aeon Mall Hải Phòng Lê Chân, Đ. Hồ Sen Cầu Rào 2, phường An Biên, thành phố Hải Phòng."
kidzooona Hanoi Centre - Vé vào cổng khu vui chơi bao gồm Lễ Tết,kidzooona Hanoi Centre,"L2-C10, Tầng 2, Tiến Bộ Plaza, 175 đường Nguyễn Thái Học, Phường Ô Chợ Dừa, TP. Hà Nội"
Tiny kidzooona AEON MALL Long Biên - Vé vào cổng khu vui chơi bao gồm Lễ Tết,Tiny kidzooona AEON MALL Long Biên,"Lô 3F-1, tầng 3, Aeon Mall Long Biên, Số 27 đường Cổ Linh, Phường Long Biên, Thành phố Hà Nội, Việt Nam"
kidzooona AEON MALL Long Biên - Vé vào cổng khu vui chơi bao gồm Lễ Tết,kidzooona AEON MALL Long Biên,"Lô T334-1, tầng 3, Aeon Mall Long Biên, Số 27 đường Cổ Linh, Phường Long Biên, Thành phố Hà Nội, Việt Nam"
Kid's Box LOTTE MART Vinh - Vé vào cổng khu vui chơi bao gồm Lễ Tết,Kid's Box LOTTE MART Vinh,"Lô 3F-11, TTTM Lotte Mart, Đại lộ V.I.Lenin, Khối Yên Sơn, Phường Vinh Phú, Tỉnh Nghệ An, Việt Nam"
kidzooona GO Buôn Ma Thuột - Vé vào cổng khu vui chơi bao gồm Lễ Tết,kidzooona GO Buôn Ma Thuột,"Lô 2S22-B, TTTM Go! Buôn Ma Thuột, Góc đường Nguyễn Thị Định và đường Vành đai Phía Tây, Phường Thành Nhất, Tỉnh Đắk Lắk, Việt Nam"
kidzooona AEON MALL Tân Phú Celadon - Vé vào cổng khu vui chơi bao gồm Lễ Tết,kidzooona AEON MALL Tân Phú Celadon,"Lô S19, Tầng 2, AEON Mall Tân Phú Celadon, Số 30, Bờ Bao Tân Thắng, Phường Tân Sơn Nhì, Tp.HCM"
kidzooona PARC MALL Quận 8 - Vé vào cổng khu vui chơi bao gồm Lễ Tết,kidzooona PARC MALL Quận 8,"L3-01, Tầng 3, Trung tâm thương mại PARC MALL Q.8, số 547-549 đường Tạ Quang Bửu, Phường Chánh Hưng, TP.HCM"
kidzooona LOTTE MART Quận 7 - Vé vào cổng khu vui chơi bao gồm Lễ Tết,kidzooona LOTTE MART Quận 7,"2F-01, Tầng 2, LOTTE MART Quận 7 (SGN), 469 Nguyễn Hữu Thọ, Phường Tân Hưng, TP. HCM"
kidzooona Sense City GigaMall - Vé vào cổng khu vui chơi bao gồm Lễ Tết,kidzooona Sense City GigaMall,"L2-04, Tầng 3,TTTM Giga Mall, 240 - 242 Phạm Văn Đồng, Phường Hiệp Bình, TP.HCM"
kidzooona Sense City Cần Thơ - Vé vào cổng khu vui chơi bao gồm Lễ Tết,kidzooona Sense City Cần Thơ,"L2-11, Lầu 2; L3-03 và L3-05, Lầu 3, TTTM Sense City Cần Thơ, số 01 Đại Lộ Hòa Bình, Phường Ninh Kiều, Thành phố Cần Thơ, Việt Nam"
kidzooona Sora Gardens Bình Dương - Vé vào cổng khu vui chơi bao gồm Lễ Tết,kidzooona Sora Gardens Bình Dương,"Lô số 203, Tầng 2, Tòa nhà Sora Gardens SC, Lô C19, Đại lộ Hùng Vương, Phường Bình Dương, TP.HCM"
Kid's Box AEON Tân An - Vé vào cổng khu vui chơi bao gồm Lễ Tết,Kid's Box AEON Tân An,"Lô T212, Tầng 2, TTTM Aeon Tân An, Số 84 tuyến tránh Quốc lộ 1, KP Bình Cư 3 Phường Long An, Tỉnh Tây Ninh, Việt Nam"
Life4cuts - Voucher chụp ảnh tự động Hàn Quốc trị giá 70k,Life4cuts,"364 Phố Cầu Giấy, P. Dịch Vọng, Quận Cầu Giấy, Hà Nội"
Life4cuts - Voucher chụp ảnh tự động Hàn Quốc trị giá 70k,Life4cuts,"Tầng 3, Aeon Mall Hà Đông, P. Dương Nội, Quận Hà Đông, Hà Nội"
Life4cuts - Voucher chụp ảnh tự động Hàn Quốc trị giá 70k,Life4cuts,"Tầng B1, Lotte Center, 54 Liễu Giai, Quận Ba Đình, Hà Nội"
Life4cuts - Voucher chụp ảnh tự động Hàn Quốc trị giá 70k,Life4cuts,"Tầng B1, TTTM Vincom Mega Mall Times City, 458 Minh Khai, Quận Hai Bà Trưng, Hà Nội"
Life4cuts - Voucher chụp ảnh tự động Hàn Quốc trị giá 70k,Life4cuts,"162A, phố Chùa Láng, P. Láng Thượng, Quận Đống Đa, Hà Nội"
Life4cuts - Voucher chụp ảnh tự động Hàn Quốc trị giá 70k,Life4cuts,"C003 The Manor, Đường Mễ Trì, P. Mỹ Đình 1, Quận Nam Từ Liêm, Hà Nội"
Life4cuts - Voucher chụp ảnh tự động Hàn Quốc trị giá 70k,Life4cuts,"Số 1 Ngõ 62 Đặng Văn Ngữ, P. Phương Liên, Quận Đống Đa, Hà Nội"
Life4cuts - Voucher chụp ảnh tự động Hàn Quốc trị giá 70k,Life4cuts,"Tầng B2-R1, Vincom Mega Mall Royal City, Số 72 Nguyễn Trãi , Quận Thanh Xuân, Hà Nội"
Life4cuts - Voucher chụp ảnh tự động Hàn Quốc trị giá 70k,Life4cuts,"90 Phố Triều Khúc, P. Tân Triều, Quận Thanh Trì, Hà Nội"
Life4cuts - Voucher chụp ảnh tự động Hàn Quốc trị giá 70k,Life4cuts,"90 Lê Lai, Phường Phạm Ngũ Lão, Quận 1, Hồ Chí Minh"
Life4cuts - Voucher chụp ảnh tự động Hàn Quốc trị giá 70k,Life4cuts,"Tầng 3, TTTM SC VivoCity, 1058 Nguyễn Văn Linh, P. Tân Phong, Quận 7, Hồ Chí Minh"
Life4cuts - Voucher chụp ảnh tự động Hàn Quốc trị giá 70k,Life4cuts,"Tầng 4, TTTM Vincom, 216 Võ Văn Ngân, P. Bình Thọ, Thủ Đức, Hồ Chí Minh"
Life4cuts - Voucher chụp ảnh tự động Hàn Quốc trị giá 70k,Life4cuts,"Sky Garden 2, Khu Đô thị mới Phú Mỹ Hưng, P. Tân Phong, Quận 7, Hồ Chí Minh"
Life4cuts - Voucher chụp ảnh tự động Hàn Quốc trị giá 70k,Life4cuts,"99 Nguyễn Huệ, P. Bến Nghé, Quận 1, Hồ Chí Minh"
Life4cuts - Voucher chụp ảnh tự động Hàn Quốc trị giá 70k,Life4cuts,"The New Playground, 26 Lý Tự Trọng, P. Bến Nghé, Quận 1, Hồ Chí Minh"
Life4cuts - Voucher chụp ảnh tự động Hàn Quốc trị giá 70k,Life4cuts,"27 Thảo Điền, P. Thảo Điền, Thủ Đức, Hồ Chí Minh"
Life4cuts - Voucher chụp ảnh tự động Hàn Quốc trị giá 70k,Life4cuts,"68 Phố đi bộ Nguyễn Huệ, P. Bến Nghé, Quận 1, Hồ Chí Minh"
Life4cuts - Voucher chụp ảnh tự động Hàn Quốc trị giá 70k,Life4cuts,"Tầng 4 Nowzone, 235 Nguyễn Văn Cừ, P. Nguyễn Cư Trinh, Quận 1, Hồ Chí Minh"
Life4cuts - Voucher chụp ảnh tự động Hàn Quốc trị giá 70k,Life4cuts,"Tầng B1, TTTM Vincom Center Landmark 81, Vinhomes Tân Cảng, Quận Bình Thạnh, Hồ Chí Minh"
Life4cuts - Voucher chụp ảnh tự động Hàn Quốc trị giá 70k,Life4cuts,"Tầng 2, AEON Tân Phú, Số 30 Tân Thắng, P. Sơn Kỳ, Quận Tân Phú, Hồ Chí Minh"
Life4cuts - Voucher chụp ảnh tự động Hàn Quốc trị giá 70k,Life4cuts,"537 Sư Vạn Hạnh, P. 12, Quận 10, Hồ Chí Minh"
Life4cuts - Voucher chụp ảnh tự động Hàn Quốc trị giá 70k,Life4cuts,"Tầng 4, Gigamall, 240 – 242 Phạm Văn Đồng, P. Hiệp Bình Chánh, Thủ Đức, Hồ Chí Minh"
Life4cuts - Voucher chụp ảnh tự động Hàn Quốc trị giá 70k,Life4cuts,"Tầng Trệt - TTTM Indochina Mall, 74 Bạch Đằng, Quận Hải Châu, Đà Nẵng"
Life4cuts - Voucher chụp ảnh tự động Hàn Quốc trị giá 70k,Life4cuts,"208 Bạch Đằng, Quận Hải Châu, Đà Nẵng"
Life4cuts - Voucher chụp ảnh tự động Hàn Quốc trị giá 70k,Life4cuts,"Tầng 3, AEON MALL Hải Phòng Lê Chân, 10 Võ Nguyên Giáp, P. Dư Hàng Kênh, Quận Lê Chân, Hải Phòng"
Life4cuts - Voucher chụp ảnh tự động Hàn Quốc trị giá 70k,Life4cuts,"9 Công Nữ Ngọc Hoa, P. Minh An, Thành phố Hội An, Quảng Nam"
Life4cuts - Voucher chụp ảnh tự động Hàn Quốc trị giá 70k,Life4cuts,"Tầng 7 Gold Coast, số 01 Trần Hưng Đạo, P. Lộc Thọ, Thành phố Nha Trang, Khánh Hòa"
Life4cuts - Voucher chụp ảnh tự động Hàn Quốc trị giá 70k,Life4cuts,"Tầng 1, TTMS Aeon Bình Dương Canary, Số 1, Đại lộ Bình Dương, Khu phố Bình Giao, P. Thuận Giao, Thành Phố Thuận An, Bình Dương"
Sơn Tiên Amazing World - Combo 3 Trọn gói Hành Tinh Lạ của Các Thiên Tài - Vé trẻ em,Khu Du Lịch Sinh Thái Sơn Tiên,"Địa điểm tư vấn mua voucher: Số 122 Nguyễn Hoàng, phường Bình Trưng, TP.Hồ Chí Minh"
Sơn Tiên Amazing World - Combo 3 Trọn gói Hành Tinh Lạ của Các Thiên Tài - Vé trẻ em,Khu Du Lịch Sinh Thái Sơn Tiên,"Du Lịch Sinh Thái Sơn Tiên - Quốc Lộ 51, Khu Phố 4, Phường An Hoà, Biên Hoà, Đồng Nai"
Sơn Tiên Amazing World - Combo 3 Trọn gói Hành Tinh Lạ của Các Thiên Tài - Dành cho người lớn,Khu Du Lịch Sinh Thái Sơn Tiên,"Địa điểm tư vấn mua voucher: Số 122 Nguyễn Hoàng, phường Bình Trưng, TP.Hồ Chí Minh"
Sơn Tiên Amazing World - Combo 3 Trọn gói Hành Tinh Lạ của Các Thiên Tài - Dành cho người lớn,Khu Du Lịch Sinh Thái Sơn Tiên,"Du Lịch Sinh Thái Sơn Tiên - Quốc Lộ 51, Khu Phố 4, Phường An Hoà, Biên Hoà, Đồng Nai"
Sơn Tiên Amazing World - Combo 2 Trò chơi cảm giác mạnh - Vé người lớn,Khu Du Lịch Sinh Thái Sơn Tiên,"Địa điểm tư vấn mua voucher: Số 122 Nguyễn Hoàng, phường Bình Trưng, TP.Hồ Chí Minh"
Sơn Tiên Amazing World - Combo 2 Trò chơi cảm giác mạnh - Vé người lớn,Khu Du Lịch Sinh Thái Sơn Tiên,"Du Lịch Sinh Thái Sơn Tiên - Quốc Lộ 51, Khu Phố 4, Phường An Hoà, Biên Hoà, Đồng Nai"
Sơn Tiên Amazing World - Combo 1 Công Viên chuyên đề - Vé trẻ em,Khu Du Lịch Sinh Thái Sơn Tiên,"Địa điểm tư vấn mua voucher: Số 122 Nguyễn Hoàng, phường Bình Trưng, TP.Hồ Chí Minh"
Sơn Tiên Amazing World - Combo 1 Công Viên chuyên đề - Vé trẻ em,Khu Du Lịch Sinh Thái Sơn Tiên,"Du Lịch Sinh Thái Sơn Tiên - Quốc Lộ 51, Khu Phố 4, Phường An Hoà, Biên Hoà, Đồng Nai"
Sơn Tiên Amazing World - Combo 1 Công Viên chuyên đề - Vé người lớn,Khu Du Lịch Sinh Thái Sơn Tiên,"Địa điểm tư vấn mua voucher: Số 122 Nguyễn Hoàng, phường Bình Trưng, TP.Hồ Chí Minh"
Sơn Tiên Amazing World - Combo 1 Công Viên chuyên đề - Vé người lớn,Khu Du Lịch Sinh Thái Sơn Tiên,"Du Lịch Sinh Thái Sơn Tiên - Quốc Lộ 51, Khu Phố 4, Phường An Hoà, Biên Hoà, Đồng Nai"
AdventureS - Vé khu trải nghiệm tại TTTM Hanoi Centre - Áp dụng Thứ 2 đến Thứ 5,AdventureS,"Tầng L3, Toà Nam, TTTM Hanoi Centre, 175 Nguyễn Thái Học, P. Ô Chợ Dừa, Hà Nội"
Vé tham quan Bảo tàng nước mắm Làng Chài Xưa - Mũi Né,Bảo tàng Làng Chài Xưa,"Địa điểm tư vấn mua voucher: Tầng 12A Tòa văn phòng - TTTM ROX Tower Goldmark City 136 Hồ Tùng Mậu, phường Phú Diễn, Hà Nội"
Vé tham quan Bảo tàng nước mắm Làng Chài Xưa - Mũi Né,Bảo tàng Làng Chài Xưa,"Địa điểm tư vấn mua voucher: Số 122 Nguyễn Hoàng, phường Bình Trưng, TP.Hồ Chí Minh"
Vé tham quan Bảo tàng nước mắm Làng Chài Xưa - Mũi Né,Bảo tàng Làng Chài Xưa,"360 Nguyễn Thông, Phú Hài, Phan Thiết, Lâm Đồng"
Cinesphere - Vé trải nghiệm công nghệ 360 Double Flight VR dành cho 02 khách,Cinesphere - Phòng chiếu phim 8K,"Tầng 4 Vạn Hạnh Mall, Số 11 Sư Vạn Hạnh, Phường Hòa Hưng, Hồ Chí Minh"
Cinesphere - Vé trải nghiệm công nghệ 360 Double Flight VR dành cho 01 khách,Cinesphere - Phòng chiếu phim 8K,"Tầng 4 Vạn Hạnh Mall, Số 11 Sư Vạn Hạnh, Phường Hòa Hưng, Hồ Chí Minh"
Cinesphere - Vé trải nghiệm tiêu chuẩn combo 2 phim 8k công nghệ cao dành cho couple,Cinesphere - Phòng chiếu phim 8K,"Tầng 4 Vạn Hạnh Mall, Số 11 Sư Vạn Hạnh, Phường Hòa Hưng, Hồ Chí Minh"
Cinesphere - Phòng chiếu phim 8K - Combo 2 Vé trải nghiệm tiêu chuẩn 2 phim 8k công nghệ cao,Cinesphere - Phòng chiếu phim 8K,"Tầng 4 Vạn Hạnh Mall, Số 11 Sư Vạn Hạnh, Phường Hòa Hưng, Hồ Chí Minh"
Đài Quan Sát Lotte Hà Nội Sky - Combo Đồ uống và Quà lưu niệm cho Người lớn,Đài quan sát Lotte Center,"54 Liễu Giai, Ba Đình, Hà Nội"
Đài Quan Sát Lotte Hà Nội Sky - Combo Đồ uống và Quà lưu niệm cho Trẻ em,Đài quan sát Lotte Center,"54 Liễu Giai, Ba Đình, Hà Nội"
Đài Quan Sát Lotte Hà Nội Sky - Combo ảnh và Quà lưu niệm cho Người lớn,Đài quan sát Lotte Center,"54 Liễu Giai, Ba Đình, Hà Nội"
"Đài Quan Sát Lotte Hà Nội Sky - Combo ảnh, Quà lưu niệm cho Trẻ em",Đài quan sát Lotte Center,"54 Liễu Giai, Ba Đình, Hà Nội"
"Đài Quan Sát Lotte Hà Nội Sky - Combo Đồ uống, Ảnh cho Người lớn",Đài quan sát Lotte Center,"54 Liễu Giai, Ba Đình, Hà Nội"
"Đài Quan Sát Lotte Hà Nội Sky - Combo Đồ uống, Ảnh cho trẻ em",Đài quan sát Lotte Center,"54 Liễu Giai, Ba Đình, Hà Nội"
"Đài Quan Sát Lotte Hà Nội Sky - Combo Đồ uống, Ảnh, Quà lưu niệm cho Người lớn",Đài quan sát Lotte Center,"54 Liễu Giai, Ba Đình, Hà Nội"
"Đài Quan Sát Lotte Hà Nội Sky - Combo Đồ uống, Ảnh, Quà lưu niệm cho Trẻ em",Đài quan sát Lotte Center,"54 Liễu Giai, Ba Đình, Hà Nội"
"Đài Quan Sát Lotte Hà Nội Sky - Combo Đồ uống, Ảnh, Trò chơi VR Mission X, Quà lưu niệm cho Người lớn",Đài quan sát Lotte Center,"54 Liễu Giai, Ba Đình, Hà Nội"
"Đài Quan Sát Lotte Hà Nội Sky - Combo Đồ uống, Ảnh, Trò chơi VR Mission X, Quà lưu niệm cho trẻ em",Đài quan sát Lotte Center,"54 Liễu Giai, Ba Đình, Hà Nội"
"Đài Quan Sát Lotte Hà Nội Sky - Combo Đồ uống, Ảnh, Trò chơi VR Gliding, Quà lưu niệm cho Người lớn",Đài quan sát Lotte Center,"54 Liễu Giai, Ba Đình, Hà Nội"
"Đài Quan Sát Lotte Hà Nội Sky - Combo Đồ uống, Ảnh, Trò chơi VR Gliding và Quà lưu niệm cho trẻ em",Đài quan sát Lotte Center,"54 Liễu Giai, Ba Đình, Hà Nội"
X Space Immersive - Vé trẻ em khách Việt tham quan toàn bộ khu Trải nghiệm công nghệ nhập vai,X space Immersive,"Lô B2-R1-06-07-08, Trung tâm thương mại Vincom Mega Mall Royal City, Số 72A đường Nguyễn Trãi, phường Thanh Xuân, Thành phố Hà Nội, Việt Nam"
X Space Immersive - Vé người lớn khách Việt tham quan toàn bộ Trải nghiệm công nghệ nhập vai,X space Immersive,"Lô B2-R1-06-07-08, Trung tâm thương mại Vincom Mega Mall Royal City, Số 72A đường Nguyễn Trãi, phường Thanh Xuân, Thành phố Hà Nội, Việt Nam"
X Space Immersive - Vé trẻ em khách Việt tham quan cơ bản,X space Immersive,"Lô B2-R1-06-07-08, Trung tâm thương mại Vincom Mega Mall Royal City, Số 72A đường Nguyễn Trãi, phường Thanh Xuân, Thành phố Hà Nội, Việt Nam"
X Space Immersive - Vé người lớn khách Việt tham quan cơ bản,X space Immersive,"Lô B2-R1-06-07-08, Trung tâm thương mại Vincom Mega Mall Royal City, Số 72A đường Nguyễn Trãi, phường Thanh Xuân, Thành phố Hà Nội, Việt Nam"
HLC Starry Sky Art Museum - Vé tham quan dành cho trẻ em,HLC Starry Sky Art Museum,"Khu B2 -R1-27-28 Vincom Mega Mall, 72A Đ. Nguyễn Trãi, Khu đô thị Royal City, Thanh Xuân, Hà Nội"
"HLC Starry Sky Art Museum - Vé tham quan dành cho học sinh, sinh viên",HLC Starry Sky Art Museum,"Khu B2 -R1-27-28 Vincom Mega Mall, 72A Đ. Nguyễn Trãi, Khu đô thị Royal City, Thanh Xuân, Hà Nội"
HLC Starry Sky Art Museum - Vé tham quan dành cho người lớn,HLC Starry Sky Art Museum,"Khu B2 -R1-27-28 Vincom Mega Mall, 72A Đ. Nguyễn Trãi, Khu đô thị Royal City, Thanh Xuân, Hà Nội"
Flyover Starry Sky Art Museum - Vé tham quan dành cho trẻ em,Flyover Starry Sky Art Museum,"Tầng 4, Bitexco Financial Tower, số 2 Hải Triều, Phường Bến Nghé, Quận 1, TP. Hồ Chí Minh"
Flyover Starry Sky Art Museum - Vé tham quan dành cho người lớn,Flyover Starry Sky Art Museum,"Tầng 4, Bitexco Financial Tower, số 2 Hải Triều, Phường Bến Nghé, Quận 1, TP. Hồ Chí Minh"
KidZania Lotte Mall Tây Hồ - Vé 4 tiếng dành cho Trẻ em từ thứ 7 đến Chủ nhật và Lễ Tết,Tổ Hợp Khu Vui Chơi KidZania Lotte Mall Tây Hồ,"Tầng 5, Trung tâm thương mại Lotte Mall Hà Nội, số 272 đường Võ Chí Công, phường Tây Hồ, thành phố Hà Nội, Việt Nam"
B-Zone Ocean - Vé vui chơi dành cho người lớn,Khu vui chơi B-Zone,"L2- 29 Vincom Mega Mall Ocean City tại thửa đất số 1128, tờ bản đồ số 05 KĐT Dream City xã Nghĩa Trụ tỉnh Hưng Yên"
B-Zone Ocean - Vé vui chơi dành cho gia đình,Khu vui chơi B-Zone,"Số 04 - 13A, 01-13B, TTM SC VivoCity, sô 1058 Nguyễn Văn Linh"
B-Zone Ocean - Vé vui chơi trẻ em,Khu vui chơi B-Zone,"L2- 29 Vincom Mega Mall Ocean City tại thửa đất số 1128, tờ bản đồ số 05 KĐT Dream City xã Nghĩa Trụ tỉnh Hưng Yên"
B-Zone Vivo - Vé vui chơi dành cho người lớn,Khu vui chơi B-Zone,"Số 04 - 13A, 01-13B, TTM SC VivoCity, sô 1058 Nguyễn Văn Linh"
B-Zone Vivo - Vé vui chơi dành cho gia đình,Khu vui chơi B-Zone,"Số 04 - 13A, 01-13B, TTM SC VivoCity, sô 1058 Nguyễn Văn Linh"
B-Zone Vivo - Vé vui chơi trẻ em,Khu vui chơi B-Zone,"Số 04 - 13A, 01-13B, TTM SC VivoCity, sô 1058 Nguyễn Văn Linh"
B-Zone Thảo Điền - Vé vào cổng dành cho người lớn,Khu vui chơi B-Zone,"Lô L5 - 02 - 04, tầng L5, TTTM Vicom Mega Mall Thảo Điền. Số 161 Võ Nguyên Giáp phường Thảo Điền TP Thủ Đức Hồ Chí Minh"
B-Zone Thảo Điền - Vé vui chơi cho gia đình,Khu vui chơi B-Zone,"Lô L5 - 02 - 04, tầng L5, TTTM Vicom Mega Mall Thảo Điền. Số 161 Võ Nguyên Giáp phường Thảo Điền TP Thủ Đức Hồ Chí Minh"
kidzooona Vincom Ocean City Hưng Yên - Vé vào cổng khu vui chơi bao gồm Lễ Tết,kidzooona Vincom Ocean City Hưng Yên,"Lô L2-23, Tầng 2, Thửa đất số 1128, tờ bản đồ số 05 thuộc Dự án Khu đô thị sinh thái Dream City, Xã Nghĩa Trụ, Tỉnh Hưng Yên, Việt Nam."
Kidzooona Aeon Mall Huế - Vé vào cổng khu vui chơi bao gồm lễ tết,kidzooona AEON MALL Huế,"Lô số T401; T433 và T434, Tầng 4, Aeon Mall Huế, Số 08 Đường Võ Nguyên Giáp, Phường An Cựu, Thành phố Huế, Việt Nam"
Vé vào cổng khu vui chơi Area One dành cho trẻ em trên 100cm,Tổ hợp Vui Chơi Giải Trí và Thể Thao Area One,"Số 140 Đức Giang, Phường Việt Hưng, Thành Phố Hà Nội"
Tour Đêm Văn Miếu - Combo vé vào cửa và 1 show 3D Mapping cho khách hàng từ 1m00 đến 1m29,TOUR ĐÊM VĂN MIẾU - TINH HOA ĐẠO HỌC,"58 P. Quốc Tử Giá , Phường Văn Miếu Quốc Tử Giám, Hà Nội"
Tour Đêm Văn Miếu - Combo vé vào cửa và 1 show 3D Mapping cho khách trên 1m30,TOUR ĐÊM VĂN MIẾU - TINH HOA ĐẠO HỌC,"58 P. Quốc Tử Giá , Phường Văn Miếu Quốc Tử Giám, Hà Nội"
kidzooona Vincom Royal Hà Nội - Vé vào cổng khu vui chơi bao gồm Lễ Tết,kidzooona Vincom Royal Hà Nội,"Lô số B2-R5-27, TTTM Vincom Mega Mall Royal City, 72A Đ. Nguyễn Trãi, Phường Thanh Xuân, Hà Nội"
Danang Dophilnarium - Show Cá Heo và Hải Cẩu - Vũ Điệu Đại Dương,Danang Dophilnarium,"Khối Quảng Gia, Phường Điện Bàn Đông, TP.Đà Nẵng"
"Saga Kids Playground - Vé khu vui chơi áp dụng Thứ 6, Thứ 7, Chủ Nhật và Lễ tết tại Capital Place",Saga Kids Playground,"Tầng B1, Tòa Capital Place, 29 Liễu Giai, Ba Đình, Hanoi, Vietnam"
Saga Kids Playground - Vé khu vui chơi áp dụng thứ 2 đến thứ 5 tại Capital Place,Saga Kids Playground,"Tầng B1, Tòa Capital Place, 29 Liễu Giai, Ba Đình, Hanoi, Vietnam"
KidZania Lotte Mall Tây Hồ - Vé vào cổng dành cho Phụ Huynh hoặc Trẻ tập đi,Tổ Hợp Khu Vui Chơi KidZania Lotte Mall Tây Hồ,"Tầng 5, Trung tâm thương mại Lotte Mall Hà Nội, số 272 đường Võ Chí Công, phường Tây Hồ, thành phố Hà Nội, Việt Nam"
KidZania Lotte Mall Tây Hồ - Vé 4 tiếng dành cho Trẻ em từ thứ 2 đến Thứ 6,Tổ Hợp Khu Vui Chơi KidZania Lotte Mall Tây Hồ,"Tầng 5, Trung tâm thương mại Lotte Mall Hà Nội, số 272 đường Võ Chí Công, phường Tây Hồ, thành phố Hà Nội, Việt Nam"
"KDL Thúy Thuận Đà Lạt - Combo Vé tham quan, ăn sáng và 1 phần nước dành cho Trẻ em",Khu du lịch Thúy Thuận Đà Lạt,"Tổ 13, Thôn 1, Phường Cam Ly - Đà Lạt, tỉnh Lâm Đồng"
KDL Thúy Thuận Đà Lạt - Combo Vé tham quan gồm ăn sáng và 1 phần nước dành cho Người lớn,Khu du lịch Thúy Thuận Đà Lạt,"Tổ 13, Thôn 1, Phường Cam Ly - Đà Lạt, tỉnh Lâm Đồng"
KDL Thúy Thuận Đà Lạt - Combo Vé tham quan và Buffet dành cho Trẻ em,Khu du lịch Thúy Thuận Đà Lạt,"Tổ 13, Thôn 1, Phường Cam Ly - Đà Lạt, tỉnh Lâm Đồng"
KDL Thúy Thuận Đà Lạt - Combo Vé tham quan và Buffet dành cho Người lớn,Khu du lịch Thúy Thuận Đà Lạt,"Tổ 13, Thôn 1, Phường Cam Ly - Đà Lạt, tỉnh Lâm Đồng"
KDL Thúy Thuận Đà Lạt - Vé tham quan dành cho trẻ em,Khu du lịch Thúy Thuận Đà Lạt,"Tổ 13, Thôn 1, Phường Cam Ly - Đà Lạt, tỉnh Lâm Đồng"
KDL Thúy Thuận Đà Lạt - Vé tham quan dành cho Người lớn,Khu du lịch Thúy Thuận Đà Lạt,"Tổ 13, Thôn 1, Phường Cam Ly - Đà Lạt, tỉnh Lâm Đồng"
Đài Quan Sát Lotte - Combo Vé vào cổng và Game thực tế ảo Icarus Gliding,Đài quan sát Lotte Center,"Tầng 65 – Trung Tâm Lotte Hà Nội, 54 Liễu Giai, phường Giảng Võ, Hà Nội"
Đài Quan Sát Lotte - Combo Vé vào cổng và Game thực tế ảo Đấu Trường Mission X,Đài quan sát Lotte Center,"Tầng 65 – Trung Tâm Lotte Hà Nội, 54 Liễu Giai, phường Giảng Võ, Hà Nội"
Đài Quan Sát Lotte - Combo Vé vào cửa và Tour 4 tiếng ngắm thành phố bằng xe bus - Vé Trẻ em,Đài quan sát Lotte Center,"Tầng 65 – Trung Tâm Lotte Hà Nội, 54 Liễu Giai, phường Giảng Võ, Hà Nội"
Đài Quan Sát Lotte - Combo Vé vào cửa và Tour 4 tiếng ngắm thành phố bằng xe bus - Vé Người lớn,Đài quan sát Lotte Center,"Tầng 65 – Trung Tâm Lotte Hà Nội, 54 Liễu Giai, phường Giảng Võ, Hà Nội"
Đài Quan Sát Lotte - Combo Vé vào cửa và Tour 01 vòng thành phố bằng xe bus - Vé Trẻ em,Đài quan sát Lotte Center,"Tầng 65 – Trung Tâm Lotte Hà Nội, 54 Liễu Giai, phường Giảng Võ, Hà Nội"
Đài Quan Sát Lotte - Combo vé vào cửa và Tour 01 vòng thành phố bằng xe bus - Vé Người lớn,Đài quan sát Lotte Center,"Tầng 65 – Trung Tâm Lotte Hà Nội, 54 Liễu Giai, phường Giảng Võ, Hà Nội"
Đài Quan Sát Lotte - Combo Vé vào cửa và Tour thành phố 01 ngày bằng xe bus - Vé Trẻ em,Đài quan sát Lotte Center,"54 Liễu Giai, Ba Đình, Hà Nội"
Đài Quan Sát Lotte - Combo Vé vào cửa và tour 01 ngày ngắm thành phố bằng xe bus - Vé Người lớn,Đài quan sát Lotte Center,"54 Liễu Giai, Ba Đình, Hà Nội"
Tour City Sightseeing tham quan 1 vòng Hạ Long vé trẻ em bao gồm Lễ Tết,City Sightseeing,"Địa điểm tư vấn mua voucher: Tầng 12A Tòa văn phòng - TTTM ROX Tower Goldmark City 136 Hồ Tùng Mậu, phường Phú Diễn, Hà Nội"
Tour City Sightseeing tham quan 1 vòng Hạ Long vé trẻ em bao gồm Lễ Tết,City Sightseeing,Quầy kiosk màu đỏ với logo City Sightseeing: Cổng công viên Sunworld Hạ Long
Tour City Sightseeing tham quan 1 vòng Hạ Long vé người lớn bao gồm Lễ Tết,City Sightseeing,"Địa điểm tư vấn mua voucher: Tầng 12A Tòa văn phòng - TTTM ROX Tower Goldmark City 136 Hồ Tùng Mậu, phường Phú Diễn, Hà Nội"
Tour City Sightseeing tham quan 1 vòng Hạ Long vé người lớn bao gồm Lễ Tết,City Sightseeing,Quầy kiosk màu đỏ với logo City Sightseeing: Cổng công viên Sunworld Hạ Long
Tour 4 tiếng City Sightseeing tham quan Hạ Long vé trẻ em bao gồm Lễ Tết,City Sightseeing,"Địa điểm tư vấn mua voucher: Tầng 12A Tòa văn phòng - TTTM ROX Tower Goldmark City 136 Hồ Tùng Mậu, phường Phú Diễn, Hà Nội"
Tour 4 tiếng City Sightseeing tham quan Hạ Long vé trẻ em bao gồm Lễ Tết,City Sightseeing,Quầy kiosk màu đỏ với logo City Sightseeing: Cổng công viên Sunworld Hạ Long
Tour 4 tiếng City Sightseeing tham quan Hạ Long vé người lớn bao gồm Lễ Tết,City Sightseeing,Quầy kiosk màu đỏ với logo City Sightseeing: Cổng công viên Sunworld Hạ Long
Tour City Sightseeing 1 tiếng tham quan Hồ Chí Minh vé trẻ em bao gồm Lễ Tết,City Sightseeing,"Quầy kiosk màu đỏ với logo City Sightseeing Sài Gòn tại Nhà hát Thành Phố - Số 7 Công Trường Lam Sơn, Phường Sài Gòn, TP. Hồ Chí Minh"
Tour City Sightseeing 1 tiếng tham quan Hồ Chí Minh vé người lớn bao gồm Lễ Tết,City Sightseeing,"Quầy kiosk màu đỏ với logo City Sightseeing Sài Gòn tại Nhà hát Thành Phố - Số 7 Công Trường Lam Sơn, Phường Sài Gòn, TP. Hồ Chí Minh"
Tour City Sightseeing Ngày 4 tiếng tham quan Huế vé trẻ em nước ngoài bao gồm Lễ Tết,City Sightseeing,"Địa điểm tư vấn mua voucher: Tầng 12A Tòa văn phòng - TTTM ROX Tower Goldmark City 136 Hồ Tùng Mậu, phường Phú Diễn, Hà Nội"
Tour City Sightseeing Ngày 4 tiếng tham quan Huế vé trẻ em nước ngoài bao gồm Lễ Tết,City Sightseeing,"Địa điểm tư vấn mua voucher: Số 122 Nguyễn Hoàng, phường Bình Trưng, TP.Hồ Chí Minh"
Tour City Sightseeing Ngày 4 tiếng tham quan Huế vé trẻ em nước ngoài bao gồm Lễ Tết,City Sightseeing,Quầy kiosk màu đỏ với logo City Sightseeing: 49 Lê Lợi – Bến Thuyền Tòa Khâm
Tour City Sightseeing 4 tiếng tham quan Huế vé người lớn - Khách nước ngoài bao gồm Lễ Tết,City Sightseeing,"Địa điểm tư vấn mua voucher: Tầng 12A Tòa văn phòng - TTTM ROX Tower Goldmark City 136 Hồ Tùng Mậu, phường Phú Diễn, Hà Nội"
Tour City Sightseeing 4 tiếng tham quan Huế vé người lớn - Khách nước ngoài bao gồm Lễ Tết,City Sightseeing,"Địa điểm tư vấn mua voucher: Số 122 Nguyễn Hoàng, phường Bình Trưng, TP.Hồ Chí Minh"
Tour City Sightseeing 4 tiếng tham quan Huế vé người lớn - Khách nước ngoài bao gồm Lễ Tết,City Sightseeing,Quầy kiosk màu đỏ với logo City Sightseeing: 49 Lê Lợi – Bến Thuyền Tòa Khâm
Tour City Sightseeing Ngắm cảnh Đêm 1 vòng Huế vé trẻ em bao gồm Lễ Tết,City Sightseeing,"Địa điểm tư vấn mua voucher: Tầng 12A Tòa văn phòng - TTTM ROX Tower Goldmark City 136 Hồ Tùng Mậu, phường Phú Diễn, Hà Nội"
Tour City Sightseeing Ngắm cảnh Đêm 1 vòng Huế vé trẻ em bao gồm Lễ Tết,City Sightseeing,"Địa điểm tư vấn mua voucher: Số 122 Nguyễn Hoàng, phường Bình Trưng, TP.Hồ Chí Minh"
Tour City Sightseeing Ngắm cảnh Đêm 1 vòng Huế vé trẻ em bao gồm Lễ Tết,City Sightseeing,Quầy kiosk màu đỏ với logo City Sightseeing: 49 Lê Lợi – Bến Thuyền Tòa Khâm
Tour City Sightseeing Ngắm cảnh Đêm 1 vòng Huế vé người lớn bao gồm Lễ Tết,City Sightseeing,"Địa điểm tư vấn mua voucher: Tầng 12A Tòa văn phòng - TTTM ROX Tower Goldmark City 136 Hồ Tùng Mậu, phường Phú Diễn, Hà Nội"
Tour City Sightseeing Ngắm cảnh Đêm 1 vòng Huế vé người lớn bao gồm Lễ Tết,City Sightseeing,"Địa điểm tư vấn mua voucher: Số 122 Nguyễn Hoàng, phường Bình Trưng, TP.Hồ Chí Minh"
Tour City Sightseeing Ngắm cảnh Đêm 1 vòng Huế vé người lớn bao gồm Lễ Tết,City Sightseeing,Quầy kiosk màu đỏ với logo City Sightseeing: 49 Lê Lợi – Bến Thuyền Tòa Khâm
Tour City Sightseeing Ngày 4 tiếng tham quan Huế vé trẻ em Việt Nam bao gồm Lễ Tết,City Sightseeing,"Địa điểm tư vấn mua voucher: Tầng 12A Tòa văn phòng - TTTM ROX Tower Goldmark City 136 Hồ Tùng Mậu, phường Phú Diễn, Hà Nội"
Tour City Sightseeing Ngày 4 tiếng tham quan Huế vé trẻ em Việt Nam bao gồm Lễ Tết,City Sightseeing,"Địa điểm tư vấn mua voucher: Số 122 Nguyễn Hoàng, phường Bình Trưng, TP.Hồ Chí Minh"
Tour City Sightseeing Ngày 4 tiếng tham quan Huế vé trẻ em Việt Nam bao gồm Lễ Tết,City Sightseeing,Quầy kiosk màu đỏ với logo City Sightseeing: 49 Lê Lợi – Bến Thuyền Tòa Khâm
Tour City Sightseeing 4 tiếng tham quan Huế vé người lớn - Khách Việt Nam bao gồm Lễ Tết,City Sightseeing,"Địa điểm tư vấn mua voucher: Tầng 12A Tòa văn phòng - TTTM ROX Tower Goldmark City 136 Hồ Tùng Mậu, phường Phú Diễn, Hà Nội"
Tour City Sightseeing 4 tiếng tham quan Huế vé người lớn - Khách Việt Nam bao gồm Lễ Tết,City Sightseeing,"Địa điểm tư vấn mua voucher: Số 122 Nguyễn Hoàng, phường Bình Trưng, TP.Hồ Chí Minh"
Tour City Sightseeing 4 tiếng tham quan Huế vé người lớn - Khách Việt Nam bao gồm Lễ Tết,City Sightseeing,Quầy kiosk màu đỏ với logo City Sightseeing: 49 Lê Lợi – Bến Thuyền Tòa Khâm
Tour Đêm City Sightseeing 1 vòng tham quan Hồ Chí Minh vé trẻ em bao gồm Lễ Tết,City Sightseeing,"Quầy kiosk màu đỏ với logo City Sightseeing Sài Gòn tại Nhà hát Thành Phố - Số 7 Công Trường Lam Sơn, Phường Sài Gòn, TP. Hồ Chí Minh"
Tour Đêm City Sightseeing 1 vòng tham quan Hồ Chí Minh vé người lớn bao gồm Lễ Tết,City Sightseeing,"Quầy kiosk màu đỏ với logo City Sightseeing Sài Gòn tại Nhà hát Thành Phố - Số 7 Công Trường Lam Sơn, Phường Sài Gòn, TP. Hồ Chí Minh"
Tour City Sightseeing 4 tiếng tham quan Hồ Chí Minh vé trẻ em bao gồm Lễ Tết,City Sightseeing,"Quầy bán vé màu đỏ logo City Sightseeing bên trong Trạm Thông Tin và Hỗ Trợ Khách Du Lịch (Công viên 23/9, góc đường Đề Thám - Phạm Ngũ Lão)"
Tour City Sightseeing 4 tiếng tham quan Hồ Chí Minh vé người lớn bao gồm Lễ Tết,City Sightseeing,"Quầy bán vé màu đỏ logo City Sightseeing bên trong Trạm Thông Tin và Hỗ Trợ Khách Du Lịch (Công viên 23/9, góc đường Đề Thám - Phạm Ngũ Lão)"
Tour City Sightseeing Ngắm cảnh Đêm 1 vòng Hà Nội vé trẻ em bao gồm Lễ Tết,City Sightseeing,Quầy Thông tin Du Lịch: Đối diện 13 Đinh Tiên Hoàng – Hồ Hoàn Kiếm – Hà Nội
Tour City Sightseeing Ngắm cảnh Đêm 1 vòng Hà Nội vé trẻ em bao gồm Lễ Tết,City Sightseeing,Quầy kiosk màu đỏ với logo City Sightseeing: vườn hoa 19/8 (đối diện với khách sạn Hilton đường Lê Thánh Tông)
Tour City Sightseeing Ngắm cảnh Đêm 1 vòng Hà Nội vé trẻ em bao gồm Lễ Tết,City Sightseeing,"Quầy di động: Trước Nhà Hát Múa Rối Nước Thăng Long – số 57B Đinh Tiên Hoàn, Hoàn Kiếm, HN"
Tour City Sightseeing Ngắm cảnh Đêm 1 vòng Hà Nội vé người lớn bao gồm Lễ Tết,City Sightseeing,Quầy Thông tin Du Lịch: Đối diện 13 Đinh Tiên Hoàng – Hồ Hoàn Kiếm – Hà Nội
Tour City Sightseeing Ngắm cảnh Đêm 1 vòng Hà Nội vé người lớn bao gồm Lễ Tết,City Sightseeing,Quầy kiosk màu đỏ với logo City Sightseeing: vườn hoa 19/8 (đối diện với khách sạn Hilton đường Lê Thánh Tông)
Tour City Sightseeing Ngắm cảnh Đêm 1 vòng Hà Nội vé người lớn bao gồm Lễ Tết,City Sightseeing,"Quầy di động: Trước Nhà Hát Múa Rối Nước Thăng Long – số 57B Đinh Tiên Hoàn, Hoàn Kiếm, HN"
Tour City Sightseeing 4 tiếng tham quan Hà Nội vé trẻ em bao gồm Lễ Tết,City Sightseeing,Quầy Thông tin Du Lịch: Đối diện 13 Đinh Tiên Hoàng – Hồ Hoàn Kiếm – Hà Nội
Tour City Sightseeing 4 tiếng tham quan Hà Nội vé trẻ em bao gồm Lễ Tết,City Sightseeing,Quầy kiosk màu đỏ với logo City Sightseeing: vườn hoa 19/8 (đối diện với khách sạn Hilton đường Lê Thánh Tông)
Tour City Sightseeing 4 tiếng tham quan Hà Nội vé trẻ em bao gồm Lễ Tết,City Sightseeing,"Quầy di động: Trước Nhà Hát Múa Rối Nước Thăng Long – số 57B Đinh Tiên Hoàn, Hoàn Kiếm, HN"
Tour City Sightseeing 4 tiếng tham quan Hà Nội vé người lớn bao gồm Lễ Tết,City Sightseeing,Quầy Thông tin Du Lịch: Đối diện 13 Đinh Tiên Hoàng – Hồ Hoàn Kiếm – Hà Nội
Tour City Sightseeing 4 tiếng tham quan Hà Nội vé người lớn bao gồm Lễ Tết,City Sightseeing,Quầy kiosk màu đỏ với logo City Sightseeing: vườn hoa 19/8 (đối diện với khách sạn Hilton đường Lê Thánh Tông)
Tour City Sightseeing 4 tiếng tham quan Hà Nội vé người lớn bao gồm Lễ Tết,City Sightseeing,"Quầy di động: Trước Nhà Hát Múa Rối Nước Thăng Long – số 57B Đinh Tiên Hoàn, Hoàn Kiếm, HN"
"Vé vào cổng khu vui chơi Ccomaya Kids Thảo Điền - Áp dụng T7, CN và Lễ",Ccomaya Kids Cafe,"Số 9 Đường Số 6, Phường Thảo Điền, Thành phố Thủ Đức, TP.HCM"
Ccomaya Kids Thảo Điền - Vé vui chơi từ thứ 3 đến thứ 6,Ccomaya Kids Cafe,"Số 9 Đường Số 6, Phường Thảo Điền, Thành phố Thủ Đức, TP.HCM"
"Vé vào cổng khu vui chơi Ccomaya Kids Phú Mỹ Hưng - Áp dụng T7, CN và Lễ",Ccomaya Kids Cafe,"101 - 103 - 105 - 107 Khu Phố Mỹ Hào, Phường Tân Phong, Quận 7, TP.HCM"
Ccomaya Kids Phú Mỹ Hưng - Vé vui chơi từ thứ 3 đến thứ 6,Ccomaya Kids Cafe,"101 - 103 - 105 - 107 Khu Phố Mỹ Hào, Phường Tân Phong, Quận 7, TP.HCM"
