ma_chi_nhanh,ten_chi_nhanh,dia_chi,trang_thai,ma_hs,khu_vuc
0066b55c-482b-4bad-a7e1-0aae8a8a9fe1,Dookki Việt Nam - Chi nhánh 61,"Tầng 4, Vincom Plaza Bắc Giang Số 41, Đường Ngô Gia Tự, Thành phố Bắc Giang, Bắc Giang",Dang hoat dong,180c5646-2a62-489d-8685-a93a8c7201e6,
00eee31f-63d8-40c8-81af-32801a5179c9,City Sightseeing - Chi nhánh 4,"Quầy bán vé màu đỏ logo City Sightseeing bên trong Trạm Thông Tin và Hỗ Trợ Khách Du Lịch (Công viên 23/9, góc đường Đề Thám - Phạm Ngũ Lão)",Dang hoat dong,3d6780db-e3aa-4cca-9f2e-2aa7beb3f0f4,
01108255-bb3b-4c89-b296-b41c503ca9e7,Dookki Việt Nam - Chi nhánh 102,"L4-04, Tầng L4, TTTM Vincom Plaza Kon Tum, Số 2 Đường Phan Đình Phùng, Phường Quyết Thắng, Thành phố Kon Tum, Kon Tum",Dang hoat dong,180c5646-2a62-489d-8685-a93a8c7201e6,
01505b30-8de8-4884-ba49-a263b5edbb76,Hệ thống Thẩm mỹ viện Ngọc Dung - Chi nhánh 5,"95 Nguyễn Văn Linh, Phường Hải Châu,Thành phố Đà Nẵng,Việt Nam",Dang hoat dong,c4b32ba0-c514-4b61-8df1-f2afdf45b8db,
022705a4-53ee-4301-b8cc-21da0fe57594,Dookki Việt Nam - Chi nhánh 19,"114-116 Nguyễn Ảnh Thủ, Hiệp Thành, Quận 12, Hồ Chí Minh",Dang hoat dong,180c5646-2a62-489d-8685-a93a8c7201e6,
0324b2d0-de3f-4224-9c78-c5d65168694b,Dookki Việt Nam - Chi nhánh 42,"Tầng 2, Co.opmart Rạch Miễu 48 Hoa Sứ, Phường 7, Phú Nhuận, Hồ Chí Minh",Dang hoat dong,180c5646-2a62-489d-8685-a93a8c7201e6,
03427013-825f-483a-8dca-ed69f9c3754e,Dookki Việt Nam ROX GOLD SEASON HN,"Tầng 1 - L11, Tòa Nhà HHNO1, 47 Nguyễn Tuân, Phường Thanh Xuân, Hà Nội",Dang hoat dong,180c5646-2a62-489d-8685-a93a8c7201e6,Hà Nội
038d3a15-f663-4a0f-95b6-18d2d8b67f99,Sân bay Quốc tế Phú Quốc,"Cảng hàng không quốc tế Phú Quốc Đặc khu Tổ 2, Khu phố, Phú Quốc, An Giang",Dang hoat dong,195ea851-59dd-4e70-ad76-71d0ea76db64,An Giang
03b3453c-7444-40f0-a52e-fae8ad875fc5,Dookki Việt Nam - Chi nhánh 24,"Tầng L3, TTTM Vincom Center Landmark 81, Số 772 Điện Biên Phủ, Phường 22, Quận Bình Thạnh, Hồ Chí Minh",Dang hoat dong,180c5646-2a62-489d-8685-a93a8c7201e6,
04038736-bc32-48e4-9790-c5d6f6e274f3,Dookki Việt Nam - Chi nhánh 62,"Lầu 2, Go ! Bắc Giang, Xã Tân Tiến, Thành Phố Bắc Giang, Bắc Giang",Dang hoat dong,180c5646-2a62-489d-8685-a93a8c7201e6,
045d13a6-9efb-4503-af11-cd114928ef64,Chicken Plus - Chi nhánh 16,"Phố Cao Sơn, KĐT Minh Phương, P. Minh Phương, Việt Trì, Phú Thọ",Dang hoat dong,1114dccd-810f-4887-a534-7c2316871312,
05a53e99-ac83-4511-9b91-cf286213d1de,Chicken Plus - Chi nhánh 49,"Số 720 DT824 Ấp Mới 2, Mỹ Hạnh Nam, Huyện Đức Hòa, Long An",Dang hoat dong,1114dccd-810f-4887-a534-7c2316871312,
05cc85da-5f91-44f7-9544-bf1287ffc783,Dookki Việt Nam AEON HÀ ĐÔNG,"Tầng 2 AEON Hà Đông, Dương Nội, Hà Đông, Hà Nội",Dang hoat dong,180c5646-2a62-489d-8685-a93a8c7201e6,Hà Nội
06404017-98b1-49ac-af19-f897a9ed94b3,Dookki Việt Nam - Chi nhánh 94,"Tầng 2 Vinh Centre, số 69 Hồ Tùng Mậu, Trường Thi, Thành phố Vinh, Nghệ An",Dang hoat dong,180c5646-2a62-489d-8685-a93a8c7201e6,
06670f03-5e3a-44f0-bfba-65d9dd6dc25e,Lotteria - Chi nhánh 58,"1A Nguyễn Tất Thành, P. Bình Hưng, Phan Thiết, Bình Thuận",Dang hoat dong,5c729ab1-749a-46f4-ac2b-b56ab6d53565,
06cc5f6b-a65f-49fe-90af-a67f977d65b5,Lotteria HN Nguyễn Văn Cừ,"210-212 Nguyễn Văn Cừ, P. Ngọc Lâm, Quận Long Biên, Hà Nội",Dang hoat dong,5c729ab1-749a-46f4-ac2b-b56ab6d53565,Hà Nội
06ec0fa1-cb98-44ca-b894-18bd638e4c8b,Lotteria - Chi nhánh 65,"TTTM Chợ Thanh Hà, Trần Phú, P. Phủ Hòa, Phan Rang - Tháp Chàm, Ninh Thuận",Dang hoat dong,5c729ab1-749a-46f4-ac2b-b56ab6d53565,
0753c109-7640-4801-b447-b76c767c4f0c,Life4cuts - Chi nhánh 6,"C003 The Manor, Đường Mễ Trì, P. Mỹ Đình 1, Quận Nam Từ Liêm, Hà Nội",Dang hoat dong,ec461027-a973-418e-90bf-6dc7e814f027,
078be792-4a31-4fd4-81d7-d9369046cc04,Spicy Box - Chi nhánh 21,"L1-12 Sense City Cà Mau, 9 Trần Hưng Đạo, Phường 5, Cà Mau",Dang hoat dong,bb105ef3-f758-42a1-9186-8c84e2848654,
07f3573b-489b-4058-bfb5-b5caed78f53d,Lotteria - Chi nhánh 11,"Số 2 Phạm Minh Đức, Phường Máy Tơ, Quận Ngô Quyền, Hải Phòng",Dang hoat dong,5c729ab1-749a-46f4-ac2b-b56ab6d53565,
08a87f37-44db-45ef-8335-709ee8953a45,Dookki Việt Nam - Chi nhánh 52,"Lầu 5, Vincom Plaza Huế, 50A Hùng Vương tổ 10, Phú Nhuận, Thành phố Huế, Thừa Thiên Huế",Dang hoat dong,180c5646-2a62-489d-8685-a93a8c7201e6,
09c16749-9a1e-4526-98d0-59b6c95257c3,Dookki Việt Nam - Chi nhánh 120,"Tầng L3, Trung Tâm Thương Mại Vincom Plaza Vĩnh Long, Số 55 đường Phạm Thái Bường, Phường 4, Thành phố Vĩnh Long, Vĩnh Long",Dang hoat dong,180c5646-2a62-489d-8685-a93a8c7201e6,
0a3fe50b-9277-45c7-88cf-e338009d467d,Lotteria - Chi nhánh 34,"Tầng 1 Big C Thanh Hóa, Xã Đông Hải, Thanh Hóa",Dang hoat dong,5c729ab1-749a-46f4-ac2b-b56ab6d53565,
0a8cf775-7799-4735-b831-fc480a195c84,kidzooona AEON MALL Huế,"Lô số T401; T433 và T434, Tầng 4, Aeon Mall Huế, Số 08 Đường Võ Nguyên Giáp, Phường An Cựu, Thành phố Huế, Việt Nam",Dang hoat dong,411cf37f-67d3-40a6-89e5-a6a4102e440b,Huế
0b3ea0b4-5fda-42df-bea4-107eb2313805,GIVISTA,"251/16D Vườn Lài, P. An Phú Đông, TP.HCM",Dang hoat dong,b26f1740-b341-4ff2-8c94-2563aa8a66f7,Hồ Chí Minh
0b564855-0716-49b4-acc0-567f54fc3e9e,Dookki Việt Nam - Chi nhánh 16,"Tầng 2, Sora Gardens SC, Lô C19, Đường Hùng Vương, Phường Hòa Phú, Thành phố Thủ Dầu Một, Bình Dường.",Dang hoat dong,180c5646-2a62-489d-8685-a93a8c7201e6,
0b792253-46d3-4cbf-b82c-f8e732f797b2,Lotteria - Chi nhánh 86,"92 Nguyễn Trãi, P. Mỹ Long, Long Xuyên, An Giang",Dang hoat dong,5c729ab1-749a-46f4-ac2b-b56ab6d53565,
0c036c71-0245-4d23-b305-402b4c257d88,Spicy Box - Chi nhánh 17,"L1-02 Lầu 1, Số 1 Đường Ngô Thời Nhậm, Phường Cao Lãnh, Đồng Tháp",Dang hoat dong,bb105ef3-f758-42a1-9186-8c84e2848654,
0c15b046-0bc8-423a-b3b8-91ab4eb7bb68,Dookki Việt Nam - Chi nhánh 122,"26 Đường 3 Tháng 2, Phường 1, Vĩnh Long",Dang hoat dong,180c5646-2a62-489d-8685-a93a8c7201e6,
0c18e4d3-575b-42d8-aa29-aa0588035623,kidzooona AEON MALL Tân Phú Celadon,"Lô S19, Tầng 2, AEON Mall Tân Phú Celadon, Số 30, Bờ Bao Tân Thắng, Phường Tân Sơn Nhì, Tp.HCM",Dang hoat dong,15ad6191-778f-4a62-95b2-97a5bdaf18f0,Hồ Chí Minh
0c363009-a091-4f2f-857a-a1ca92edd207,DuYen Cruise,"Nhà chờ G55, cảng số 2, Cảng tàu Quốc tế Tuần Châu - Quảng Ninh",Dang hoat dong,5f149f7c-2bc3-4730-bcdd-2eb755ee6513,Quảng Ninh
0dc31cd5-5a20-480e-954e-b59bdab9172b,Dookki Việt Nam XUÂN THUỶ HN,"Tầng 4, Mipec Rubik360, 122-124 đường Xuân Thủy, Phường Cầu Giấy, Hà Nội",Dang hoat dong,180c5646-2a62-489d-8685-a93a8c7201e6,Hà Nội
0dcaf764-87bb-4fcb-93ad-4d2028bf72b4,Dookki Việt Nam VINCOM TIME CITY HN,"Tầng B1-22 Vincom Time City, số 458 Minh Khai, Hai Bà Trưng, Hà Nội",Dang hoat dong,180c5646-2a62-489d-8685-a93a8c7201e6,Hà Nội
0f8a536a-3901-457d-a3d1-51bc49ecbdd8,Khu vui chơi B-Zone - Chi nhánh 1,"L2- 29 Vincom Mega Mall Ocean City tại thửa đất số 1128, tờ bản đồ số 05 KĐT Dream City xã Nghĩa Trụ tỉnh Hưng Yên",Dang hoat dong,aac5368a-3bf3-427f-ab4c-99fca4f00eea,
1005bde1-0763-4ec8-bec8-60148222f060,Spicy Box Crescent Mall,"5F-52 Tầng 5 Crescent Mall, Số 101 Tôn Dật Tiên, Phường Tân Phú, Quận 7, Hồ Chí Minh",Dang hoat dong,bb105ef3-f758-42a1-9186-8c84e2848654,Hồ Chí Minh
1157468a-262e-45ca-9908-671dd0c38214,Lotteria - Chi nhánh 15,"Lô 1F11, Lottemart, số 84 Mậu Thân, Phường An Hòa, Quận Ninh Kiều, Cần Thơ",Dang hoat dong,5c729ab1-749a-46f4-ac2b-b56ab6d53565,
11ced668-07fe-416b-a4c4-dfd14aa37315,Lotteria Co.op Củ Chi,"357 Quốc lộ 22, ấp Thượng, xã Tân Thông Hội, Huyện Củ Chi, Hồ Chí Minh",Dang hoat dong,5c729ab1-749a-46f4-ac2b-b56ab6d53565,Hồ Chí Minh
11d8f5e7-774e-467a-ae3b-74669cce2faf,Spicy Box E-MART PHAN VĂN TRỊ,"F2-09, Tầng 2 TTTM E-mart Gò Vấp, 366 Phan Văn Trị, Phường An Nhơn, Hồ Chí Minh",Dang hoat dong,bb105ef3-f758-42a1-9186-8c84e2848654,Hồ Chí Minh
12040603-4387-4e6f-93f2-a63c3bfab0bb,Dookki Việt Nam - Chi nhánh 53,"Tầng L3, TTTM Vincom Mega Mall Royal Island, Lô CCĐT-01, Khu B1, Phường Thủy Nguyên, Hải Phòng",Dang hoat dong,180c5646-2a62-489d-8685-a93a8c7201e6,
12258ed8-0178-4ac3-b560-b5476141598c,Spicy Box - Chi nhánh 2,"L4-06 Tầng L4 TTTM Vincom, Số 910A Ngô Quyền, Phường An Hải Bắc, Quận Sơn Trà, Đà Nẵng",Dang hoat dong,bb105ef3-f758-42a1-9186-8c84e2848654,
132b63b9-3673-4047-a767-bed235052a2e,Lotteria Co.op Hà Đông,"Km 10 Nguyễn Trãi, P. Mỗ Lao, Quận Hà Đông, Hà Nội",Dang hoat dong,5c729ab1-749a-46f4-ac2b-b56ab6d53565,Hà Nội
1343e1c5-31f9-4297-b7eb-ed5c114bb32c,Lotteria Văn Thánh,"604 - 606 Điện Biên Phủ, P. 22, Quận Bình Thạnh, Hồ Chí Minh",Dang hoat dong,5c729ab1-749a-46f4-ac2b-b56ab6d53565,Hồ Chí Minh
13673ac3-09b5-4bb8-9ca2-88b02c75e944,Dookki Việt Nam - Chi nhánh 78,"L3-02-03, TTTM Vincom Plaza Cẩm Phả, Thửa đất số 69 tờ bản đồ số 25, Phường Cẩm Bình, Thành phố Cẩm Phả, Quảng Ninh",Dang hoat dong,180c5646-2a62-489d-8685-a93a8c7201e6,
13853bf1-f776-4309-9bf5-a8c1162b59bd,kidzooona PARC MALL Quận 8,"L3-01, Tầng 3, Trung tâm thương mại PARC MALL Q.8, số 547-549 đường Tạ Quang Bửu, Phường Chánh Hưng, TP.HCM",Dang hoat dong,d69ba734-c3f9-4813-be9f-d1d83d7ec45c,Hồ Chí Minh
139f3108-4a76-4985-b6a8-9a9ec138a789,Fast Lane - Consortio - Chi nhánh 2,"Cảng hàng không quốc tế Đà Nẵng  Phường Hòa Cường, Thành phố Đà Nẵng, Việt Nam",Dang hoat dong,195ea851-59dd-4e70-ad76-71d0ea76db64,
13a9308f-cec2-4fba-99da-9516a952c761,Dookki Việt Nam AEON LONG BIÊN,"Tầng 3 Aeon Long Biên, 27 Đường Cổ Linh, Long Biên, Hà Nội",Dang hoat dong,180c5646-2a62-489d-8685-a93a8c7201e6,Hà Nội
15e104c5-5c75-4ff7-af3c-d7378c3f5772,Dookki Việt Nam - Chi nhánh 89,"Tầng 2, Go! Ninh Bình , Đường Trần Nhân Tông, Xã Ninh Phúc, Thành phố Ninh Bình, Ninh Bình",Dang hoat dong,180c5646-2a62-489d-8685-a93a8c7201e6,
16213e3b-f135-409c-9868-8b4c16b4059e,Dookki Việt Nam - Chi nhánh 118,"Tầng trệt, TTTM Co.opmart Tân An, 01 Mai Thị Tốt, Phường 2, Thành phố Tân An, Long An",Dang hoat dong,180c5646-2a62-489d-8685-a93a8c7201e6,
1656baaa-8895-40f2-83e6-d10862e7d182,Chicken Plus - Chi nhánh 1,"Chân chung cư ICID Complex, Cổng số 1, Khu C, Geleximco Lê Trọng Tấn, Dương nội, Quận Hà Đông, Hà Nội",Dang hoat dong,1114dccd-810f-4887-a534-7c2316871312,
168a25a0-24c7-44a4-a996-6f3f9fc86738,Địa điểm tư vấn mua Voucher - LifeLink Hồ Chí Minh,"Địa điểm tư vấn mua Voucher: Số 122 Nguyễn Hoàng, phường Bình Trưng, TP.Hồ Chí Minh",Dang hoat dong,ab0eb565-e8ad-4b0e-b2f4-cba3521d0411,Hồ Chí Minh
16bbfcf0-b20b-438d-87d5-04619e6dc6bf,Chicken Plus Hoàng Diệu 2,"47 Đường số 17, P. Linh Chiểu, Thủ Đức, Hồ Chí Minh",Dang hoat dong,1114dccd-810f-4887-a534-7c2316871312,Hồ Chí Minh
17156a66-1d26-4fd0-ae32-a5671c44a985,Dookki Việt Nam - Chi nhánh 83,"L4-06, Tầng L4, TTTM Vincom Điện Biên, Thửa đất số 117, tờ bản đồ số 13, tổ dân phố 7, Phường Mường Thanh, Thành phố Điện Biên Phủ, Điện Biên",Dang hoat dong,180c5646-2a62-489d-8685-a93a8c7201e6,
1756bf2d-4089-488f-9ed1-f26c507e406c,Dookki Việt Nam - Chi nhánh 29,"126 Đ. Tân Sơn Nhì, Tân Sơn Nhì, Tân Phú, Hồ Chí Minh",Dang hoat dong,180c5646-2a62-489d-8685-a93a8c7201e6,
178b8056-4b8f-4ebf-a8e8-bcb7e83e2de1,Dookki Việt Nam THE ZEI HN,"Tầng 2, TTTM The Zei Plaza, Số 8 Lê Đức Thọ, Phường Mỹ Đình, Nam Từ Liêm, Hà Nội",Dang hoat dong,180c5646-2a62-489d-8685-a93a8c7201e6,Hà Nội
18546ef0-5bfc-467a-8220-df43ba19b260,Dookki Việt Nam - Chi nhánh 126,"Tầng L1, TTTM Vincom Sa Đéc, 11a Nguyễn Hữu Cảnh, Phường 1, Thành phố Sa Đéc, Đồng Tháp",Dang hoat dong,180c5646-2a62-489d-8685-a93a8c7201e6,
189f4581-a121-4c67-9560-0d06f9eb95a6,Chicken Plus - Chi nhánh 4,"Số 114 Chùa Láng, P. Láng Thượng, Quận Đống Đa, Hà Nội",Dang hoat dong,1114dccd-810f-4887-a534-7c2316871312,
18ba28e1-545d-417b-a65b-617f35af5ff9,Lotteria Lotte Mall Tây Hồ,"Tầng 4 , Ô số 430+431, Lotte Mall, Ngõ 683 Lạc Long Quân, P. Phú Thượng, Quận Tây Hồ, Hà Nội",Dang hoat dong,5c729ab1-749a-46f4-ac2b-b56ab6d53565,Hà Nội
1a1c8a29-4c73-4555-aa4c-51cc0159932c,Chicken Plus Tỉnh Lộ 8 (HCM),"419F tỉnh lộ 8, xã Phước Vĩnh An, Huyện Củ Chi, Hồ Chí Minh",Dang hoat dong,1114dccd-810f-4887-a534-7c2316871312,Hồ Chí Minh
1a1cb738-3e9e-4e2c-a2f0-f82b7df18af2,Chicken Plus 30/4 (T.Thủ Dầu Một),"356 đường 30/4, P.Chánh Nghĩa, Thủ Dầu Một, Bình Dương",Dang hoat dong,1114dccd-810f-4887-a534-7c2316871312,Hồ Chí Minh
1b5da2c8-9e57-4c62-90b2-258d92ccc886,Chicken Plus - Chi nhánh 29,"196a Phan Đình Phùng, Chánh Lộ, Quảng Ngãi",Dang hoat dong,1114dccd-810f-4887-a534-7c2316871312,
1b611a6a-c9e1-438b-be51-01358f202b2f,Ruby Cruise,"Nhà chờ G55, cảng số 2, Cảng tàu Quốc tế Tuần Châu - Quảng Ninh",Dang hoat dong,982c92d0-7f3f-4d5c-9af6-69ff021c5347,Quảng Ninh
1bbaf18f-07c1-4603-a797-73a486da2522,Life4cuts Phố đi bộ Nguyễn Huệ,"68 Phố đi bộ Nguyễn Huệ, P. Bến Nghé, Quận 1, Hồ Chí Minh",Dang hoat dong,ec461027-a973-418e-90bf-6dc7e814f027,Hồ Chí Minh
1d1597cc-1734-4039-bcbd-44718ce8d67f,Sườn Mười Nguyễn Văn Lộc,117 Nguyễn Văn Lộc - Hà Đông  - Hà Nội,Dang hoat dong,fd61f2bf-6655-4239-955b-b2ddd14c63c6,Hà Nội
1d224a41-2eb4-4db0-a8e4-14bdb8c45051,SH Premium Lounge Ha Noi 2 - Ga đi Quốc tế - Sân Bay Nội Bài - Hà Nội,"Tầng 3, Khu cách ly, Ga Quốc Tế, Sân bay quốc tế Nội Bài (Gần cửa 21)",Dang hoat dong,b45bd7b0-c853-42b4-8df6-678e74dcdabf,Hà Nội
1e03b946-521b-4442-871d-37c191436477,Lotteria Châu Văn Liêm,"66 Mạc Cửu-67 Vạn Kiếp, P. 13, Quận 5, Hồ Chí Minh",Dang hoat dong,5c729ab1-749a-46f4-ac2b-b56ab6d53565,Hồ Chí Minh
1e27e946-9812-446d-b1de-10f15c09b209,Lotteria - Chi nhánh 70,"231 Yersin, P. Hiệp Thành, Thị xã Thủ Dầu Một, Bình Dương",Dang hoat dong,5c729ab1-749a-46f4-ac2b-b56ab6d53565,
1e35f0f3-b685-4ed7-9e40-7583ab213cf8,Life4cuts - Chi nhánh 13,"9 Công Nữ Ngọc Hoa, P. Minh An, Thành phố Hội An, Quảng Nam",Dang hoat dong,ec461027-a973-418e-90bf-6dc7e814f027,
1e398a01-7c7d-472a-bb34-becbda7ae48a,Spicy Box - Chi nhánh 10,"GF-05 Tầng trệt Siêu thị Co.op Mart Buôn Mê Thuột 71 Nguyễn Tất Thành, P. Tân An, Thành phố Buôn Ma Thuột, Đắk Lắk",Dang hoat dong,bb105ef3-f758-42a1-9186-8c84e2848654,
1ebec718-bbe9-421e-86bc-f6e436f8ed6d,Chicken Plus - Chi nhánh 52,"152 Hùng Vương, P.2, Cao Lãnh, Đồng Tháp",Dang hoat dong,1114dccd-810f-4887-a534-7c2316871312,
20331205-67dd-433d-ad01-c9e481d2c97b,Lotteria - Chi nhánh 71,"TTMS Aeon - Bình Dương Canary, 1 Đại Lộ Bình Dương, KP. Bình Giao, P. Thuận Giao, Thị xã Thuận An, Bình Dương",Dang hoat dong,5c729ab1-749a-46f4-ac2b-b56ab6d53565,
20f9b298-b29e-45ab-bc22-10daeb0fff89,Spicy Box Đường D2,"36/3B Nguyễn Gia Trí, Phường 25, Quận Bình Thạnh, Hồ Chí Minh",Dang hoat dong,bb105ef3-f758-42a1-9186-8c84e2848654,Hồ Chí Minh
214a2145-5c5f-46d7-b2dc-7f7655e55ab9,Lotteria - Chi nhánh 75,"09 Hạ Long, P. 2, Vũng Tàu, Bà Rịa - Vũng Tàu",Dang hoat dong,5c729ab1-749a-46f4-ac2b-b56ab6d53565,
21ea2be2-1e1c-440a-b896-bd80f54f54d4,Kid's Box AEON Tân An,"Lô T212, Tầng 2, TTTM Aeon Tân An, Số 84 tuyến tránh Quốc lộ 1, KP Bình Cư 3 Phường Long An, Tỉnh Tây Ninh, Việt Nam",Dang hoat dong,6b5381a9-d1cd-4314-b723-3c36501caa83,Tây Ninh
2294e905-3887-4c16-825d-6ae4bacbac9f,Lotteria - Chi nhánh 18,"TTTM Vincom Plaza, Đường Cù Chính Lan, Đồng Tiến, Hoà Bình",Dang hoat dong,5c729ab1-749a-46f4-ac2b-b56ab6d53565,
22a9f422-7940-44d8-97b1-73740629cd66,Lotteria Võ Văn Ngân,"10 Võ Văn Ngân, P. Trường Thọ, Quận Thủ Đức, Hồ Chí Minh",Dang hoat dong,5c729ab1-749a-46f4-ac2b-b56ab6d53565,Hồ Chí Minh
22caa03e-7df4-4a60-a6c2-9db1a2d25a47,Hệ thống Thẩm mỹ viện Ngọc Dung - Chi nhánh 9,"Nhà số A1-15, A1-16 Khu Đô Thị Mon Bay, Phường Hạ Long, Tỉnh Quảng Ninh, Việt Nam",Dang hoat dong,c4b32ba0-c514-4b61-8df1-f2afdf45b8db,
22d1086b-80cd-45c5-8407-b6f9287842b1,Lotteria - Chi nhánh 49,"2+2/1 Nguyễn Đình Chiểu, P. Vĩnh Phước, Nha Trang, Khánh Hòa",Dang hoat dong,5c729ab1-749a-46f4-ac2b-b56ab6d53565,
23fa6b3d-0b8c-4789-a3b2-6fea23706eb4,Dealtoday HCM,"Địa điểm tư vấn mua voucher: Tầng 8, Tòa nhà Phương Nam, Số 157 Võ Thị Sáu, Phường 6, Quận 3, TP. HCM",Dang hoat dong,32da8e0d-0142-41da-b6b7-172fa52dc131,Hồ Chí Minh
24d497e9-ae12-4c35-88f7-3987e3d6ed0c,Chicken Plus Nguyễn Thị Thập 2 (HCM),"39 Nguyễn Thị Thập, P. Tân Phú, Quận 7, Hồ Chí Minh",Dang hoat dong,1114dccd-810f-4887-a534-7c2316871312,Hồ Chí Minh
24ef8edc-f211-4695-b4e9-52f45d1d0518,Lotteria - Chi nhánh 24,"Lầu 3, Vincom Sơn La, Trường Chinh, P. Quyết Thắng, Sơn La, Sơn La",Dang hoat dong,5c729ab1-749a-46f4-ac2b-b56ab6d53565,
25173859-d0b6-4d9f-b193-b8f3a490e265,Chicken Plus - Chi nhánh 48,"Số nhà 751 Đường tỉnh lộ 10, ấp Bình Tiền 1 , xã Đức Hoà Hạ , Huyện Đức Hoà, Long An",Dang hoat dong,1114dccd-810f-4887-a534-7c2316871312,
2561f85e-a0c2-496a-a417-461a2f7e95f2,Lotteria LotteMart Nguyễn Hữu Thọ,"469 Nguyễn Hữu Thọ, P. Tân Hưng, Quận 7, Hồ Chí Minh",Dang hoat dong,5c729ab1-749a-46f4-ac2b-b56ab6d53565,Hồ Chí Minh
25eaf357-c3ab-4032-9be2-48b62745ef5d,Lotteria Hoàng Cầu,"34 Hoàng Cầu, P. Ô Chợ Dừa, Quận Đống Đa, Hà Nội",Dang hoat dong,5c729ab1-749a-46f4-ac2b-b56ab6d53565,Hà Nội
26607aea-466f-49b2-b192-f5f1c78de9b5,Sườn Mười Hoàng Văn Thái,264 Hoàng Văn Thái - Khương Mai- Thanh Xuân - Hà Nội,Dang hoat dong,fd61f2bf-6655-4239-955b-b2ddd14c63c6,Hà Nội
26a1c99f-f682-40e0-ae0d-04cd15356227,Novotel Saigon Centre,"Nhà hàng Food Exchange - Tầng 2, Novotel Saigon Centre 4* -  Số 167 Hai Bà Trưng, Phường Xuân Hoà, TP.HCM.",Dang hoat dong,0f285aa1-2503-410e-b1c9-15b8ab7235e4,Hồ Chí Minh
26be7644-bce6-420b-9448-2d5e98cf87a7,Ccomaya Kids Thảo Điền,"Số 9 Đường Số 6, Phường Thảo Điền, Thành phố Thủ Đức, TP.HCM",Dang hoat dong,ab8170c4-b8ee-48e0-b4a3-18a802d354bb,Hồ Chí Minh
26f4aaa1-e764-4d19-ae5a-540bf24c9ad4,Dookki Việt Nam BÀ TRIỆU HN,"Tầng 5 Vincom Bà Triệu, số 191 Bà Triệu, Lê Đại Hành, Hai Bà Trưng, Hà Nội",Dang hoat dong,180c5646-2a62-489d-8685-a93a8c7201e6,Hà Nội
270c4550-56dc-479b-9c6b-6ff02cd03fdf,HLC Starry Sky Art Museum,"Khu B2 -R1-27-28 Vincom Mega Mall, 72A Đ. Nguyễn Trãi, Khu đô thị Royal City, Thanh Xuân, Hà Nội",Dang hoat dong,f54ec690-4139-4559-aaf7-e5b447e67f66,Hà Nội
28177a03-e20d-4644-98f6-13257821cb5d,Chicken Plus - Chi nhánh 10,"70 Xô Viết Nghệ Tĩnh, P. Hoà Cường Nam, Quận Hải Châu, Đà Nẵng",Dang hoat dong,1114dccd-810f-4887-a534-7c2316871312,
298386b4-fcbb-4669-927c-8e69d2012e67,Dookki Việt Nam CENTER POINT,"Tầng 5 TTTM Hà Nội Centerpoint, 27 Đường Lê Văn Lương, Nhân Chính, Thanh Xuân, Hà Nội",Dang hoat dong,180c5646-2a62-489d-8685-a93a8c7201e6,Hà Nội
29bf85ea-bc91-4d69-9cc4-a1be3b38e493,Lotteria Trần Hưng Đạo,"95A Trần Hưng Đạo, P. Cầu Ông Lãnh, Quận 1, Hồ Chí Minh",Dang hoat dong,5c729ab1-749a-46f4-ac2b-b56ab6d53565,Hồ Chí Minh
29e9fb72-29dd-4362-a278-80e5beca153e,Lotteria - Chi nhánh 39,"Số 1 Hùng Vương, Phường Cẩm Phô, Hội An, Quảng Nam",Dang hoat dong,5c729ab1-749a-46f4-ac2b-b56ab6d53565,
2a7e6d9a-74fa-4b79-89c4-a00ce714e5f8,Dookki Việt Nam - Chi nhánh 72,"1S9-B, Tầng 1, TTTM Go! Việt Trì, Đường Nguyễn Tất Thành, Phường Thanh Miếu, Thành phố Việt Trì, Phú Thọ",Dang hoat dong,180c5646-2a62-489d-8685-a93a8c7201e6,
2aa31dba-d9bb-464e-8b0c-8cce78f6cd61,Lotteria Lê Văn Việt,"68 Lê Văn Việt, Tổ 11, KP. 2, P. Hiệp Phú, Quận 9, Hồ Chí Minh",Dang hoat dong,5c729ab1-749a-46f4-ac2b-b56ab6d53565,Hồ Chí Minh
2b06c7f0-65f9-42db-a886-e03b61862fb6,Lotteria Nguyễn Ánh Thủ,"159/6 - 160/1 ấp Trung Chánh, xã Tân Xuân, Huyện Hóc Môn, Hồ Chí Minh",Dang hoat dong,5c729ab1-749a-46f4-ac2b-b56ab6d53565,Hồ Chí Minh
2bf6c830-ebb6-478f-841e-aaab8edcec4d,Lotteria LotteMart Ba Tháng Hai,"968 Ba Tháng Hai, P. 15, Quận 11, Hồ Chí Minh",Dang hoat dong,5c729ab1-749a-46f4-ac2b-b56ab6d53565,Hồ Chí Minh
2bfdbc61-f089-4a5e-95b0-c893a04b9112,Dookki Việt Nam VINCOM SKYLAKE PHẠM HÙNG,"Tầng 3 Vincom Plaza Skylake - Phạm Hùng, Mĩ Đình, Nam Từ Liêm, Hà Nội",Dang hoat dong,180c5646-2a62-489d-8685-a93a8c7201e6,Hà Nội
2c5754ea-c992-43ba-b339-48cb8a484be5,Dookki Việt Nam VINCOM NGUYỄN CHÍ THANH,"Tầng hầm BH1 Vincom Nguyễn Chí Thanh, 54A Nguyễn Chí Thanh, Láng Thượng, Đống Đa, Hà Nội",Dang hoat dong,180c5646-2a62-489d-8685-a93a8c7201e6,Hà Nội
2c7d34f0-639a-4478-9a25-5057a82f2ce6,Dookki Việt Nam - Chi nhánh 117,"Tầng 5, Lô B-03, Khu thương mại Amata,Quốc lộ 1A, Phường Long Bình, Thành phố Biên Hoà, Đồng Nai",Dang hoat dong,180c5646-2a62-489d-8685-a93a8c7201e6,
2cc37415-1f97-4de9-b2ea-cc25d51cd2b2,Life4cuts - Chi nhánh 9,"90 Phố Triều Khúc, P. Tân Triều, Quận Thanh Trì, Hà Nội",Dang hoat dong,ec461027-a973-418e-90bf-6dc7e814f027,
2d5617a6-f948-437e-9bd7-ae70f5d7ff61,Ẩm thực Chi nhánh Cầu Ông Lãnh,137 Cầu Ông Lãnh,Dang hoat dong,20000000-0000-0000-0000-000000000001,TP. Hồ Chí Minh
2daf1ab0-ccc9-4c8e-9074-46482bfed73d,Show Thực cảnh Anh Hùng Cờ Lau,"Thủy Đình, Phố Cổ Hoa Lư, Ninh Bình",Dang hoat dong,0bb45dbd-d123-48e3-b019-bebbe4939c5d,Ninh Bình
2df8c5a6-2c4c-49bc-ac19-08adadc5f7b8,Lotteria Lotte Mart Gò Vấp,"Tầng 1, 18 Phan Văn Trị, P. 10, Quận Gò Vấp, Hồ Chí Minh",Dang hoat dong,5c729ab1-749a-46f4-ac2b-b56ab6d53565,Hồ Chí Minh
2e02bdce-92bc-4579-962f-210bc14d6da2,Dookki Việt Nam - Chi nhánh 35,"Tầng 4, Crescent Mall Quận 7, 101 Tôn Dật Tiên, Tân Phú, Quận 7, Hồ Chí Minh",Dang hoat dong,180c5646-2a62-489d-8685-a93a8c7201e6,
2e9b773f-81a2-4c52-94c5-062d92b9ff1d,Dookki Việt Nam - Chi nhánh 7,"Góc 743, Thị xã Dĩ An, Bình Dường",Dang hoat dong,180c5646-2a62-489d-8685-a93a8c7201e6,
2edba01e-d2c2-45c8-9197-43b7dacb733d,Chicken Plus Nguyễn Thái Sơn (HCM),"185 Nguyễn Thái Sơn, Phường 4, Quận Gò Vấp, Hồ Chí Minh",Dang hoat dong,1114dccd-810f-4887-a534-7c2316871312,Hồ Chí Minh
2f2f6863-a82b-4784-9c6a-7fd06b137be1,Dookki Việt Nam - Chi nhánh 68,"L3-05, Tầng L3, TTTM Vincom, Số 2 Trần Hưng Đạo, Phường Chi Lăng, Thành phố Lạng Sơn, Lạng Sơn",Dang hoat dong,180c5646-2a62-489d-8685-a93a8c7201e6,
2fd4a832-39a2-4bc1-984d-e369a3b8cd59,Dookki Việt Nam LOTTE MALL TÂY HỒ,"Tầng 3 TTTM Lotte Mall Hà Nội, Khu đô thị Nam Thăng Long, số 272 đường Võ Chí Công, Phường Phú Thượng, Quận Tây Hồ, Hà Nội",Dang hoat dong,180c5646-2a62-489d-8685-a93a8c7201e6,Hà Nội
30000000-0000-0000-0000-000000000002,Am Thuc Sai Gon - Vo Van Tan,"120 Vo Van Tan, TP. Ho Chi Minh",Dang hoat dong,20000000-0000-0000-0000-000000000001,TP. Hồ Chí Minh
30000000-0000-0000-0000-000000000004,Spa An Nhien - Thanh Thai,"25 Thanh Thai, TP. Ho Chi Minh",Dang hoat dong,20000000-0000-0000-0000-000000000002,TP. Hồ Chí Minh
308771ce-2c91-47de-acb9-e6deacc39468,Tổ hợp Vui Chơi Giải Trí và Thể Thao Area One,"Số 140 Đức Giang, Phường Việt Hưng, Thành Phố Hà Nội",Dang hoat dong,830cc29b-7004-4234-8cde-f3d5b7f782f7,Hà Nội
30b28f17-b833-41de-928d-aff0e000c290,Chicken Plus - Chi nhánh 41,"Số 1 Cao Bá Quát, Khu phố Đông Tân, P. Dĩ An, Dĩ An, Bình Dương",Dang hoat dong,1114dccd-810f-4887-a534-7c2316871312,
30b71a5b-729b-4765-8375-8efda10c8c27,Spicy Box - Chi nhánh 1,"B2-08, TTTM Hà Nội Centre số 175 Nguyễn Thái Học, Phường Ô Chợ Dừa, Hà Nội",Dang hoat dong,bb105ef3-f758-42a1-9186-8c84e2848654,
310deddf-3b76-4ab4-ac58-0b533114d28e,Lotteria Phạm Ngọc Thạch,"Ngã 3 Đào Duy Anh - Kim Liên - Phạm Ngọc Thạch, Quận Đống Đa, Hà Nội",Dang hoat dong,5c729ab1-749a-46f4-ac2b-b56ab6d53565,Hà Nội
310f6d38-4dc3-41ce-87c8-f75c195c67c3,Chicken Plus Nguyễn Tri Phương (HCM),"226 Nguyễn Tri Phương, P. 4, Quận 10, Hồ Chí Minh",Dang hoat dong,1114dccd-810f-4887-a534-7c2316871312,Hồ Chí Minh
31138618-e8e3-4e88-bd54-198c5e2ae922,Lotteria Co.op Sư Vạn Hạnh,"11 Sư Phạn Vạn Hạnh, P. 12, Quận 10, Hồ Chí Minh",Dang hoat dong,5c729ab1-749a-46f4-ac2b-b56ab6d53565,Hồ Chí Minh
3144cfd0-0053-4702-b6bc-d27a02b21373,Lotteria Vinhomes Central,"P5 _SH.02 Tòa Park 5 Vinhomes Central, 20A Điện Biên Phủ, Phường 22, Quận Bình Thạnh, Hồ Chí Minh",Dang hoat dong,5c729ab1-749a-46f4-ac2b-b56ab6d53565,Hồ Chí Minh
32c0d1f9-40a5-4191-a7f8-5124c4657c54,Phòng khám Medamour,"33C Lê Thánh Tôn, Phường Sài Gòn, TP.HCM",Dang hoat dong,e8acc2e0-6d3e-4b9f-8e28-78e11edc73e7,Hồ Chí Minh
3313cac4-5734-4614-a297-f18812a71de7,Dookki Việt Nam - Chi nhánh 13,"139 Nguyễn Gia Trí, Phường 25, Bình Thạnh, Hồ Chí Minh",Dang hoat dong,180c5646-2a62-489d-8685-a93a8c7201e6,
33169def-c18a-4319-ae78-5fc4f4d85c95,Lotteria Hoàng Sa,"158 - 160 Lê Bình, P. 4, Quận Tân Bình, Hồ Chí Minh",Dang hoat dong,5c729ab1-749a-46f4-ac2b-b56ab6d53565,Hồ Chí Minh
337de7d2-50b7-415e-9805-11af72a33a3e,Lotteria Vành Đai Trong,"309 - 311 Vành Đai Trong, P. Bình Trị Đông B, Quận Bình Tân, Hồ Chí Minh",Dang hoat dong,5c729ab1-749a-46f4-ac2b-b56ab6d53565,Hồ Chí Minh
34960863-e909-47f2-85e2-b1ed246c57da,Lotteria Hoàng Diệu,"102 Lê Quốc Hưng, P. 12, Quận 4, Hồ Chí Minh",Dang hoat dong,5c729ab1-749a-46f4-ac2b-b56ab6d53565,Hồ Chí Minh
35033c3d-0659-43c6-8bba-b0e6e3958174,Dookki Việt Nam - Chi nhánh 69,"Tầng 3 TTTM Vincom Thái Nguyên, số 286 Đường Lương Ngọc Quyến, Phường Quang Trung, Thành phố Thái Nguyên, Thái Nguyên",Dang hoat dong,180c5646-2a62-489d-8685-a93a8c7201e6,
3506b86e-f43d-4fb5-8d89-a1dfac0b4892,Chicken Plus - Chi nhánh 43,"KDC chợ mới Gò Đen, Xã Phước Lợi, Huyện Bến Lức, Long An",Dang hoat dong,1114dccd-810f-4887-a534-7c2316871312,
351f58fa-1b78-4734-8671-6d720d408b7f,Lotteria Bà Triệu,"154 Bà Triệu, Nguyễn Du, Quận Hai Bà Trưng, Hà Nội",Dang hoat dong,5c729ab1-749a-46f4-ac2b-b56ab6d53565,Hà Nội
3550c5e1-45e1-4d90-89ec-34966e2dd7b9,Hệ thống Thẩm mỹ viện Ngọc Dung - Chi nhánh 2,"Số 106 phố Huế, Phường Hai Bà Trưng, Thành phố Hà Nội, Việt Nam",Dang hoat dong,c4b32ba0-c514-4b61-8df1-f2afdf45b8db,
35515ac2-9f86-43da-a1e5-f9002f4c1fc0,Lotteria Co.op Hòa Bình,"175 H òa Bình, P. Hiệp Tân, Quận Tân Phú, Hồ Chí Minh",Dang hoat dong,5c729ab1-749a-46f4-ac2b-b56ab6d53565,Hồ Chí Minh
35997d84-6d8c-465f-a66a-58bd47c55238,Life4cuts Landmark 81,"Tầng B1, TTTM Vincom Center Landmark 81, Vinhomes Tân Cảng, Quận Bình Thạnh, Hồ Chí Minh",Dang hoat dong,ec461027-a973-418e-90bf-6dc7e814f027,Hồ Chí Minh
360deab3-f351-4651-9293-4a1e8e7f1b15,Dookki Việt Nam - Chi nhánh 10,"Lầu 3, TTTM Satra Phạm Hùng, số C6/27 Phạm Hùng, Xã Bình Hưng, Huyện Bình Chánh, Hồ Chí Minh",Dang hoat dong,180c5646-2a62-489d-8685-a93a8c7201e6,
363a4305-9334-4f07-b2ff-702d3720cd48,Nguyên Văn Cừ 2,13 hjjjjj,Cho duyet,cd3bcf1f-d91d-4c8e-bfb8-8f6b968a20c1,TP. Hồ Chí Minh
366ae729-20e9-42b6-8841-6f20305a053f,Lotteria Royal City,"72A Nguyễn Trãi, Quận Thanh Xuân, Hà Nội",Dang hoat dong,5c729ab1-749a-46f4-ac2b-b56ab6d53565,Hà Nội
36ed4af3-ab85-4106-af6c-ad0c12895e08,Dookki Việt Nam - Chi nhánh 110,"Tầng 5, LOTTE Mart Phan Thiết, Khu dân cư Hùng Vương I, Phường Phú Thủy, Thành phố Phan Thiết, Bình Thuận",Dang hoat dong,180c5646-2a62-489d-8685-a93a8c7201e6,
38432bbc-2eb4-4c66-b323-8d80de456cf9,Dookki Việt Nam - Chi nhánh 119,"Lầu 1, Co.opmart Tây Ninh, 576 Cách Mạng Tháng Tám, Phường 3, Thành phố Tây Ninh, Tây Ninh",Dang hoat dong,180c5646-2a62-489d-8685-a93a8c7201e6,
3881a8cb-49b6-4a0b-984b-5d20bf8c1939,Dookki Việt Nam - Chi nhánh 26,"Tầng 4 Fashion Mall Nowzone - 235 Nguyễn Văn Cừ, Phường Nguyễn Cư Trinh, Quận 1, Hồ Chí Minh",Dang hoat dong,180c5646-2a62-489d-8685-a93a8c7201e6,
392516c2-0a3a-42e3-a34e-e8cb41d8765a,Dookki Việt Nam - Chi nhánh 77,"Tầng 5 SC Vivo City, 1058 Nguyễn Văn Linh, Tân Phong, Quận 7, Hồ Chí Minh",Dang hoat dong,180c5646-2a62-489d-8685-a93a8c7201e6,
39cc1231-731e-4ea9-b1bd-93b6c0d660c0,Lotteria - Chi nhánh 44,"KĐT xanh Vũng Chua, P. Ghềnh Ráng, Quy Nhơn, Bình Định",Dang hoat dong,5c729ab1-749a-46f4-ac2b-b56ab6d53565,
3a1a0b52-6b55-4a39-b9c8-7bad30216e9c,Chicken Plus Phạm Phú Thứ (HCM),"9 Phạm Phú Thứ, P. 11, Quận Tân Bình, Hồ Chí Minh",Dang hoat dong,1114dccd-810f-4887-a534-7c2316871312,Hồ Chí Minh
3a63ef41-ad94-426b-b33b-d18eef70847e,Địa điểm tư vấn mua Voucher - LifeLink Hồ Chí Minh - Quận 10,"223 Thành Thái, Quận 10",Dang hoat dong,ab0eb565-e8ad-4b0e-b2f4-cba3521d0411,TP. Hồ Chí Minh
3a7e5109-9181-4569-a55b-a3fc20e27fe6,Hệ thống Thẩm mỹ viện Ngọc Dung - Chi nhánh 6,"Số 02, Khu B1, Lô 7B, Khu ĐTM Ngã 5 SBCB, Phường Gia Viên, Thành phố Hải Phòng, Việt Nam",Dang hoat dong,c4b32ba0-c514-4b61-8df1-f2afdf45b8db,
3b0a2d6c-b430-4ee1-9c7a-0b5c3cfb4a51,Chicken Plus Tố Hữu (T.Nha Trang),"Căn hộ 5F CT3 đường Tố Hữu, KĐT VCN Phước Hải, Nha Trang, Khánh Hòa",Dang hoat dong,1114dccd-810f-4887-a534-7c2316871312,Khánh Hòa
3b2afa37-489f-4347-afe0-9fa3cab566b4,Dookki Việt Nam - Chi nhánh 46,"326 Nguyễn Duy Hiệu, Phường Sơn Phong, Thành phố Hội An, Quảng Nam",Dang hoat dong,180c5646-2a62-489d-8685-a93a8c7201e6,
3b43179d-dccc-424f-a971-1987b65e6030,Spicy Box Saigon Centre,"Lầu B2 Saigon Centre, 65 Lê Lợi, P. Bến Nghé, Quận 1, Hồ Chí Minh",Dang hoat dong,bb105ef3-f758-42a1-9186-8c84e2848654,Hồ Chí Minh
3ca81d95-0e02-43f0-9874-c9e461c684f2,Kid's Box Vincom Royal Island Hải Phòng,"Lô L3-16, tầng L3, Tòa nhà Vincom Mega Mall Royal Island thuộc lô CCĐT-01, Khu B1, Khu vui chơi giải trí, nhà ở và công viên sinh thái đảo Vũ Yên, Phường Thủy Nguyên, TP. Hải Phòng, VN",Dang hoat dong,1c515879-c33a-4175-af65-f74c5034ca13,Hải Phòng
3d90d84b-d204-4513-b8de-f5d33bb39b8e,kidzooona AEON MALL Hải Phòng Tầng 2,"Lô T264, tầng 2, Aeon Mall Hải Phòng Lê Chân, Đ. Hồ Sen Cầu Rào 2, phường An Biên, thành phố Hải Phòng.",Dang hoat dong,7a296d86-e092-4453-b4bd-725b169aee4d,Hải Phòng
3deef1ea-093b-4964-8e1e-3c9f3aa843de,Chicken Plus - Chi nhánh 21,"PĐ2.KT-01 K-Town, Vinhomes Ocean Park 2, Văn Giang, Hưng Yên",Dang hoat dong,1114dccd-810f-4887-a534-7c2316871312,
3dfc04ee-90f5-4552-9db6-9aa2bafb4863,Lotteria - Chi nhánh 73,"Tầng trệt, KP. Lộc An, Thị trấn Trảng Bàng, Huyện Trảng Bàng, Tây Ninh",Dang hoat dong,5c729ab1-749a-46f4-ac2b-b56ab6d53565,
3e2d97be-d00f-453a-89af-e35c3b1e8719,Lotteria - Chi nhánh 38,"74 Trần Phú, P. Bắc Hà, Hà Tĩnh",Dang hoat dong,5c729ab1-749a-46f4-ac2b-b56ab6d53565,
3e7f9af9-8100-4e58-bd92-7406f2c633e5,Dookki Việt Nam - Chi nhánh 39,"L3-10,11,V8-10, Đường Mai Chí Thọ, Phường Thủ Thiêm, Thành phố Thủ Đức, Hồ Chí Minh",Dang hoat dong,180c5646-2a62-489d-8685-a93a8c7201e6,
3e92fb43-2e91-4386-b73d-0577e19d75d9,Lotteria Ngô Gia Tự,"02 Ngô Gia Tự - 145 Lý Thái Tổ, P. 9, Quận 10, Hồ Chí Minh",Dang hoat dong,5c729ab1-749a-46f4-ac2b-b56ab6d53565,Hồ Chí Minh
3ea22688-0f8c-4533-93e9-a4d912ee29b7,Lotteria - Chi nhánh 62,"F230-F231 Võ Thị Sáu, Phường Thống Nhất, Biên Hòa, Đồng Nai",Dang hoat dong,5c729ab1-749a-46f4-ac2b-b56ab6d53565,
3fb49e6b-04e8-431a-8c2a-e4546d31692b,Life4cuts - Chi nhánh 5,"162A, phố Chùa Láng, P. Láng Thượng, Quận Đống Đa, Hà Nội",Dang hoat dong,ec461027-a973-418e-90bf-6dc7e814f027,
40cc591b-3cb0-4ad1-be4f-526c1fba2d39,Lotteria Ebest,"TTTM EBEST xã Minh Khai, Quận Từ Liêm, Hà Nội",Dang hoat dong,5c729ab1-749a-46f4-ac2b-b56ab6d53565,Hà Nội
4178a4ef-1c0a-48fc-a569-e7c83cfbd46f,Lotteria Độc Lập Tân Phú,"175 (số cũ 19/35) Độc Lập, P. Tân Quý, Quận Tân Phú, Hồ Chí Minh",Dang hoat dong,5c729ab1-749a-46f4-ac2b-b56ab6d53565,Hồ Chí Minh
421b7b56-9b97-4aeb-af7b-3f2ab91b61e1,Hệ thống Thẩm mỹ viện Ngọc Dung - Chi nhánh 20,"157 Nam Kỳ Khởi Nghĩa, Phường 3, Tp. Vũng Tàu.",Dang hoat dong,c4b32ba0-c514-4b61-8df1-f2afdf45b8db,
42617154-118b-4427-bbec-4ce3436c022a,SH Premium Lounge Con Dao - Ga đi Quốc nội - Sân Bay Côn Đảo - Bà Rịa Vũng Tàu,"Tầng 1, cạnh cửa khởi hành số 1, Khu cách ly Ga đi Quốc nội, CHK Côn Đảo.",Dang hoat dong,b45bd7b0-c853-42b4-8df6-678e74dcdabf,Hồ Chí Minh
43319183-bf1c-43ba-82a1-ef4003b8dca0,Dookki Việt Nam - Chi nhánh 100,"Tầng 2 siêu thị Co.opmart Quảng Bình - số 07, Đường 23/08, Phường Đồng Phú, Thành phố Đồng Hới, Quảng Bình",Dang hoat dong,180c5646-2a62-489d-8685-a93a8c7201e6,
4385a7ab-71bd-4e38-be6f-020bd45e9e83,The Hanoi Train,"Cửa 1C, sảnh Bắc - Ga Hà Nội - 120 Lê Duẩn - Văn Miếu - Hà Nội",Dang hoat dong,1f6d328f-c0b0-4676-b4f7-29935641dcea,Hà Nội
43e1eca6-3f64-44c4-9078-2365d0cd6715,Lotteria - Chi nhánh 12,"118 - 120 Trần Nguyên Hãn, Quận Lê Trân, Hải Phòng",Dang hoat dong,5c729ab1-749a-46f4-ac2b-b56ab6d53565,
442b310d-4dde-4c83-b15b-be7d83b1e081,Chicken Plus - Chi nhánh 51,"365 Đường Gò Tháp, Khóm 1, Mỹ An, Tháp Mười, Đồng Tháp",Dang hoat dong,1114dccd-810f-4887-a534-7c2316871312,
4440a2da-db65-44b9-b700-8a7ce2bd4ef4,LifeLink Hồ Chí Minh,"Số 122 Nguyễn Hoàng, phường Bình Trưng, TP.Hồ Chí Minh",Dang hoat dong,afd47b2f-2348-4a30-8733-0b3ddf8e0d95,Hồ Chí Minh
446a0158-cc72-46c3-a850-9593fb8b5cf5,Lotteria - Chi nhánh 51,"133 Bà Triệu, P. Thắng Lợi, Kon Tum, Kon Tum",Dang hoat dong,5c729ab1-749a-46f4-ac2b-b56ab6d53565,
4472419c-1eb6-41e4-b8db-8dfce937324b,Lotteria Khâm Thiên,"201 Khâm Thiên, Quận Đống Đa, Hà Nội",Dang hoat dong,5c729ab1-749a-46f4-ac2b-b56ab6d53565,Hà Nội
456bb1b7-ef5f-49b3-90b5-2de5592a5b3f,Life4cuts Lý Tự Trọng,"The New Playground, 26 Lý Tự Trọng, P. Bến Nghé, Quận 1, Hồ Chí Minh",Dang hoat dong,ec461027-a973-418e-90bf-6dc7e814f027,Hồ Chí Minh
45cabe6c-4c4d-4602-9856-cf56288b49be,Dookki Việt Nam - Chi nhánh 32,"Tầng 5 Vincom Mega Mall Thảo Điền , Số 161 Xa lộ Hà Nội, Quận 2, Hồ Chí Minh",Dang hoat dong,180c5646-2a62-489d-8685-a93a8c7201e6,
4793b094-7e00-41ac-aad7-0ea5181202f1,Spicy Box - Chi nhánh 15,"L3-5-6 Vincom Plaza, 444 đường 30/4, Khu Phố 1, Tây Ninh",Dang hoat dong,bb105ef3-f758-42a1-9186-8c84e2848654,
47a793d4-561a-4502-b385-785e8e1a65a8,Dookki Việt Nam - Chi nhánh 81,"158, Tầng 1, TTTM Go! Hạ Long, cột 5, Phường Hồng Hải, Thành phố Hạ Long, Quảng Ninh",Dang hoat dong,180c5646-2a62-489d-8685-a93a8c7201e6,
480bcadd-f322-478c-b97a-11c07bdda27b,Chicken Plus Bà Điểm 5 (HCM),"41/1 Tuyến 5 Bà Điểm, Ấp Tây Lân, Xã Bà Điểm, Huyện Hóc Môn, Hồ Chí Minh",Dang hoat dong,1114dccd-810f-4887-a534-7c2316871312,Hồ Chí Minh
480d7211-c115-4f17-99a7-f7f63f50617c,Chicken Plus - Chi nhánh 18,"D8 Tuyên Quang, P. Phú Thủy, Phan Thiết, Bình Thuận",Dang hoat dong,1114dccd-810f-4887-a534-7c2316871312,
484bcedc-834b-4ade-a5cc-9dea1de5cb94,Dookki Việt Nam - Chi nhánh 121,"Tầng L3, Trung Tâm Thương Mại Vincom Plaza Trà Vinh, Phường 2, Thành phố Trà Vinh, Trà Vinh",Dang hoat dong,180c5646-2a62-489d-8685-a93a8c7201e6,
4923789b-0add-4277-986a-8d047cf658c9,Lotteria Trần Thái Tông,"Lô D5, KĐTM Cầu Giấy, P. Dịch Vọng, Quận Cầu Giấy, Hà Nội",Dang hoat dong,5c729ab1-749a-46f4-ac2b-b56ab6d53565,Hà Nội
49e00085-2b2f-41fe-aaa1-8ae945cb059f,Dookki Việt Nam - Chi nhánh 36,"Tầng 3 Vincom Đồng Khởi, 72 Lê Thánh Tôn, Bến Nghé, Quận 1, Hồ Chí Minh",Dang hoat dong,180c5646-2a62-489d-8685-a93a8c7201e6,
49ed75e6-43f8-4444-92e3-c920c5ff4b2f,Lotteria - Chi nhánh 3,"120 Nguyễn Thị Minh Khai, P. Hải Châu 1, Quận Hải Châu, Đà Nẵng",Dang hoat dong,5c729ab1-749a-46f4-ac2b-b56ab6d53565,
4a4ba199-9481-41a3-b30e-4504e44c9bad,Lotteria - Chi nhánh 52,"Tầng trệt, Tháp nước, Trần Phú, P. 2, Bảo Lộc, Lâm Đồng",Dang hoat dong,5c729ab1-749a-46f4-ac2b-b56ab6d53565,
4a5f280e-299c-4376-ad19-4d625bf70990,Dookki Việt Nam - Chi nhánh 6,"1F, Tầng 1 , Tòa nhà EverRich, 968 Đường 3/2, Phường 15, Quận 11, Hồ Chí Minh",Dang hoat dong,180c5646-2a62-489d-8685-a93a8c7201e6,
4ac4c2af-97b4-4e1a-8906-799dd168729c,kidzooona AEON MALL Hải Phòng 3F,"Lô T347-348, tầng 3, Aeon Mall Hải Phòng Lê Chân, Đ. Hồ Sen Cầu Rào 2, phường An Biên, thành phố Hải Phòng",Dang hoat dong,4372b404-c218-4eb7-bcb6-c1089a94624b,Hải Phòng
4c543da7-cb29-4e70-924c-add396cd4817,Dookki Việt Nam - Chi nhánh 92,"Siêu thị Go Thanh Hóa, Phố Đồng Lễ, Phường Đông Hải, Thanh Hoá",Dang hoat dong,180c5646-2a62-489d-8685-a93a8c7201e6,
4c793256-9529-4596-a0ea-52b4eb9c691d,Địa điểm tư vấn mua Voucher - LifeLink Hà Nội,"Địa điểm tư vấn mua Voucher: Tầng 12A Tòa văn phòng - TTTM ROX Tower Goldmark City 136 Hồ Tùng Mậu, Phú Diễn, Hà Nội",Dang hoat dong,ab0eb565-e8ad-4b0e-b2f4-cba3521d0411,Hà Nội
4cae5274-85bb-4617-90c7-efaf7a094033,Life4cuts Vincom Thủ Đức,"Tầng 4, TTTM Vincom, 216 Võ Văn Ngân, P. Bình Thọ, Thủ Đức, Hồ Chí Minh",Dang hoat dong,ec461027-a973-418e-90bf-6dc7e814f027,Hồ Chí Minh
4da95758-5ff0-4605-b021-17c6129aab93,City Sightseeing - Chi nhánh 3,"Địa điểm tư vấn mua voucher: Số 122 Nguyễn Hoàng, phường Bình Trưng, TP.Hồ Chí Minh",Dang hoat dong,3d6780db-e3aa-4cca-9f2e-2aa7beb3f0f4,
4dd474fc-2ce9-4410-9aff-49a3cc6d202b,Spicy Box PARC MALL,"L4-05 Tầng 4, TTTM Parc Mall số 547 - 549 đường Tạ Quang Bửu, Phường Chánh Hưng, Hồ Chí Minh",Dang hoat dong,bb105ef3-f758-42a1-9186-8c84e2848654,Hồ Chí Minh
4e53945b-fa2d-45f4-bdb5-ea6e0b12aa87,Dookki Việt Nam - Chi nhánh 40,"Lotte Mart Vũng Tàu, Góc đường 3/2 và, Đường Thi Sách, Phường 8, Thành phố Vũng Tàu",Dang hoat dong,180c5646-2a62-489d-8685-a93a8c7201e6,
4e6313fe-efc5-4344-a35a-96045b640635,Địa điểm tư vấn mua voucher - LifeLink Hồ Chí Minh,"Địa điểm tư vấn mua voucher: Số 122 Nguyễn Hoàng, phường Bình Trưng, TP.Hồ Chí Minh",Dang hoat dong,56421ca4-8d1a-4538-9b40-26b52c10e6ad,Hồ Chí Minh
4e881e35-4281-4592-9495-4c8f20e381a8,Dookki Việt Nam - Chi nhánh 84,"L2-19-20 Tầng L2, Vincom Mega Mall Ocean City tại địa chỉ thửa đất số 1128, tờ bản đồ số 05 thuộc Dự án Khu đô thị sinh thái Dream City, Xã Nghĩa Trụ, Huyện Văn Giang, Hưng Yên",Dang hoat dong,180c5646-2a62-489d-8685-a93a8c7201e6,
4e962a74-801d-46a2-b902-69e675ea53e1,Lotteria Cresent Mall,"Tầng 5, 101 Tôn Dật Tiên, P. Tân Phú, Quận 7, Hồ Chí Minh",Dang hoat dong,5c729ab1-749a-46f4-ac2b-b56ab6d53565,Hồ Chí Minh
4f2f4f3d-487e-4144-a03f-5675a4dfe028,Lotteria - Chi nhánh 47,"2038 Hùng Vương, P. Cam Lộc, Cam Ranh, Khánh Hòa",Dang hoat dong,5c729ab1-749a-46f4-ac2b-b56ab6d53565,
4f4b9719-3524-4a00-a74b-44d9e3ee3afb,Lotteria Trần Đại Nghĩa,"138 Lê Thanh Nghị, P. Bách Khoa, Quận Hai Bà Trưng, Hà Nội",Dang hoat dong,5c729ab1-749a-46f4-ac2b-b56ab6d53565,Hà Nội
5006f39f-4944-4a7e-943d-9401c609d658,Dookki Việt Nam - Chi nhánh 43,"MM Mega Market Hiệp Phú, Đường Trương Thị Hoa, Tân Thới Hiệp, Quận 12, Hồ Chí Minh",Dang hoat dong,180c5646-2a62-489d-8685-a93a8c7201e6,
502db1d7-409c-499d-9b4b-306c05ae72a9,Lotteria - Chi nhánh 28,"TTTM Big C, Cột 5, P. Hồng Hải, Hạ Long, Quảng Ninh",Dang hoat dong,5c729ab1-749a-46f4-ac2b-b56ab6d53565,
509acf08-466e-49c5-9a91-ba1b224e2ee8,Life4cuts Saigon Garden,"99 Nguyễn Huệ, P. Bến Nghé, Quận 1, Hồ Chí Minh",Dang hoat dong,ec461027-a973-418e-90bf-6dc7e814f027,Hồ Chí Minh
50a22950-f1ae-4a59-963c-e87221c056ce,Phòng khám Bewell,"Tầng 3-3A Somerset Vista - 628C Võ Nguyên Giáp, Phường An Khánh, TP.HCM",Dang hoat dong,e8acc2e0-6d3e-4b9f-8e28-78e11edc73e7,Hồ Chí Minh
50b2d520-4907-47fb-9deb-01b9f0a60f80,Lotteria Star Mart Gò Vấp,"09 Quang Trung, P. 11, Quận Gò Vấp, Hồ Chí Minh",Dang hoat dong,5c729ab1-749a-46f4-ac2b-b56ab6d53565,Hồ Chí Minh
51855b37-3481-4584-baf7-2dd9fb5c3a3f,Lotteria - Chi nhánh 26,"02 Hồng Quang, P. Quang Trung, Hải Dương",Dang hoat dong,5c729ab1-749a-46f4-ac2b-b56ab6d53565,
518e0334-117d-4513-a8c8-f16726cdb48f,Dookki Việt Nam - Chi nhánh 112,"Tầng hầm 1, quảng trường Lâm Viên (Big C), thành phố Đà Lạt, Lâm Đồng",Dang hoat dong,180c5646-2a62-489d-8685-a93a8c7201e6,
51d425c2-6454-4fbe-bb0c-f3af52829531,Lotteria Thái Thịnh,"152 Thái Thịnh, Láng Hạ, Quận Đống Đa, Hà Nội",Dang hoat dong,5c729ab1-749a-46f4-ac2b-b56ab6d53565,Hà Nội
520e5c3c-a44a-43b7-b68b-b385a543ac75,Lotteria Lotte Center,"54 Liễu Giai, P. Cống Vị, Quận Ba Đình, Hà Nội",Dang hoat dong,5c729ab1-749a-46f4-ac2b-b56ab6d53565,Hà Nội
5250a3e4-7bc7-46f0-bad9-690bc67ba654,Airport Connects - Chi nhánh 2,"Tầng 2, Khu cách ly Quốc nội, Cảng HKQT Phú Quốc (gân cửa ra tàu bay số 12)",Dang hoat dong,b45bd7b0-c853-42b4-8df6-678e74dcdabf,
5406c988-97ab-4575-9791-2331833a3feb,Lotteria An Bình City,"Tầng 1 Tòa A8, An Bình City, 232 Phạm Văn Đồng, Quận Bắc Từ Liêm, Hà Nội",Dang hoat dong,5c729ab1-749a-46f4-ac2b-b56ab6d53565,Hà Nội
543385d1-3599-4573-9f75-177ee3aed3b3,Hệ thống Thẩm mỹ viện Ngọc Dung - Chi nhánh 12,"Vinh: 06-07 tòa nhà Euro Window - Số 2 Trần Phú - phường Hồng Sơn - thành phố Vinh, Nghệ An",Dang hoat dong,c4b32ba0-c514-4b61-8df1-f2afdf45b8db,
545c3fd6-7fca-4381-9fcd-d4e95a45f296,Lotteria Vinhomes Grand Park,"S6.0301.S04 & S6.0301.S03 Origami Vinhomes Grand Park, Quận 9, Hồ Chí Minh",Dang hoat dong,5c729ab1-749a-46f4-ac2b-b56ab6d53565,Hồ Chí Minh
54876abb-9f33-408a-ab41-5879ee7ef634,Chicken Plus - Chi nhánh 24,"Số 19 Phan Đình Giót, Phường Nam Hà, Hà Tĩnh",Dang hoat dong,1114dccd-810f-4887-a534-7c2316871312,
54942b07-4261-4a98-8faa-493d3806019b,Phòng khám DYM,"Phòng A301 - Tầng 3A - 71 Hoàng Văn Thái, Phường Tân Mỹ, TP.HCM",Dang hoat dong,e8acc2e0-6d3e-4b9f-8e28-78e11edc73e7,Hồ Chí Minh
54a20f39-58d4-42ce-b3ad-d826b627b1a4,Lotteria Big C Cityland,"TTTM Big C City Land, Lô A, KDC City Land, Số 99 Nguyễn Thị Thập, Quận 7, Hồ Chí Minh",Dang hoat dong,5c729ab1-749a-46f4-ac2b-b56ab6d53565,Hồ Chí Minh
54b0ff34-5731-4ceb-b6ad-192417c42ac0,Dookki Việt Nam - Chi nhánh 30,"Tầng 1-2 Topaz Home, 102 Phan Văn Hớn, Phường Tân Thới Nhất, Quận 12, Hồ Chí Minh",Dang hoat dong,180c5646-2a62-489d-8685-a93a8c7201e6,
54b6202c-7bd7-4c5d-a723-fbacf700bdcc,Dookki Việt Nam - Chi nhánh 56,"L1-01B, Vincom+ Chí Linh, tại địa chỉ Khu dân cư Nguyễn Trãi 1, Phường Sao Đỏ, Thành phố Chí Linh, Hải Dương",Dang hoat dong,180c5646-2a62-489d-8685-a93a8c7201e6,
54c69cb7-de99-43c5-a796-5b46dcc19a4e,Dookki Việt Nam THE LINC PARKCITY HÀ ĐÔNG,"Tầng 2, Tòa nhà A, Trung tâm thương mại Park City, Khu đô thị Park City Hà Nội, Đường Lê Trọng Tấn, Phường Dương Nội, Hà Nội",Dang hoat dong,180c5646-2a62-489d-8685-a93a8c7201e6,Hà Nội
54cae879-b021-4418-9824-235ccee695e9,Dookki Việt Nam - Chi nhánh 9,"Tầng trệt, Co.opmart Bình Dường, số 1 Phú Lợi, Phường Phú Lợi, Thành phố Thủ Dầu Một, Bình Dương",Dang hoat dong,180c5646-2a62-489d-8685-a93a8c7201e6,
55505e9e-2d69-4b9b-b8db-8ef7a44547e1,Chicken Plus - Chi nhánh 38,"121 Lê Duẩn, P. Tân Phú, Thành phố Đồng Xoài, Bình Phước",Dang hoat dong,1114dccd-810f-4887-a534-7c2316871312,
55ef0405-8cbe-498a-9dbf-f11edf86be05,Dookki Việt Nam - Chi nhánh 128,"GF1 + GF2, Tầng trệt, Co.opMart Kiên Giang, 1332 Nguyễn Trung Trực, Phường An Bình, Rạch Giá, Kiên Giang",Dang hoat dong,180c5646-2a62-489d-8685-a93a8c7201e6,
55f7a02c-872b-4c26-bd59-db87cba5c79e,Dookki Việt Nam - Chi nhánh 66,"Tầng 1 - TTTM Go! Yên Bái, Phường Yên Bái, Lào Cai",Dang hoat dong,180c5646-2a62-489d-8685-a93a8c7201e6,
5624137f-0da0-4d92-8c6a-e93a621c0d69,Dookki Việt Nam - Chi nhánh 25,"L4-05 và L4-06, Tầng 4, số 385, Phan Huy Ích, Phường 14, Quận Gò Vấp, Hồ Chí Minh",Dang hoat dong,180c5646-2a62-489d-8685-a93a8c7201e6,
564cc504-9ee0-47ee-9502-a18f66411992,City Sightseeing - Nhà Hát Múa Rối Nước Thăng Long,"Quầy di động: Trước Nhà Hát Múa Rối Nước Thăng Long – số 57B Đinh Tiên Hoàn, Hoàn Kiếm, HN",Dang hoat dong,3d6780db-e3aa-4cca-9f2e-2aa7beb3f0f4,Hà Nội
56b35019-6004-4075-b9ee-a4971891cc06,Dookki Việt Nam - Chi nhánh 96,"Tầng 3 Lotte Mart Vinh, 494 V.I. Lê Nin, Hà Huy Tập, Thành phố Vinh, Nghệ An",Dang hoat dong,180c5646-2a62-489d-8685-a93a8c7201e6,
57105f52-6fd6-447e-a3b4-4663f594d6ff,Chicken Plus - Chi nhánh 23,"TTTM Shophouse Vạn Xuân, Đường Lam Sơn, Thị trấn Thọ Xuân, Thanh Hoá",Dang hoat dong,1114dccd-810f-4887-a534-7c2316871312,
57271d05-530f-403f-b204-56b779bd6b77,Chicken Plus - Chi nhánh 46,"385E, ĐT 824, Khu phố 5, Thị trấn Đức Hoà, Huyện Đức Hoà, Long An",Dang hoat dong,1114dccd-810f-4887-a534-7c2316871312,
582a6e80-2c33-48ce-bd75-bc6c75988c0a,Life4cuts Sky Garden 2,"Sky Garden 2, Khu Đô thị mới Phú Mỹ Hưng, P. Tân Phong, Quận 7, Hồ Chí Minh",Dang hoat dong,ec461027-a973-418e-90bf-6dc7e814f027,Hồ Chí Minh
58bb7b68-cc5a-4de4-8c0b-52be3801b5f9,TMV Ngọc Dung_Thủ dầu một BD,"464 - 466 Đại Lộ Bình Dương, P. Hiệp Thành, Tp. Thủ Dầu Một, Bình Dương",Dang hoat dong,c4b32ba0-c514-4b61-8df1-f2afdf45b8db,Bình Dương
590de300-ed6e-4386-b9be-3ed0b4f9b0c9,Dookki Việt Nam - Chi nhánh 14,"Tầng 4, TTTM Vincom Mega Mall Grand Park, Phường Long Bình và Phường Long Thạnh Mỹ, Thành phố Thủ Đức, Hồ Chí Minh",Dang hoat dong,180c5646-2a62-489d-8685-a93a8c7201e6,
59af5df8-04cf-496c-a615-a353b2e96031,Lotteria Yên Xá,"Ngã 3 Yên Xá, Tân Triều, Quận Hà Đông, Hà Nội",Dang hoat dong,5c729ab1-749a-46f4-ac2b-b56ab6d53565,Hà Nội
59ca0ede-8a28-4dd0-9bec-edc28b3bb77c,Lotteria Lạc Long Quân,"445a Lạc Long Quân, Phường Xuân La, Quận Tây Hồ, Hà Nội",Dang hoat dong,5c729ab1-749a-46f4-ac2b-b56ab6d53565,Hà Nội
5b46102c-a6e9-43ff-9fa6-7d74a620db58,Dookki Việt Nam - Chi nhánh 108,"Tầng 1, Lotte Mart Nha Trang ,Số 58 đường 23/10, Phường Phương Sơn, Thành phố Nha Trang, Khánh Hòa",Dang hoat dong,180c5646-2a62-489d-8685-a93a8c7201e6,
5b93e3e8-7878-4bbb-a19d-9c5f24c43042,Lotteria Aeon Mall Long Biên,"Tầng 1, Aeon Mall Long Biên, Cổ Linh, Quận Long Biên, Hà Nội",Dang hoat dong,5c729ab1-749a-46f4-ac2b-b56ab6d53565,Hà Nội
5c0e00dd-dbc0-4371-a185-21b35a304f38,Dookki Việt Nam - Chi nhánh 48,"74 Bạch Đằng, Hải Châu 1, Hải Châu, Đà Nẵng",Dang hoat dong,180c5646-2a62-489d-8685-a93a8c7201e6,
5c734a85-77ca-4b26-aa6f-0c763f527ad5,GIVISTA,"251/16D Vườn Lài, P. An Phú Đông, TP.HCM",Dang hoat dong,32da8e0d-0142-41da-b6b7-172fa52dc131,Hồ Chí Minh
5da1a8f4-53cd-4033-9db8-8891d359486e,Địa điểm tư vấn mua voucher - LifeLink Hồ Chí Minh,"Địa điểm tư vấn mua voucher: Số 122 Nguyễn Hoàng, phường Bình Trưng, TP.Hồ Chí Minh",Dang hoat dong,0d804bcb-be7f-4d9b-a8a9-8c5e951da97a,Hồ Chí Minh
5dff71ab-b046-4fb0-b948-45f563a32592,SH Premium Lounge Tan Son Nhat - Ga đi Quốc nội - Sân Bay Tân Sơn Nhất,"Tầng 4, Khu cách ly Quốc nội, Nhà ga T3, Cảng HKQT Tân Sơn Nhất",Dang hoat dong,b45bd7b0-c853-42b4-8df6-678e74dcdabf,Hồ Chí Minh
5f7f6c8f-9e75-4f22-afee-0ee669f9f341,Dookki Việt Nam ROX GOLDMARK HN,"Tầng 1, ROX Center Hồ Tùng Mậu, Số 136 Hồ Tùng Mậu, Phường Phú Diễn, Quận Bắc Từ Liêm, Hà Nội",Dang hoat dong,180c5646-2a62-489d-8685-a93a8c7201e6,Hà Nội
5fc9f583-8ab5-4016-9337-3ead0af102c6,Chicken Plus - Chi nhánh 26,"Quảng trường Đắk Mil, Huyện Đắk Mil, Đắk Nông",Dang hoat dong,1114dccd-810f-4887-a534-7c2316871312,
60702ca7-42a1-4987-986c-a3ee17498c4a,Lotteria - Chi nhánh 67,"01 Trần Hưng Đạo, P. Phú Cường, Thị xã Thủ Dầu Một, Bình Dương",Dang hoat dong,5c729ab1-749a-46f4-ac2b-b56ab6d53565,
60f13502-edf7-4fc9-ae24-342117ed9d75,Dookki Việt Nam - Chi nhánh 41,"GF-13, Tầng Trệt, Co.opMart Xa Lộ Hà Nội, 191 Quang Trung, Phường Hiệp Phú, Thành phố Thủ Đức, Hồ Chí Minh",Dang hoat dong,180c5646-2a62-489d-8685-a93a8c7201e6,
6163b9c8-c32e-48f0-9d62-aac133855b4c,Lotteria Hoàng Quốc Việt,"391 Hoàng Quốc Việt, P. Nghĩa Tân, Quận Cầu giấy, Hà Nội",Dang hoat dong,5c729ab1-749a-46f4-ac2b-b56ab6d53565,Hà Nội
61b05864-ab6d-43bf-82cb-8ce1c457f46f,Dookki Việt Nam - Chi nhánh 33,"S3B, Tầng 2, Aeon Mall Bình Dương Canary 1 Đại Lộ Bình Dương, Kp. Bình Giao, Phường Thuận Giao, Thành phố Thuận An, Bình Dương",Dang hoat dong,180c5646-2a62-489d-8685-a93a8c7201e6,
61c3fdc7-0fcd-4e4d-82ce-f03eb4a618a4,Lotteria Nguyễn Văn Cừ,"303 Trần Hưng Đạo, P. Nguyễn Cư Trinh, Quận 1, Hồ Chí Minh",Dang hoat dong,5c729ab1-749a-46f4-ac2b-b56ab6d53565,Hồ Chí Minh
61c7ad52-a1ff-4446-80fd-3a8b4ac66381,Địa điểm tư vấn mua Voucher - LifeLink Hà Nội,"Hà Nội: Tầng 12A Tòa văn phòng - TTTM ROX Tower Goldmark City 136 Hồ Tùng Mậu, Phú Diễn, Hà Nội",Dang hoat dong,f7d08df4-04db-4d5a-859f-70ccf5e5e2dd,Hà Nội
62114484-51e7-48ff-9f3a-70120693ec86,Lotteria - Chi nhánh 10,"88 Trần Phú, Quận Ngô Quyền, Hải Phòng",Dang hoat dong,5c729ab1-749a-46f4-ac2b-b56ab6d53565,
6254b323-5a50-4b9d-97b8-c4d50371d70d,Jasmine Halal Lounge - Ga đi Quốc tế - Sân Bay Tân Sơn Nhất,"Tầng 2, Khu cách ly Quốc Tế, Ga Quốc Tế, Sân Bay Quốc tế Tân Sơn Nhất",Dang hoat dong,b45bd7b0-c853-42b4-8df6-678e74dcdabf,Hồ Chí Minh
625fef07-e624-42d4-80d1-68eb6869e7b9,Show Thực cảnh Anh Hùng Cờ Lau,"Thủy Đình, Phố Cổ Hoa Lư, Ninh Bình",Dang hoat dong,90743c6c-7cd9-46cb-8a42-b6411091e46e,Ninh Bình
62c9bc2a-4f33-4031-a64b-1d9f9648b485,Chicken Plus - Chi nhánh 8,"Số 4 Ngô Thì Nhậm, Phường Hòa Hương, Tam Kỳ, Quảng Nam",Dang hoat dong,1114dccd-810f-4887-a534-7c2316871312,
62db2bfa-3a21-4dfd-88ae-55204b8c8db0,Hệ thống Thẩm mỹ viện Ngọc Dung_32 - 34 - 36 Đường Ba Tháng Hai,"Số 32 - 34 - 36 Đường Ba Tháng Hai, Phường Hòa Hưng, Thành phố Hồ Chí Minh, Việt Nam",Dang hoat dong,c4b32ba0-c514-4b61-8df1-f2afdf45b8db,Hồ Chí Minh
646e5fb6-a488-4f64-b7a3-664fd3cf9bec,Chicken Plus Sông Cạn (Khánh Hòa),"81 Sông Cạn Tổ dân phố 6, Phường Ninh Hiệp, Ninh Hòa, Khánh Hòa",Dang hoat dong,1114dccd-810f-4887-a534-7c2316871312,Khánh Hòa
647c6734-53f7-470f-85e4-c8c5416616b2,Dookki Việt Nam VINCOM MEGA MALL SMART CITY HN,"Tầng 3, Vincom Mega Mall Smart City, Nam Từ Liêm, Hà Nội",Dang hoat dong,180c5646-2a62-489d-8685-a93a8c7201e6,Hà Nội
64afa405-be95-4b21-903c-cb0151b03ba0,Fast Lane - Consortio - Chi nhánh 3,"Địa điểm tư vấn mua voucher: Tầng 12A Tòa văn phòng - TTTM ROX Tower Goldmark City 136 Hồ Tùng Mậu, phường Phú Diễn, Hà Nội",Dang hoat dong,195ea851-59dd-4e70-ad76-71d0ea76db64,
656e341e-280d-408b-b0c4-daddfad429e7,SEN 72B TRẦN HƯNG ĐẠO,"72B phố Trần Hưng Đạo, phường Trần Hưng Đạo, Quận Hoàn Kiếm, TP Hà Nội",Dang hoat dong,a15af6ae-5802-4568-9e30-cf6e238bd336,Hà Nội
657e60b2-4d89-4250-8bb9-5be829aeff5a,Chicken Plus - Chi nhánh 40,"230 Huỳnh Văn Lũy, P. Phú Lợi, Thủ Dầu Một, Bình Dương",Dang hoat dong,1114dccd-810f-4887-a534-7c2316871312,
667e8be0-dbe3-4cb7-ba8a-56bbfabe2a29,Chicken Plus - Chi nhánh 22,"Số nhà 5B, Phố Lưu Phương, Huyện Kim Sơn, Ninh Bình",Dang hoat dong,1114dccd-810f-4887-a534-7c2316871312,
6683aabb-9d5a-4454-b006-f828c5a95a39,Lotteria - Chi nhánh 35,"87A Nguyễn Văn Cừ, Khối 2, Phường Trường Thi, Vinh, Nghệ An",Dang hoat dong,5c729ab1-749a-46f4-ac2b-b56ab6d53565,
669ca9e2-3656-46a2-bfeb-7d30a3528bd1,Chicken Plus Nguyễn Gia Trí (HCM),"43 Nguyễn Gia Trí, P. 25, Quận Bình Thạnh, Hồ Chí Minh",Dang hoat dong,1114dccd-810f-4887-a534-7c2316871312,Hồ Chí Minh
66bb73df-60a3-4093-a8ce-0f3d56673316,Lotteria - Chi nhánh 45,"178 Y Jut, Thắng Lợi, Buôn Ma Thuột, Đắk Lắk",Dang hoat dong,5c729ab1-749a-46f4-ac2b-b56ab6d53565,
66cece40-6468-4214-99a4-137b00723416,Lotteria Lò Đúc,"66 Lò Đúc, P. Phạm Đình Hổ, Quận Hai Bà Trưng, Hà Nội",Dang hoat dong,5c729ab1-749a-46f4-ac2b-b56ab6d53565,Hà Nội
66d278a1-bcba-4767-872c-996764ac986e,Ngự thuyền Hueritage,"Nghinh Lương Đình, Đường Lê Duẩn, Phường Phú Xuân, Thành phố Huế",Dang hoat dong,06235d7c-859a-4f48-aa73-af143c47e39d,Huế
67cd3f59-43c6-4398-8f02-36bbc707e8c3,Lotteria - Chi nhánh 42,"01 Phan Bội Châu, P. Hội Thương, Pleiku, Gia Lai",Dang hoat dong,5c729ab1-749a-46f4-ac2b-b56ab6d53565,
67d99e9d-67db-4a66-b6b0-ee2fb1bd5b16,SÂU KID Playground,"Tầng 3, Lô 05-06-07 toà ROX Center Goldmark City, 136 Hồ Tùng Mậu, Bắc Từ Liêm, Hà Nội",Dang hoat dong,2a0f71ae-512d-492c-80c3-53d9180fe5af,Hà Nội
6858b9d4-74a6-41cb-9997-1f72253c9074,Lotteria - Chi nhánh 57,"KDC Hùng Vương 1, P. Phú Thủy, Phan Thiết, Bình Thuận",Dang hoat dong,5c729ab1-749a-46f4-ac2b-b56ab6d53565,
687cfec4-4059-49b8-aba9-3e94d23438c0,City Sightseeing Huế,Quầy kiosk màu đỏ với logo City Sightseeing: 49 Lê Lợi – Bến Thuyền Tòa Khâm,Dang hoat dong,3d6780db-e3aa-4cca-9f2e-2aa7beb3f0f4,Huế
68deab0c-3c8a-4a77-a93e-3c2ef2c8a281,Lotteria HTV,"11-11 Bis Nguyễn Thị Minh Khai, P. Bến Nghé, Quận 1, Hồ Chí Minh",Dang hoat dong,5c729ab1-749a-46f4-ac2b-b56ab6d53565,Hồ Chí Minh
696429db-356e-4365-ad94-7b8d811d1533,Life4cuts - Chi nhánh 11,"208 Bạch Đằng, Quận Hải Châu, Đà Nẵng",Dang hoat dong,ec461027-a973-418e-90bf-6dc7e814f027,
69f3e5f2-8c4a-4d54-a0d6-a18a2965d0fc,Chicken Plus 27 Tháng 4 (Bà Rịa Vũng Tàu),"334 đường 27/4, thị trấn Phước Bửu, Xuyên Mộc, Bà Rịa – Vũng Tàu",Dang hoat dong,1114dccd-810f-4887-a534-7c2316871312,Hồ Chí Minh
6a6e6d67-71d5-4b3b-a397-9d1a0522c0c2,Dookki Việt Nam - Chi nhánh 70,"L3-04, Tầng L3, Trung Tâm Thương Mại Vincom Plaza Bắc Kạn, Tổ hợp TTTM và nhà ở liền kề (Shophouse) Tổ 8A, Phường Đức Xuân, Thành Phố Bắc Kạn, Bắc Kạn",Dang hoat dong,180c5646-2a62-489d-8685-a93a8c7201e6,
6a78323b-db98-4112-ac6f-b48796731b07,Chicken Plus Tô Ký (HCM),"30/24 Tô Ký, Xã Thới Tam Thôn, Huyện Hóc Môn, Hồ Chí Minh",Dang hoat dong,1114dccd-810f-4887-a534-7c2316871312,Hồ Chí Minh
6a960fd9-9004-45ca-9a85-23b6c4fb9a7f,Dookki Việt Nam - Chi nhánh 106,"Tầng L1, TTTM Vincom, Phường Ninh Hòa, Khánh Hòa",Dang hoat dong,180c5646-2a62-489d-8685-a93a8c7201e6,
6ab7e26e-4bac-4963-9602-a9888e0cad55,Dookki Việt Nam - Chi nhánh 59,"Tầng 4 Vincom Hùng Vương, Số 2 Hùng Vương, Thới Bình, Ninh Kiều, Cần Thơ",Dang hoat dong,180c5646-2a62-489d-8685-a93a8c7201e6,
6b07274c-3926-464e-bb30-5e1258eeffeb,Chicken Plus Tỉnh lộ 15 (HCM),"số 374 Tỉnh lộ 15, xã Phú Hòa Đông, Huyện Củ Chi, Hồ Chí Minh",Dang hoat dong,1114dccd-810f-4887-a534-7c2316871312,Hồ Chí Minh
6b808c13-741b-4a76-8bfe-951764543f12,Chicken Plus - Chi nhánh 20,"55 Võ Nguyên Giáp, P. Hồng Hải, Hạ Long, Quảng Ninh",Dang hoat dong,1114dccd-810f-4887-a534-7c2316871312,
6b908e0b-4e9a-4a32-908d-f55fc24f1258,Hệ thống Thẩm mỹ viện Ngọc Dung - Chi nhánh 1,"Số 65 đường Trần Duy Hưng, Phường Yên Hòa, Thành phố Hà Nội, Việt Nam",Dang hoat dong,c4b32ba0-c514-4b61-8df1-f2afdf45b8db,
6b997fda-5c2c-48ed-9feb-315d742ea6da,Life4cuts Tầng 4 Nowzone,"Tầng 4 Nowzone, 235 Nguyễn Văn Cừ, P. Nguyễn Cư Trinh, Quận 1, Hồ Chí Minh",Dang hoat dong,ec461027-a973-418e-90bf-6dc7e814f027,Hồ Chí Minh
6c51bd3f-66f0-4872-a1cc-36e110ef569a,Lotteria - Chi nhánh 59,"198 Hùng Vương, P. Xuân Bình, Thị xã Long Khánh, Đồng Nai",Dang hoat dong,5c729ab1-749a-46f4-ac2b-b56ab6d53565,
6ceab0a8-c983-4a67-a832-5749b651950f,Lotteria - Chi nhánh 9,"Lô 1/20 KĐT ngã 5, Sân bay Cát Bi, Quận Ngô Quyền, Hải Phòng",Dang hoat dong,5c729ab1-749a-46f4-ac2b-b56ab6d53565,
6d677225-5a11-432b-b713-13b87f928662,Dookki Việt Nam - Chi nhánh 74,"Tầng 3, TTTM Vincom Plaza Tuyên Quang, 260 Đường Quang Trung, Phường Phan Thiết, Tuyên Quang.",Dang hoat dong,180c5646-2a62-489d-8685-a93a8c7201e6,
6d90d1d5-ea74-4891-9eb3-896701f3d78b,Chicken Plus - Chi nhánh 54,"187 Đường 30/4, Dương Đông, Phú Quốc, Kiên Giang",Dang hoat dong,1114dccd-810f-4887-a534-7c2316871312,
6e0075ee-cf72-46c5-b969-9e15ec7e3af5,Lotteria - Chi nhánh 27,"02 Trần Khánh Dư, P. Cẩm Đông, Cẩm Phả, Quảng Ninh",Dang hoat dong,5c729ab1-749a-46f4-ac2b-b56ab6d53565,
6e3a271a-415b-4758-a144-e9b76f0592c7,Lotteria Minh Khai,"203 Nguyễn Thị Minh Khai, P. Minh Khai, Quận Hai Bà Trưng, Hà Nội",Dang hoat dong,5c729ab1-749a-46f4-ac2b-b56ab6d53565,Hà Nội
6e821edf-e26e-40a1-93e3-2c20a9412fb7,Lotteria - Chi nhánh 41,"117B Đại lộ Hùng Vương, Trần Hưng Đạo, Quảng Ngãi",Dang hoat dong,5c729ab1-749a-46f4-ac2b-b56ab6d53565,
6e978df7-8e9f-4f25-bdd9-b30f2bf6e4f7,Dookki Việt Nam TRƯƠNG ĐỊNH PLAZA HN,"L1-06, Số 461 đường Trương Định, Phường Tân Mai, Quận Hoàng Mai, Hà Nội",Dang hoat dong,180c5646-2a62-489d-8685-a93a8c7201e6,Hà Nội
6ec2f9f7-2fd1-4ff9-952e-7cd17464f202,Chicken Plus Bình thới (HCM),"135 Bình Thới, P. 11, Quận 11, Hồ Chí Minh",Dang hoat dong,1114dccd-810f-4887-a534-7c2316871312,Hồ Chí Minh
6fcc754a-7734-49e5-8812-0cfe0ca5057b,Chicken Plus Tỉnh Lộ 15 (Củ Chi),"442 Đ. Tỉnh Lộ 15, xã Phú Hoà Đông, Hồ Chí Minh.",Dang hoat dong,1114dccd-810f-4887-a534-7c2316871312,Hồ Chí Minh
6ff5d24e-2daf-4625-b2d9-7feb27ac9e54,Chicken Plus - Chi nhánh 25,"Số 5 Lê Duẩn, P. 2, Thành phố Đông Hà, Quảng Trị",Dang hoat dong,1114dccd-810f-4887-a534-7c2316871312,
707c001c-c440-4b4c-9717-e789750eda65,TMV Ngọc Dung_Ba tháng Hai Q10,"32-34-36 Đường 3/2, P.12, Q.10, HCM",Dang hoat dong,c4b32ba0-c514-4b61-8df1-f2afdf45b8db,Hồ Chí Minh
71ec3620-5246-4838-ac58-28a8703bc46b,kidzooona Vincom Ocean City Hưng Yên,"Lô L2-23, Tầng 2, Thửa đất số 1128, tờ bản đồ số 05 thuộc Dự án Khu đô thị sinh thái Dream City, Xã Nghĩa Trụ, Tỉnh Hưng Yên, Việt Nam.",Dang hoat dong,17edb2e9-7f44-465f-8b11-8f2d6a6596b6,Hưng Yên
7269e20f-3fbe-4aca-8ca9-629e4a23a29e,Lotteria - Chi nhánh 5,"06 Trần Hưng Đạo, P. Phú Hòa, Thừa Thiên Huế, Thành Phố Huế, Thừa Thiên Huế",Dang hoat dong,5c729ab1-749a-46f4-ac2b-b56ab6d53565,
7314fe6b-b20c-460d-a356-7fdcbcfc6df6,Chicken Plus Lê Đức Thọ (HCM),"89 Lê Đức Thọ, Phường 7, Quận Gò Vấp, Hồ Chí Minh",Dang hoat dong,1114dccd-810f-4887-a534-7c2316871312,Hồ Chí Minh
738a9f3f-0d33-43d5-9f02-19bfa2020f6a,Lotteria Citimart Hà Đồng,"Tầng 1 Citimart Hà Đông, CT 7A-CT7B KĐTM Văn Quán, P. Phúc La, Quận Hà Đông, Hà Nội",Dang hoat dong,5c729ab1-749a-46f4-ac2b-b56ab6d53565,Hà Nội
73b363c6-c734-4f2f-8db7-3bc47c104833,Lotteria - Chi nhánh 55,"Quảng Trường Lâm Viên, góc đường Hồ Tùng Mậu - Trần Quốc Thảo, P. 10, Đà Lạt, Lâm Đồng",Dang hoat dong,5c729ab1-749a-46f4-ac2b-b56ab6d53565,
73c5819c-c926-4a96-bd59-22ebbec8f0d0,Chicken Plus - Chi nhánh 3,"212 Nguyễn Lương Bằng, Phường Quang Trung, Quận Đống Đa, Hà Nội",Dang hoat dong,1114dccd-810f-4887-a534-7c2316871312,
73cff090-a595-43eb-8677-dd415e87a85e,City Sightseeing - Chi nhánh 1,Quầy kiosk màu đỏ với logo City Sightseeing: Cổng công viên Sunworld Hạ Long,Dang hoat dong,3d6780db-e3aa-4cca-9f2e-2aa7beb3f0f4,
73e43299-00ca-4688-8701-067a0d495124,Sườn Mười - Royal City,"Vincom Mega Mall Royal City - 72 Nguyễn Trãi, Thanh Xuân, Hà Nội",Dang hoat dong,fd61f2bf-6655-4239-955b-b2ddd14c63c6,Hà Nội
73eb8a3c-918b-4e8a-9bc0-51e252c0e9ca,Cinesphere - Phòng chiếu phim 8K,"Tầng 4 Vạn Hạnh Mall, Số 11 Sư Vạn Hạnh, Phường Hòa Hưng, Hồ Chí Minh",Dang hoat dong,e4ced7d0-0311-4160-865b-131feaf86078,Hồ Chí Minh
741edfdb-610d-4136-ab6a-bdd1655dc002,City Sightseeing - Bờ Hồ Hoàn Kiếm,Quầy Thông tin Du Lịch: Đối diện 13 Đinh Tiên Hoàng – Hồ Hoàn Kiếm – Hà Nội,Dang hoat dong,3d6780db-e3aa-4cca-9f2e-2aa7beb3f0f4,Hà Nội
742573f3-b658-4e0c-9183-e1a61ce9c201,Lotteria - Chi nhánh 50,"CTXD số SB.D-70, Dự án Công viên văn hóa Vinwonders Nha Trang, Đảo Hòn Tre, P. Vĩnh Nguyên, Nha Trang, Khánh Hòa",Dang hoat dong,5c729ab1-749a-46f4-ac2b-b56ab6d53565,
74322723-5dc8-4722-8f8a-9ca6efe0cfb8,Chicken Plus - Chi nhánh 13,"Quảng trường Xuân Hòa, Đường Nguyễn Văn Linh, Phường Xuân Hòa, Phúc Yên, Vĩnh Phúc",Dang hoat dong,1114dccd-810f-4887-a534-7c2316871312,
7495debe-f040-4a43-a71b-9d74da671486,Life4cuts Tầng 3 VivoCity,"Tầng 3, TTTM SC VivoCity, 1058 Nguyễn Văn Linh, P. Tân Phong, Quận 7, Hồ Chí Minh",Dang hoat dong,ec461027-a973-418e-90bf-6dc7e814f027,Hồ Chí Minh
74b7b1f1-82c1-48a5-82c3-0b0f751136b2,Đài quan sát Lotte Hà Nội Sky - Hanoi Sky Lotte Observation Deck,"Tầng 65 – Trung Tâm Lotte Hà Nội, 54 Liễu Giai, phường Giảng Võ, Hà Nội",Dang hoat dong,b96a40c9-5279-4b15-92cc-14433cb91784,Hà Nội
7506012d-6f01-497b-9bb6-3fcd5721b362,Lotteria - Chi nhánh 6,"T308, Tầng 3 Trung tâm thương mại Aeon Mall Huế, Số 8 đường Võ Nguyên Giáp, Phường An Đông, Huế, Thừa Thiên Huế",Dang hoat dong,5c729ab1-749a-46f4-ac2b-b56ab6d53565,
754d870e-d41e-4e3a-9334-7bd6511c1261,Lotteria - Chi nhánh 16,"170 Nguyễn Văn Cừ, P. An Khánh, Quận Ninh Kiều, Cần Thơ",Dang hoat dong,5c729ab1-749a-46f4-ac2b-b56ab6d53565,
75b8883b-0c4f-4ed3-83fa-9772ce8cb841,Dookki Việt Nam - Chi nhánh 57,"Tầng trệt TTTM GO! Hải Dương, Phường Nhị Châu, Thành phố Hải Dương, Hải Dương",Dang hoat dong,180c5646-2a62-489d-8685-a93a8c7201e6,
75cb877b-294f-40ea-9f79-b4fe463967fb,Chicken Plus - Chi nhánh 34,"14 Nguyễn Công Trứ, Thành phố Bảo Lộc, Lâm Đồng",Dang hoat dong,1114dccd-810f-4887-a534-7c2316871312,
768cfdf4-c9cb-44d3-b76d-7ef8adc665cf,Chicken Plus - Chi nhánh 36,"C04 Đường 30 Tháng 4, KP3, Trảng Bom, Đồng Nai",Dang hoat dong,1114dccd-810f-4887-a534-7c2316871312,
7698f9b1-68c1-47a4-8ae7-25217c4a81f5,Dookki Việt Nam - Chi nhánh 5,"Tầng trệt Mega Maket Quận 6, Bình Phú, Phường 11, Quận 6, Hồ Chí Minh",Dang hoat dong,180c5646-2a62-489d-8685-a93a8c7201e6,
771ebd69-07f9-4952-b34e-96c8eed61c37,Dookki Việt Nam - Chi nhánh 50,"37 Phan Tứ, Phường Ngũ Hành Sơn, Đà Nẵng",Dang hoat dong,180c5646-2a62-489d-8685-a93a8c7201e6,
7787cc93-951b-4df3-9578-70232e357fdf,Dookki Việt Nam - Chi nhánh 101,"Tầng 1, Trung tâm thương mại GO! Quảng Ngãi, Đường Lý Thường Kiệt, Phường Chánh Nghĩa, Thành phố Quảng Ngãi, Quảng Ngãi",Dang hoat dong,180c5646-2a62-489d-8685-a93a8c7201e6,
77bf47b1-ea7d-45a8-8011-2c15a52616bf,Hệ thống Thẩm mỹ viện Ngọc Dung - Chi nhánh 4,"95 Nguyễn Văn Linh, P. Nam Dương, Q. Hải Châu, Tp. Đà Nẵng",Dang hoat dong,c4b32ba0-c514-4b61-8df1-f2afdf45b8db,
77feff39-5c1a-45c3-9ffb-7dd9bc1eda32,Lotteria - Chi nhánh 13,"207C Lạch Tray, Quận Ngô Quyền, Hải Phòng",Dang hoat dong,5c729ab1-749a-46f4-ac2b-b56ab6d53565,
78527435-928f-4121-bb9a-b6dbe501c3a2,Dookki Việt Nam - Chi nhánh 23,"Tầng 6 Vạn Hạnh Mall, Số 11 Sư Vạn Hạnh, Phường 12, Quận 10, Thành phố Hồ Chí Minh",Dang hoat dong,180c5646-2a62-489d-8685-a93a8c7201e6,
7945b75b-70b8-4f77-80b4-665007dcb153,Dookki Việt Nam - Chi nhánh 115,"Số A2,22-23 , Khu nhà mặt phố thương mại Long Khánh (Ngay chợ Long Khánh), Đường D1, Phường Xuân Trung, Thành phố Long Khánh, Đồng Nai",Dang hoat dong,180c5646-2a62-489d-8685-a93a8c7201e6,
79cd9f01-ae1c-43cb-be24-bdb46521487b,Lotteria - Chi nhánh 83,"65 Nguyễn Huệ, P. 01, Cao Lãnh, Đồng Tháp",Dang hoat dong,5c729ab1-749a-46f4-ac2b-b56ab6d53565,
79eeb3ad-8780-40b8-b765-f53b0e3204f6,Spicy Box - Chi nhánh 6,"L3-06, Tầng L3, TTTM Vincom, Tòa nhà Vincom Plaza Hậu Giang, Số 1 Đường 3 Tháng 2, Khu vực 3, Phường Vị Tân, Hậu Giang",Dang hoat dong,bb105ef3-f758-42a1-9186-8c84e2848654,
7ba5e349-0693-4461-b368-43986aaee291,Dookki Việt Nam - Chi nhánh 71,"Tầng 5, Trung Tâm Thương Mại Vincom Plaza Việt Trì, Đường Hùng Vương, Khu Hồng Hà, Phường Tiên Cát, Thành Phố Việt Trì, Phú Thọ",Dang hoat dong,180c5646-2a62-489d-8685-a93a8c7201e6,
7bbee999-1287-409f-84e4-abb431659caa,kidzooona Vincom Royal Hà Nội,"Lô số B2-R5-27, TTTM Vincom Mega Mall Royal City, 72A Đ. Nguyễn Trãi, Phường Thanh Xuân, Hà Nội",Dang hoat dong,4bde472f-46d1-4d4a-a3a2-bd1811e00bac,Hà Nội
7bff1b8f-3618-491f-8f30-8dfe8fd71a20,Khu Du Lịch Sinh Thái Sơn Tiên,"Du Lịch Sinh Thái Sơn Tiên - Quốc Lộ 51, Khu Phố 4, Phường An Hoà, Biên Hoà, Đồng Nai",Dang hoat dong,0d804bcb-be7f-4d9b-a8a9-8c5e951da97a,Đồng Nai
7c60c02f-8e6f-44cd-a828-aafc1bd20655,Chicken Plus - Chi nhánh 19,"Số 124 tổ 15 khu 5B Quang Trung, Uông Bí, Quảng Ninh",Dang hoat dong,1114dccd-810f-4887-a534-7c2316871312,
7c61f905-597a-45d4-9e60-7ae0e1669e51,Hệ thống Thẩm mỹ viện Ngọc Dung - Chi nhánh 16,"Số 78 Lý Thánh Tôn, Phường Phương Sài, Tp. Nha Trang",Dang hoat dong,c4b32ba0-c514-4b61-8df1-f2afdf45b8db,
7dcd2312-1b4e-409c-ac67-f2c562aeecca,Lotteria - Chi nhánh 37,"Tầng 3-16, Lotte Mart Vinh, 295 đường V.I Lê Ninh, P. Hà Huy Tập, Vinh, Nghệ An",Dang hoat dong,5c729ab1-749a-46f4-ac2b-b56ab6d53565,
7dffed14-a029-4fda-a5a3-d8eb2745a563,Spicy Box - Chi nhánh 7,"1S7+8 Go! Vinh Số 2 Quang Trung, Phường Quang Trung, Vinh, Nghệ An",Dang hoat dong,bb105ef3-f758-42a1-9186-8c84e2848654,
7e6bf90e-4e10-4d2e-ba10-9ad65024947f,Lotteria - Chi nhánh 32,"Số 342-346 Trần Hưng Đạo, P. Cửa Bắc, Thành phố Nam Định, Nam Định",Dang hoat dong,5c729ab1-749a-46f4-ac2b-b56ab6d53565,
7f1aeb42-f5a3-44b2-bc80-288633016d28,Dookki Việt Nam - Chi nhánh 127,"TTTM Go! Thanh Bình, Thửa đất số 119, Tờ bản đồ số 72, Thị trấn Thanh Bình, Huyện Thanh Bình, Đồng Tháp",Dang hoat dong,180c5646-2a62-489d-8685-a93a8c7201e6,
7f34c09b-723f-47d0-b75b-c498b5084067,Lotteria - Chi nhánh 4,"568 Trưng Nữ Vương, P. Hòa Thuận Tây, Quận Hải Châu, Đà Nẵng",Dang hoat dong,5c729ab1-749a-46f4-ac2b-b56ab6d53565,
7f57733d-1884-4193-953b-faa801da146c,Hệ thống Thẩm mỹ viện Ngọc Dung_Số 157 Nam Kỳ Khởi Nghĩa,"Số 157 Nam Kỳ Khởi Nghĩa, Phường Vũng Tàu, Thành phố Hồ Chí Minh, Việt Nam",Dang hoat dong,c4b32ba0-c514-4b61-8df1-f2afdf45b8db,Hồ Chí Minh
7f6ef234-82ca-40c8-86c1-4147fa1e8e33,Life4cuts - Chi nhánh 1,"364 Phố Cầu Giấy, P. Dịch Vọng, Quận Cầu Giấy, Hà Nội",Dang hoat dong,ec461027-a973-418e-90bf-6dc7e814f027,
7fbab367-1c6a-46ad-8372-310557c4ac13,Lotteria - Chi nhánh 85,"01 Ngô Thời Nhậm, P. 1, Cao Lãnh, Đồng Tháp",Dang hoat dong,5c729ab1-749a-46f4-ac2b-b56ab6d53565,
80148e17-a176-4713-9831-c5b378c85468,Dookki Việt Nam - Chi nhánh 124,"Tầng 5 Vincom Plaza Mỹ Tho - số 1A đường Hùng Vương, Phường 1, Thành phố Mỹ Tho, Tiền Giang",Dang hoat dong,180c5646-2a62-489d-8685-a93a8c7201e6,
8096d83f-0365-4e01-9c0b-fb2752e26e2c,Dookki Việt Nam - Chi nhánh 82,"Tầng 3 của TTTM Vincom Plaza Móng Cái Thành phố Móng Cái, Quảng Ninh",Dang hoat dong,180c5646-2a62-489d-8685-a93a8c7201e6,
80b50ef8-96ea-4fb6-a37b-24de67bf946c,Lotteria - Chi nhánh 33,"TTTM Vincom Plaza Thanh Hóa, Phường Trần Phú, Thanh Hóa",Dang hoat dong,5c729ab1-749a-46f4-ac2b-b56ab6d53565,
80c192ff-1806-4473-b7e9-b6f8baaf678b,LifeLink Hồ Chí Minh,"Địa điểm tư vấn mua voucher: Số 122 Nguyễn Hoàng, phường Bình Trưng, TP.Hồ Chí Minh",Dang hoat dong,195ea851-59dd-4e70-ad76-71d0ea76db64,Hồ Chí Minh
80d53ea6-afbe-4135-9bb5-b61f753fed4e,Chicken Plus Nguyễn Văn Quá (HCM),"627A Nguyễn Văn Quá, P. Đông Hưng Thuận, Quận 12, Hồ Chí Minh",Dang hoat dong,1114dccd-810f-4887-a534-7c2316871312,Hồ Chí Minh
8128dc77-9118-4273-9350-520c36411706,Dookki Việt Nam - Chi nhánh 12,"Co.opmart Thủ Dầu Một, 368 Đường 30 Tháng 4, Chánh Nghĩa, Thủ Dầu Một, Bình Dương",Dang hoat dong,180c5646-2a62-489d-8685-a93a8c7201e6,
81a302d8-1cc8-48a0-a30a-15f6fff1a626,Dookki Việt Nam - Chi nhánh 88,"Tầng 1 - TTTM Go! Hưng Yên, Đường Tô Hiệu, Phường Hiến Nam, Thành phố Hưng Yên, Hưng Yên",Dang hoat dong,180c5646-2a62-489d-8685-a93a8c7201e6,
828ebd35-5fdf-43e2-82cc-c0d481a427be,Lotteria Lĩnh Nam,"Tòa Horizon city, 87 Lĩnh Nam, P. Mai Động, Quận Hoàng Mai, Hà Nội",Dang hoat dong,5c729ab1-749a-46f4-ac2b-b56ab6d53565,Hà Nội
833dabdd-a07c-40af-bfc0-919f903421ee,Airport Connects - Chi nhánh 4,"Tầng 2, Gần cửa khởi hành số 1 và 2, Khu cách ly Ga đi Quốc nội, CHK Quốc Tế Liên Khương.",Dang hoat dong,b45bd7b0-c853-42b4-8df6-678e74dcdabf,
835fee5f-3235-4e00-a9c8-aad66b81b862,Du thuyền nhà hàng Benthanh Princess,"Địa điểm sử dụng: Cảng Hành khách Tàu biển – Cảng Sài Gòn, số 5 Nguyễn Tất Thành, phường Xóm Chiếu , TP.HCM",Dang hoat dong,45477d5c-d229-4703-81f2-0127045999dd,Hồ Chí Minh
836dfc0f-79dd-45a7-99e4-2da502b89fac,Chicken Plus - Chi nhánh 35,"Số 8, Huỳnh Tấn Phát, Mũi Né, Phan Thiết, Bình Thuận",Dang hoat dong,1114dccd-810f-4887-a534-7c2316871312,
836f225c-e07e-43ef-997d-66276e5867fe,Lotteria - Chi nhánh 72,"KĐT The Seasons Bình Dương, P. Lái Thiêu, Thị xã Thuận An, Bình Dương",Dang hoat dong,5c729ab1-749a-46f4-ac2b-b56ab6d53565,
83c83171-3278-405d-ae62-f2c4936461f3,Dookki Việt Nam LINH ĐÀM HN,"Ô số 9 - 10, Lô TT01B, Khu đô thị mới Tây Nam Hồ Linh Đàm, Phường Hoàng Liệt, Quận Hoàng Mai, Hà Nội",Dang hoat dong,180c5646-2a62-489d-8685-a93a8c7201e6,Hà Nội
83e11abc-1fe6-4642-8e1f-9fbcb22c7744,Lotteria Phú Mỹ Hưng,"1397 Nguyễn Văn Linh, KP Mỹ Khánh 2-H4-2, P. Tân Phong, Quận 7, Hồ Chí Minh",Dang hoat dong,5c729ab1-749a-46f4-ac2b-b56ab6d53565,Hồ Chí Minh
847c0ce0-a6cf-482f-ae4e-e4b487ff2aca,Dookki Việt Nam - Chi nhánh 123,"Tầng Trệt, TTTM GO! Bến Tre, Ấp1, đường Võ Nguyên Giáp (Quốc lộ 60), Xã Sơn Đông, Bến Tre",Dang hoat dong,180c5646-2a62-489d-8685-a93a8c7201e6,
850fe1fc-0117-41e5-aded-118f05efd64b,Lotteria - Chi nhánh 25,"TTTM Thiên Trường, Quận Lộc Hòa, Nam Định",Dang hoat dong,5c729ab1-749a-46f4-ac2b-b56ab6d53565,
85899af8-44f0-4e2a-bab1-2b2fcf8b9794,Dookki Việt Nam LION MALL - TÂY HỒ,"59 Đường Xuân Diệu, Quảng An, Tây Hồ, Hà Nội",Dang hoat dong,180c5646-2a62-489d-8685-a93a8c7201e6,Hà Nội
85ed66e5-c4f3-4e7f-803f-990a6d1bb8dc,Nhà hàng Shacha Níu,"26 Lương Định Của, Phường Kim Liên, Hà Nội",Dang hoat dong,c5dc445c-fea7-4a5e-823a-41665903d82b,Hà Nội
8660b916-74a4-4681-8ebb-29f6dfac253f,Lotteria - Chi nhánh 22,"Tầng 1 TTTM Big C Bắc Giang, ngã 4 Hùng Vương kéo dài, xã Tân Tiến, Bắc Giang, Bắc Giang",Dang hoat dong,5c729ab1-749a-46f4-ac2b-b56ab6d53565,
866d8801-91f6-4b3e-8561-0d8fd8259337,Lotteria Mỹ Đình,"Tầng 1C2 Nguyễn Cơ Thạch, KĐT Mỹ Đình, Quận Từ Liêm, Hà Nội",Dang hoat dong,5c729ab1-749a-46f4-ac2b-b56ab6d53565,Hà Nội
8673f2fa-3e3a-4857-852e-a65181599643,Lotteria - Chi nhánh 30,"160 Lê Thánh Tôn, Hạ Long, Quảng Ninh",Dang hoat dong,5c729ab1-749a-46f4-ac2b-b56ab6d53565,
868175e5-9574-405d-8740-1302abb2877a,Life4cuts 537 Sư Vạn Hạnh,"537 Sư Vạn Hạnh, P. 12, Quận 10, Hồ Chí Minh",Dang hoat dong,ec461027-a973-418e-90bf-6dc7e814f027,Hồ Chí Minh
86c48015-0c8d-4afc-8aa5-515c69485dc1,SÂU KID Playground,"Tầng 3, Lô 05-06-07 toà ROX Center Goldmark City, 136 Hồ Tùng Mậu, Bắc Từ Liêm, Hà Nội",Dang hoat dong,875e7575-54d1-47cf-a09b-dca98cddee33,Hà Nội
86cf46ac-3872-4b10-a54c-a1c28288facf,"Chi nhánh 3 ",45 Nam Kì Khởi Nghĩa,Tu choi,f8d5b658-8608-425f-89c5-dcaeef0a647e,TP. Hồ Chí Minh
86efbfdb-d4be-4960-80ae-56bc015013ba,Dookki Việt Nam - Chi nhánh 111,"Co.op Mart - Tầng trệt, Tháp Nước, Đường Trần Phú, Phường 2, Thành phố Bảo Lộc, Lâm Đồng.",Dang hoat dong,180c5646-2a62-489d-8685-a93a8c7201e6,
87dde0c4-1e03-4512-ab11-a5c2f27a7cb8,Dookki Việt Nam - Chi nhánh 38,"Co.opxtra Thủ Đức, 934 Quốc Lộ 1A, Phường Linh Trung, Thành phố Thủ Đức, Hồ Chí Minh",Dang hoat dong,180c5646-2a62-489d-8685-a93a8c7201e6,
883b89b9-ed72-496e-922a-1cde11f60c22,Lotteria Dương Bá Trạc,"111 Dương Bá Trạc, P. 1, Quận 8, Hồ Chí Minh",Dang hoat dong,5c729ab1-749a-46f4-ac2b-b56ab6d53565,Hồ Chí Minh
88d9c6c7-5a90-4349-b6ce-7434fba39f54,Apricot Business Lounge - Ga đi Quốc tế T2 - Sân Bay Tân Sơn Nhất,"Khu cách ly Ga đi Quốc tế T2, Sân bay quốc tế Tân Sơn Nhất, TP. Hồ Chí Minh",Dang hoat dong,b45bd7b0-c853-42b4-8df6-678e74dcdabf,Hồ Chí Minh
88dc921f-92ff-4bb7-91a3-6b217bed3f1f,Lotteria Xô Viết Nghệ Tĩnh,"220/151/3B - 222 Xô Viết Nghệ Tĩnh, P. 21, Quận Bình Thạnh, Hồ Chí Minh",Dang hoat dong,5c729ab1-749a-46f4-ac2b-b56ab6d53565,Hồ Chí Minh
89215170-2b4c-4ea3-ae3f-568e51c77802,Chicken Plus Thích Quảng Đức (Thủ Dầu Một),"270 Thích Quảng Đức, P. Phú Cường, Thủ Dầu Một, Bình Dương",Dang hoat dong,1114dccd-810f-4887-a534-7c2316871312,Hồ Chí Minh
893686e7-9379-4f43-9f99-9f3b35e6dabe,Dookki Việt Nam - Chi nhánh 131,"Trung tâm giải trí và ẩm thực Holiday Center, 95 Trần Hưng Đạo, Khu phố 7, Phường Dương Đông, Thành phố Phú Quốc, Kiên Giang",Dang hoat dong,180c5646-2a62-489d-8685-a93a8c7201e6,
897c2abb-003f-49bc-9fe6-fbf22106bfe2,Life4cuts - Chi nhánh 4,"Tầng B1, TTTM Vincom Mega Mall Times City, 458 Minh Khai, Quận Hai Bà Trưng, Hà Nội",Dang hoat dong,ec461027-a973-418e-90bf-6dc7e814f027,
89d80f0c-3920-459b-aeb4-486e4dd8dac1,SEN 20 HÀNG TRE,"Số 20 Hàng Tre, Phường Lý Thái Tổ, Quận Hoàn Kiếm, Thành phố Hà Nội",Dang hoat dong,a15af6ae-5802-4568-9e30-cf6e238bd336,Hà Nội
8a5ba525-f70d-448e-b43e-cd2d06c19cc1,LifeLink Hà Nội,"Địa điểm tư vấn mua voucher: Tầng 12A Tòa văn phòng - TTTM ROX Tower Goldmark City 136 Hồ Tùng Mậu, phường Phú Diễn, Hà Nội",Dang hoat dong,b45bd7b0-c853-42b4-8df6-678e74dcdabf,Hà Nội
8ad58563-6e4c-4e8b-acc8-1ba9aeaff128,LiLy Cruise,"Nhà chờ G55, cảng số 2, Cảng tàu Quốc tế Tuần Châu - Quảng Ninh",Dang hoat dong,5f149f7c-2bc3-4730-bcdd-2eb755ee6513,Quảng Ninh
8ad5f7f8-b3c0-4e0e-a74d-434acfdee09c,Lotteria Phan Xích Long,"251 Phan Xích Long, KDC Rạch Miễu P. 7, Quận Phú Nhuận, Hồ Chí Minh",Dang hoat dong,5c729ab1-749a-46f4-ac2b-b56ab6d53565,Hồ Chí Minh
8b3a26db-7665-4ede-94cc-7129ba81bd44,Chicken Plus Lê Văn Lương,"380 Lê Văn Lương, xã Phước Kiểng, Huyện Nhà Bè, Hồ Chí Minh",Dang hoat dong,1114dccd-810f-4887-a534-7c2316871312,Hồ Chí Minh
8c814e0b-8190-4c1a-84f7-85dd6508a4c6,Lotteria Trần Duy Hưng,"112 Trần Duy Hưng, P. Trung Hòa, Quận Cầu Giấy, Hà Nội",Dang hoat dong,5c729ab1-749a-46f4-ac2b-b56ab6d53565,Hà Nội
8cedbc07-1ebd-4646-a1d6-df1eb6de2718,Life4cuts - Chi nhánh 7,"Số 1 Ngõ 62 Đặng Văn Ngữ, P. Phương Liên, Quận Đống Đa, Hà Nội",Dang hoat dong,ec461027-a973-418e-90bf-6dc7e814f027,
8d53b5b6-de15-4dda-bedf-0fe719318f0d,Lotteria Metro,"Phạm Văn Đồng, P. Cổ Nhuế 1, Quận Bắc Từ Liêm, Hà Nội",Dang hoat dong,5c729ab1-749a-46f4-ac2b-b56ab6d53565,Hà Nội
8ddc12a3-72c9-4b2b-ae56-144500082035,Lotteria Aeon Mall Celadon,"TTTM Mua Sắm Aeon - Tân Phú Celadon, 30 Bờ Bao Tân Thắng, P. Sơn Kỳ, Quận Tân Phú, Hồ Chí Minh",Dang hoat dong,5c729ab1-749a-46f4-ac2b-b56ab6d53565,Hồ Chí Minh
8e064e13-708c-480b-b19e-41dee52bd2fe,Dookki Việt Nam - Chi nhánh 3,"Tầng 1-2 Khối A1, Khu TM - DV - Căn hộ Bcons, đường Thống Nhất, Phường Đông Hòa, Hồ Chí Minh",Dang hoat dong,180c5646-2a62-489d-8685-a93a8c7201e6,
8ecb4a42-c120-433a-8d55-42e08fd561fb,Lotteria Lê Quang Định,"346B Lê Quang Định, P. 11, Quận Bình Thạnh, Hồ Chí Minh",Dang hoat dong,5c729ab1-749a-46f4-ac2b-b56ab6d53565,Hồ Chí Minh
8f1617bc-61d7-436a-b1f4-259c1d041ac9,Chicken Plus - Chi nhánh 31,"139 Phan Bội Châu, Phường Trần Hưng Đạo, Quy Nhơn, Bình Định",Dang hoat dong,1114dccd-810f-4887-a534-7c2316871312,
8f662cbd-2d93-4ecc-a858-5ef050662fc6,Lotteria Nguyễn Văn Nghị,"33 Nguyễn Văn Nghi, P. 4, Quận Gò Vấp, Hồ Chí Minh",Dang hoat dong,5c729ab1-749a-46f4-ac2b-b56ab6d53565,Hồ Chí Minh
8f7ae8e8-84a9-4c7d-9ba4-a4fdf5dddcb7,Chicken Plus Bà Hom (HCM),"192 Bà Hom, P. 13, Quận 6, Hồ Chí Minh",Dang hoat dong,1114dccd-810f-4887-a534-7c2316871312,Hồ Chí Minh
8fce6009-39c9-47da-88ce-34517b74ec97,Lotteria Thử Đức,"283 Võ Văn Ngân, P. Linh Chiểu, Quận Thủ Đức, Hồ Chí Minh",Dang hoat dong,5c729ab1-749a-46f4-ac2b-b56ab6d53565,Hồ Chí Minh
8fe848a0-776f-4b22-81e1-325963745bbf,Spicy Box - Chi nhánh 18,"GF-12 Tầng trệt TTTM Coop.Mart Long Xuyên, số 12 Nguyễn Huệ, P. Mỹ Long, Long Xuyên, An Giang",Dang hoat dong,bb105ef3-f758-42a1-9186-8c84e2848654,
8ff559fa-e649-4cc4-8678-eb2056251c6e,LifeLink Hà Nội,"Địa điểm tư vấn mua voucher: Tầng 12A Tòa văn phòng - TTTM ROX Tower Goldmark City 136 Hồ Tùng Mậu, phường Phú Diễn, Hà Nội",Dang hoat dong,3d6780db-e3aa-4cca-9f2e-2aa7beb3f0f4,Hà Nội
902e2fa1-96c7-440f-aea1-5999fb6d5f7c,Dookki Việt Nam - Chi nhánh 65,"Lô L3-05, Tầng L3, TTTM Vincom Plaza Yên Bái, Công Viên Yên Hòa, Đường Thành Công và Đường Tô Hiến Thành, Phường Nguyễn Thái Học, Thành phố Yên Bái, Yên Bái",Dang hoat dong,180c5646-2a62-489d-8685-a93a8c7201e6,
908e6544-7bb0-498e-83d0-58eb663232a6,Hệ thống Thẩm mỹ viện Ngọc Dung_Nguyễn Bỉnh Khiêm Q1,"33C - 33D - 33E Nguyễn Bỉnh Khiêm, Phường Sài Gòn, Thành phố Hồ Chí Minh, Việt Nam",Dang hoat dong,c4b32ba0-c514-4b61-8df1-f2afdf45b8db,Hồ Chí Minh
90d96f56-1fa8-4e24-953e-ca3240946c74,Kid's Box Vincom Royal Island Hải Phòng,"Lô L3-16, tầng L3, Tòa nhà Vincom Mega Mall Royal Island thuộc lô CCĐT-01, Khu B1, Khu vui chơi giải trí, nhà ở và công viên sinh thái đảo Vũ Yên, Phường Thủy Nguyên, TP. Hải Phòng, VN",Dang hoat dong,43e1659b-d0ed-44d2-9613-8349a474a02d,Hải Phòng
916800c5-0dab-4254-b327-b06f0543824d,Lotteria Bàu Cát,"70 - 72 Bàu Cát, P. 14, Quận Tân Bình, Hồ Chí Minh",Dang hoat dong,5c729ab1-749a-46f4-ac2b-b56ab6d53565,Hồ Chí Minh
918c8d8b-7b5a-4fb9-a318-1b2e5cf21b4b,Lotteria Linh Đàm,"64 BT X2, khu đô thị Bắc Linh Đàm, Quận Hoàng Mai, Hà Nội",Dang hoat dong,5c729ab1-749a-46f4-ac2b-b56ab6d53565,Hà Nội
9209f780-968e-4f6e-a6bb-265230a567d7,Spicy Box VINCOM THẢO ĐIỀN,"L4-13 Tầng L4 Tòa nhà Vincom Megamall Thảo Điền, 161 Đường Võ Nguyên Giáp, Phường An Khánh, Hồ Chí Minh",Dang hoat dong,bb105ef3-f758-42a1-9186-8c84e2848654,Hồ Chí Minh
926db7d8-e784-4663-adf2-a4276d290ef7,Lotteria An Phú,"Số 2 Song Hành (gần Cầu Đen), P. An Phú, Quận 2, Hồ Chí Minh",Dang hoat dong,5c729ab1-749a-46f4-ac2b-b56ab6d53565,Hồ Chí Minh
9275c70e-42ca-4e65-a742-d2a1b56f5b33,Dookki Việt Nam - Chi nhánh 63,"Tầng 3 Vincom Plaza Lý Thái Tổ, Bắc Ninh, Ngã 6 mặt đường Lý Thái Tổ và đường Trần Hưng Đạo, Phường Suối Hoa, Bắc Ninh",Dang hoat dong,180c5646-2a62-489d-8685-a93a8c7201e6,
9288dc96-7c6b-4be6-911e-91c71cf4ae85,Lotteria - Chi nhánh 46,"Lô 04, đường 19/5, KĐT Vĩnh Điềm Trung, xã Vĩnh Hiệp, Nha Trang, Khánh Hòa",Dang hoat dong,5c729ab1-749a-46f4-ac2b-b56ab6d53565,
92d08528-b398-4cc8-8ab6-f7734b7a3805,Dookki Việt Nam - Chi nhánh 103,"Tầng triệt, Trung Tâm Thương Mại Quy Nhơn, Số 7 Lê Duẩn, Phường Lý Thường Kiệt, Thành phố Quy Nhơn",Dang hoat dong,180c5646-2a62-489d-8685-a93a8c7201e6,
934a5b1e-ed31-4d81-8506-a4465d8053ab,Life4cuts - Chi nhánh 10,"Tầng Trệt - TTTM Indochina Mall, 74 Bạch Đằng, Quận Hải Châu, Đà Nẵng",Dang hoat dong,ec461027-a973-418e-90bf-6dc7e814f027,
935e330a-a7bd-4307-aec3-256f94832085,SH Premium Lounge Ha Noi 1 - Ga đi Quốc nội - Sân Bay Nội Bài - Hà Nội,"Tầng 3, Khu cách ly Quốc nội, Cảng HKQT Nội Bài (Gần cửa ra tàu bay số 4 và 9)",Dang hoat dong,b45bd7b0-c853-42b4-8df6-678e74dcdabf,Hà Nội
9361c035-b7b2-461c-b85c-13e6613b0aa6,kidzooona AEON MALL Tân Phú Celadon,"Lô S19, Tầng 2, AEON Mall Tân Phú Celadon, Số 30, Bờ Bao Tân Thắng, Phường Tân Sơn Nhì, Tp.HCM",Dang hoat dong,2eba33b1-96cb-435c-8ed3-e7dd57282fca,Hồ Chí Minh
93860928-c093-47e3-af12-f7f2f68405d0,Dookki Việt Nam - Chi nhánh 75,"Tầng 4, Vincom Plaza Hà Giang, Phường Trần Phú, Thành phố Hà Giang, Hà Giang",Dang hoat dong,180c5646-2a62-489d-8685-a93a8c7201e6,
93b42f30-c182-4082-93ff-809bf8f4ac97,Sườn Mười Hàm Nghi,19 Hàm Nghi - Mỹ Đình - Từ Liêm - Hà Nội,Dang hoat dong,fd61f2bf-6655-4239-955b-b2ddd14c63c6,Hà Nội
93b63b11-ee40-4fba-ad96-94106af1248a,Tàu nhà hàng SAIGON PRINCESS,"Cảng Hành khách Tàu biển – Cảng Sài Gòn, số 5 Nguyễn Tất Thành, phường Xóm Chiếu , TP.HCM",Dang hoat dong,c6ea3e6a-f0da-491b-9e4e-94ec591a3e1e,Hồ Chí Minh
9435c274-d6a8-4908-8bb1-abbe0ea292a6,Dookki Việt Nam - Chi nhánh 49,"Lô 3 A5.6 Khu công viên Bắc Đài tưởng niệm, Phường Hòa Cường Bắc, Quận hải Châu, Đà Nẵng",Dang hoat dong,180c5646-2a62-489d-8685-a93a8c7201e6,
949a6ec9-0bfb-481e-802c-b9381d3ac291,Lotteria Metro Quận 2,"Khu B, KĐT mới An Phú - An Khánh, P. An Phú, Quận 2, Hồ Chí Minh",Dang hoat dong,5c729ab1-749a-46f4-ac2b-b56ab6d53565,Hồ Chí Minh
94b81717-e2d1-4717-9b87-ff21d2b36808,Dookki Việt Nam - Chi nhánh 44,"Tầng 3, Hùng Vương Plaza, 126 Hồng Bàng, Phường 12, Quận 5, Hồ Chí Minh",Dang hoat dong,180c5646-2a62-489d-8685-a93a8c7201e6,
94d9cbe9-5aeb-439b-ad7c-e4d5076818e4,Lotteria Aeon Mall Hà Đông,"TTTM Aeon Mall, P. Dương Nội, Quận Hà Đông, Hà Nội",Dang hoat dong,5c729ab1-749a-46f4-ac2b-b56ab6d53565,Hà Nội
94ff19e0-7bd9-462f-a232-602487b83ee3,Lotteria - Chi nhánh 56,"62 Thủ Khoa Huân, KP. 1, P. Bình Hưng, Phan Thiết, Bình Thuận",Dang hoat dong,5c729ab1-749a-46f4-ac2b-b56ab6d53565,
95c56220-63dd-475d-b41f-4b44df8a3a80,Lotteria - Chi nhánh 82,"Go Mart Trà Vinh, Đường Võ Nguyên Giáp, P. 7, Trà Vinh",Dang hoat dong,5c729ab1-749a-46f4-ac2b-b56ab6d53565,
95e8893d-8ef0-4d5b-96c1-f1d41d06907a,Chi nhánh 2 Ba Vì,"34, Lê Lợi, Hồ Chí Minh",Dang hoat dong,f8d5b658-8608-425f-89c5-dcaeef0a647e,TP. Hồ Chí Minh
96037528-a8e4-44d9-86e3-687b23ceb193,Hệ thống Thẩm mỹ viện Ngọc Dung - Chi nhánh 10,"Lô A1, 15-16 Khu Monbay, Đường Trần Quốc Nghiễn, P. Hồng Hải, Tp. Hạ Long, Quảng Ninh",Dang hoat dong,c4b32ba0-c514-4b61-8df1-f2afdf45b8db,
964715b5-fdc9-46bd-b670-8e4e7cc56256,Lotteria - Chi nhánh 2,"92A Phan Chu Trinh, Quận Hải Châu, Đà Nẵng",Dang hoat dong,5c729ab1-749a-46f4-ac2b-b56ab6d53565,
96841a89-aca2-4d5e-a2b3-08f713ccce13,Hệ thống Thẩm mỹ viện Ngọc Dung_464 - 466 Đại lộ Bình Dương,"Số 464 - 466 Đại lộ Bình Dương, Tổ 13, KP1, Phường Phú Lợi, Thành phố Hồ Chí Minh, Việt Nam",Dang hoat dong,c4b32ba0-c514-4b61-8df1-f2afdf45b8db,Hồ Chí Minh
97336d3e-3459-400f-8d4d-317220ccc50b,Dookki Việt Nam - Chi nhánh 132,"Tầng 3-02-03, TTTM Vincom Trần Huỳnh Trần Huỳnh, Phường 7, Bạc Liêu",Dang hoat dong,180c5646-2a62-489d-8685-a93a8c7201e6,
975c68f9-f20d-49ec-abc9-5ffe790c5d41,Saga Kids Playground,"Tầng B1, Tòa Capital Place, 29 Liễu Giai, Ba Đình, Hanoi, Vietnam",Dang hoat dong,639f4245-d8ad-4e85-9e70-b2c619fc340e,Hà Nội
9788c9f9-18fe-4964-948b-fa3e9fa41cdb,Lotteria - Chi nhánh 74,"576 Cách Mạng Tháng Tám, Phường 3, Tây Ninh",Dang hoat dong,5c729ab1-749a-46f4-ac2b-b56ab6d53565,
9819ccb9-89db-41fc-9b7e-a0fe3c0b5a42,Dookki Việt Nam - Chi nhánh 21,"Tầng 3 Lotte Mart Tân Bình, số 20 Cộng Hòa, Phường 4, Tân Bình, Hồ Chí Minh",Dang hoat dong,180c5646-2a62-489d-8685-a93a8c7201e6,
9849ddc6-fb68-4438-96da-b8be1b034d09,Sườn Mười Aeon Mall Hà Đông,AEON Mall Hà Đông - Hà Đông - Hà Nội,Dang hoat dong,fd61f2bf-6655-4239-955b-b2ddd14c63c6,Hà Nội
98688ab8-458f-47ac-aed1-8756478b809c,City Sightseeing - Nhà Hát Lớn Hà Nội,Quầy kiosk màu đỏ với logo City Sightseeing: vườn hoa 19/8 (đối diện với khách sạn Hilton đường Lê Thánh Tông),Dang hoat dong,3d6780db-e3aa-4cca-9f2e-2aa7beb3f0f4,Hà Nội
986e001a-6c3c-473a-a96f-37da3b1c9ab5,Lotteria Ba Tháng Hai,"572A Ba Tháng Hai, P. 14, Quận 10, Hồ Chí Minh",Dang hoat dong,5c729ab1-749a-46f4-ac2b-b56ab6d53565,Hồ Chí Minh
988355c0-4ae6-492d-a1e9-c2f0f962d5da,Chicken Plus - Chi nhánh 50,"số 01 Lê Văn Vị, P. Cái Vồn, Thị xã Bình Minh, Vĩnh Long",Dang hoat dong,1114dccd-810f-4887-a534-7c2316871312,
9913674c-929e-456a-8e38-a72b185afca6,Life4cuts AEON Tân Phú,"Tầng 2, AEON Tân Phú, Số 30 Tân Thắng, P. Sơn Kỳ, Quận Tân Phú, Hồ Chí Minh",Dang hoat dong,ec461027-a973-418e-90bf-6dc7e814f027,Hồ Chí Minh
99cd1020-4eec-42a8-8596-0f89081f268c,Kid's Box LOTTE MART Vinh,"Lô 3F-11, TTTM Lotte Mart, Đại lộ V.I.Lenin, Khối Yên Sơn, Phường Vinh Phú, Tỉnh Nghệ An, Việt Nam",Dang hoat dong,c57b538e-359a-4a01-a56c-da54a70db1d1,Nghệ An
9aae31b0-3130-4d23-9924-a2f8396d98e3,Lotteria - Chi nhánh 29,"TTTM Vincom Hạ Long, P. Bạch Đằng, Hạ Long, Quảng Ninh",Dang hoat dong,5c729ab1-749a-46f4-ac2b-b56ab6d53565,
9add746b-4905-49fa-8f55-170be0513a55,Lotteria Xuân Hồng,"187 Xuân Hồng, Phường 12, Quận Tân Bình, Hồ Chí Minh",Dang hoat dong,5c729ab1-749a-46f4-ac2b-b56ab6d53565,Hồ Chí Minh
9b0de876-d8da-48bf-9f69-df76a40cf3a9,Spicy Box Thắng Lợi,"Coopmart TTTM Thắng Lợi, 2 Trường Chinh, Tây Thạnh, Quận Tân Phú, Hồ Chí Minh",Dang hoat dong,bb105ef3-f758-42a1-9186-8c84e2848654,Hồ Chí Minh
9b9a04ac-18d1-4074-a28b-712f6dde57cb,Spicy Box - Chi nhánh 16,"L3-03 Tầng L3 Vincom Plaza Tân An, Góc đường Hùng Vương và đường Mai Thị Tốt, Phường 2, Tân An, Long An",Dang hoat dong,bb105ef3-f758-42a1-9186-8c84e2848654,
9bd8fd27-9d7c-4c41-a97b-784b20f118f6,Hệ thống Sườn Mười - Chi nhánh 1,Vincom Mega Mall Royal Island Vũ Yên - Hải Phòng,Dang hoat dong,fd61f2bf-6655-4239-955b-b2ddd14c63c6,
9c678f71-bbdb-479c-a1b9-fe0c116dc8ad,Airport Connects - Chi nhánh 1,"Tầng 2, Gần cửa khởi hành số 6, Khu cách ly Ga đi Quốc nội, CHK Quốc Tế Phú Bài",Dang hoat dong,b45bd7b0-c853-42b4-8df6-678e74dcdabf,
9cb249b9-8a3a-42ca-9f32-b2a2677d5202,kidzooona GO Buôn Ma Thuột,"Lô 2S22-B, TTTM Go! Buôn Ma Thuột, Góc đường Nguyễn Thị Định và đường Vành đai Phía Tây, Phường Thành Nhất, Tỉnh Đắk Lắk, Việt Nam",Dang hoat dong,c6d185d3-3b89-4331-85a6-bd718342e9e1,Đắk Lắk
9d9eccd9-67fc-4f71-a8da-94e0dbd79259,Lotteria - Chi nhánh 40,"Cổng Nam TTTM Go! Đường Lý Thường Kiệt, Nghĩa Chánh, Quảng Ngãi",Dang hoat dong,5c729ab1-749a-46f4-ac2b-b56ab6d53565,
9dc74bdf-32d2-48d8-a09b-44afb8606397,Hệ thống Thẩm mỹ viện Ngọc Dung - Chi nhánh 7,"234B Trần Hưng Đạo, P. An Nghiệp, Q. Ninh Kiều, Tp. Cần Thơ """,Dang hoat dong,c4b32ba0-c514-4b61-8df1-f2afdf45b8db,
9e2d1b5a-0da0-422f-928d-205d8b00efa9,Chicken Plus Nguyễn Văn Đậu (HCM),"40c Nguyễn Văn Đậu, P. 5, Quận Phú Nhuận, Hồ Chí Minh",Dang hoat dong,1114dccd-810f-4887-a534-7c2316871312,Hồ Chí Minh
9e4e266f-037f-4be4-8211-c0523e9eb75a,Chicken Plus - Chi nhánh 14,"Khu đô thị mới phía Nam, xã Hiệp Hoà, Bắc Ninh",Dang hoat dong,1114dccd-810f-4887-a534-7c2316871312,
9eb1e82e-0daa-4198-b22a-25baf5bb1ce0,Lotteria Kim Mã,"01 Núi Trúc, P.Kim Mã, Quận Ba Đình, Hà Nội",Dang hoat dong,5c729ab1-749a-46f4-ac2b-b56ab6d53565,Hà Nội
a01c3fe6-8c59-4f97-b1c5-8a96c8473f90,Dookki Việt Nam - Chi nhánh 34,"Tầng 3 469 Nguyễn Hữu Thọ, Tân Hưng, Quận 7, Hồ Chí Minh",Dang hoat dong,180c5646-2a62-489d-8685-a93a8c7201e6,
a02d8d13-bb93-4399-adb2-d574e13cc855,Dookki Việt Nam GO HÀ ĐÔNG HN,"Gian hàng 1S12, TTTM Tops Hà Đông, 104, Đường Trần Phú, Phường Mộ Lao, Quận Hà Đông, Hà Nội",Dang hoat dong,180c5646-2a62-489d-8685-a93a8c7201e6,Hà Nội
a034a9a1-d6c4-49fa-905d-e716a5b5d197,Lotteria Hồ Tây,"2A Trần Vũ, P. Quán Thánh, Quận Ba Đình, Hà Nội",Dang hoat dong,5c729ab1-749a-46f4-ac2b-b56ab6d53565,Hà Nội
a09371b6-3ebf-4f7d-902b-1e9332c3905c,Chicken Plus Nguyễn Duy Trinh (T.Thủ Đức),"14 Đường 30, P. Bình Trưng Tây, Quận 2, Hồ Chí Minh",Dang hoat dong,1114dccd-810f-4887-a534-7c2316871312,Hồ Chí Minh
a17f2a78-49df-4bc8-90dc-a17722a164fa,Life4cuts - Chi nhánh 8,"Tầng B2-R1, Vincom Mega Mall Royal City, Số 72 Nguyễn Trãi , Quận Thanh Xuân, Hà Nội",Dang hoat dong,ec461027-a973-418e-90bf-6dc7e814f027,
a2ec249c-789d-4fd0-b156-b3ca34cecafd,Lotteria - Chi nhánh 63,"Siêu Thị Hoàng Đức Gia Kiệm - 166 ấp Bạch Lâm 1, xã Gia Tân 2, Huyện Thống Nhất, Đồng Nai",Dang hoat dong,5c729ab1-749a-46f4-ac2b-b56ab6d53565,
a31a9d84-f261-438e-a9c4-b7007ba7325a,Lotteria Lotte Mart Tân Bình,"Pico Plaza, 20 Cộng Hòa, P. 12, Quận Tân Bình, Hồ Chí Minh",Dang hoat dong,5c729ab1-749a-46f4-ac2b-b56ab6d53565,Hồ Chí Minh
a370814d-67c2-4040-869e-2a7b5a87cc8c,Chicken Plus - Chi nhánh 30,"18 Võ Thị Sáu, P. Diên Hồng, Thành phố Pleiku, Gia Lai",Dang hoat dong,1114dccd-810f-4887-a534-7c2316871312,
a37f3c6b-31b3-4cb9-b6f9-9844b66c12d6,Lotteria Trung Kính,"Tầng 1 tòa nhà Housing, 299 Trung Kính, Trung Hòa, Quận Cầu Giấy, Hà Nội",Dang hoat dong,5c729ab1-749a-46f4-ac2b-b56ab6d53565,Hà Nội
a3bc0293-05b7-44d0-a71c-6416eff5cc79,Dookki Việt Nam - Chi nhánh 22,"645 Quang Trung, Phường 11, Quận Gò Vấp, Hồ Chí Minh",Dang hoat dong,180c5646-2a62-489d-8685-a93a8c7201e6,
a3e12ea4-959e-4cbf-ac18-22644536b8e5,Chicken Plus - Chi nhánh 27,"69 Hai Bà Trưng, P. 1, Thị Xã Quảng Trị, Quảng Trị",Dang hoat dong,1114dccd-810f-4887-a534-7c2316871312,
a467b389-e767-4a4a-89c6-da159e3b7208,Lotteria - Chi nhánh 48,"73 Thống Nhất, Nha Trang, Khánh Hòa",Dang hoat dong,5c729ab1-749a-46f4-ac2b-b56ab6d53565,
a476b128-131a-40f2-afbd-fcaadde018ae,Dookki Việt Nam - Chi nhánh 20,"332A Cách Mạng Tháng Tám, Phước Trung, Bà Rịa, Bà Rịa – Vũng Tàu",Dang hoat dong,180c5646-2a62-489d-8685-a93a8c7201e6,
a4dbb326-7e5a-4516-abde-8a7cde3a1c02,Hệ thống Thẩm mỹ viện Ngọc Dung - Chi nhánh 17,"Số 154 Đường Trần Hưng Đạo, Phường Phú Thủy, Tỉnh Lâm Đồng, Việt Nam",Dang hoat dong,c4b32ba0-c514-4b61-8df1-f2afdf45b8db,
a5454249-b267-4f06-965c-b918eed0e382,Dookki Việt Nam MIPEC LONG BIÊN,"Tầng 2, Trung tâm thương mại Mipec Long Biên, số 2 Đường Long Biên II, Quận Long Biên, Hà Nội",Dang hoat dong,180c5646-2a62-489d-8685-a93a8c7201e6,Hà Nội
a565cfee-8d16-47c9-b766-fde13d5a578d,Lotteria - Chi nhánh 61,"Lô B-03, KTM Amata, Quốc lộ 1A, P. Long Bình, Biên Hòa, Đồng Nai",Dang hoat dong,5c729ab1-749a-46f4-ac2b-b56ab6d53565,
a58c2957-2b1f-4a95-a839-79915a5419aa,Immersive Space Royal,"Lô B2-R1-06-07-08, Trung tâm thương mại Vincom Mega Mall Royal City, Số 72A đường Nguyễn Trãi, phường Thanh Xuân, Thành phố Hà Nội, Việt Nam",Dang hoat dong,7d113c07-2b54-4007-9045-86a460356306,Hà Nội
a5e6d8cf-cc33-44e0-8c35-d94a02376f0a,Chicken Plus - Chi nhánh 28,"32 Nguyễn Tất Thành, xã Lệ Thuỷ, Quảng Trị",Dang hoat dong,1114dccd-810f-4887-a534-7c2316871312,
a622a43c-5aac-42c5-8f54-fd444e1000e6,Dookki Việt Nam - Chi nhánh 109,"L1-02, Lầu 1 (Tầng 2), Co.opMart Thanh Hà, TTTM Chợ Thanh Hà, Đường Trần Phú, Phường Phủ Hà, Thành phố Phan Rang - Tháp Chàm, Ninh Thuận",Dang hoat dong,180c5646-2a62-489d-8685-a93a8c7201e6,
a647ba0d-fbfc-4d68-a213-21c57d3bf6a3,Chicken Plus Huỳnh Tấn Phát (HCM),"1663 Huỳnh Tấn Phát, P. Phú Mỹ, Quận 7, Hồ Chí Minh",Dang hoat dong,1114dccd-810f-4887-a534-7c2316871312,Hồ Chí Minh
a6483cb2-b3f1-45c1-a47b-49b28f4c5383,TMV Ngọc Dung_Nguyễn Thị Thập Q7,"392A Nguyễn Thị Thập, P.Tân Quy, Q.7, HCM",Dang hoat dong,c4b32ba0-c514-4b61-8df1-f2afdf45b8db,Hồ Chí Minh
a6614c23-e471-492c-85ab-5fb93df4fe9f,Lotteria - Chi nhánh 21,"Đường Cầu Kì Lừa, P. Chi Lăng, Lạng Sơn, Lạng Sơn",Dang hoat dong,5c729ab1-749a-46f4-ac2b-b56ab6d53565,
a6647f78-6490-48a6-8f38-3a74fd371769,Lotteria Ga Sài Gòn,"01 Nguyễn Thông, P. 9, Quận 3, Hồ Chí Minh",Dang hoat dong,5c729ab1-749a-46f4-ac2b-b56ab6d53565,Hồ Chí Minh
a6bd4aa8-db7b-402f-a998-6c8a3b337d25,Dookki Việt Nam - Chi nhánh 105,"Tầng 1, GO- Buôn Mê Thuột, Góc đường Nguyễn Thị Định và đường Vành đai phía Tây, Thành phố Buôn Ma Thuột, Đắk Lắk",Dang hoat dong,180c5646-2a62-489d-8685-a93a8c7201e6,
a866c4cc-6b5e-4a62-87e2-65695e5932fd,Sườn Mười - Times City,"Tầng B1, Vincom Times City, Minh Khai, Hà Nội",Dang hoat dong,fd61f2bf-6655-4239-955b-b2ddd14c63c6,Hà Nội
a9364e8e-1560-4bf4-b0a4-55185a5b2591,Airport Connects - Chi nhánh 6,"Tầng 2, Phòng khách nằm đối diện thang máy, Khu cách ly Ga đi Quốc nội, CHK Phù Cát",Dang hoat dong,b45bd7b0-c853-42b4-8df6-678e74dcdabf,
a94bc496-909b-4dc1-a2e8-7473bbb8099b,Chicken Plus Lê Duẩn (Cam Ranh),"179 Lê Duẩn, Phường Cam Ranh, Khánh Hòa",Dang hoat dong,1114dccd-810f-4887-a534-7c2316871312,Khánh Hòa
aa1fbdc2-d5d4-47c2-8db1-ba4a168e6cb2,Lotteria - Chi nhánh 7,"TTTM khu Quy hoạch Bà Triệu - Hùng Vương, P. Phú Hội, Thừa Thiên Huế, Thành Phố Huế, Thừa Thiên Huế",Dang hoat dong,5c729ab1-749a-46f4-ac2b-b56ab6d53565,
aadd923f-99a1-45e6-8a6c-d150bc502e8c,Chicken Plus Vườn Lài (HCM),"431 Vườn Lài, P. Phú.Thọ, Quận Tân Phú, Hồ Chí Minh",Dang hoat dong,1114dccd-810f-4887-a534-7c2316871312,Hồ Chí Minh
ab4984bb-48eb-446b-ab74-5e84f1f1a27a,Dookki Việt Nam - Chi nhánh 51,"Lô T323, Tầng 3, TTTM Aeon Mall Huế, Số 8 Đường Võ Nguyên Giáp, Phường An Đông, Thành phố Huế, Thừa Thiên Huế",Dang hoat dong,180c5646-2a62-489d-8685-a93a8c7201e6,
ac0f367a-7ab5-49c6-b6f0-77b231d3a3b9,Lotteria Lý Chính Thắng,"250B Lý Chính Thắng, P. 9, Quận 3, Hồ Chí Minh",Dang hoat dong,5c729ab1-749a-46f4-ac2b-b56ab6d53565,Hồ Chí Minh
acbc5003-a5c5-4fa7-9d82-7eea39f2596a,Địa điểm tư vấn mua voucher - LifeLink Hà Nội,"Địa điểm tư vấn mua voucher: Tầng 12A Tòa văn phòng - TTTM ROX Tower Goldmark City 136 Hồ Tùng Mậu, phường Phú Diễn, Hà Nội",Dang hoat dong,9ee98775-8d3c-4737-8fd2-d53c7ddbbb55,Hà Nội
ad10b4e3-814b-4e82-a82f-3f9442fe66f5,Lotteria - Chi nhánh 77,"Tầng 1, Góc đường 3/2 - Thi Sách, P. 8, Vũng Tàu, Bà Rịa - Vũng Tàu",Dang hoat dong,5c729ab1-749a-46f4-ac2b-b56ab6d53565,
ad3dce70-faf5-4a7e-9b90-4493c27a4f1d,Lotteria - Chi nhánh 53,"285 Bùi Thị Xuân, P. 8, Đà Lạt, Lâm Đồng",Dang hoat dong,5c729ab1-749a-46f4-ac2b-b56ab6d53565,
ad3e5336-d71d-4c7e-bb9c-b8b14c03a1a2,Lotteria - Chi nhánh 81,"34 Ngô Quyền, P. 1, Mỹ Tho, Tiền Giang",Dang hoat dong,5c729ab1-749a-46f4-ac2b-b56ab6d53565,
aee99873-c94d-45c1-a952-0b038e24d5d6,Airport Connects - Chi nhánh 5,"Tầng 1, Khu cách ly Quốc nội, Cảng HK Tuy Hoà (gần cửa ra máy bay ưu tiên)",Dang hoat dong,b45bd7b0-c853-42b4-8df6-678e74dcdabf,
af3d771a-93f6-4757-a8e8-26bc5a3d4d52,kidzooona Hanoi Centre,"L2-C10, Tầng 2, Tiến Bộ Plaza, 175 đường Nguyễn Thái Học, Phường Ô Chợ Dừa, TP. Hà Nội",Dang hoat dong,0f44c4e9-2b55-4a43-88c8-e51bc848ab1a,Hà Nội
b01bbe8f-c041-4305-901c-ce6d71c3977a,CÔNG TY TNHH I.CAN INTERNATIONAL,"Số 10 ngõ 102 Trần Phú,Hà Đông, Hà Nội",Dang hoat dong,97cc13f3-9e0f-44d3-93a8-d8725e4fab06,Hà Nội
b036650e-2b09-4838-b73d-d173379bfde9,Lotteria - Chi nhánh 17,"Soiva Plaza Me Linh, Quận Khai Hoang, Vĩnh Yên, Vĩnh Phúc",Dang hoat dong,5c729ab1-749a-46f4-ac2b-b56ab6d53565,
b06d0a13-2307-468f-85bd-cea2627dc564,Aurora Halong Cruise,Cảng tàu Quốc tế Hạ Long - Hạ Long - Quảng Ninh,Dang hoat dong,e9785604-dd4f-4067-8d07-3396c5af9c34,Quảng Ninh
b09ddbbd-86c4-45f0-895f-af437914543c,Dookki Việt Nam - Chi nhánh 76,"L3-06, Tầng L3, Trung Tâm Thương Mại Vincom Plaza Sơn La, Tổ 13, Phường Quyết Thắng, Thành phố Sơn La, Sơn La",Dang hoat dong,180c5646-2a62-489d-8685-a93a8c7201e6,
b1d7b531-0564-4d22-8404-e3eef5bd34ff,Dookki Việt Nam - Chi nhánh 4,"L4-06, Tầng L4, Vincom Plaza 3/2, 3C đường 3 tháng 2, Phường 11, Quận 10, Hồ Chí Minh",Dang hoat dong,180c5646-2a62-489d-8685-a93a8c7201e6,
b1f3da2e-5496-446f-906d-ee7e0b81770a,Hệ thống Thẩm mỹ viện Ngọc Dung - Chi nhánh 19,"Số 220, đường 30/4, Phường Trấn Biên, Tỉnh Đồng Nai, Việt Nam",Dang hoat dong,c4b32ba0-c514-4b61-8df1-f2afdf45b8db,
b1f69f76-90d0-451c-8dfe-d0c04faa06cf,Dookki Việt Nam GO! THĂNG LONG,"Tầng 2, TTTM Go! Thăng Long, Số 222 Trần Duy Hưng, Phường Trung Hoà, Quận Cầu Giấy, Hà Nội",Dang hoat dong,180c5646-2a62-489d-8685-a93a8c7201e6,Hà Nội
b1f89a8f-f4fc-40ff-abaa-cdf051ab1890,Dookki Việt Nam - Chi nhánh 93,"Lầu 5- Vincom Plaza Thanh Hóa, số 27 Trần Phú, Phường Điện Biên , Thanh Hóa",Dang hoat dong,180c5646-2a62-489d-8685-a93a8c7201e6,
b251e1c0-77eb-45d7-9ded-393bd73899fa,Dookki Việt Nam - Chi nhánh 37,"TTTM Go! Phú Thạnh, 53 Nguyễn Sơn, Phường Phú Thạnh, Quận Tân Phú, Hồ Chí Minh",Dang hoat dong,180c5646-2a62-489d-8685-a93a8c7201e6,
b29561e4-8c73-4226-bcd3-ae49dba3725b,Dookki Việt Nam - Chi nhánh 125,"Lầu 4 Vincom Plaza Cao Lãnh, Ngã tư 30/04 & Nguyễn Đình Chiểu, Thành phố Cao Lãnh, Đồng Tháp",Dang hoat dong,180c5646-2a62-489d-8685-a93a8c7201e6,
b2c4e95d-130a-4230-b137-6de667683f52,Lotteria Savico,"TTTM Savico Nguyễn Văn Linh, Quận Long Biên, Hà Nội",Dang hoat dong,5c729ab1-749a-46f4-ac2b-b56ab6d53565,Hà Nội
b34ee12c-8e09-4e1f-8d20-6b055f8b87b0,Chicken Plus Lê Lợi,"10 Lê Lợi, Phường 1, Vũng Tàu, Bà Rịa - Vũng Tàu",Dang hoat dong,1114dccd-810f-4887-a534-7c2316871312,Hồ Chí Minh
b38c5c33-8dcd-4cc4-9f16-142947bc970d,Lotteria - Chi nhánh 66,"555B đại lộ Bình Dương, P. Hiệp Bình, Thị xã Thủ Dầu Một, Bình Dương",Dang hoat dong,5c729ab1-749a-46f4-ac2b-b56ab6d53565,
b3e1b8a1-b803-4207-8276-6a432b598ee4,Ccomaya Kids Phú Mỹ Hưng,"101 - 103 - 105 - 107 Khu Phố Mỹ Hào, Phường Tân Phong, Quận 7, TP.HCM",Dang hoat dong,ab8170c4-b8ee-48e0-b4a3-18a802d354bb,Hồ Chí Minh
b400347a-9a3b-41e8-8e6b-994f19e820bb,Nguyễn Trãi 2,23 Nguyễn Trãi,Cho duyet,cd3bcf1f-d91d-4c8e-bfb8-8f6b968a20c1,TP. Hồ Chí Minh
b47cd926-b9d9-4747-91b7-18cc12d198e6,SH Premium Lounge Ha Noi 3 - Ga đi Quốc tế - Sân Bay Nội Bài - Hà Nội,"Tầng 4, cánh Tây, khu cách ly ga đi Quốc tế, Cảng Hàng không Quốc tế Nội Bài (gần gate 37 & 38)",Dang hoat dong,b45bd7b0-c853-42b4-8df6-678e74dcdabf,Hà Nội
b4bce5eb-0c51-4e9e-854b-96e6193601a8,kidzooona Sense City GigaMall,"L2-04, Tầng 3,TTTM Giga Mall, 240 - 242 Phạm Văn Đồng, Phường Hiệp Bình, TP.HCM",Dang hoat dong,475e9e4c-4c83-4ef4-9d71-858b2b04dc19,Hồ Chí Minh
b4dc9b09-3ad8-4f76-ad21-7553390cda6e,Hệ thống Thẩm mỹ viện Ngọc Dung - Chi nhánh 18,"154 Trần Hưng Đạo, P. Phú Thủy, Tp. Phan Thiết",Dang hoat dong,c4b32ba0-c514-4b61-8df1-f2afdf45b8db,
b70bf296-7631-4567-890b-62fe1fd46bb3,Spicy Box - Chi nhánh 13,"1S17 Tầng 1, TTTM Go! Đà Lạt, Quảng trường Lâm Viên, góc đường Hồ Tùng Mậu và Trần Quốc Toản, Phường Xuân Hương, Đà Lạt, Lâm Đồng",Dang hoat dong,bb105ef3-f758-42a1-9186-8c84e2848654,
b71f91fd-161e-4c23-be82-08009e6e9f2e,Flyover Starry Sky Art Museum HCM,"Tầng 4, Bitexco Financial Tower, số 2 Hải Triều, Phường Bến Nghé, Quận 1, TP. Hồ Chí Minh",Dang hoat dong,340c7165-90d8-47a1-a7b9-26b7ba056d74,Hồ Chí Minh
b72c1446-cf63-4751-9729-30ed0b3886be,Chicken Plus - Chi nhánh 39,"Đường Trần Phú, Đức Hoà, Thị trấn Đức Phong, Huyện Bù Đăng, Bình Phước",Dang hoat dong,1114dccd-810f-4887-a534-7c2316871312,
b7386830-9af1-4ecd-bc45-0d3604a4e26b,Chicken Plus - Chi nhánh 6,"291 Trần Đại Nghĩa, P. Hòa Hải, Quận Ngũ Hành Sơn, Đà Nẵng",Dang hoat dong,1114dccd-810f-4887-a534-7c2316871312,
b73b95d8-65df-4d8a-94a9-646eedc226e2,Dookki Việt Nam THE LOOP IPH HN,"Tầng 3, Trung Tâm Thương Mại Indochina Plaza Hà Nội, Số 241 Đường Xuân Thủy, Phường Dịch Vọng Hậu, Quận Cầu Giấy, Hà Nội",Dang hoat dong,180c5646-2a62-489d-8685-a93a8c7201e6,Hà Nội
b82ecc00-6336-42a4-9266-ee756671a255,Lotteria - Chi nhánh 54,"01 Nguyễn Thị Minh Khai, P. 01, Đà Lạt, Lâm Đồng",Dang hoat dong,5c729ab1-749a-46f4-ac2b-b56ab6d53565,
b8f58d6f-2f66-4498-9aa8-2cb7f6746efb,Spicy Box GO! Dĩ An,"1S11 TTTM GO! Dĩ An 1/1 Quốc lộ 1K, P. Đông Hoà, Thành phố Dĩ An, Bình Dương",Dang hoat dong,bb105ef3-f758-42a1-9186-8c84e2848654,Bình Dương
b8fb86ab-ed32-4e2f-9e6b-f77faf4d9e3d,TOUR ĐÊM VĂN MIẾU - TINH HOA ĐẠO HỌC,"58 P. Quốc Tử Giá , Phường Văn Miếu Quốc Tử Giám, Hà Nội",Dang hoat dong,7a97e6af-ebe1-4e0f-96d1-2873b4810402,Hà Nội
b98682ac-fc8a-4570-b840-ea5580431f34,Lotteria Nguyễn Tri Phương,"114 Trần Hưng Đạo, P. 7, Quận 5, Hồ Chí Minh",Dang hoat dong,5c729ab1-749a-46f4-ac2b-b56ab6d53565,Hồ Chí Minh
b9a57508-723a-4243-9d46-1efba2cb1589,Sườn Mười Trần Khát Chân,562 Trần Khát Chân - Hai Bà Trưng - Hà Nội,Dang hoat dong,fd61f2bf-6655-4239-955b-b2ddd14c63c6,Hà Nội
ba8df534-7d17-4696-95b9-c486281560b0,Airport Connects - Chi nhánh 7,"Tầng 2, Khu cách ly Quốc nội, Cảng HK Thọ Xuân (Gần cửa ra tàu bay số 2)",Dang hoat dong,b45bd7b0-c853-42b4-8df6-678e74dcdabf,
bb1b7f57-12be-4475-9de8-19b557a174b3,Life4cuts Gigamall Thủ Đức,"Tầng 4, Gigamall, 240 – 242 Phạm Văn Đồng, P. Hiệp Bình Chánh, Thủ Đức, Hồ Chí Minh",Dang hoat dong,ec461027-a973-418e-90bf-6dc7e814f027,Hồ Chí Minh
bbd14fc9-7db3-4162-a2ef-dd1c4563cf74,Chicken Plus - Chi nhánh 9,"163 Nguyễn Văn Linh, P.Thạc Gián, Quận Thanh Khê, Đà Nẵng",Dang hoat dong,1114dccd-810f-4887-a534-7c2316871312,
bc33206a-88ca-4d6c-8213-c55a10789594,Dookki Việt Nam - Chi nhánh 113,"MB6, Tầng 2, Tòa nhà Galaxy Tulips, Số 5 Nguyễn Thị Minh Khai, Phường 1, Thành phố Đà Lạt, Lâm Đồng",Dang hoat dong,180c5646-2a62-489d-8685-a93a8c7201e6,
bc3b9b4c-6ea9-418d-8fb1-a3ed1267a269,Dookki Việt Nam - Chi nhánh 133,"Tầng L4, Trung Tâm Thương Mại Vincom Cà Mau, Khu Phố Thương mại và Trung tâm Thương mại, Phường 1, Thành phố Cà Mau, Cà Mau",Dang hoat dong,180c5646-2a62-489d-8685-a93a8c7201e6,
bc5de1e2-5077-4c0f-93c6-824ee2e8d0b5,Hệ thống Thẩm mỹ viện Ngọc Dung - Chi nhánh 15,"78 Lý Thánh Tôn, Phường Tây Nha Trang, Tỉnh Khánh Hòa, Việt Nam",Dang hoat dong,c4b32ba0-c514-4b61-8df1-f2afdf45b8db,
bd1a7fce-0295-45ee-b4ef-d256b8b14573,LifeLink Hà Nội,"Địa điểm tư vấn mua voucher: Tầng 12A Tòa văn phòng - TTTM ROX Tower Goldmark City 136 Hồ Tùng Mậu, phường Phú Diễn, Hà Nội",Dang hoat dong,57300452-7745-419b-90f4-9e8d2a07bc3f,Hà Nội
bd48bf3f-dff3-4879-97b4-f1b940862e46,Dookki Việt Nam - Chi nhánh 86,"L4-04, Tầng L4, Trung Tâm Thương Mại Vincom Plaza Thái Bình tại 460 Lý Bôn, Phường Đề Thám, Thành phố Thái Bình, Thái Bình",Dang hoat dong,180c5646-2a62-489d-8685-a93a8c7201e6,
bd5d5fc8-5c10-4513-9d90-e75ae4b67a04,Chicken Plus - Chi nhánh 11,"423 Lê Lợi, P. Ngô Quyền, Thành phố Hải Phòng, Hải Phòng",Dang hoat dong,1114dccd-810f-4887-a534-7c2316871312,
bd6e0b72-6e5b-47c0-9520-a1f971c68276,Lotteria - Chi nhánh 68,"368 đường 30/4 P. Chánh Nghĩa, Thị xã Thủ Dầu Một, Bình Dương",Dang hoat dong,5c729ab1-749a-46f4-ac2b-b56ab6d53565,
bd8ab69f-9af7-4eb0-a255-fbc1f042056c,Dookki Việt Nam - Chi nhánh 60,"Tầng 4 Vincom Xuân Khánh, Số 209 Đường 30 Tháng 4, Xuân Khánh, Ninh Kiều, Cần Thơ",Dang hoat dong,180c5646-2a62-489d-8685-a93a8c7201e6,
bda5bb7f-ddd3-40b5-81c0-83d31a1b2015,Dookki Việt Nam - Chi nhánh 80,"Tầng 4, TTTM Vincom Center Hạ Long, Khu, Phường Bạch Đằng, Quảng Ninh",Dang hoat dong,180c5646-2a62-489d-8685-a93a8c7201e6,
bdcb8549-de27-4cfc-89b4-abd6d9195fe2,Chicken Plus - Chi nhánh 37,"199 Thích Quảng Đức, P. Xuân An, Long Khánh, Đồng Nai",Dang hoat dong,1114dccd-810f-4887-a534-7c2316871312,
bf5113ae-8d82-4bd1-9370-3be8c97f45c3,Nhà hàng Chay Tầm Vị,"50B Phố Châu Long, Phường Ba Đình, Hà Nội",Dang hoat dong,da49801a-ad11-4e33-9dc1-9919589faf11,Hà Nội
c01c73ce-8e58-457c-91ac-8b382be700ff,Chicken Plus Đường số 1 (Bình Dương),"Số 7, đường số 1, Trung tâm hội nghị, khu phố 2, P. Mỹ Phước, Bến Cát, Bình Dương",Dang hoat dong,1114dccd-810f-4887-a534-7c2316871312,Hồ Chí Minh
c043a95b-f062-4ab3-8aea-f920d77b5586,Tổ Hợp Khu vui chơi KidZania Lotte Mall Tây Hồ,"Tầng 5, Trung tâm thương mại Lotte Mall Hà Nội, số 272 đường Võ Chí Công, phường Tây Hồ, thành phố Hà Nội, Việt Nam",Dang hoat dong,e9359a63-2fa3-43b8-86e2-d3999ca004d2,Hà Nội
c0b06b38-ed73-482d-81d3-0cb93eeacf9c,Chicken Plus Sư Vạn Hạnh (HCM),"850 Sư Vạn Hạnh, Quận 10, Hồ Chí Minh",Dang hoat dong,1114dccd-810f-4887-a534-7c2316871312,Hồ Chí Minh
c1825402-3529-41cc-959e-d7f58a374c0e,Dookki Việt Nam - Chi nhánh 54,"1/20 Khu đô thị mới ngã 5 sân bay Cát Bi - Quận Ngô Quyền, Hải Phòng",Dang hoat dong,180c5646-2a62-489d-8685-a93a8c7201e6,
c1dcd3bb-ec1e-416b-ab92-6205e81f4aaf,Lotteria - Chi nhánh 43,"02 - 2A Nguyễn Thái Học, Quy Nhơn, Bình Định",Dang hoat dong,5c729ab1-749a-46f4-ac2b-b56ab6d53565,
c220ea31-ca4e-467a-9721-4d7655dabcf8,Hệ thống Thẩm mỹ viện Ngọc Dung_392A Nguyễn Thị Thập,"392A Nguyễn Thị Thập, Phường Tân Hưng,Thành phố Hồ Chí Minh, Việt Nam",Dang hoat dong,c4b32ba0-c514-4b61-8df1-f2afdf45b8db,Hồ Chí Minh
c245e3fc-a820-42e6-91a7-31d579096f2a,Nguyễn Văn Cừ 1,"13 Nguyễn Văn Cừ, Tp Hồ Chí Minh",Dang hoat dong,f8d5b658-8608-425f-89c5-dcaeef0a647e,TP. Hồ Chí Minh
c3159d31-a64a-4d9a-b6cc-646165304a5a,Lotteria Tỉnh lộ 10,"1271 Tỉnh lộ 10, KP. 9, P. Tân Tạo, Quận Bình Tân, Hồ Chí Minh",Dang hoat dong,5c729ab1-749a-46f4-ac2b-b56ab6d53565,Hồ Chí Minh
c3a458c4-3ccb-4e3c-8b26-f132961f73a9,Nguyễn Văn Cừ 1,"23 Nguyễn Văn Cừ, Chợ Quán, Hồ Chí Minh",Dang hoat dong,cd3bcf1f-d91d-4c8e-bfb8-8f6b968a20c1,TP. Hồ Chí Minh
c49f15d3-e604-4203-9823-846ee0ced4e2,Dookki Việt Nam - Chi nhánh 18,"Tầng B1 TTTM Giga Mall Thủ Đức, số240-242 Phạm Văn Đồng, P. Hiệp Bình Chánh, Thành phố Thủ Đức, Hồ Chí Minh",Dang hoat dong,180c5646-2a62-489d-8685-a93a8c7201e6,
c574e135-1e51-4aa5-ad32-8669a65bdf27,City Sightseeing - Chi nhánh 2,"Quầy kiosk màu đỏ với logo City Sightseeing Sài Gòn tại Nhà hát Thành Phố - Số 7 Công Trường Lam Sơn, Phường Sài Gòn, TP. Hồ Chí Minh",Dang hoat dong,3d6780db-e3aa-4cca-9f2e-2aa7beb3f0f4,
c5955d49-0c9f-480c-9c6e-f757b08e1744,Chicken Plus - Chi nhánh 47,"38 DT825 Thị trấn Hậu Nghĩa, Huyện Đức Hòa, Long An",Dang hoat dong,1114dccd-810f-4887-a534-7c2316871312,
c5d7ce28-14dc-4824-b999-88fc401d18d2,Chicken Plus Trần Hưng Đạo (HCM),"33 Trần Hưng Đạo, P. Tân Thành, Quận Tân Phú, Hồ Chí Minh",Dang hoat dong,1114dccd-810f-4887-a534-7c2316871312,Hồ Chí Minh
c5e0d1bc-751e-4eb7-b6fc-563ba280b389,Spicy Box - Chi nhánh 4,"2F - 28, Tầng 2 Lotte Đà Nẵng, số 06 Nại Nam, P. Hòa Cường Bắc, Quận Hải Châu, Đà Nẵng",Dang hoat dong,bb105ef3-f758-42a1-9186-8c84e2848654,
c60b63a4-037b-4d7c-8dda-763bf03ca9bb,Dookki Việt Nam BẮC TỪ LIÊM,"Tầng hầm B1 28 31 Vincom Bắc Từ Liêm, 234 Phạm Văn Đồng, Cổ Nhuế, Bắc Từ Liêm, Hà Nội",Dang hoat dong,180c5646-2a62-489d-8685-a93a8c7201e6,Hà Nội
c63fbbe0-5508-49dd-bf19-b54cd18fe4b6,kidzooona AEON MALL Hải Phòng 3F,"Lô T347-348, tầng 3, Aeon Mall Hải Phòng Lê Chân, Đ. Hồ Sen Cầu Rào 2, phường An Biên, thành phố Hải Phòng",Dang hoat dong,8b7e72b6-d833-419e-8086-024d6be1b144,Hải Phòng
c650314a-7aa9-48ea-8897-2ac33ea650b6,Lotteria - Chi nhánh 8,"317 Trần Thành Ngọ, Quận Kiến An, Hải Phòng",Dang hoat dong,5c729ab1-749a-46f4-ac2b-b56ab6d53565,
c76b75bb-7c20-477b-acb9-4246495b9207,Chicken Plus - Chi nhánh 53,"39 Tôn Đức Thắng, P. Mỹ Bình, Long Xuyên, An Giang",Dang hoat dong,1114dccd-810f-4887-a534-7c2316871312,
c7883925-d148-476e-8599-3c4ed3b1beb8,Hệ thống Thẩm mỹ viện Ngọc Dung - Chi nhánh 13,"Số 02 - 04 Ngô Quyền, Phường Buôn Ma Thuột, Tỉnh Đắk Lắk, Việt Nam",Dang hoat dong,c4b32ba0-c514-4b61-8df1-f2afdf45b8db,
c8111074-cb1e-4a61-8390-eeb50889f9c8,Dookki Việt Nam MAC PLAZA HN,"Tầng 4 TTTM Mac Plaza Hà Đông, Số 10 Trần Phú, Mô Lão, Hà Đông, Hà Nội",Dang hoat dong,180c5646-2a62-489d-8685-a93a8c7201e6,Hà Nội
c825eb1b-1c8c-4dfa-9df7-07077d1f7f56,Lotteria Bạch Đằng,"445 Bạch Đằng, P. 12, Quận Bình Thạnh, Hồ Chí Minh",Dang hoat dong,5c729ab1-749a-46f4-ac2b-b56ab6d53565,Hồ Chí Minh
c8395dd8-e715-4bd4-ba7b-263661a1a0d9,Le Saigonnais Lounge Tan Son Nhat - Ga đi Quốc nội - Sân Bay Tân Sơn Nhất,"Tầng 2, Khu cách ly Quốc nội, Cảng HKQT Tân Sơn Nhất (đối diện cửa ra tàu bay số 12)",Dang hoat dong,b45bd7b0-c853-42b4-8df6-678e74dcdabf,Hồ Chí Minh
c864cd2e-9228-4ab7-ab5a-faa1054bcc6f,Dookki Việt Nam - Chi nhánh 11,"Tầng 3 Aeon Tân Phú, 30 Bờ Bao Tân Thắng, Sơn Kỳ, Tân Phú, Hồ Chí Minh",Dang hoat dong,180c5646-2a62-489d-8685-a93a8c7201e6,
c873950c-6df2-45f6-91ca-128be906a563,Lotteria Bình Phú,"211 - 213 Bình Phú, P. 11, Quận 6, Hồ Chí Minh",Dang hoat dong,5c729ab1-749a-46f4-ac2b-b56ab6d53565,Hồ Chí Minh
c8a89575-0f9c-487c-a580-b4851ba1ab0c,Địa điểm tư vấn mua Voucher - LifeLink Hồ Chí Minh,"Hồ Chí Minh: Số 122 Nguyễn Hoàng, phường Bình Trưng, TP.Hồ Chí Minh",Dang hoat dong,f7d08df4-04db-4d5a-859f-70ccf5e5e2dd,Hồ Chí Minh
c9d17667-6620-4b70-a43b-b186485e942d,Spicy Box - Chi nhánh 8,"L3-05, TTTM Vincom Plaza Đồng Hới, đường Quách Xuân Kỳ, Phường Đồng Hới, Quảng Trị",Dang hoat dong,bb105ef3-f758-42a1-9186-8c84e2848654,
ca4438b9-05a2-4ee7-aaaa-9f19e2df495c,Spicy Box - Chi nhánh 19,"GF-08+09 Tầng trệt Coop.Mart Châu Đốc, Tổ 21, Khóm Châu Quới 3, Phường Châu Phú B, Châu Đốc, An Giang",Dang hoat dong,bb105ef3-f758-42a1-9186-8c84e2848654,
ca63c553-0fba-4fba-8354-a04f3a862f00,Dookki Việt Nam - Chi nhánh 47,"Tầng 3 MM Đà Nẵng, Đường Nguyễn Sinh Sắc, Phường Hoà Khánh Nam, Quận Liên Chiểu, Đà Nẵng",Dang hoat dong,180c5646-2a62-489d-8685-a93a8c7201e6,
cbf8283a-6176-4a81-bd4b-8c48aa782ccd,Dookki Việt Nam - Chi nhánh 97,"Tầng L1, TTTM Vincom Kỳ Anh, Tiểu khu 2, Tổ dân phố 1, Phường Sông Trí, Hà Tĩnh",Dang hoat dong,180c5646-2a62-489d-8685-a93a8c7201e6,
cc60b90d-44dc-4072-8b9b-f0f04e8626a1,Lotteria - Chi nhánh 87,"29 Trần Hưng Đạo, P. 5, Cà Mau, Cà Mau",Dang hoat dong,5c729ab1-749a-46f4-ac2b-b56ab6d53565,
cce08778-276e-4736-a9ed-53a6e9cf082d,Địa điểm sử dụng - Khu du lịch Thúy Thuận Đà Lạt,"Tổ 13, Thôn 1, Phường Cam Ly - Đà Lạt, tỉnh Lâm Đồng",Dang hoat dong,9ee98775-8d3c-4737-8fd2-d53c7ddbbb55,Lâm Đồng
cce75ca7-745f-4e7a-a24f-1576f8ddbdcd,Life4cuts 27 Thảo Điền,"27 Thảo Điền, P. Thảo Điền, Thủ Đức, Hồ Chí Minh",Dang hoat dong,ec461027-a973-418e-90bf-6dc7e814f027,Hồ Chí Minh
cd2c959c-72c2-4667-9436-646981ed6324,kidzooona AEON MALL Long Biên,"Lô T334-1, tầng 3, Aeon Mall Long Biên, Số 27 đường Cổ Linh, Phường Long Biên, Thành phố Hà Nội, Việt Nam",Dang hoat dong,440cc5c3-dbe3-4d65-b735-10b04b2987c3,Hà Nội
cd5d1fc5-40e6-4edd-9a18-a9ccc10a7234,kidzooona Sora Gardens Bình Dương,"Lô số 203, Tầng 2, Tòa nhà Sora Gardens SC, Lô C19, Đại lộ Hùng Vương, Phường Bình Dương, TP.HCM",Dang hoat dong,99ccb042-3d52-4ada-bdff-aa6ee70ac1fb,Hồ Chí Minh
cdebfd57-63fe-42e4-8230-20ebcc564c56,Dookki Việt Nam - Chi nhánh 58,"Tầng 4-04, Vincom Sóc Trăng ,Số 22 Trần Hưng Đạo, Khóm 1, Phường 2, Sóc Trăng",Dang hoat dong,180c5646-2a62-489d-8685-a93a8c7201e6,
ce6df594-201a-4e9e-8310-290726b16c15,Sườn Mười Giảng Võ,177 Giảng Võ - Đống Đa - Hà Nội,Dang hoat dong,fd61f2bf-6655-4239-955b-b2ddd14c63c6,Hà Nội
ced19472-8a67-4821-8753-893322836215,Chicken Plus - Chi nhánh 2,"Xóm Đồng Mạc, Thôn Đa Phúc, Xã Sài Sơn, Huyện Quốc Oai, Hà Nội",Dang hoat dong,1114dccd-810f-4887-a534-7c2316871312,
cf000ee7-2282-4bdc-9d93-97376fa4ab78,Lotteria Hậu Giang,"52 Hậu Giang, P. 06, Quận 6, Hồ Chí Minh",Dang hoat dong,5c729ab1-749a-46f4-ac2b-b56ab6d53565,Hồ Chí Minh
cf1e8673-1eea-407a-a7a7-0ce4d4689c94,Dookki Việt Nam - Chi nhánh 98,"Tầng 3, Vincom Plaza Hà Tĩnh, Ngã tư đường Hà Huy Tập, Phường Hà Huy Tập, Hà Tĩnh",Dang hoat dong,180c5646-2a62-489d-8685-a93a8c7201e6,
cf599950-90e3-40fe-85ed-ca9163ef53f2,Lotteria - Chi nhánh 84,"Tầng trệt, Nguyễn Sinh Sắc, khóm 2, P. 2, Sa Đéc, Đồng Tháp",Dang hoat dong,5c729ab1-749a-46f4-ac2b-b56ab6d53565,
cface69a-b7cf-4862-90f9-cdca4f34435e,Khu vui chơi B - Zone Vivo,"Số 04 - 13A, 01-13B, TTM SC VivoCity, sô 1058 Nguyễn Văn Linh",Dang hoat dong,aac5368a-3bf3-427f-ab4c-99fca4f00eea,Hồ Chí Minh
d0209c99-272f-44d4-95ac-773580cc49e7,Lotteria - Chi nhánh 20,"Ngã 6, Plot 26, Khu 13, P. Kim Tân, Lào Cai, Lào Cai",Dang hoat dong,5c729ab1-749a-46f4-ac2b-b56ab6d53565,
d0caf1f2-dcfd-4368-9daa-401070991dd3,Dookki Việt Nam - Chi nhánh 116,"Số 237/6A Trương Định, Tân Mai, Thành phố Biên Hòa, Đồng Nai",Dang hoat dong,180c5646-2a62-489d-8685-a93a8c7201e6,
d11304c5-abe0-4eae-b292-a4b93c154a13,Spicy Box Thiso Phan Huy Ích,"L3-07 Tầng 3 TTTM DV - Siêu Thị, Số 385 Phan Huy Ích, Phường 14, Quận Gò Vấp, Hồ Chí Minh",Dang hoat dong,bb105ef3-f758-42a1-9186-8c84e2848654,Hồ Chí Minh
d1714486-168b-4fe7-8346-debe71df568b,Lotteria - Chi nhánh 76,"227 Nam Kỳ Khởi Nghĩa - 378 Lê Hồng Phong, P. 03, Vũng Tàu, Bà Rịa - Vũng Tàu",Dang hoat dong,5c729ab1-749a-46f4-ac2b-b56ab6d53565,
d251e64b-0d00-41f5-b1a8-666493cfb504,Lotteria - Chi nhánh 31,"TTTM Big C Ninh Bình, Trần Nhân Tông, Xã Ninh Phúc, Ninh Bình",Dang hoat dong,5c729ab1-749a-46f4-ac2b-b56ab6d53565,
d295daa0-c3e6-4398-9c45-9f53792f5e18,Fast Lane - Consortio - Chi nhánh 1,Cảng hàng không quốc tế Nội Bài Xã Nội Bài - Thành phố Hà Nội,Dang hoat dong,195ea851-59dd-4e70-ad76-71d0ea76db64,
d31168b9-2292-4871-9add-616e37f023c1,Lotteria Time City,"Tầng hầm B1 Times City, 458 Minh Khai, P. Vĩnh Tuy, Quận Hai Bà Trưng, Hà Nội",Dang hoat dong,5c729ab1-749a-46f4-ac2b-b56ab6d53565,Hà Nội
d41fc263-11be-4e59-83e6-e37ed4315d50,Hệ thống Thẩm mỹ viện Ngọc Dung - Chi nhánh 14,"02 - 04 Ngô Quyền, Phường Thắng Lợi, Tp. Buôn Ma Thuột, Tỉnh Đắk Lắk",Dang hoat dong,c4b32ba0-c514-4b61-8df1-f2afdf45b8db,
d423a9cf-3611-441c-9c4b-96b65533b22e,Life4cuts - Chi nhánh 3,"Tầng B1, Lotte Center, 54 Liễu Giai, Quận Ba Đình, Hà Nội",Dang hoat dong,ec461027-a973-418e-90bf-6dc7e814f027,
d42d03b1-47f2-493c-9a7e-638fa041c97e,Lotteria Bình Long,"380 Thoại Ngọc Hầu, P. Phú Thạnh, Quận Tân Phú, Hồ Chí Minh",Dang hoat dong,5c729ab1-749a-46f4-ac2b-b56ab6d53565,Hồ Chí Minh
d44bc31f-2d78-4b44-afb1-0dc6d903ae59,Chicken Plus - Chi nhánh 45,"KP Bình Giang 1, P. Sơn Giang, Phước Long, Bình Phước",Dang hoat dong,1114dccd-810f-4887-a534-7c2316871312,
d55995e1-8419-4c9b-886f-980bff4556c6,Danang Dophilnarium,"Khối Quảng Gia, Phường Điện Bàn Đông, TP.Đà Nẵng",Dang hoat dong,afd8448c-69ae-4867-93aa-c579ea459299,Đà Nẵng
d5649aa4-a6e3-48af-8105-2e0ec5434212,Lotteria - Chi nhánh 80,"545 Lê Văn Phẩm, P. 5, Mỹ Tho, Tiền Giang",Dang hoat dong,5c729ab1-749a-46f4-ac2b-b56ab6d53565,
d6050df4-1649-4462-aa9b-92d89fcc5b8f,Lotteria Cầu Giấy,"298 Cầu Giấy, P. Quan Hoa, Quận Cầu Giấy, Hà Nội",Dang hoat dong,5c729ab1-749a-46f4-ac2b-b56ab6d53565,Hà Nội
d62d8c8d-20ee-40f0-8a37-63038a41114d,Lotteria Co.op Tuy Lý Vương,"Coopmart Tuy Lý Vương, 40 - 54 Tuy Lý Vương, P. 13, Quận 8, Hồ Chí Minh",Dang hoat dong,5c729ab1-749a-46f4-ac2b-b56ab6d53565,Hồ Chí Minh
d6bc21d3-712b-4196-87da-cb655a98a235,Spicy Box - Chi nhánh 5,"1S11 Trung tâm thương mại Khu quy hoạch Đống Đa - Hùng Vương - Bà Triệu, Phường Thuận Hóa, Huế",Dang hoat dong,bb105ef3-f758-42a1-9186-8c84e2848654,
d6f0635f-45cf-4564-b93b-9a37fe2f31b8,Chicken Plus - Chi nhánh 7,"77 Nguyễn Nhàn, P Hòa Thọ Đông, Quận Cẩm Lệ, Đà Nẵng",Dang hoat dong,1114dccd-810f-4887-a534-7c2316871312,
d73464ca-3319-47b6-8ca7-3e4a436ad8ca,Dealtoday HCM,"Địa điểm tư vấn mua voucher: Tầng 8, Tòa nhà Phương Nam, Số 157 Võ Thị Sáu, Phường 6, Quận 3, TP. HCM",Dang hoat dong,b26f1740-b341-4ff2-8c94-2563aa8a66f7,Hồ Chí Minh
d7ea8635-89a2-4375-a813-310e5a54e092,Dookki Việt Nam - Chi nhánh 55,"Tầng 2, AEON Mall Hải Phòng, 10 Võ Nguyên Giáp, Phường Kênh Dương, Quận Lê Chân, Hải Phòng",Dang hoat dong,180c5646-2a62-489d-8685-a93a8c7201e6,
d7f7f3db-f181-457e-8ced-c5624ad13a71,Lotteria Mê Linh,"TTTM Mê Linh, Tô Hiệu, Quận Hà Đông, Hà Nội",Dang hoat dong,5c729ab1-749a-46f4-ac2b-b56ab6d53565,Hà Nội
d87c0f54-bbff-433f-883c-c647344f7398,Hệ thống Thẩm mỹ viện Ngọc Dung - Chi nhánh 3,"65 Trần Duy Hưng, P.Trung Hòa, Q. Cầu Giấy, Hà Nội",Dang hoat dong,c4b32ba0-c514-4b61-8df1-f2afdf45b8db,
d9421e95-5779-475c-8f4b-c0e7402ea26a,Hệ thống Thẩm mỹ viện Ngọc Dung - Chi nhánh 11,"LK06–LK07 Tòa tháp Eurowindow, Số 2, đường Trần Phú, Phường Trường Vinh,tỉnh Nghệ An, Việt Nam",Dang hoat dong,c4b32ba0-c514-4b61-8df1-f2afdf45b8db,
da45b82d-2f06-4058-a2b6-9a5fcb4dadff,Dookki Việt Nam - Chi nhánh 85,"Tầng 1, TTTM GO ! THÁI BÌNH , Trần Thái Tông, Phường Phú Khánh, Thái Bình",Dang hoat dong,180c5646-2a62-489d-8685-a93a8c7201e6,
dae599ce-6e24-4c8b-88a8-e7e2cab68256,Phòng chờ The Champ Lounge,Địa điểm sử dụng: Phòng chờ The Champ Lounge - Tầng 2 -  Ga quốc nội cảng HKQT Cam Ranh (gần cửa số 6),Dang hoat dong,57300452-7745-419b-90f4-9e8d2a07bc3f,Khánh Hòa
dafe9998-27f9-41ec-acdf-fe7f1bb0939c,Dookki Việt Nam - Chi nhánh 15,"Tầng 1 - KNG Mall, Phường Phú Mỹ, Hồ Chí Minh",Dang hoat dong,180c5646-2a62-489d-8685-a93a8c7201e6,
db29ea78-6931-41ee-9724-bb83756ecc19,Dookki Việt Nam - Chi nhánh 90,"Tầng 3, Trung Tâm Thương Mại Vincom Plaza Hà Nam, Số 42 Biên Hòa, Phường Lương Khánh Thiện, Thành phố Phủ Lý, Hà Nam",Dang hoat dong,180c5646-2a62-489d-8685-a93a8c7201e6,
db829e89-fbae-4112-bea0-18ce765a7efe,Dookki Việt Nam LOTTE LIỄU GIAI,"Tầng 3, Toà nhà Lotte Center Hanoi, 54 Liễu Giai, Phường Cống Vị, Quận Ba Đình, Hà Nội",Dang hoat dong,180c5646-2a62-489d-8685-a93a8c7201e6,Hà Nội
db8dd3d1-d201-423f-ba5d-6d96f69b36f3,Life4cuts - Chi nhánh 14,"Tầng 7 Gold Coast, số 01 Trần Hưng Đạo, P. Lộc Thọ, Thành phố Nha Trang, Khánh Hòa",Dang hoat dong,ec461027-a973-418e-90bf-6dc7e814f027,
dba2fd8b-7535-4122-9343-a5d416cb2f59,Spicy Box - Chi nhánh 3,"L3-01a1, Tầng 3, TTTM MM SUPERCENTER, 167 Đường Nguyễn Sinh Sắc, Khu vực phía Đông Nam ký túc xá sinh viên, Phường Hòa Khánh, Đà Nẵng",Dang hoat dong,bb105ef3-f758-42a1-9186-8c84e2848654,
dbdbda3d-affd-469e-ae41-988780d7e542,Lotteria Big C Garden,"Tầng 1 Mễ Trì, P. Mễ Trì, Quận Từ Liêm, Hà Nội",Dang hoat dong,5c729ab1-749a-46f4-ac2b-b56ab6d53565,Hà Nội
dbea5f3c-3971-4788-becf-9edf6c246097,Dookki Việt Nam - Chi nhánh 79,"L1-03, Tầng L1, TTTM Vincom Uông Bí, Khu đô thị Yên Thanh, Phường Yên Thanh, Thành phố Uông Bí, Quảng Ninh",Dang hoat dong,180c5646-2a62-489d-8685-a93a8c7201e6,
dc5cadec-9cb9-4aae-afa5-a9816b866765,Dookki Việt Nam VINCOM TRẦN DUY HƯNG,"Tầng 4 Vincom Trần Duy Hưng, số 119 Trần Duy Hưng, Trung Hoà, Cầu Giấy, Hà Nội",Dang hoat dong,180c5646-2a62-489d-8685-a93a8c7201e6,Hà Nội
dc81ce05-7391-465a-8f45-c7c0630bd0ed,Chicken Plus - Chi nhánh 33,"52 Bà Triệu, P. 4, Thành phố Đà Lạt, Lâm Đồng",Dang hoat dong,1114dccd-810f-4887-a534-7c2316871312,
dd2cc215-da6e-4c34-8b66-2afaf9f05702,Dookki Việt Nam - Chi nhánh 73,"Siêu thị Co.opmart Vĩnh Phúc- Tòa nhà TTTM Soiva. Plaza, đường Mê Linh, phường Khai Quang, thành phố Vĩnh Yên, Vĩnh Phúc.",Dang hoat dong,180c5646-2a62-489d-8685-a93a8c7201e6,
dd892d35-abb6-4e64-b1b5-4dfcf43e9b8b,Lotteria Hồng Bàng,"801 Hồng Bàng, P. 9, Quận 6, Hồ Chí Minh",Dang hoat dong,5c729ab1-749a-46f4-ac2b-b56ab6d53565,Hồ Chí Minh
de553c0d-af8a-46c6-aed5-69a270307dab,Lotteria Bến xe Miền Đông,"292 Đinh Bộ Lĩnh, P. 26, Quận Bình Thạnh, Hồ Chí Minh",Dang hoat dong,5c729ab1-749a-46f4-ac2b-b56ab6d53565,Hồ Chí Minh
def9b09e-9999-485e-995c-a0955f1fc6da,Dookki Việt Nam - Chi nhánh 87,"Tầng 3, Chợ Phủ, Thị trấn Khoái Châu, Huyện Khoái Châu, Hưng Yên",Dang hoat dong,180c5646-2a62-489d-8685-a93a8c7201e6,
df96d03a-a296-4881-8238-bf60b47219e6,Spicy Box Giga Mall,"L5-22 Lầu 5 GigaMall, 242 Phạm Văn Đồng, P. Hiệp Bình Chánh, Quận Thủ Đức, Hồ Chí Minh",Dang hoat dong,bb105ef3-f758-42a1-9186-8c84e2848654,Hồ Chí Minh
dfc98976-f7a2-4a28-9316-067288f0aaa9,Life4cuts - Chi nhánh 15,"Tầng 1, TTMS Aeon Bình Dương Canary, Số 1, Đại lộ Bình Dương, Khu phố Bình Giao, P. Thuận Giao, Thành Phố Thuận An, Bình Dương",Dang hoat dong,ec461027-a973-418e-90bf-6dc7e814f027,
dff77033-6f65-43ea-8119-fd47d31e27dc,Hệ thống Thẩm mỹ viện Ngọc Dung - Chi nhánh 8,"234B-234C, Trần Hưng Đạo, Phường Ninh Kiều, Thành phố Cần Thơ, Việt Nam",Dang hoat dong,c4b32ba0-c514-4b61-8df1-f2afdf45b8db,
e0087a7a-5c0e-4209-93ac-c6ccc81a60b0,Spicy Box - Chi nhánh 14,"1S23+24 TTTM Go! Đồng Nai số 833, đường Xa Lộ Hà Nội, Phường Long Hưng, Đồng Nai",Dang hoat dong,bb105ef3-f758-42a1-9186-8c84e2848654,
e030fdf4-eed0-4010-a8c0-a88033efabb2,Dookki Việt Nam VINCOM MEGA MALL OCEAN PARK,"Tầng 4, Vincom Mega Mall Ocean Park, Đa Tốn, Gia Lâm, Hà Nội",Dang hoat dong,180c5646-2a62-489d-8685-a93a8c7201e6,Hà Nội
e0d09b7a-24d7-4999-b984-849bbe22b315,Lotteria - Chi nhánh 19,"Tầng 3, Vincom Bắc Kan, Số 8A Đức Xuân, Bắc Kạn",Dang hoat dong,5c729ab1-749a-46f4-ac2b-b56ab6d53565,
e10adebb-91c5-4f58-9c14-1b9471ae8a16,Tiny kidzooona AEON MALL Long Biên,"Lô 3F-1, tầng 3, Aeon Mall Long Biên, Số 27 đường Cổ Linh, Phường Long Biên, Thành phố Hà Nội, Việt Nam",Dang hoat dong,c4b4baf9-845c-4c3d-94ad-b851a15b6984,Hà Nội
e117a3fa-c3d5-46c8-9b6b-675129c4d1e5,Spicy Box - Chi nhánh 12,"2F 55A Tầng 2, TTTM Nha Trang Center số 20 Trần Phú, Lộc Thọ, Nha Trang, Khánh Hòa",Dang hoat dong,bb105ef3-f758-42a1-9186-8c84e2848654,
e143786b-ae04-43cd-a98b-4d3c04acce34,Dookki Việt Nam - Chi nhánh 91,"Tầng 1, Go ! Nam Định, Trung Tâm Thương Mại Siêu thị Thiên Trường, Phường Lộc Hòa, Nam Định",Dang hoat dong,180c5646-2a62-489d-8685-a93a8c7201e6,
e1fd3d0c-379d-43fd-a804-6e0625330ca0,Dookki Việt Nam - Chi nhánh 114,"L1-02B, Tầng L1, TTTM Vincom Long Thành, Số 251 Đường Lê Duẩn, Thị Trấn Long Thành, Huyện Long Thành, Đồng Nai",Dang hoat dong,180c5646-2a62-489d-8685-a93a8c7201e6,
e2219ff9-2a65-49ee-b69a-c5272a2847cc,Dookki Việt Nam - Chi nhánh 99,"Lô L4-06, tầng L4, TTTM Vincom Plaza Đông Hà, 252 đường Hùng Vương, phường Đông Lương, thành phố Đông Hà, Quảng Trị",Dang hoat dong,180c5646-2a62-489d-8685-a93a8c7201e6,
e25ccca6-48b6-40b3-94e6-fbc5322abedd,Lotteria Ngô Tất Tố,"72 Ngô Tất Tố, Phường 19, Quận Bình Thạnh, Hồ Chí Minh",Dang hoat dong,5c729ab1-749a-46f4-ac2b-b56ab6d53565,Hồ Chí Minh
e273ec7c-43b4-43ae-97c3-39c887e23080,Chicken Plus Vinhome Grand Park (HCM),"S6.05, Vinhomes Grand Park, Quận 9, Hồ Chí Minh",Dang hoat dong,1114dccd-810f-4887-a534-7c2316871312,Hồ Chí Minh
e2feebde-c827-494b-bd20-9067942b4fa7,Chicken Plus - Chi nhánh 44,"Đường Hùng Vương, Phường Phú Mỹ, Bà Rịa – Vũng Tàu",Dang hoat dong,1114dccd-810f-4887-a534-7c2316871312,
e309444a-d085-4566-b9ff-ccae62aa789f,Spicy Box - Chi nhánh 20,"Lầu 3, TTTM Vincom Plaza Hậu Giang, 1 đường 3/2, Phường 5, Vị Thanh, Hậu Giang",Dang hoat dong,bb105ef3-f758-42a1-9186-8c84e2848654,
e39e59fd-d580-4ad7-9abb-40a3f2abd858,Dookki Việt Nam - Chi nhánh 95,"Tầng L5 TTTM Vincom Plaza Vinh, Khu chung cư Quang Trung, Phường Thành Vinh, Nghệ An",Dang hoat dong,180c5646-2a62-489d-8685-a93a8c7201e6,
e3d1c3a0-3599-4c77-8d8f-ee2bd2d631f6,Dookki Việt Nam - Chi nhánh 31,"Tầng 3 Aeon Mall Bình Tân, Số 1 Đường Số 17A, Khu phố 11, Bình Tân, Hồ Chí Minh",Dang hoat dong,180c5646-2a62-489d-8685-a93a8c7201e6,
e3d32f59-52e8-4fed-b071-6948a8a30bbd,Dookki Việt Nam ROYAL CITY HN,"Tầng hầm R3 Vincom Royal City, Số 72 Nguyễn Trãi, Thượng Đình, Thanh Xuân, Hà Nội",Dang hoat dong,180c5646-2a62-489d-8685-a93a8c7201e6,Hà Nội
e3eae30b-0447-44b1-974d-2988aefe3d48,Lotteria Big C Thăng Long,"Tầng 2 Big C Thăng Long, 222 Trần Duy Hưng, P. Trung Hòa, Quận Cầu Giấy, Hà Nội",Dang hoat dong,5c729ab1-749a-46f4-ac2b-b56ab6d53565,Hà Nội
e4561f83-ea1d-4aa9-8a7f-1acfa9f57bd2,Sườn Mười Vũ Phạm Hàm,128 Vũ Phạm Hàm - Cầu Giấy - Hà Nội,Dang hoat dong,fd61f2bf-6655-4239-955b-b2ddd14c63c6,Hà Nội
e464c159-3d70-4163-b0d8-70800063b754,Dookki Việt Nam - Chi nhánh 8,"Lô L4-01, Tầng 4, Central Premium 854-856 Tạ Quang Bửu, Phường 5, Quận 8, Hồ Chí Minh",Dang hoat dong,180c5646-2a62-489d-8685-a93a8c7201e6,
e4cb2a40-68f1-4acd-a996-b4a3d061b6d8,Spicy Box THISO SALA,"Tầng hầm B1, Khu cao ốc văn phòng - thương mại - dịch vụ tại lô 5.5, số 8-10 đường Mai Chí Thọ, Phường An Khánh, Hồ Chí Minh",Dang hoat dong,bb105ef3-f758-42a1-9186-8c84e2848654,Hồ Chí Minh
e527e2df-129e-43ad-8b77-8ad071b2fa43,ĐÀI QUAN SÁT LOTTE CENTER,"54 Liễu Giai, Ba Đình, Hà Nội",Dang hoat dong,b96a40c9-5279-4b15-92cc-14433cb91784,Hà Nội
e52b5dce-bd72-4b62-8f75-e9a3e82dd899,Nguyễn Trãi 12,"34 Nguyễn Trãi, An Đông, Hồ Chí Minh",Dang hoat dong,e4147ade-8f13-4bcb-ab88-9a6a864cc632,TP. Hồ Chí Minh
e5ab09ff-1ebd-4f0e-ad33-1d9a2cbc6cac,Lotteria - Chi nhánh 23,"TTTM Big C Việt Trì, Nguyễn Tất Thành, P. Thanh Miếu, Việt Trì, Phú Thọ",Dang hoat dong,5c729ab1-749a-46f4-ac2b-b56ab6d53565,
e5ae13b6-b800-4769-8228-5862bc330697,Lotteria - Chi nhánh 14,"Lô 01, KDC Hưng Phú 1, P. Hưng Phú, Quận Cái Răng, Cần Thơ",Dang hoat dong,5c729ab1-749a-46f4-ac2b-b56ab6d53565,
e607b15b-d7c2-4fa2-b1ff-ea1039a84716,Lotteria - Chi nhánh 60,"03 Phan Chu Trinh, P. Quang Vinh, Biên Hòa, Đồng Nai",Dang hoat dong,5c729ab1-749a-46f4-ac2b-b56ab6d53565,
e62e239b-f201-48d5-96ef-2a0a7f08f0b5,Dookki Việt Nam - Chi nhánh 2,"Tầng 4, Vincom Plaza Lê Văn Việt: Số 50, Đường Lê Văn Việt, Phường Hiệp Phú, Thành phố Thủ Đức, Hồ Chí Minh",Dang hoat dong,180c5646-2a62-489d-8685-a93a8c7201e6,
e6dd3c8f-34e4-443f-b9a8-9f7ce980b1dd,Hệ thống Sườn Mười - Chi nhánh 2,"Vincom Megamall Ocean City - Văn Giang, Hưng Yên",Dang hoat dong,fd61f2bf-6655-4239-955b-b2ddd14c63c6,
e6f0b5d8-3dbc-4015-b844-35cddd7f0d5c,Ccomaya Kids Bình Thạnh,"715 Xô Viết Nghệ Tĩnh, Phường 26, Quận Bình Thạnh, TP.HCM",Dang hoat dong,ab8170c4-b8ee-48e0-b4a3-18a802d354bb,Hồ Chí Minh
e75f110b-6b97-4ff4-b6a2-f230b9d87639,Lotteria - Chi nhánh 1,"Trần Nhân Tông, Bình Than, Quận Sơn Trà, Đà Nẵng",Dang hoat dong,5c729ab1-749a-46f4-ac2b-b56ab6d53565,
e77b1127-b5ea-43c4-a131-52c0a892c6c8,Dookki Việt Nam - Chi nhánh 67,"Tầng 1 , TTTM GO! LÀO CAI Đại Lộ Trần Hưng Đạo, Đường H1, Tiểu KĐT 13, Phường Bắc Lệnh, Lào Cai",Dang hoat dong,180c5646-2a62-489d-8685-a93a8c7201e6,
e792db0a-489e-4988-bfc3-5c979bfe2a73,AdventureS,"Tầng L3, Toà Nam, TTTM Hanoi Centre, 175 Nguyễn Thái Học, P. Ô Chợ Dừa, Hà Nội",Dang hoat dong,8bafce75-fceb-43d7-b301-1d48b9e4de54,Hà Nội
e8a6823d-a409-4e4e-86ee-351e88f82453,Chicken Plus - Chi nhánh 32,"31 Hai Bà Trưng, Thắng Lợi, Buôn Ma Thuột",Dang hoat dong,1114dccd-810f-4887-a534-7c2316871312,
e8d1ae68-f47d-4293-bcd6-f0343b73e06e,Dookki Việt Nam - Chi nhánh 129,"Tầng 5 Vincom Plaza Rạch Giá, Kiên Giang, Lô A12, Khu Phố 1, Đường Cô Bắc, Phường Vĩnh Bảo, Thành Phố Rạch Giá, Kiên Giang",Dang hoat dong,180c5646-2a62-489d-8685-a93a8c7201e6,
e9883f5d-ee9f-4615-af18-6ddd5d5e0b79,Lotteria Bạch Mai,"437 Bạch Mai, P. Trương Định, Quận Hai Bà Trưng, Hà Nội",Dang hoat dong,5c729ab1-749a-46f4-ac2b-b56ab6d53565,Hà Nội
ea09404d-2543-476d-a69e-8ae77e16d5b1,Airport Connects - Chi nhánh 3,"Tầng 4, Ga T1, Cảng HKQT Đà Nẵng (Đối diện cửa ra tàu bay số 6)",Dang hoat dong,b45bd7b0-c853-42b4-8df6-678e74dcdabf,
ea3e66d5-80dd-43b8-b7a9-a01d1fd93222,Lotteria Hàng Than,"23 Hàng Thanh, P. Nguyễn Trung Trực, Quận Ba Đình, Hà Nội",Dang hoat dong,5c729ab1-749a-46f4-ac2b-b56ab6d53565,Hà Nội
ea438d89-21bf-4c6c-a3da-6edcd640a25a,Tiny kidzooona AEON MALL Long Biên,"Lô 3F-1, tầng 3, Aeon Mall Long Biên, Số 27 đường Cổ Linh, Phường Long Biên, Thành phố Hà Nội, Việt Nam",Dang hoat dong,5b61f219-490e-4265-b3d1-1ba7728af1ea,Hà Nội
ea457754-0a9a-4170-82a4-10c904e104c1,LifeLink Hồ Chí Minh,"Địa điểm tư vấn mua voucher: Số 122 Nguyễn Hoàng, phường Bình Trưng, TP.Hồ Chí Minh",Dang hoat dong,b45bd7b0-c853-42b4-8df6-678e74dcdabf,Hồ Chí Minh
eb053834-7648-4a18-95bf-104890320648,kidzooona Hanoi Centre,"L2-C10, Tầng 2, Tiến Bộ Plaza, 175 đường Nguyễn Thái Học, Phường Ô Chợ Dừa, TP. Hà Nội",Dang hoat dong,be9c629a-73a7-4f3a-ac22-08a886cd24df,Hà Nội
eb33083f-d353-41f4-97f3-9c3fe1daf36e,Dookki Việt Nam - Chi nhánh 64,"125 &127 Nguyễn Thị Minh Khai, Phường Kinh Bắc, Tỉnh Bắc Ninh",Dang hoat dong,180c5646-2a62-489d-8685-a93a8c7201e6,
eb52b39e-1686-4725-b826-64e7d34e6770,Dookki Việt Nam SAVICO LONG BIÊN,"Tầng 3, TTTM Tasco Mall Long Biên, 7-9 Nguyễn Văn Linh, Long Biên, Hà Nội",Dang hoat dong,180c5646-2a62-489d-8685-a93a8c7201e6,Hà Nội
eb740dfa-2054-49d1-91d5-aa2437bc4404,Chicken Plus Nguyễn Văn Khối (HCM),"261 Nguyễn Văn Khối, P. 8, Quận Gò Vấp, Hồ Chí Minh",Dang hoat dong,1114dccd-810f-4887-a534-7c2316871312,Hồ Chí Minh
eba5ec05-342e-48fc-8f9c-3af9d6ea71fd,Life4cuts - Chi nhánh 2,"Tầng 3, Aeon Mall Hà Đông, P. Dương Nội, Quận Hà Đông, Hà Nội",Dang hoat dong,ec461027-a973-418e-90bf-6dc7e814f027,
ebf18ebb-1511-4cb7-a3f5-cf38ba91d2e7,Dookki Việt Nam - Chi nhánh 17,"Tầng 4 Vincom Thủ Đức - 216 Võ Văn Ngân, Thành phố Thủ Đức, Hồ Chí Minh",Dang hoat dong,180c5646-2a62-489d-8685-a93a8c7201e6,
ed7ab919-f44f-4046-bd88-88afb5f2825a,Chicken Plus - Chi nhánh 42,"772 Nguyễn Chí Thanh, Phường Hiệp An, Thủ Dầu Một, Bình Dương",Dang hoat dong,1114dccd-810f-4887-a534-7c2316871312,
ee0d1c8c-2035-4bab-934a-b6e03b7b9f0c,Dookki Việt Nam - Chi nhánh 1,"L4-03 thuộc Tầng 4 TTM Satra Võ Văn Kiệt, 1466 Võ Văn Kiệt, Phường 3, Quận 6, Hồ Chí Minh",Dang hoat dong,180c5646-2a62-489d-8685-a93a8c7201e6,
eeb82e1b-91f6-4b63-969b-973a83942ce3,Lotteria - Chi nhánh 79,"15 Trương Định - 11 Phan Đình Phùng, KP. 01, P. 1, Thị xã Gò Công, Tiền Giang",Dang hoat dong,5c729ab1-749a-46f4-ac2b-b56ab6d53565,
ef1e7754-97d4-4af1-8ada-9324acf962b7,Chicken Plus Quách Điêu (HCM),"105 Quách Điêu, xã Vĩnh Lộc A, huyện Bình Chánh, Hồ Chí Minh",Dang hoat dong,1114dccd-810f-4887-a534-7c2316871312,Hồ Chí Minh
ef3262c8-ec4b-4646-86e8-05bf2973e06b,Bảo tàng Làng Chài Xưa - Chi nhánh 1,"Địa điểm tư vấn mua voucher: Tầng 12A Tòa văn phòng - TTTM ROX Tower Goldmark City 136 Hồ Tùng Mậu, phường Phú Diễn, Hà Nội",Dang hoat dong,56421ca4-8d1a-4538-9b40-26b52c10e6ad,
f01613a7-8162-4e07-921b-360996b718f1,Lotteria - Chi nhánh 64,"Quốc Lộ 51, KP 1, P. Long Bình Tân, Biên Hòa, Đồng Nai",Dang hoat dong,5c729ab1-749a-46f4-ac2b-b56ab6d53565,
f0a9490b-1c53-4fa5-837e-02e6f2fb5c5a,Spicy Box Vạn Hạnh Mall,"Tầng hầm Vạn Hạnh Mall, 11 Sư Vạn Hạnh, P. 12, Quận 10, Hồ Chí Minh",Dang hoat dong,bb105ef3-f758-42a1-9186-8c84e2848654,Hồ Chí Minh
f0cf72f8-e25e-49ad-acf8-f26be2ae4527,Lotteria Tô Hiến Thành,"307A (số cũ 155A) Tô Hiến Thành, P. 13, Quận 10, Hồ Chí Minh",Dang hoat dong,5c729ab1-749a-46f4-ac2b-b56ab6d53565,Hồ Chí Minh
f1dd0533-a34f-455f-b63d-209e7604b47d,Dookki Việt Nam - Chi nhánh 107,"Tầng 6, TTTM Gold Coast, số 01 Trần Hưng Đạo, Lộc Thọ, Thành phố Nha Trang, Khánh Hòa",Dang hoat dong,180c5646-2a62-489d-8685-a93a8c7201e6,
f1f0d2d9-7084-4a45-82e4-fc9deb1e4484,Dookki Việt Nam VINCOM CENTER PHẠM NGỌC THẠCH HN,"Tầng 6, 02 Phạm Ngọc Thạch, Trung Tự, Đống Đa, Hà Nội",Dang hoat dong,180c5646-2a62-489d-8685-a93a8c7201e6,Hà Nội
f242726a-d491-434f-813a-cc85bdab3391,Chicken Plus - Chi nhánh 17,"32 Minh Khai, Phường Minh Khai, Hà Giang",Dang hoat dong,1114dccd-810f-4887-a534-7c2316871312,
f2e26f34-1ab0-458e-b16e-e374e6b04551,Lotteria Tân Mai,"Toà nhà Mandarin Garden 2, Số 493 Tân Mai, P. Tân Mai, Quận Hoàng Mai, Hà Nội",Dang hoat dong,5c729ab1-749a-46f4-ac2b-b56ab6d53565,Hà Nội
f31a9359-b27f-441e-afe9-312b7d4976cb,kidzooona Sense City Cần Thơ,"L2-11, Lầu 2; L3-03 và L3-05, Lầu 3, TTTM Sense City Cần Thơ, số 01 Đại Lộ Hòa Bình, Phường Ninh Kiều, Thành phố Cần Thơ, Việt Nam",Dang hoat dong,574edd70-5aeb-4afd-9791-8d80828e1550,Cần Thơ
f31d0637-69ff-46c3-ae20-73b93a8b0dd0,Chicken Plus Tôn Đản (HCM),"241 Tôn Đản, Phường 15, Quận 4, Hồ Chí Minh",Dang hoat dong,1114dccd-810f-4887-a534-7c2316871312,Hồ Chí Minh
f3af8dd9-bb6b-41b8-abb0-6970ebc3995b,Life4cuts Central Market Lê Lai,"90 Lê Lai, Phường Phạm Ngũ Lão, Quận 1, Hồ Chí Minh",Dang hoat dong,ec461027-a973-418e-90bf-6dc7e814f027,Hồ Chí Minh
f3df1194-0d76-4a55-91da-11e63d230c20,Spicy Box - Chi nhánh 9,"L4-05 Vincom Plaza, 26 Lê Thánh Tôn, Phường Nghĩa Chánh, Quảng Ngãi",Dang hoat dong,bb105ef3-f758-42a1-9186-8c84e2848654,
f41344f9-25ef-45f5-900e-a045ebb1dbb8,Spicy Box - Chi nhánh 11,"1K10+14 Go! Mall Nha Trang Lô số 4, đường 19/5, Khu đô thị Vĩnh Điềm Trung, Xã Vĩnh Hiệp, Nha Trang, Khánh Hòa",Dang hoat dong,bb105ef3-f758-42a1-9186-8c84e2848654,
f43d9757-50aa-492b-94d0-936d7c35b646,Dookki Việt Nam - Chi nhánh 130,"Lầu 5 Vincom Plaza An Giang, Số 1242 Trần Hưng Đạo, Mỹ Bình,Thành phố Long Xuyên, An Giang",Dang hoat dong,180c5646-2a62-489d-8685-a93a8c7201e6,
f5aca147-ae7e-43aa-9ddf-77f62efcf272,Chicken Plus - Chi nhánh 5,"27 Bạch Mai, Quận Hai Bà Trưng, Hà Nội",Dang hoat dong,1114dccd-810f-4887-a534-7c2316871312,
f6525313-f60b-4e1d-8290-4961cec614f5,Dookki Việt Nam - Chi nhánh 28,"Tầng 4 Vincom Gò Vấp - 12 Phan Văn Trị, Phường 7, Quận Gò Vấp, Hồ Chí Minh",Dang hoat dong,180c5646-2a62-489d-8685-a93a8c7201e6,
f6e0dfb4-e40a-4c5e-938f-b22ed1c15abf,Dookki Việt Nam - Chi nhánh 45,"Gian hàng 1S5, Tầng 1 TTTM Go! Đà Nẵng, Số 255-257 Hùng Vương, Phường Thạc Gián, Đà Nẵng",Dang hoat dong,180c5646-2a62-489d-8685-a93a8c7201e6,
f71b655b-c53b-4efc-9213-e7f148f8f494,Lotteria Huỳnh Tấn Phát,"573 Huỳnh Tấn Phát, P. Tân Thuận Đông, Quận 7, Hồ Chí Minh",Dang hoat dong,5c729ab1-749a-46f4-ac2b-b56ab6d53565,Hồ Chí Minh
f781feae-f0ae-4568-9595-223221955cac,Lotteria - Chi nhánh 36,"TTTM Big C Vinh, 02 Quang Trung, Vinh, Nghệ An",Dang hoat dong,5c729ab1-749a-46f4-ac2b-b56ab6d53565,
f79636f0-5446-4045-9584-2b995f6fb5ae,Sân bay Quốc tế Tân Sơn Nhất,"Nhà ga T2, sân bay Tân Sơn Nhất, 36 Trường Sơn, Tân Sơn Hòa, Hồ Chí Minh",Dang hoat dong,195ea851-59dd-4e70-ad76-71d0ea76db64,Hồ Chí Minh
f7a62c48-2137-47df-87fb-4f8a4a35bbfd,Lotteria Xa La,"Tầng 1 CT 4A.B KĐT Xa La, xã Phúc La, Quận Hà Đông, Hà Nội",Dang hoat dong,5c729ab1-749a-46f4-ac2b-b56ab6d53565,Hà Nội
f7d719ee-6eac-4ffe-bfdd-2bd1a758a588,Sân bay Quốc tế Cam Ranh CIAS - Chi nhánh 1,"Địa điểm tư vấn mua voucher: Số 122 Nguyễn Hoàng, phường Bình Trưng, TP.Hồ Chí Minh",Dang hoat dong,57300452-7745-419b-90f4-9e8d2a07bc3f,
f807fc0c-3ee2-431f-8d8a-adf3824c843b,Lotteria Hoàn Kiếm,"7-9 Đinh Tiên Hoàng, P. Hàng Bạc, Quận Hoàn Kiếm, Hà Nội",Dang hoat dong,5c729ab1-749a-46f4-ac2b-b56ab6d53565,Hà Nội
f809f389-00eb-45fc-9721-71ac9926941f,LifeLink Hà Nội,"Tầng 12A Tòa văn phòng - TTTM ROX Tower Goldmark City 136 Hồ Tùng Mậu, phường Phú Diễn, Hà Nội.",Dang hoat dong,afd47b2f-2348-4a30-8733-0b3ddf8e0d95,Hà Nội
f831576c-290c-43d0-88f6-fad29a6456e5,Khu vui chơi B - Zone Thảo Điền,"Lô L5 - 02 - 04, tầng L5, TTTM Vicom Mega Mall Thảo Điền. Số 161 Võ Nguyên Giáp phường Thảo Điền TP Thủ Đức Hồ Chí Minh",Dang hoat dong,aac5368a-3bf3-427f-ab4c-99fca4f00eea,Hồ Chí Minh
f8406140-e428-4df3-beeb-83ff6f4afed9,Lotteria - Chi nhánh 69,"TTTM Green Square, P. Đông Hòa, Thị xã Dĩ An, Bình Dương",Dang hoat dong,5c729ab1-749a-46f4-ac2b-b56ab6d53565,
f842ec56-5095-49d4-9e6a-4107fbdc1ef1,Phòng khám Sun Avenue,"114 Đường 51, Phường Bình Trưng, TP.HCM",Dang hoat dong,e8acc2e0-6d3e-4b9f-8e28-78e11edc73e7,Hồ Chí Minh
f8b6e462-49bb-4e76-b099-c0133274a3bd,Lotteria - Chi nhánh 78,"Shop GF-01, Ấp Thanh Ba, Xã Mỹ Lộc, Thị trấn Cần Giuộc, Huyện Cần Giuộc, Long An",Dang hoat dong,5c729ab1-749a-46f4-ac2b-b56ab6d53565,
f8e2a9b6-ce46-4b68-9cf9-56242418f3b9,Dookki Việt Nam - Chi nhánh 104,"Tầng Trệt, Co.opmart Pleiku, Số 21 Đường Cách Mạng Tháng 8, Phường Hoa Lư, Thành phố Pleiku, Gia Lai",Dang hoat dong,180c5646-2a62-489d-8685-a93a8c7201e6,
f9cf137d-8c85-4841-8290-afd63ee0ccfc,Dookki Việt Nam - Chi nhánh 27,"Tầng 4, Vincom Plaza Hòa Bình, Đồng Tiến, Hòa Bình",Dang hoat dong,180c5646-2a62-489d-8685-a93a8c7201e6,
fa132da8-1075-4a57-b5fd-def69db0e50f,Life4cuts - Chi nhánh 12,"Tầng 3, AEON MALL Hải Phòng Lê Chân, 10 Võ Nguyên Giáp, P. Dư Hàng Kênh, Quận Lê Chân, Hải Phòng",Dang hoat dong,ec461027-a973-418e-90bf-6dc7e814f027,
fa2f7a12-ed35-41aa-935c-2a30e60fa8ef,Chicken Plus - Chi nhánh 12,"212 Trưng Trắc, P. Trưng Trắc, Phúc Yên, Vĩnh Phúc",Dang hoat dong,1114dccd-810f-4887-a534-7c2316871312,
faa1753e-7ca7-4b88-9e05-c80806524c94,Lotteria Vinhomes Ocean Park,"SH20.21 Tòa S1.05 Vinhomes Ocean Park, xã Đa Tốn, Huyện Gia Lâm, Hà Nội",Dang hoat dong,5c729ab1-749a-46f4-ac2b-b56ab6d53565,Hà Nội
fac9d469-6676-49f0-b064-b9c77feb0f76,Nguyễn Trãi 12,"278, Nguyễn Trãi",Dang hoat dong,2eb17ab4-16e6-4986-bd50-62f48e311f1c,TP. Hồ Chí Minh
faea6673-d730-47bf-a3d3-dc0df145b0d9,Lotteria Nguyễn Khánh Toàn,"103DN11 Nguyễn Khánh Toàn, P. Quan Hoa, Quận Cầu Giấy, Hà Nội",Dang hoat dong,5c729ab1-749a-46f4-ac2b-b56ab6d53565,Hà Nội
fc25783f-f245-4673-9f9a-1aa2f9f25465,Chicken Plus Mỹ Phước 3 (Bình Dương),"Ô 23 Lô L67, Đường NE8, Khu phố 3A, P. Thới Hoà, Bến Cát, Bình Dương",Dang hoat dong,1114dccd-810f-4887-a534-7c2316871312,Hồ Chí Minh
fc75d94c-f1a6-48ae-aa89-9a89a5e4649b,Lotteria Huỳnh Thúc Kháng,"63 Huỳnh Thúc Kháng, P. Láng Hạ, Quận Đống Đa, Hà Nội",Dang hoat dong,5c729ab1-749a-46f4-ac2b-b56ab6d53565,Hà Nội
fec35770-98cd-402b-ac8e-4f6fae68d090,Chicken Plus 19/5 (T. Nha Trang),"Căn 7F đường 19/5, CT2 KDT Vĩnh Điềm Trung, Xã Vĩnh Hiệp, Nha Trang, Khánh Hòa",Dang hoat dong,1114dccd-810f-4887-a534-7c2316871312,Khánh Hòa
fecde82b-865e-4123-bad5-99a57a054566,kidzooona LOTTE MART Quận 7,"2F-01, Tầng 2, LOTTE MART Quận 7 (SGN), 469 Nguyễn Hữu Thọ, Phường Tân Hưng, TP. HCM",Dang hoat dong,6924b9d8-d647-48dc-b64b-fa3bb3ce73f1,Hồ Chí Minh
ff61b873-d898-4c2b-a9dc-9698d127f53d,Địa điểm sử dụng - Bảo tàng Làng Chài Xưa,"360 Nguyễn Thông, Phú Hài, Phan Thiết, Lâm Đồng",Dang hoat dong,56421ca4-8d1a-4538-9b40-26b52c10e6ad,Lâm Đồng
ff6bd764-e751-4908-96c5-3265866c3212,Chicken Plus - Chi nhánh 15,"Đường Âu Cơ, Thị trấn Hồ, Thuận Thành, Bắc Ninh",Dang hoat dong,1114dccd-810f-4887-a534-7c2316871312,