ma_voucher,ten_voucher,mo_ta,gia_goc,gia_tri_giam,dieu_kien_ap_dung,so_luong_phat_hanh,tg_bat_dau_ban,tg_ket_thuc_ban,trang_thai,chinh_sach_hoan_huy,hinh_anh_url,so_luong_da_ban,ma_danh_muc
01259490-9543-4daf-9f53-ed85f6bc7429,Tour City Sightseeing 4 tiếng tham quan Huế vé người lớn - Khách Việt Nam bao gồm Lễ Tết,"Khám phá các điểm tham quan nổi tiếng của thành phố Huế trong tour xe buýt hai tầng như bến thuyền Toà Khâm, chợ Đông Ba, Phu Văn Lâu, Quốc Học Huế...
Dịch vụ xe buýt vô cùng tiện lợi khi bạn có thể tùy chọn điểm xuống.
Miễn phí sách hướng dẫn với bản đồ, lịch trình và các điểm tham quan phổ biến.
Hỗ trợ thuyết minh nhiều ngôn ngữ: Tiếng Hàn, Nga, Đức, Anh, Việt, Tây Ban Nha, Pháp, Trung, Nhật mỗi khách  lên xe được phát 01 tai nghe (sử dụng cho máy thuyết minh tự động), 01 tờ bản đồ lộ trình.",150000.00,141000.00,"Khách hàng áp dụng
: Người lớn từ 12 tuổi trở lên
Thời gian hoạt động
:
Hàng ngày:Thứ 2 - Chủ nhật
Thời gian: 8h00 - 16h00
Thời gian 1 lộ trình: 100 - 110 phút/ lộ trình
Tần suất chạy: 1 tiếng có 1 chuyến
Lộ trình khởi hàn
h
1. Địa điểm khởi hành: Bến Thuyền Tòa Khâm
2. Chợ Đông Ba
3. Đại Nội – Phu Văn Lâu
4. Nhà Vườn An Hiên
5. Chùa Thiên Mụ
6. Ga Huế
7. Chùa Từ Hiếu
8. Làng Hương
9. Lăng Tự Đức
10. Lăng Khải Định
11. Đàn Nam Giao
12. Trường THPT Quốc Học Huế
13. Bến Thuyền Tòa Khâm
Phương tiện di chuyển:
Loại xe đang vận hành tại Huế
Xe Thoáng Nóc: (2 xe)
Tầng 1: 12 ghế + 2 chỗ đứng và xe lăn
Tầng 2: 42 ghế
Địa điểm đón khách
: Quầy kiosk màu đỏ với logo City Sightseeing: 49 Lê Lợi – Bến Thuyền Tòa Khâm
Dịch vụ không bao gồm
Phí vào cửa
Thức ăn và đồ uống khác
Đón và trả khách sạn
Tiền tips (không bắt buộc)
Dịch vụ tiện ích bao gồm
Khách lên xe được phát 01 tai nghe (sử dụng cho máy thuyết minh tự động), 01 tờ bản đồ lộ trình.
Khách được mượn nón khi nắng.
Trên xe có nhân viên hỗ trợ và giải đáp thông tin cho khách
Ngôn ngữ thuyết minh qua audio (9 ngôn ngữ): Tiếng Hàn, Nga, Đức, Anh, Việt, Tây Ban Nha, Pháp, Trung, Nhật
Lưu ý
:
Vé có giá trị lên xuống trong vòng 4 tiếng kể từ lần đầu tiên khách lên trên xe.
Trẻ em từ 6 - 11 tuổi sẽ tính vé theo bảng giá vé.
Trẻ em dưới 6 tuổi sẽ miễn phí, ngồi trên lòng người lớn. 1 người lớn sẽ kèm theo 1 bé dưới 6 tuổi.
Khách hàng phải làm thủ tục check in hoặc đổi vé điện tử/voucher tại bến xe trước khi sử dụng vé.
Hotline đặt tour & tư vấn
: 19002065
Điều kiện hoãn/huỷ tour
: Voucher không hoàn hủy
Điều kiện khác
Áp dụng 01 E-Voucher/E-Coupon cho 01 khách
Một khách hàng được mua nhiều E-Voucher/E-Coupon
E-Voucher/E-Coupon không có giá trị quy đổi thành tiền mặt, không trả lại tiền thừa.
Không áp dụng đồng thời với chương trình khuyến mại khác",100,2026-08-23 00:00:00+00,2026-11-21 00:00:00+00,Dang ban,Không quy đổi thành tiền mặt. Hỗ trợ hoàn tiền nếu hủy trước 24h.,//cdn.lifelink.vn/img/c280x280/ADD-City-Sightseeing-11_15062026112829.jpg?sign=rMxVOom5ndNamocT_anKFA,0,40000000-0000-0000-0000-000000000003
020db5f4-4c11-4d6c-bf44-71ed6947e944,Tour City Sightseeing 4 tiếng tham quan Hà Nội vé trẻ em bao gồm Lễ Tết,"Voucher áp dụng cho ""Tour City Sightseeing tham quan thành phố Hà Nội 4 tiếng - Vé trẻ em"".
Khi sử dụng voucher, du khách sẽ được qua 12 điểm thăm quan nổi tiếng của Hà Nội: Vườn hoa Con Cóc - Bưu điện Hà Nội - Cột cờ Hà Nội - Hoàng thành Thăng Long - Đền Quán Thánh - Chùa Trấn Quốc - Lăng Chủ tịch Hồ Chí Minh - Văn Miếu Quốc Tử Giám - Nhà tù Hoả Lò - Nhà thờ Lớn - Bảo tàng Phụ nữ Việt Nam - Nhà hát Lớn Hà Nội.
Được thành lập vào tháng 01/2018, Công ty Cổ Phần Ngắm Cảnh Việt Nam –VietNam (VietNam Sightseeing JSC) là một trong những nhà điều hành xe tham quan hai tầng đầu tiên tại Việt Nam.
Tháng 11/2018, công ty đã khai trương dịch vụ xe tham quan hai tầng mang tên gọi “Thăng Long – Hà Nội city tour” với 13 điểm dừng là các điểm tham quan nổi tiếng ở Hà Nội.
Đến tháng 06/2019 tuyến tham quan du lịch thành phố” Hạ Long city tour “Với 09 điểm dừng được ra mắt tại thành phố Hạ Long, tỉnh Quảng Ninh.
Năm 2020, công ty đã ký kết thành công với Thương hiệu toàn cầu City Sightseeing – tập đoàn hàng đầu thế giới về vận hành loại hình xe ngắm cảnh hai tầng thoáng nóc trên thế giới đã xuất hiện tại 6 châu lục, hơn 100 thành phố du lịch nổi tiếng tại 35 quốc gia trên thế giới; và triển khai xe tham quan hai tầng tại Hà Nội với thương hiệu quốc tế City Sightseeing Hanoi.",225000.00,212000.00,"Khách hàng áp dụng
: Trẻ em từ 6 - 11 tuổi
Thời gian hoạt động:
Các ngày trong tuần: Thứ 2 - Chủ Nhật
Thời gian: 9h15 - 17h15
Tần suất: 30’/ 1 chuyến
Thời gian: 4 tiếng/ lộ trình
Lộ trình khởi hành
1. Địa điểm khởi hành: Nhà Hát Lớn
2. Vườn hoa Con Cóc
3. Bưu Điện Hà Nội (trong tuần)
4. Phố Cổ Hà Nội (quầy thông tin Du lịch ở Hồ Gươm) (trong tuần)
5. Nhà Thờ Lớn
6. Cột Cờ Hà Nội
7. Hoàng thành Thăng Long
8. Đền Quán Thánh
9. Chùa Trấn Quốc
10. Lăng Chủ tịch Hồ Chí Minh
11. Văn Miếu - Quốc Tử Giám
12. Nhà tù Hoả Lò
13. Nhà thờ Lớn
14. Bảo tàng Phụ nữ
15. Nhà Hát Lớn
Phương tiện di chuyển
: Có 2 loại xe đang vận hành tại Hà Nội (xe chạy theo khung giờ đã được xếp)
Xe Thoáng Nóc: 5 xe
Tầng 1: 12 ghế + 2 chỗ đứng và xe lăn
Tầng 2: 42 ghế
Xe Có Mái: 1 xe
Tầng 1: 12 ghế mềm + 4 chỗ đứng và xe lăn
Tầng 2: 40 ghế (20 bên ngoài, 20 bên trong)
Địa điểm đón khách
: Địa điểm có thể đổi vé và lên xe bus 02 tầng
Điểm cố định và chính (từ thứ 2 đến Chủ Nhật)
Quầy kiosk màu đỏ với logo City Sightseeing: vườn hoa 19/8 (đối diện với khách sạn Hilton đường Lê Thánh Tông)
Quầy Thông tin Du Lịch: Đối diện 13 Đinh Tiên Hoàng – Hồ Hoàn Kiếm – Hà Nội
Quầy di động: Trước Nhà Hát Múa Rối Nước Thăng Long – số 57B Đinh Tiên Hoàn
Dịch vụ không bao gồm
Phí vào cửa
Thức ăn và đồ uống khác
Đón và trả khách sạn
Tiền tips (không bắt buộc)
Dịch vụ tiện ích bao gồm
Khách lên xe được phát 01 tai nghe (sử dụng cho máy thuyết minh tự động), 01 tờ bản đồ lộ trình.
Khách được mượn nón khi ngồi trên xe bus 02 tầng.
Khách được phát áo mưa khi trời mưa.
Ngôn ngữ thuyết minh qua audio (10 ngôn ngữ): Tiếng Việt, Anh, Pháp, Trung, Hàn, Nhật, Tây Ban Nha, Đức, Nga, Thái Lan.
Lưu ý
Vé có giá trị lên xuống trong vòng 4 tiếng kể từ lần đầu tiên khách lên trên xe.
Trẻ em từ 6- 11 tuổi sẽ tính vé theo bảng giá vé.
Trẻ em dưới 6 tuổi sẽ miễn phí, ngồi trên lòng người lớn. 1 người lớn sẽ kèm theo 1 bé dưới 6 tuổi.
Khách hàng phải làm thủ tục check in hoặc đổi vé điện tử/voucher tại bến xe trước khi sử dụng vé.
Xe đón được ở 2 điểm quầy ở Hồ Gươm từ thứ 2 đến 19h00 tối thứ 6 hàng tuần, sau 19.00 thứ 6 đến 21.00 tối Chủ nhật do phố đi bộ xe sẽ không đón ở đây, khách sẽ lên ở điểm Nhà Hát Lớn.
Hotline đặt tour & tư vấn
: 19002065
Điều kiện hoãn/huỷ tour
: Voucher không hoàn hủy
Điều kiện khác
Áp dụng 01 E-Voucher/E-Coupon cho 01 khách
Một khách hàng được mua nhiều E-Voucher/E-Coupon
E-Voucher/E-Coupon không có giá trị quy đổi thành tiền mặt, không trả lại tiền thừa.
Không áp dụng đồng thời với chương trình khuyến mại khác",100,2026-08-23 00:00:00+00,2026-11-21 00:00:00+00,Dang ban,Không quy đổi thành tiền mặt. Hỗ trợ hoàn tiền nếu hủy trước 24h.,//cdn.lifelink.vn/img/c280x280/ADD-City-Sightseeing-7_15062026112636.jpg?sign=4seZhUe3Lu9ewjwmYU7x3w,0,40000000-0000-0000-0000-000000000003
029f9b96-3a82-4e25-804b-a7b3081ab617,Tour City Sightseeing Ngắm cảnh Đêm 1 vòng Hà Nội vé trẻ em bao gồm Lễ Tết,"Voucher áp dụng cho ""Tham quan tour đêm City Sightseeing thành phố Hà Nội 1 vòng - Vé trẻ em"" mang đến cho quý khách những kỷ niệm khó quên.
Quý khách sẽ được ngắm nhìn Hà Nội sôi động về đêm, ngắm nhìn từng con phố lấp lánh trong ánh đèn. Những con phố đông còn quá ồn ào tấp nập, Hoàng Thành Thăng Long, Văn Miếu Quốc Tử Giám sáng rực, uy nghiêm mà lộng lẫy.
Xe buýt hai tầng Vietnam Sightseeing tại Hà Nội độc đáo, sạch sẽ.
Nhân viên phục vụ chu đáo nhiệt tình.
Nhân viên lái xe chuyên nghiệp.",110000.00,104000.00,"Khách hàng áp dụng:
Trẻ em từ 6 - 11 tuổi
Thời gian hoạt động
Các ngày trong tuần: Thứ 2 - Chủ Nhật
Thời gian: 18h00 - 20h30
Tần suất: 30’/ 1 chuyến
Thời gian: 60 - 70 phút/ lộ trình
Lộ trình khởi hành
1. Địa điểm khởi hành: Nhà Hát Lớn
2. Vườn hoa Con Cóc
3. Bưu Điện Hà Nội (trong tuần)
4. Phố Cổ Hà Nội (quầy thông tin Du lịch ở Hồ Gươm) (trong tuần)
5. Nhà Thờ Lớn
6. Cột Cờ Hà Nội
7. Hoàng thành Thăng Long
8. Đền Quán Thánh
9. Chùa Trấn Quốc
10. Lăng Chủ tịch Hồ Chí Minh
11. Văn Miếu - Quốc Tử Giám
12. Nhà tù Hoả Lò
13. Nhà thờ Lớn
14. Bảo tàng Phụ nữ
15. Nhà Hát Lớn
Phương tiện di chuyển
: Có 2 loại xe đang vận hành tại Hà Nội (xe chạy theo khung giờ đã được xếp)
Xe Thoáng Nóc: 5 xe
Tầng 1: 12 ghế + 2 chỗ đứng và xe lăn
Tầng 2: 42 ghế
Xe Có Mái: 1 xe
Tầng 1: 12 ghế mềm + 4 chỗ đứng và xe lăn
Tầng 2: 40 ghế (20 bên ngoài, 20 bên trong)
Địa điểm đón khách
: Địa điểm có thể đổi vé và lên xe bus 02 tầng
Điểm cố định và chính (từ thứ 2 đến Chủ Nhật)
Quầy kiosk màu đỏ với logo City Sightseeing: vườn hoa 19/8 (đối diện với khách sạn Hilton đường Lê Thánh Tông)
Quầy Thông tin Du Lịch: Đối diện 13 Đinh Tiên Hoàng – Hồ Hoàn Kiếm – Hà Nội
Quầy di động: Trước Nhà Hát Múa Rối Nước Thăng Long – số 57B Đinh Tiên Hoàn
Dịch vụ không bao gồm
Phí vào cửa
Thức ăn và đồ uống khác
Đón và trả khách sạn
Tiền tips (không bắt buộc)
Dịch vụ tiện ích bao gồm
Nhân viên hỗ trợ trên xe
Khách được phát áo mưa khi trời mưa.
Ngôn ngữ thuyết minh qua audio: Tour đêm sẽ ngắm cảnh và không sử dụng tai nghe nghe thuyết minh auto guide.
Lưu ý
:
Vé chỉ có giá trị sử dụng để đi 1 vòng, tính từ địa điểm khách lên đầu tiên & trả về đúng địa điểm đó. Vé không có giá trị lên xuống tại điểm, khi khách xuống vé sẽ hết hiệu lực.
Trẻ em từ 6- 11 tuổi sẽ tính vé theo bảng giá vé.
Trẻ em dưới 6 tuổi sẽ miễn phí, ngồi trên lòng người lớn. 1 người lớn sẽ kèm theo 1 bé dưới 6 tuổi.
Khách hàng phải làm thủ tục check in hoặc đổi vé điện tử/voucher tại bến xe trước khi sử dụng vé.
Xe đón được ở 2 điểm quầy ở Hồ Gươm từ thứ 2 đến 19h00 tối thứ 6 hàng tuần, sau 19.00 thứ 6 đến 21.00 tối Chủ nhật do phố đi bộ xe sẽ không đón ở đây, khách sẽ lên ở điểm Nhà Hát Lớn.
Hotline đặt tour & tư vấn
: 19002065
Điều kiện hoãn/huỷ tour
: Voucher không hoàn hủy
Điều kiện khác
Áp dụng 01 E-Voucher/E-Coupon cho 01 khách
Một khách hàng được mua nhiều E-Voucher/E-Coupon
E-Voucher/E-Coupon không có giá trị quy đổi thành tiền mặt, không trả lại tiền thừa.
Không áp dụng đồng thời với chương trình khuyến mại khác",100,2026-08-23 00:00:00+00,2026-11-21 00:00:00+00,Dang ban,Không quy đổi thành tiền mặt. Hỗ trợ hoàn tiền nếu hủy trước 24h.,//cdn.lifelink.vn/img/c280x280/ADD-City-Sightseeing-12_15062026112857.jpg?sign=dWleLfT5lfc9LTL2JIQjjw,0,40000000-0000-0000-0000-000000000003
03069af5-b8d8-4ea7-9020-d879853afff8,SH Premium Lounge Phu Quoc 2 tại Sân bay quốc tế Phú Quốc - Vé trẻ em,"Không gian phòng chờ cao cấp tại sân bay quốc tế Phú Quốc, phù hợp cho gia đình có trẻ nhỏ trước giờ khởi hành.
Thiết kế lấy cảm hứng từ biển đảo Phú Quốc với gam màu xanh dịu nhẹ, nội thất gỗ tự nhiên và ánh sáng ngập tràn.
Ghế ngồi êm ái, khu vực nghỉ ngơi riêng tư, Wi-Fi tốc độ cao và phòng tắm tiện nghi giúp hành khách thư giãn tối đa.
Thực đơn buffet đa dạng với các món Việt Nam, món Âu, bánh ngọt, trái cây và nhiều loại đồ uống hấp dẫn.
Đội ngũ nhân viên chuyên nghiệp, tận tâm, hỗ trợ hành khách chu đáo trong suốt thời gian sử dụng dịch vụ.
Trẻ em được tận hưởng không gian thoải mái, giúp hành trình của cả gia đình trở nên dễ dàng và thư thái hơn.
Dễ dàng đặt vé trẻ em trên LifeLink với nhiều ưu đãi hấp dẫn, xác nhận nhanh và thanh toán thuận tiện.",225000.00,213750.00,"Voucher bao gồm:
Mã ưu đãi 1 lượt sử dụng dịch vụ phòng chờ SH Premium Lounge Phu Quoc 2 tại Sân bay quốc tế Phú Quốc - Vé trẻ em
Thời gian sử dụng tại Phòng khách là tối đa 03 giờ trước giờ khởi hành ban đầu
Địa điểm áp dụng: Tầng 2, Khu cách ly Quốc nội, Cảng HKQT Phú Quốc (gân cửa ra tàu bay số 12)
Vị trí: Ga đi Quốc nội - Sân Bay Phú Quốc - Phú Quốc
Khách hàng được sử dụng mọi dịch vụ tại phòng chờ theo quy định của phòng chờ.
Mã ưu đãi chỉ có giá trị sử dụng một lần. Không chấp nhận Voucher ưu đãi quá hạn sử dụng hoặc trạng thái “Đã sử dụng”.
Vui lòng xuất trình mã ưu đãi cho nhân viên tại quầy để được áp dụng ưu đãi.
Khách hàng có thể được yêu cầu trả thêm tiền nếu sử dụng quá giá trị của Mã ưu đãi.
Lưu ý:
Khách hàng sẽ thanh toán trực tiếp tại quầy lễ tân theo bảng giá công bố cho khách lẻ tại mỗi phòng chờ khi:
Khách hàng sử dụng quá thời gian quy định của phòng chờ.
Khách hàng có phát sinh các dịch vụ khác thêm tại phòng chờ
Khách hàng có trẻ em đi kèm mà chưa đăng ký dịch vụ trước qua LifeLink 1900 2065. Thời gian thông báo tối thiểu với LifeLink trước 1 ngày sử dụng dịch vụ LifeLink hoàn toàn không chịu trách nhiệm khi có các phát sinh thêm bên trên.
Khách hàng áp dụng: Khách từ 5 đến 12 tuổi
Ngày áp dụng: Tất cả các ngày trong tuần, bao gồm Lễ Tết
Giờ áp dụng: 06:00 - 20:00
Số lượng E-Voucher áp dụng:
01 voucher/khách/1 lượt sử dụng
Áp dụng nhiều voucher trên 1 hóa đơn
Dịch vụ bao gồm: Các dịch vụ theo tiêu chuẩn tại phòng chờ
Dịch vụ không bao gồm: Chi phí cá nhân và các chi phí phát sinh khác
Chính sách phụ thu trẻ em
Miễn phí tối đa cho 02 trẻ em dưới 5 tuổi đi kèm cùng mỗi người lớn sử dụng dịch vụ Phòng khách.
Trẻ em dưới 5 tuổi thứ ba trở đi và Trẻ em từ 5 tuổi đến 12 tuổi mức phí bằng 50% đơn giá niêm yết/trẻ em.
Hành khách trên 12 tuổi được tính như quy định đối với người lớn.
Các trường hợp người đi kèm, nếu không được thông báo trước, dịch vụ gia tăng sẽ do Khách hàng tự thanh toán tại quầy lễ tân theo bảng giá công bố cho khách lẻ tại Phòng khách.
Chính sách phụ thu sử dụng thêm giờ
Thời gian sử dụng tại Phòng khách là tối đa 03 giờ trước giờ khởi hành ban đầu.
Cứ mỗi 03 (ba) tiếng thêm giờ phát sinh được xác định là 01 (một) khung thêm giờ (Block). Thời gian thêm giờ phát sinh dưới 3 (ba) tiếng được tính tròn là 01 (một) Block.
Đơn giá thêm giờ là: 50% phí dịch vụ /khách/ block (thêm giờ).
Hành khách tự thanh toán chi phí thêm giờ trực tiếp tại quầy lễ tân theo giá công bố tại phòng khách.
Quy trình sử dụng dịch vụ
Bước 1: Khách hàng Xuất trình xuất trình mã ưu đãi/ mã QR trên ứng dụng LifeLink/ hoặc email/ hoặc Zalo cùng Thẻ lên tàu bay tại quầy lễ tân Phòng khách.
Bước 2: Nhân viên Phòng khách xác thực mã QR trên hệ thống.
Trường hợp 1: Xác thực không thành công: Nhân viên Lễ tân Phòng khách từ chối phục vụ khách đồng thời Nhờ khách hàng liên hệ lại Hotline LifeLink 1900 2065 để được hỗ trợ nhanh chóng.
Trường hợp 2: Xác thực thành công: Nhân viên Lễ tân Phòng khách hoàn tất trên hệ thống.
Bước 3: Nhân viên Lễ tân Phòng khách mời Hành khách sử dụng Dịch vụ Phòng chờ Thương gia.
Điều kiện lưu ý bắt buộc
Các trường hợp phát sinh không thông báo trước như: Có vé trẻ em đi kèm,... sẽ do Khách hàng tự thanh toán tại quầy lễ tân theo bảng giá công bố cho khách lẻ tại Phòng khách, LifeLink hoàn toàn không chịu trách nhiệm.
Thời gian thông báo tối thiểu trước 1 ngày sử dụng dịch vụ
Hotline hỗ trợ tư vấn (9h-20h): 1900 2065
Điều kiện khác
Áp dụng 01 E-Voucher/E-Coupon cho 01 khách
Một khách hàng được mua nhiều E-Voucher/E-Coupon
E-Voucher/E-Coupon không có giá trị quy đổi thành tiền mặt, không trả lại tiền thừa.
Không áp dụng đồng thời với chương trình khuyến mại khác
Mã ưu đãi được xuất ra sẽ không được đổi trả dưới mọi hình thức.
Giá trên đã bao gồm phí phục vụ và thuế GTGT",100,2026-08-23 00:00:00+00,2026-11-21 00:00:00+00,Dang ban,Không quy đổi thành tiền mặt. Hỗ trợ hoàn tiền nếu hủy trước 24h.,//cdn.lifelink.vn/img/c280x280/ADD-SH-Premium-Lounge-Phu-Quoc-2_24062026143849.jpg?sign=TKkyj1wtU3fUbln772Hq-g,0,40000000-0000-0000-0000-000000000004
0666e7b0-b440-4c98-aa21-6b1df5c04ca9,Tour Đêm Văn Miếu - Combo vé vào cửa và 1 show 3D Mapping cho khách trên 1m30,"Tham quan Văn Miếu – Quốc Tử Giám về đêm, chiêm ngưỡng kiến trúc và cảnh quan lung linh dưới ánh đèn nghệ thuật.
Trải nghiệm show 3D Mapping ""Tinh hoa đạo học"", kể chuyện truyền thống hiếu học và tôn sư trọng đạo.
Giao lưu với Cụ Rùa ảo AI, tìm hiểu lịch sử và kiến thức thú vị qua tương tác trực tiếp.
Sử dụng hệ thống QR đa ngôn ngữ để khám phá chi tiết lịch sử, kiến trúc từng khu vực.
Chứng kiến nghi thức vinh danh tiến sĩ tái hiện với âm thanh và ánh sáng sống động.
Trải nghiệm không gian học tập thời xưa, làm nho sinh, học với thầy đồ và viết chữ trên giấy dó.
Check-in tại các điểm nổi tiếng: Khúc Văn Các, Đại Thành Môn, Giếng Thiên Quang với ánh sáng nghệ thuật.
Hoạt động tương tác “4 chiều” (nghe – nhìn – chạm – tương tác) đem lại trải nghiệm du lịch độc đáo và gần gũi với lịch sử.",299000.00,269000.00,"Thông báo:
Tour đêm Văn Miếu sẽ nghỉ Tết từ 6/2 Dương lịch đến hết 24/2/2026 Dương lịch. Thời gian hoạt động trở lại: 25/2/2026 (Tức Mùng 9 âm lịch)
Khách hàng áp dụng:
Tất cả khách hàng Việt Nam và Nước ngoài
Áp dụng cho khách hàng trên 1m30 trở lên
Trẻ em dưới 1m00 được miễn phí
Khách hàng phải làm thủ tục check in hoặc đổi vé điện tử/voucher cổng Văn Miếu Quốc Tử Giám
Thời gian tham quan: 18h30 - 21h30 các ngày Thứ 4, Thứ 7, Chủ Nhật hằng tuần
Trải nghiệm 3D Mapping: 19h45 và 20h45
19h45: Tinh hoa đạo học
20h45: Sử đá lưu danh
Thông tin đặt tour:
Trong trường hợp phải hoãn chương trình vì lý do bất khả kháng (thời tiết xấu hay lý do khác), quý khách vui lòng liên hệ Ban Tổ Chức để sắp xếp Quý khách tham gia một buổi khác tuỳ theo thời gian phù hợp. Vé đã mua sẽ không được huỷ bỏ hay hoàn trả lại vì bất cứ lý do nào.
Thông tin liên hệ:
0336 441 838 - 0336 441 839
contact@vanmieunighttour.com
Địa chỉ: 58 P. Quốc Tử Giám, Văn Miếu, Đống Đa, Hà Nội
Điều kiện hoãn/huỷ tour: Voucher không hoàn dưới bất cứ lý do nào
Điều kiện khác:
Áp dụng 01 e-Voucher/e-Coupon cho 01 khách
Một khách hàng được mua nhiều e-Voucher/e-Coupon
e-Voucher/e-Coupon không có giá trị quy đổi thành tiền mặt, không trả lại tiền thừa
Không áp dụng đồng thời với chương trình khuyến mại khác.",100,2026-08-23 00:00:00+00,2026-11-21 00:00:00+00,Dang ban,Không quy đổi thành tiền mặt. Hỗ trợ hoàn tiền nếu hủy trước 24h.,//cdn.lifelink.vn/img/c280x280/Tour-dem-Van-Mieu-5_12052026162821.jpg?sign=Bg-IhUEZbq3khtzaTZpn_w,0,40000000-0000-0000-0000-000000000003
076b00f8-ca8d-474c-a861-fbf7dcdc4892,Evoucher Hộp quà trung thu Du Nhiên 2026 phiên bản nam châm cao cấp - Combo 4 bánh và trà,"Hộp quà gồm 4 bánh trung thu cao cấp kết hợp trà lài thượng hạng thanh tao.
Thiết kế hộp nam châm ép kim vàng 9999 với tông xanh ngọc trang nhã và hiện đại.
Lấy cảm hứng từ thiên nhiên, mang thông điệp bình an, cân bằng và phát triển bền vững.
Họa tiết hoa sen, chuồn chuồn và chú ếch xanh tạo nên vẻ đẹp gần gũi nhưng đầy nghệ thuật.
Bao gồm túi giấy Ivory, thiệp Trung Thu và bộ dao nĩa sang trọng.
Evoucher tiện lợi, dễ dàng đặt mua và gửi tặng nhanh chóng qua LifeLink.",569000.00,480000.00,"Khách hàng áp dụng: Tất cả khách hàng
Ngày áp dụng: Thứ 2 - Thứ 6
Giờ áp dụng: 9:00 - 17:00
Số lượng E-Voucher áp dụng: Sử dụng 01 voucher/01 hộp quà. Không giới hạn số lượng voucher/ hóa đơn.
Thông tin cách mua hàng HƯỚNG DẪN ĐỔI VOUCHER
Bước 1. Khách hàng nhận voucher liên hệ GIVISTA để đổi hộp quà Trung Thu 2026
Hotline/Zalo: 0969117926
Facebook:
Tại đây
Bước 2. Cung cấp mã voucher để đổi hộp quà
Bước 3. Khách hàng thanh toán phí vận chuyển trực tiếp cho đơn vị vận chuyển
Lưu ý: Không hỗ trợ khách hàng đổi quà trực tiếp tại cửa hàng
Điều kiện khác
Một khách hàng được mua nhiều E-Voucher/E-Coupon
E-Voucher/E-Coupon không có giá trị quy đổi thành tiền mặt, không trả lại tiền thừa.
Không áp dụng đồng thời với chương trình khuyến mại khác
Voucher chưa bao gồm phí vận chuyển Hộp quà tặng đến khách hàng.",100,2026-08-23 00:00:00+00,2026-11-21 00:00:00+00,Dang ban,Không quy đổi thành tiền mặt. Hỗ trợ hoàn tiền nếu hủy trước 24h.,//cdn.lifelink.vn/img/c280x280/Evoucher-Du-Nhien-4-banh_07082026142410.jpg?sign=UvL30vO5ruYZxMktpzJKsQ,0,40000000-0000-0000-0000-000000000001
08cb2201-f3c9-4f8f-b24d-7d4d33645fd1,Voucher Shrimp Burger Set tại Lotteria,"Voucher Shrimp Burger Set tại Lotteria mang đến combo Burger Tôm và Pepsi (M) thơm ngon, tiện lợi.
Burger Tôm nổi bật với lớp vỏ giòn rụm, nhân tôm đậm vị và bánh mềm hấp dẫn.
Voucher điện tử chính hãng, dễ dàng mua và sử dụng tại hệ thống Lotteria.
Phù hợp cho bữa trưa, bữa tối hoặc những bữa ăn nhanh đầy đủ năng lượng.
Lotteria là thương hiệu thức ăn nhanh được đông đảo khách hàng Việt Nam tin tưởng.
LifeLink giúp bạn mua voucher nhanh chóng, tiết kiệm thời gian và chi phí.",62000.00,58000.00,"Voucher không áp dụng hình thức đổi trả/ hủy/ hoàn tiền.
Được sử dụng tối đa 5 voucher/ ngày/ hóa đơn.
Không áp dụng đổi hàng cho đơn hàng số lượng lớn (theo quy định của Lotteria).
Mỗi voucher chỉ được sử dụng 01 lần.
Chỉ áp dụng cho một số sản phẩm nhất định.
Trong trường hợp sản phẩm được chỉ định không có sẵn, khách hàng có thể lựa chọn các sản phẩm có cùng giá t.rị.
Không đổi được ra tiền mặt một phần hoặc toàn bộ.
Không hoàn trả hoặc bán lại được.
Nếu giá tiền đơn đặt hàng của khách hàng vượt quá giá trị của voucher thì khách hàng phải thanh toán thêm số tiền chênh lệch đó.
Voucher không áp dụng cho các chương trình khuyến mãi khác.
Khách hàng có trách nhiệm bảo mật thông tin mã thẻ quà tặng sau khi đặt mua. LifeLink sẽ không chịu trách nhiệm hoàn trả các mã thẻ bị mất hoặc ở trạng thái ""đã sử dụng"" với bất kỳ lý do gì.
LifeLink sẽ không chịu trách nhiệm đối với chất lượng của sản phẩm được cung cấp cũng như đối với các tranh chấp về sau giữa khách hàng và nhà cung cấp.
LifeLink có quyền sửa chữa hoặc thay đổi điều khoản và điều kiện sử dụng mà không thông báo trước.
Hotline LifeLink: 1900 2065",100,2026-08-23 00:00:00+00,2026-11-21 00:00:00+00,Dang ban,Không quy đổi thành tiền mặt. Hỗ trợ hoàn tiền nếu hủy trước 24h.,//cdn.lifelink.vn/img/c280x280/Shrimp-Burger-Set_28072026100224.jpg?sign=trkA9ABXn13XA00iDK_vBQ,0,40000000-0000-0000-0000-000000000001
0935789a-1a42-4ebd-b16d-e86266b214dc,Jasmine Halal Lounge - Ga Quốc tế T2 tại Sân bay Quốc tế Tân Sơn Nhất - Vé người lớn,"Trải nghiệm phòng chờ sân bay Jasmine Halal Lounge tại nhà ga quốc tế T2 Tân Sơn Nhất.
Thực đơn buffet phong phú thay đổi theo ngày, kết hợp nhiều món ăn hấp dẫn.
Thưởng thức thức uống đa dạng: cà phê, trà, nước ép, nước ngọt và đồ uống có cồn.
Không gian ngồi ghế sofa êm ái, thoải mái thư giãn trong khi chờ lên máy bay.
Phòng chờ được trang bị internet tốc độ cao, máy tính, máy in phục vụ công việc.
Trang bị tiện nghi hiện đại: điều hòa, truyền hình cáp, màn hình hiển thị chuyến bay.
Khu vực vệ sinh riêng, máy đánh giày, báo và tạp chí miễn phí cho khách đọc.
Đặt voucher dễ dàng qua LifeLink – nhận e-voucher nhanh, giá ưu đãi hấp dẫn.",1000000.00,950000.00,"Voucher bao gồm:
Mã ưu đãi 1 lượt sử dụng dịch vụ phòng chờ Jasmine Halal Lounge - Ga Quốc tế T2 tại Sân bay Quốc tế Tân Sơn Nhất - Vé người lớn
Thời gian sử dụng tại Phòng khách là tối đa 03 giờ trước giờ khởi hành ban đầu
Địa điểm áp dụng: Tầng 2, Khu cách ly Quốc Tế, Ga Quốc Tế, Sân Bay Quốc tế Tân Sơn Nhất
Vị trí: Ga đi Quốc tế - Sân Bay Tân Sơn Nhất - TP Hồ Chí Minh
Khách hàng được sử dụng mọi dịch vụ tại phòng chờ theo quy định của phòng chờ.
Mã ưu đãi chỉ có giá trị sử dụng một lần. Không chấp nhận Voucher ưu đãi quá hạn sử dụng hoặc trạng thái “Đã sử dụng”.
Vui lòng xuất trình mã ưu đãi cho nhân viên tại quầy để được áp dụng ưu đãi.
Khách hàng có thể được yêu cầu trả thêm tiền nếu sử dụng quá giá trị của Mã ưu đãi.
Lưu ý:
Khách hàng sẽ thanh toán trực tiếp tại quầy lễ tân theo bảng giá công bố cho khách lẻ tại mỗi phòng chờ khi:
Khách hàng sử dụng quá thời gian quy định của phòng chờ.
Khách hàng có phát sinh các dịch vụ khác thêm tại phòng chờ
Khách hàng có trẻ em đi kèm mà chưa đăng ký dịch vụ trước qua LifeLink 1900 2065. Thời gian thông báo tối thiểu với LifeLink trước 1 ngày sử dụng dịch vụ LifeLink hoàn toàn không chịu trách nhiệm khi có các phát sinh thêm bên trên.
Khách hàng áp dụng: Khách trên 12 tuổi
Ngày áp dụng: Tất cả các ngày trong tuần, bao gồm Lễ Tết
Giờ áp dụng: 24/24
Số lượng E-Voucher áp dụng:
01 voucher/khách/1 lượt sử dụng
Áp dụng nhiều voucher trên 1 hóa đơn
Dịch vụ bao gồm: Các dịch vụ theo tiêu chuẩn tại phòng chờ
Dịch vụ không bao gồm: Chi phí cá nhân và các chi phí phát sinh khác
Chính sách phụ thu trẻ em:
Mỗi khách người lớn được miễn phí tối đa 01 trẻ em dưới 5 tuổi.
Từ trẻ em dưới 5 tuổi thứ 2: Áp dụng Đơn giá trẻ em.
Khách từ 5 đến 12 tuổi: Áp dụng Đơn giá trẻ em.
Khách trên 12 tuổi: Áp dụng Đơn giá người lớn.
Các trường hợp người đi kèm, nếu không được thông báo trước, dịch vụ gia tăng sẽ do Khách hàng tự thanh toán tại quầy lễ tân theo bảng giá công bố cho khách lẻ tại Phòng khách.
Chính sách phụ thu sử dụng thêm giờ:
Thời gian sử dụng tại Phòng khách là tối đa 03 giờ trước giờ khởi hành ban đầu.
Cứ mỗi 03 (ba) tiếng thêm giờ phát sinh được xác định là 01 (một) khung thêm giờ (Block). Thời gian thêm giờ phát sinh dưới 3 (ba) tiếng được tính tròn là 01 (một) Block.
Đơn giá thêm giờ là: 50% phí dịch vụ /khách/ block (thêm giờ).
Hành khách tự thanh toán chi phí thêm giờ trực tiếp tại quầy lễ tân theo giá công bố tại phòng khách.
Quy trình sử dụng dịch vụ:
Bước 1: Khách hàng Xuất trình xuất trình mã ưu đãi/ mã QR trên ứng dụng LifeLink/ hoặc email/ hoặc Zalo cùng Thẻ lên tàu bay tại quầy lễ tân Phòng khách.
Bước 2: Nhân viên Phòng khách xác thực mã QR trên hệ thống.
Trường hợp 1: Xác thực không thành công: Nhân viên Lễ tân Phòng khách từ chối phục vụ khách đồng thời Nhờ khách hàng liên hệ lại Hotline LifeLink 1900 2065 để được hỗ trợ nhanh chóng.
Trường hợp 2: Xác thực thành công: Nhân viên Lễ tân Phòng khách hoàn tất trên hệ thống.
Bước 3: Nhân viên Lễ tân Phòng khách mời Hành khách sử dụng Dịch vụ Phòng chờ Thương gia.
Điều kiện lưu ý bắt buộc:
Các trường hợp phát sinh không thông báo trước như: Có vé trẻ em đi kèm,... sẽ do Khách hàng tự thanh toán tại quầy lễ tân theo bảng giá công bố cho khách lẻ tại Phòng khách, LifeLink hoàn toàn không chịu trách nhiệm.
Thời gian thông báo tối thiểu trước 1 ngày sử dụng dịch vụ
Hotline hỗ trợ tư vấn (9h-20h): 1900 2065
Điều kiện khác:
Áp dụng 01 E-Voucher/E-Coupon cho 01 khách
Một khách hàng được mua nhiều E-Voucher/E-Coupon
E-Voucher/E-Coupon không có giá trị quy đổi thành tiền mặt, không trả lại tiền thừa.
Không áp dụng đồng thời với chương trình khuyến mại khác
Mã ưu đãi được xuất ra sẽ không được đổi trả dưới mọi hình thức.
Giá trên đã bao gồm phí phục vụ và thuế GTGT",100,2026-08-23 00:00:00+00,2026-11-21 00:00:00+00,Dang ban,Không quy đổi thành tiền mặt. Hỗ trợ hoàn tiền nếu hủy trước 24h.,//cdn.lifelink.vn/img/c280x280/2_13052026135931.jpg?sign=oB1kU3zbcu9hFjj1ylm4Iw,0,40000000-0000-0000-0000-000000000004
095bb2c0-497a-48ff-9161-bc2e8598c43a,Evoucher Hộp quà Trung Thu Đoàn Viên II 2026 phiên bản nam châm cao cấp - Combo 4 bánh và trà,"Hộp quà cao cấp gồm 4 bánh trung thu thượng hạng kết hợp trà lài thơm dịu.
Thiết kế hộp nam châm ép kim vàng 9999 sang trọng, tinh tế và đẳng cấp.
Lấy cảm hứng từ không khí đoàn viên truyền thống của đêm Trung Thu Việt Nam.
Phù hợp làm quà tặng khách hàng, đối tác, nhân viên và người thân.
Bao gồm đầy đủ túi giấy, thiệp Trung Thu và bộ dao nĩa tiện dụng.
Evoucher tiện lợi, dễ dàng đặt mua và gửi tặng ngay trên LifeLink.",569000.00,480000.00,"Khách hàng áp dụng: Tất cả khách hàng
Ngày áp dụng: Thứ 2 - Thứ 6
Giờ áp dụng: 9:00 - 17:00
Số lượng E-Voucher áp dụng: Sử dụng 01 voucher/01 hộp quà. Không giới hạn số lượng voucher/ hóa đơn.
Thông tin cách mua hàng HƯỚNG DẪN ĐỔI VOUCHER
Bước 1. Khách hàng nhận voucher liên hệ GIVISTA để đổi hộp quà Trung Thu 2026
Hotline/Zalo: 0969117926
Facebook:
Tại đây
Bước 2. Cung cấp mã voucher để đổi hộp quà
Bước 3. Khách hàng thanh toán phí vận chuyển trực tiếp cho đơn vị vận chuyển
Lưu ý: Không hỗ trợ khách hàng đổi quà trực tiếp tại cửa hàng
Điều kiện khác
Một khách hàng được mua nhiều E-Voucher/E-Coupon
E-Voucher/E-Coupon không có giá trị quy đổi thành tiền mặt, không trả lại tiền thừa.
Không áp dụng đồng thời với chương trình khuyến mại khác
Voucher chưa bao gồm phí vận chuyển Hộp quà tặng đến khách hàng.",100,2026-08-23 00:00:00+00,2026-11-21 00:00:00+00,Dang ban,Không quy đổi thành tiền mặt. Hỗ trợ hoàn tiền nếu hủy trước 24h.,//cdn.lifelink.vn/img/c280x280/ADD-Trung-Thu-Doan-Vien-II_11082026102902.jpg?sign=vfnpUSH6mGOBvIbYQmfaYw,0,40000000-0000-0000-0000-000000000001
0bc934a4-50a6-47fa-a46d-5a574701863d,Show thực cảnh Anh Hùng Cờ Lau - Hoa Lư Ninh Bình - Hạng CL500 màu vàng - Trẻ em,"Trải nghiệm thực cảnh đa giác quan
: Thưởng thức hòa quyện võ thuật, xiếc, âm nhạc truyền thống trong không gian Bắc Bộ xưa.
Phù hợp mọi lứa tuổi
: Lý tưởng cho gia đình, nhóm bạn, cặp đôi yêu thích lịch sử, văn hóa và du lịch trải nghiệm độc đáo.
Kể lại hành trình Đinh Bộ Lĩnh
: Theo chân nhân vật lịch sử vĩ đại từ thuở cờ lau đến khi dựng nên Đại Cồ Việt.
Không gian đậm chất Bắc Bộ
: Đắm chìm giữa cảnh vật, âm thanh sống động gợi về thời kỳ bình minh độc lập của dân tộc.
Nghệ thuật trình diễn đa dạng
: Được dàn dựng bởi các nghệ sĩ chuyên nghiệp, kết hợp múa, võ, xiếc đỉnh cao.
Điểm nhấn du lịch đêm Ninh Bình
: Trở thành sản phẩm nghệ thuật không thể bỏ lỡ trong chuyến khám phá Cố đô.
Tiện lợi khi đặt vé trực tuyến
: Đặt trước qua LifeLink để giữ chỗ đẹp, nhận ngay ưu đãi hấp dẫn, xác nhận nhanh chóng.
Đặc biệt chỉ có tại LifeLink
: Săn deal giá tốt, an tâm trải nghiệm văn hóa – giải trí chất lượng cao tại Ninh Bình.",250000.00,150000.00,"Khách hàng áp dụng: TE (trẻ em)
Từ 1m - 1.3m (thường từ 4-8 tuổi)
Dưới 1m miễn phí vé khi ngồi cùng bố mẹ.
Ngày áp dụng:
Tháng 7: 9, 10, 11, 16, 17, 18, 23, 24, 25, 26, 30, 31
Tháng 8: 01, 6, 7, 8, 9, 13, 14, 15, 20, 21, 22, 23, 27, 28, 29, 30
Giờ áp dụng: 20h45 - 21h45
Lưu ý:
Khách hàng vui lòng liên hệ check thông tin trước khi thanh toán, đơn hàng được xử lý booking lấy vé QR code gửi cho khách hàng sau khi thanh toán, nếu không liên hệ lấy vé sẽ không sử dụng được dịch vụ.
Vé đã mua không hoàn hủy
Số lượng E-Voucher áp dụng: 01 E-Voucher/ 1 người
Khách hàng liên hệ đăng ký dịch vụ trước khi đến để được phục vụ tốt nhất
Điện thoại: 19002065
Địa chỉ: Thủy Đình, Phố Cổ Hoa Lư, Ninh Bình
Điều kiện khác
E-Voucher/E-Coupon không có giá trị quy đổi thành tiền mặt, không trả lại tiền thừa.
Không áp dụng đồng thời với chương trình khuyến mại khác",100,2026-08-23 00:00:00+00,2026-11-21 00:00:00+00,Dang ban,Không quy đổi thành tiền mặt. Hỗ trợ hoàn tiền nếu hủy trước 24h.,//cdn.lifelink.vn/img/c280x280/ADD-Anh-hung-co-lau-02_09072026113411.jpg?sign=4G0I-utiVB5xeRQW6cTzIw,0,40000000-0000-0000-0000-000000000003
0c1e332c-c0ce-443d-87c4-23332519b376,"Đài Quan Sát Lotte Hà Nội Sky - Combo ảnh, Quà lưu niệm cho Trẻ em","Trải nghiệm ngắm nhìn toàn cảnh Hà Nội ngoạn mục từ tầng 65 Đài Quan Sát Lotte Hà Nội Sky, điểm đến cao thứ 3 Việt Nam.
Khám phá không gian 360 độ đầy ấn tượng, lý tưởng để check-in, lưu lại khoảnh khắc đáng nhớ cùng gia đình, bạn bè hay người thương.
Sàn kính Sky Walk độc đáo mang đến cảm giác hồi hộp, tạo dấu ấn khó quên cho mọi lứa tuổi.
Phù hợp cho nhóm bạn trẻ, cặp đôi, gia đình có trẻ nhỏ, hay bất cứ ai muốn tận hưởng khoảnh khắc Hà Nội từ trên cao.
Hỗ trợ kính viễn vọng giúp quan sát rõ nét từng góc phố, tòa nhà biểu tượng của Thủ đô.
Thư giãn với các dịch vụ đồ uống, chụp ảnh đa dạng ngay tại khu vực Đài Quan Sát, mang lại tiện nghi cho khách trải nghiệm.
Không gian an toàn, hiện đại, đội ngũ nhân viên nhiệt tình hỗ trợ từ khâu vào cửa tới trải nghiệm dịch vụ.
Đặt vé Đài Quan Sát Lotte Hà Nội Sky trên LifeLink để nhận ưu đãi hấp dẫn, xác nhận nhanh, đảm bảo giá tốt hàng đầu!",320000.00,270000.00,"Khách hàng áp dụng:
Dành cho khách hàng từ 3 tuổi đến 12 tuổi.
Số lượng E-voucher áp dụng:
01 voucher/01 người/01 lần sử dụng.
Mỗi khách hàng được mua nhiều E-Voucher/E-Coupon.
Phạm vi sử dụng:
Áp dụng vào các ngày trong tuần, bao gồm cả ngày Lễ.
Thời gian mua vé combo: 9:30 - 22:30 hàng ngày.
Đổi vé tại quầy B1 đài quan sát LOTTE Hanoi Sky trước 22:30 mỗi ngày.
Lưu ý:
Vé không bao gồm thuê trang phục, chụp ảnh Life4cuts, Trò chơi VR Gliding, đồ uống
Khi đổi vé online sang vé cứng, vé cứng phải được sử dụng cùng ngày.
Đổi vé cứng tại quầy vé trước 22:30 mỗi ngày.
Giá vé thay đổi theo ngày thường, cuối tuần và ngày lễ.
Phụ thu:
Không phụ thu.
Thông tin liên hệ:
Hotline: 024 33336565
Điều kiện khác:
E-Voucher/E-Coupon không có giá trị quy đổi thành tiền mặt, không trả lại tiền thừa.
Không áp dụng đồng thời với chương trình khuyến mại khác.",100,2026-08-23 00:00:00+00,2026-11-21 00:00:00+00,Dang ban,Không quy đổi thành tiền mặt. Hỗ trợ hoàn tiền nếu hủy trước 24h.,//cdn.lifelink.vn/img/c280x280/24_08052026150849.jpg?sign=VkVTyMrXdVND6wspmXwlNw,0,40000000-0000-0000-0000-000000000003
0d3de3a3-73e2-44bd-85dc-56523d4f6a73,AdventureS - Vé khu trải nghiệm tại TTTM Hanoi Centre - Áp dụng Thứ 2 đến Thứ 5,"Khám phá không gian vui chơi giải trí tiên phong theo mô hình “Active Entertainment” tại AdventureS, mang đến trải nghiệm đầy mới lạ, năng động và ý nghĩa.
Phù hợp cho nhóm bạn, gia đình, trẻ em, học sinh hoặc các tổ chức muốn gắn kết tập thể qua hoạt động thử thách tương tác.
Xây dựng bản lĩnh, sự tự tin, lòng dũng cảm với chuỗi hoạt động rèn luyện bản thân, phá vỡ giới hạn và chinh phục thử thách thực tế.
Thúc đẩy kỹ năng giải quyết vấn đề, làm việc nhóm và tinh thần đồng đội, giúp mỗi người khám phá tiềm năng riêng qua trải nghiệm thực tiễn.
Tăng cường sức khỏe thể chất, giải tỏa căng thẳng hiệu quả bằng các hoạt động vận động, giúp cân bằng năng lượng cho cả người lớn và trẻ nhỏ.
Môi trường an toàn, hiện đại, dịch vụ chuyên nghiệp hỗ trợ trong suốt quá trình vui chơi và phát triển cá nhân tại AdventureS.
Giá vé ưu đãi đặc biệt khi đặt qua LifeLink, dễ dàng lên lịch, linh hoạt chọn ngày phù hợp cho mọi nhu cầu giải trí.
Đặt vé vui chơi trên LifeLink để tận hưởng trải nghiệm đáng nhớ cùng ưu đãi hấp dẫn dành riêng cho bạn ngay hôm nay!",280000.00,258000.00,"Khách hàng áp dụng:
Trẻ em có chiều cao trên 75cm và dưới 15 tuổi.
Miễn phí cho trẻ dưới 75cm.
Trẻ từ 75cm - 90cm được giảm 50% giá vé.
Miễn phí cho 1 người lớn đi cùng.
Số lượng E-voucher áp dụng:
Một khách hàng được mua nhiều phiếu.
Mỗi voucher sử dụng cho 01 khách hàng/01 lần.
Không giới hạn số voucher trên một hóa đơn.
Phạm vi sử dụng:
Giờ áp dụng: 9h30 - 21h30
Ngày áp dụng: Thứ 2 - Thứ 5. Không áp dụng lễ tết.
Số lần sử dụng dịch vụ: 1 lần.
Thời gian 1 lần sử dụng dịch vụ: Chơi giới hạn 2h15p, giá vé chưa bao gồm đồ uống và phần ăn tại AdventureS.
Lưu ý:
Tem dán cẩn thận để được ra/vào nhiều lần trong ngày.
Voucher không bao gồm vớ/tất. Cả bé và phụ huynh bắt buộc mang vớ/tất. Vui lòng chuẩn bị hoặc mua tại quầy trước khi vào khu vui chơi.
Vui lòng không mang đồ ăn uống từ bên ngoài vào (trừ sữa công thức và thuốc kê đơn) để đảm bảo môi trường vui chơi an toàn, thoải mái cho trẻ.
Phụ thu:
Nếu phát sinh thêm phụ huynh đi kèm (ngoài 1 người miễn phí): Phụ thu 30.000vnđ/phụ huynh.
Thông tin liên hệ:
Địa chỉ: AdventureS, Tầng L3, Toà Nam, TTTM Hanoi Centre, 175 Nguyễn Thái Học, P. Ô Chợ Dừa, Hà Nội.
Điều kiện khác:
E-Voucher/E-Coupon không có giá trị quy đổi thành tiền mặt, không trả lại tiền thừa.
Không áp dụng đồng thời với chương trình khuyến mại khác.
Giá bán đã bao gồm VAT.",100,2026-08-23 00:00:00+00,2026-11-21 00:00:00+00,Dang ban,Không quy đổi thành tiền mặt. Hỗ trợ hoàn tiền nếu hủy trước 24h.,//cdn.lifelink.vn/img/c280x280/AdventureS_09062026095901.jpg?sign=gUjFzdor5WDDmpdBPcWcVw,0,40000000-0000-0000-0000-000000000003
0df80b25-67e2-4cb6-b1bb-2a4e230b7871,KDL Thúy Thuận Đà Lạt - Combo Vé tham quan và Buffet dành cho Người lớn,"KDL Thúy Thuận Đà Lạt - Combo Vé tham quan và Buffet dành cho Người lớn
Nhà hàng buffet với thực đơn hơn 70 món đa dạng, hấp dẫn.
Không gian nhà hàng kết hợp giữa thiên nhiên và kiến trúc châu Âu.
Tận hưởng bữa ăn trong khung cảnh thơ mộng của Đà Lạt.
Gần các điểm nổi bật: Thác Vọng, đèo Tà Nung, vườn hoa lavender.
Không khí trong lành, phục vụ chuyên nghiệp.
Đặt dịch vụ tiện lợi, nhanh chóng qua nền tảng LifeLink.",260000.00,210000.00,"Khách hàng áp dụng: Khách hàng từ 130cm trở lên
Bao gồm
MIỄN PHÍ
đi kèm các dịch vụ:
Xe điện đưa đón 2 chiều
Trò chơi trải nghiệm đạp xe trên mặt hồ
Bắn cung
Bắn nỏ
Đạp thuyền SUP
Phi tiêu
Xích đu bay
Bumper Boats
Thông tin đặt tour: Voucher ưu đãi chỉ hiệu lực sử dụng khi Quý khách Đăng ký Ngày tham quan qua Hotline LifeLink
Phụ thu: Đối với các ngày Lễ - Tết, bù Lễ (theo quy định Nhà Nước), Khu du lịch Thuý Thuận Đà Lạt xin phép phụ thu 20.000 vnđ đối với các loại vé có kèm ăn sáng và  buffet, phụ thu 20% đối với set ăn theo menu.
Điều kiện hoãn/huỷ tour: Voucher không hoàn hủy
Hướng dẫn các bước sử dụng voucher:
Bước 1: Quý khách mua vé tham quan ưu đãi
Bước 2: Quý khách cần liên hệ LifeLink trước ít nhất 24h để đặt lịch và đổi Voucher sang vé vào cổng cho ngày tham quan
Bước 3: LifeLink xuất Vé QR vào zalo/ sms cho Quý khách (Ngày khởi hành, Địa điểm, quy định chung...)
Bước 4: Quý khách sử dụng dịch vụ
Điều kiện khác:
Áp dụng 01 e-Voucher/e-Coupon cho 01 khách
Một khách hàng được mua nhiều e-Voucher/e-Coupon
e-Voucher/e-Coupon không có giá trị quy đổi thành tiền mặt, không trả lại tiền thừa
Không áp dụng đồng thời với chương trình khuyến mại khác.",100,2026-08-23 00:00:00+00,2026-11-21 00:00:00+00,Dang ban,Không quy đổi thành tiền mặt. Hỗ trợ hoàn tiền nếu hủy trước 24h.,//cdn.lifelink.vn/img/c280x280/2_11052026153725.jpg?sign=w9bR2IjOW6uG7ubvruAIxw,0,40000000-0000-0000-0000-000000000003
0e0bb123-63f4-4bcc-8f8e-d4708fc3efd6,Tiny kidzooona AEON MALL Long Biên - Vé vào cổng khu vui chơi bao gồm Lễ Tết,"Trải nghiệm thế giới vui chơi đầy sáng tạo tại Tiny kidzooona AEON MALL Long Biên, nơi trẻ em tự do khám phá và phát triển năng khiếu.
Lý tưởng cho gia đình có trẻ nhỏ, hội nhóm, hoặc các cặp đôi mong muốn không gian giải trí thư giãn cuối tuần.
Không gian sạch sẽ, an toàn, bài trí sinh động với nhiều góc check-in đẹp mắt, tạo nên tuổi thơ đáng nhớ cho bé.
Đội ngũ nhân viên thân thiện, tận tình hỗ trợ đảm bảo trải nghiệm vui chơi thuận tiện, tràn đầy năng lượng.
Vé vào cổng linh hoạt, không giới hạn địa điểm, dễ dàng cho sự lựa chọn giải trí của từng gia đình.
Lợi ích tiết kiệm khi đặt vé online qua LifeLink, hưởng ưu đãi hấp dẫn, tránh xếp hàng chờ đợi tại quầy.
Khu vui chơi phù hợp nhiều độ tuổi, giúp trẻ khám phá, giao lưu và vận động toàn diện trong môi trường tích cực.
Sẵn sàng đặt vé trên LifeLink để mang về những khoảnh khắc tuyệt vời cùng con yêu tại Tiny kidzooona AEON MALL Long Biên!",150000.00,120000.00,"Voucher áp dụng cho Vé vào cổng dành cho 1 bé và 1 người lớn tại Tiny kidzooona AEON MALL Long Biên bao gồm Lễ Tết
Voucher không bao gồm vớ/tất.
Khu vui chơi quy định luôn sử dụng vớ/tất, Quý khách vui lòng chuẩn bị vớ/tất trước khi vào khu vui chơi hoặc mua vớ/tất tại quầy.
Nhằm đảm bảo vệ sinh, khu vui chơi yêu cầu luôn mang tất trong suốt thời gian vui chơi.
Lưu ý: Luôn giữ vòng tay cẩn thận để được ra vào nhiều lần trong ngày nhé
Khách hàng áp dụng: Trẻ em từ 1 tuổi đến dưới 12 tuổi, 01 vé áp dụng cho 01 trẻ + 01 người lớn
Ngày áp dụng: Tất cả các ngày trong tuần, bao gồm Lễ Tết
Giờ áp dụng: 09:00 đến 21:00
Số lượng E-Voucher áp dụng: 01 voucher/ 01 bé kèm 01 phụ huynh
Phụ thu (nếu có): 1 bé kèm 1 phụ huynh nếu phát sinh thêm các phụ huynh khác thì phụ thu 20.000đ/Phụ huynh
Thông tin liên hệ đặt dịch vụ
Hotline hỗ trợ: 1900 2065
Địa chỉ: Lô 3F-1, tầng 3, Aeon Mall Long Biên, Số 27 đường Cổ Linh, Phường Long Biên, Thành phố Hà Nội.
Điều kiện khác
E-Voucher/E-Coupon không có giá trị quy đổi thành tiền mặt, không trả lại tiền thừa.
Không áp dụng đồng thời với chương trình khuyến mại khác",100,2026-08-23 00:00:00+00,2026-11-21 00:00:00+00,Dang ban,Không quy đổi thành tiền mặt. Hỗ trợ hoàn tiền nếu hủy trước 24h.,//cdn.lifelink.vn/img/c280x280/ADD-Kidzooona-1_06072026165845.jpg?sign=i7-Ey0BBpih6FtzHeLkWvg,0,40000000-0000-0000-0000-000000000003
0ec4ca13-c031-4fa9-bdfe-f3f77e36edde,Voucher Soy Bean Chicken Set tại Lotteria,"Voucher Soy Bean Chicken Set tại Lotteria gồm 02 miếng gà sốt đậu và 01 Pepsi (M).
Gà rán vàng giòn phủ lớp sốt đậu thơm đậm vị, hấp dẫn ngay từ miếng đầu tiên.
Pepsi (M) mát lạnh giúp cân bằng hương vị và tăng thêm cảm giác sảng khoái.
Phù hợp cho bữa trưa, bữa tối hoặc những buổi gặp gỡ cùng gia đình và bạn bè.
Voucher chính hãng, sử dụng dễ dàng tại hệ thống Lotteria trên toàn quốc.
Đặt mua nhanh trên LifeLink để tận hưởng nhiều chương trình ưu đãi hấp dẫn.",94000.00,88000.00,"Voucher không áp dụng hình thức đổi trả/ hủy/ hoàn tiền.
Được sử dụng tối đa 5 voucher/ ngày/ hóa đơn.
Không áp dụng đổi hàng cho đơn hàng số lượng lớn (theo quy định của Lotteria).
Mỗi voucher chỉ được sử dụng 01 lần.
Chỉ áp dụng cho một số sản phẩm nhất định.
Trong trường hợp sản phẩm được chỉ định không có sẵn, khách hàng có thể lựa chọn các sản phẩm có cùng giá t.rị.
Không đổi được ra tiền mặt một phần hoặc toàn bộ.
Không hoàn trả hoặc bán lại được.
Nếu giá tiền đơn đặt hàng của khách hàng vượt quá giá trị của voucher thì khách hàng phải thanh toán thêm số tiền chênh lệch đó.
Voucher không áp dụng cho các chương trình khuyến mãi khác.
Khách hàng có trách nhiệm bảo mật thông tin mã thẻ quà tặng sau khi đặt mua. LifeLink sẽ không chịu trách nhiệm hoàn trả các mã thẻ bị mất hoặc ở trạng thái ""đã sử dụng"" với bất kỳ lý do gì.
LifeLink sẽ không chịu trách nhiệm đối với chất lượng của sản phẩm được cung cấp cũng như đối với các tranh chấp về sau giữa khách hàng và nhà cung cấp.
LifeLink có quyền sửa chữa hoặc thay đổi điều khoản và điều kiện sử dụng mà không thông báo trước.
Hotline LifeLink: 1900 2065",100,2026-08-23 00:00:00+00,2026-11-21 00:00:00+00,Dang ban,Không quy đổi thành tiền mặt. Hỗ trợ hoàn tiền nếu hủy trước 24h.,//cdn.lifelink.vn/img/c280x280/Soy-Bean-Chicken-Set_27072026154426.jpg?sign=N3RI13esnbzd7Reyv035wQ,0,40000000-0000-0000-0000-000000000001
0eccde79-f73d-454d-946d-34496027d054,Voucher Cheese Stick Set tại Lotteria,"Voucher Cheese Stick Set tại Lotteria gồm Cheese Stick và 01 Pepsi (M).
Cheese Stick có lớp vỏ vàng giòn, nhân phô mai béo ngậy và kéo sợi hấp dẫn.
Pepsi (M) mát lạnh giúp cân bằng hương vị và tăng thêm cảm giác sảng khoái.
Thích hợp cho bữa ăn nhẹ, bữa xế hoặc dùng kèm các món ăn khác tại Lotteria.
Voucher chính hãng, sử dụng thuận tiện tại hệ thống Lotteria trên toàn quốc.
Đặt mua nhanh trên LifeLink để tận hưởng nhiều chương trình ưu đãi hấp dẫn.",49000.00,46000.00,"Voucher không áp dụng hình thức đổi trả/ hủy/ hoàn tiền.
Được sử dụng tối đa 5 voucher/ ngày/ hóa đơn.
Không áp dụng đổi hàng cho đơn hàng số lượng lớn (theo quy định của Lotteria).
Mỗi voucher chỉ được sử dụng 01 lần.
Chỉ áp dụng cho một số sản phẩm nhất định.
Trong trường hợp sản phẩm được chỉ định không có sẵn, khách hàng có thể lựa chọn các sản phẩm có cùng giá t.rị.
Không đổi được ra tiền mặt một phần hoặc toàn bộ.
Không hoàn trả hoặc bán lại được.
Nếu giá tiền đơn đặt hàng của khách hàng vượt quá giá trị của voucher thì khách hàng phải thanh toán thêm số tiền chênh lệch đó.
Voucher không áp dụng cho các chương trình khuyến mãi khác.
Khách hàng có trách nhiệm bảo mật thông tin mã thẻ quà tặng sau khi đặt mua. LifeLink sẽ không chịu trách nhiệm hoàn trả các mã thẻ bị mất hoặc ở trạng thái ""đã sử dụng"" với bất kỳ lý do gì.
LifeLink sẽ không chịu trách nhiệm đối với chất lượng của sản phẩm được cung cấp cũng như đối với các tranh chấp về sau giữa khách hàng và nhà cung cấp.
LifeLink có quyền sửa chữa hoặc thay đổi điều khoản và điều kiện sử dụng mà không thông báo trước.
Hotline LifeLink: 1900 2065",100,2026-08-23 00:00:00+00,2026-11-21 00:00:00+00,Dang ban,Không quy đổi thành tiền mặt. Hỗ trợ hoàn tiền nếu hủy trước 24h.,//cdn.lifelink.vn/img/c280x280/Cheese-Stick-Set_27072026150841.jpg?sign=ljYH5jtRY46IlS2FIvM3rg,0,40000000-0000-0000-0000-000000000001
0f6f79b8-be81-4782-95a7-3c0c030d3877,Đài Quan Sát Lotte - Combo Vé vào cổng và Game thực tế ảo Icarus Gliding,"""Vé vào cổng - Game thực tế ảo Icarus Gliding tại Đài Quan Sát Lotte Hà Nội Sky"" giúp bạn có những trải nghiệm tuyệt vời, ấn tượng.
Ngắm toàn cảnh Hà Nội 360 độ tại Đài Quan Sát Lotte Hà Nội Sky, trải nghiệm thử thách thót tim độc đáo khi bước trên sàn kính SKYWALK trong suốt từ độ cao 272m.
VR Icarus Gliding: Trò chơi thực tế ảo hiện đại, mới lạ bậc nhất hiện nay, chỉ có tại LOTTE Hanoi Sky, được thiết kế với 03 bản đồ độc đáo, đưa bạn đi khám phá nhữngcung đường nổi tiếng, đẹp nhất của Thủ đô.
Bạn có thể ngắm nhìn toàn cảnh hồ Tây, hồ Hoàn Kiếm, Tượng đài Lý Thái Tổ - Lý Công Uẩn, Nhà Hát lớn, Phố đường tàu và kết thúc tại Con đường gốm sứ.",390000.00,330000.00,"Khách hàng áp dụng: Vé dành cho người trên 10 tuổi.
Ngày áp dụng: Thứ 2 - Chủ nhật (Áp dụng cả ngày Lễ),
Thời gian mua vé combo: Từ 9h30 - 22h30 hàng ngày (Đổi vé tại quầy B1 đài quan sát LOTTE Hanoi Sky trước 22h30 hàng ngày)
Số lượng E-Voucher áp dụng: 01 voucher/ 01 người/ 01 lần sử dụng (không bù thêm tiền).
Phụ thu Lễ, Tết: Không phụ thu
Vé combo bao gồm: Vé vào cửa, vé trò chơi thực tế ảo Nhảy dù Icarus Gliding và Đấu rồng.
Vé không bao gồm: Thuê trang phục, in ảnh, đồ uống SKYL, chụp ảnh Life4cuts.
Khi đổi vé online sang vé cứng, vé cứng phải được sử dụng cùng ngày.
Giá vé thay đổi theo ngày thường, cuối tuần và ngày lễ.
Khách hàng liên hệ đăng ký dịch vụ trước khi đến để được phục vụ tốt nhất
Điện thoại: 024 3333 6565
Một khách hàng được mua nhiều E-Voucher/E-Coupon
E-Voucher/E-Coupon không có giá trị quy đổi thành tiền mặt, không trả lại tiền thừa.
Không áp dụng đồng thời với chương trình khuyến mại khác",100,2026-08-23 00:00:00+00,2026-11-21 00:00:00+00,Dang ban,Không quy đổi thành tiền mặt. Hỗ trợ hoàn tiền nếu hủy trước 24h.,//cdn.lifelink.vn/img/c280x280/8_08052026150845.jpg?sign=i77lnpiiUkWz4XOyfVAf9A,0,40000000-0000-0000-0000-000000000003
101acc9a-1e67-4060-a17c-e75f104438ae,Vé vào cổng khu vui chơi kidzooona AEON MALL Hải Phòng 3F bao gồm Lễ Tết,"kidzooona AEON MALL Hải Phòng 3F là khu vui chơi trong nhà dành cho trẻ em với không gian hiện đại và an toàn.
Nhiều khu trò chơi vận động, nhập vai và giáo dục giúp trẻ phát triển thể chất, tư duy và kỹ năng giao tiếp.
Đồ chơi và thiết bị được lựa chọn phù hợp với từng giai đoạn phát triển của trẻ.
Thường xuyên tổ chức các hoạt động như nhảy múa, làm thủ công và trò chơi truyền thống.
Môi trường sạch sẽ, đội ngũ nhân viên được đào tạo bài bản mang đến trải nghiệm vui chơi chất lượng.
LifeLink giúp bạn dễ dàng khám phá kidzooona AEON MALL Hải Phòng 3F và lên kế hoạch cho những buổi vui chơi ý nghĩa.",180000.00,144000.00,"Voucher áp dụng cho Vé vào cổng dành cho 1 bé và 1 người lớn tại kidzooona AEON MALL Hải Phòng Tầng 3 bao gồm Lễ Tết
Voucher không bao gồm vớ/tất.
Khu vui chơi quy định luôn sử dụng vớ/tất, Quý khách vui lòng chuẩn bị vớ/tất trước khi vào khu vui chơi hoặc mua vớ/tất tại quầy.
Nhằm đảm bảo vệ sinh, khu vui chơi yêu cầu luôn mang tất trong suốt thời gian vui chơi.
Lưu ý: Luôn giữ vòng tay cẩn thận để được ra vào nhiều lần trong ngày nhé
Khách hàng áp dụng: Trẻ em 1 tuổi đến dưới 12 tuổi, 01 vé áp dụng cho 01 trẻ + 01 người lớn
Ngày áp dụng: Tất cả các ngày trong tuần, bao gồm Lễ Tết
Giờ áp dụng: 09:00 - 21:00
Số lượng E-Voucher áp dụng: 01 voucher/ 01 bé kèm 01 phụ huynh
Phụ thu (nếu có): 1 bé kèm 1 phụ huynh nếu phát sinh thêm các phụ huynh khác thì phụ thu 20.000VNĐ/ Phụ huynh
Thông tin liên hệ đặt dịch vụ
Hotline hỗ trợ: 1900 2065
Địa chỉ: Lô T347-348, tầng 3, Aeon Mall Hải Phòng Lê Chân, Đ. Hồ Sen Cầu Rào 2, phường Kênh Dương, quận Lê Chân, thành phố Hải Phòng.
Điều kiện khác
E-Voucher/E-Coupon không có giá trị quy đổi thành tiền mặt, không trả lại tiền thừa.
Không áp dụng đồng thời với chương trình khuyến mại khác",100,2026-08-23 00:00:00+00,2026-11-21 00:00:00+00,Dang ban,Không quy đổi thành tiền mặt. Hỗ trợ hoàn tiền nếu hủy trước 24h.,//cdn.lifelink.vn/img/c280x280/ADD-kidzooona-Hai-Phong_14072026172432.jpg?sign=mz1ehr85fB7VefDj-6Kg_w,0,40000000-0000-0000-0000-000000000003
102c6a5f-bcd4-47ae-ad32-ef23e2467fe4,Evoucher Hộp quà Trung Thu Đồng Lạc I 2026 phiên bản Popup 3D cao cấp - Combo 4 bánh và trà,"Thiết kế hộp vali Popup 3D cao cấp, ép kim vàng 9999, kích thước 38 x 26 x 8,5 cm.
Khách hàng được lựa chọn 1 trong 2 combo bánh với các hương vị phong phú.
Combo gồm 4 bánh Trung Thu 150g, mang đến sự đa dạng trong trải nghiệm thưởng thức.
Kèm 1 hộp trà lài thượng hạng, bộ dao nĩa, thiệp Trung Thu và túi giấy Ivory sang trọng.
Họa tiết lấy cảm hứng từ không khí đêm hội trăng rằm, giàu màu sắc văn hóa truyền thống.
Phù hợp làm quà tri ân khách hàng, đối tác, nhân viên và quà tặng doanh nghiệp dịp Trung Thu 2026.",699000.00,590000.00,"Khách hàng áp dụng: Tất cả khách hàng
Ngày áp dụng: Thứ 2 - Thứ 6
Giờ áp dụng: 9:00 - 17:00
Số lượng E-Voucher áp dụng: Sử dụng 01 voucher/01 hộp quà. Không giới hạn số lượng voucher/ hóa đơn.
Thông tin cách mua hàng HƯỚNG DẪN ĐỔI VOUCHER
Bước 1. Khách hàng nhận voucher liên hệ GIVISTA để đổi hộp quà Trung Thu 2026
Hotline/Zalo: 0969117926
Facebook:
Tại đây
Bước 2. Cung cấp mã voucher để đổi hộp quà
Bước 3. Khách hàng thanh toán phí vận chuyển trực tiếp cho đơn vị vận chuyển
Lưu ý: Không hỗ trợ khách hàng đổi quà trực tiếp tại cửa hàng
Điều kiện khác
Một khách hàng được mua nhiều E-Voucher/E-Coupon
E-Voucher/E-Coupon không có giá trị quy đổi thành tiền mặt, không trả lại tiền thừa.
Không áp dụng đồng thời với chương trình khuyến mại khác
Voucher chưa bao gồm phí vận chuyển Hộp quà tặng đến khách hàng.",100,2026-08-23 00:00:00+00,2026-11-21 00:00:00+00,Dang ban,Không quy đổi thành tiền mặt. Hỗ trợ hoàn tiền nếu hủy trước 24h.,//cdn.lifelink.vn/img/c280x280/ADD-Trung-thu-Dong-Lac-I-4banh_11082026151346.jpg?sign=daNqvy-H-X5LAnGNU2EvKg,0,40000000-0000-0000-0000-000000000001
1090ed0b-43d2-435e-bf7b-6cddc80df4f9,"Đài Quan Sát Lotte Hà Nội Sky - Combo Đồ uống, Ảnh cho trẻ em","Trải nghiệm độc đáo ngắm toàn cảnh Hà Nội từ độ cao tầng 65, cảm giác bồng bềnh trên mây cực thích thú.
Đài Quan Sát Lotte Hà Nội Sky sở hữu sàn kính Sky Walk nổi bật, mang đến những bức hình check-in ấn tượng khó quên.
Phù hợp cho nhóm bạn, gia đình, các cặp đôi muốn lưu lại những khoảnh khắc khó quên từ trên cao.
Không gian mở hiện đại, đẳng cấp với góc nhìn 360 độ, giúp bạn chiêm ngưỡng trọn vẹn vẻ đẹp thành phố ngày và đêm.
Kết hợp kính viễn vọng hiện đại cho trải nghiệm quan sát chân thực, gần gũi hơn với từng góc phố Hà Nội.
Các dịch vụ kèm theo như đồ uống, chụp ảnh chuyên nghiệp sẵn sàng phục vụ, mang lại trải nghiệm trọn vẹn từ A-Z.
Tiết kiệm thời gian, thuận tiện đặt vé online trên LifeLink với nhiều ưu đãi hấp dẫn chỉ dành riêng cho khách hàng nhanh tay.
Đặt vé Đài Quan Sát Lotte Hà Nội Sky ngay trên LifeLink để dễ dàng tận hưởng không gian giải trí tuyệt đỉnh!",320000.00,270000.00,"Khách hàng áp dụng:
Dành cho khách hàng từ 3 tuổi đến 12 tuổi.
Số lượng E-voucher áp dụng:
01 voucher/01 người/01 lần sử dụng.
Mỗi khách hàng được mua nhiều E-Voucher/E-Coupon.
Phạm vi sử dụng:
Áp dụng vào các ngày trong tuần, bao gồm cả ngày Lễ.
Thời gian mua vé combo: 9:30 - 22:30 hàng ngày.
Đổi vé tại quầy B1 đài quan sát LOTTE Hanoi Sky trước 22:30 mỗi ngày.
Lưu ý:
Vé không bao gồm thuê trang phục, chụp ảnh Life4cuts, quà lưu niệm, Đấu trường Mission X
Khi đổi vé online sang vé cứng, vé cứng phải được sử dụng cùng ngày.
Đổi vé cứng tại quầy vé trước 22:30 mỗi ngày.
Giá vé thay đổi theo ngày thường, cuối tuần và ngày lễ.
Phụ thu:
Không phụ thu.
Thông tin liên hệ:
Hotline: 024 33336565
Điều kiện khác:
E-Voucher/E-Coupon không có giá trị quy đổi thành tiền mặt, không trả lại tiền thừa.
Không áp dụng đồng thời với chương trình khuyến mại khác.",100,2026-08-23 00:00:00+00,2026-11-21 00:00:00+00,Dang ban,Không quy đổi thành tiền mặt. Hỗ trợ hoàn tiền nếu hủy trước 24h.,//cdn.lifelink.vn/img/c280x280/14_08052026150846.jpg?sign=Dtq0a7-l52CfoqOER7AB9w,0,40000000-0000-0000-0000-000000000003
10ea676c-00a0-409b-9879-1efa5348d2eb,Evoucher - Hộp quà trung thu Lạc Vũ Hoàng Uyên 2026 phiên bản nam châm cao cấp - Combo 4 bánh và trà,"Evoucher - Hộp quà trung thu ""Lạc Vũ Hoàng Uyên"" 2026 phiên bản nam châm cao cấp - Combo 4 bánh và trà là món quà Trung Thu cao cấp dành cho doanh nghiệp.
Thiết kế hộp nam châm ép kim vàng 9999 lấy cảm hứng từ hình tượng chim công quyền quý.
Bao gồm 4 bánh Trung Thu thượng hạng cùng trà lài thơm dịu, tạo nên trải nghiệm thưởng thức trọn vẹn.
Đi kèm túi giấy Ivory, thiệp Trung Thu và bộ dao nĩa sang trọng.
Phù hợp làm quà tặng đối tác, khách hàng, nhân viên và người thân trong mùa đoàn viên.
Đặt Evoucher nhanh chóng, thuận tiện và an toàn trên LifeLink.",569000.00,480000.00,"Khách hàng áp dụng: Tất cả khách hàng
Ngày áp dụng: Thứ 2 - Thứ 6
Giờ áp dụng: 9:00 - 17:00
Số lượng E-Voucher áp dụng: Sử dụng 01 voucher/01 hộp quà. Không giới hạn số lượng voucher/ hóa đơn.
Thông tin cách mua hàng HƯỚNG DẪN ĐỔI VOUCHER
Bước 1. Khách hàng nhận voucher liên hệ GIVISTA để đổi hộp quà Trung Thu 2026
Hotline/Zalo: 0969117926
Facebook:
Tại đây
Bước 2. Cung cấp mã voucher để đổi hộp quà
Bước 3. Khách hàng thanh toán phí vận chuyển trực tiếp cho đơn vị vận chuyển
Lưu ý: Không hỗ trợ khách hàng đổi quà trực tiếp tại cửa hàng
Điều kiện khác
Một khách hàng được mua nhiều E-Voucher/E-Coupon
E-Voucher/E-Coupon không có giá trị quy đổi thành tiền mặt, không trả lại tiền thừa.
Không áp dụng đồng thời với chương trình khuyến mại khác
Voucher chưa bao gồm phí vận chuyển Hộp quà tặng đến khách hàng.",100,2026-08-23 00:00:00+00,2026-11-21 00:00:00+00,Dang ban,Không quy đổi thành tiền mặt. Hỗ trợ hoàn tiền nếu hủy trước 24h.,//cdn.lifelink.vn/img/c280x280/ADD-Evoucher-Lac-Vu-Hoang-Uyen-1_06082026154013.jpg?sign=iPzDxnXMKPINFv-aOhHxzg,0,40000000-0000-0000-0000-000000000001
111e8c35-6672-443e-862b-97add43b0a05,B-Zone Ocean - Vé vui chơi trẻ em,"Combo vé trẻ em đi kèm 1 người lớn, tham gia trải nghiệm thư giãn và học hỏi cùng bé.
Thích hợp cho gia đình có con nhỏ, nhóm bạn nhỏ tuổi, hoạt động cuối tuần bổ ích.
Không gian vườn thú mini 498m2, gần gũi với nhiều loài động vật quen thuộc, dễ tiếp cận.
Trẻ được tiếp xúc thực tế với thỏ trắng, gà rutin, vịt call duck, chim bồ câu, dông cát, hà mã mini…
Khu vui chơi sáng tạo: nhà cát, tàu hoả, đu quay gấu, vòng quay ngựa gỗ, khu đất nặn và lego.
Trẻ em bắt buộc có phụ huynh đi kèm, đảm bảo an toàn tuyệt đối trong suốt hành trình vui chơi.
Đặt vé trên LifeLink tiện lợi, nhanh chóng và nhận nhiều ưu đãi hấp dẫn.",160000.00,150000.00,"Thông báo nghỉ Tết: Từ 16/2 đến 19/2
Khách hàng áp dụng: 1 trẻ em và 1 người lớn
Người lớn: Từ 15 tuổi trở lên
Trẻ em: Dưới 15 tuổi hoặc dưới 1m45
Ngày áp dụng: Tất cả các ngày trong tuần, bao gồm Lễ Tết
Giờ áp dụng:
Thứ 2 - Thứ 6: 10h00 - 22h00
Thứ 7 - Chủ nhật: 9h30 - 22h00
Lưu ý:
Mỗi vé trẻ em đều được kèm theo 1 người lớn, người lớn vào cùng hay không giá vẫn không đổi
Trẻ em phải có phụ huynh đi kèm và giám sát khi tham quan vườn thú.
Không mang theo đồ ăn ngoài vào vườn thú, đọc kỹ nội quy trước khi tham quan.
Tất cả khách phải đeo găng tay bảo hộ được cung cấp trước khi vào khu trải nghiệm
Lưu ý giữ vòng tay cẩn thận để được ra vào nhiều lần trong ngày.
Khách hàng liên hệ đăng ký dịch vụ trước khi đến để được phục vụ tốt nhất:
Hotline: 19002065 hoặc 0934661016
Điện thoại liên hệ: 0387881956
Điều kiện khác:
e-Voucher/e-Coupon không có giá trị quy đổi thành tiền mặt, không trả lại tiền thừa.
Không áp dụng đồng thời với chương trình khuyến mại khác",100,2026-08-23 00:00:00+00,2026-11-21 00:00:00+00,Dang ban,Không quy đổi thành tiền mặt. Hỗ trợ hoàn tiền nếu hủy trước 24h.,//cdn.lifelink.vn/img/c280x280/B-Zone-Ocean--3-_11052026161657.jpg?sign=51MCZSJDEzRCJ6M9YeUZzA,0,40000000-0000-0000-0000-000000000003
11b33872-343b-418a-abc0-a05a1fdaa9ad,Show thực cảnh Anh Hùng Cờ Lau - Hoa Lư Ninh Bình - Hạng CL350 xanh đậm - Trẻ em,"Thưởng thức show thực cảnh đỉnh cao tái hiện hành trình của Hoàng đế Đinh Bộ Lĩnh.
Chiêm ngưỡng nghệ thuật kết hợp xiếc, múa, võ thuật và âm nhạc truyền thống đặc sắc, dẫn dắt cảm xúc mãnh liệt.
Không gian thực cảnh nhập vai, tái hiện sống động tinh hoa văn hóa Bắc Bộ xưa.
Trải nghiệm du lịch đêm mới lạ, hấp dẫn, phù hợp cho gia đình, nhóm bạn, du khách yêu văn hóa, lịch sử.
Lan tỏa niềm tự hào dân tộc qua câu chuyện lịch sử hào hùng thời Đại Cồ Việt.
Cơ hội chụp ảnh, check-in cùng khung cảnh cổ kính giữa cố đô Ninh Bình, lưu giữ khoảnh khắc khó quên.
Đặt vé trực tiếp trên LifeLink, nhanh gọn, đảm bảo quyền lợi và giá ưu đãi hấp dẫn.
Khám phá sản phẩm nghệ thuật tiêu biểu, trở thành điểm nhấn trong hành trình trải nghiệm văn hóa - lịch sử miền Bắc.",175000.00,105000.00,"Khách hàng áp dụng: TE (trẻ em)
1m - 1.3m (thường từ 4-8 tuổi)
Dưới 1m miễn phí vé khi ngồi cùng bố mẹ.
Ngày áp dụng:
Tháng 7: 9, 10, 11, 16, 17, 18, 23, 24, 25, 26, 30, 31
Tháng 8: 01, 6, 7, 8, 9, 13, 14, 15, 20, 21, 22, 23, 27, 28, 29, 30
Giờ áp dụng: 20h45 - 21h45
Lưu ý:
Khách hàng vui lòng liên hệ check thông tin trước khi thanh toán, đơn hàng được xử lý booking lấy vé QR code gửi cho khách hàng sau khi thanh toán, nếu không liên hệ lấy vé sẽ không sử dụng được dịch vụ.
Vé đã mua không hoàn hủy
Số lượng E-Voucher áp dụng: 01 E-Voucher/ 1 người
Khách hàng liên hệ đăng ký dịch vụ trước khi đến để được phục vụ tốt nhất
Điện thoại: 19002065
Địa chỉ: Thủy Đình, Phố Cổ Hoa Lư, Ninh Bình
Điều kiện khác
E-Voucher/E-Coupon không có giá trị quy đổi thành tiền mặt, không trả lại tiền thừa.
Không áp dụng đồng thời với chương trình khuyến mại khác",100,2026-08-23 00:00:00+00,2026-11-21 00:00:00+00,Dang ban,Không quy đổi thành tiền mặt. Hỗ trợ hoàn tiền nếu hủy trước 24h.,//cdn.lifelink.vn/img/c280x280/ADD-Anh-hung-co-lau-04_09072026141424.jpg?sign=G0cZR9Eth4yr6Coc3jw8bQ,0,40000000-0000-0000-0000-000000000003
11d9247b-9504-43af-9a85-fa74201675c9,Đài Quan Sát Lotte - Combo Vé vào cổng và Game thực tế ảo Đấu Trường Mission X,"""Vé vào cổng - Game thực tế ảo đấu trường Mission X tại Đài Quan Sát Lotte Hà Nội"" mang đến trải nghiệm thư giãn, thú vị, hấp dẫn cho mọi khách hàng.
Đài Quan Sát Lotte Hà Nội tọa lạc tại tầng 65 của tòa nhà Lotte Center, mang đến tầm nhìn ngoạn mục toàn cảnh thủ đô.
Trải nghiệm Game Thực Tế Ảo với công nghệ VR hiện đại và áo khoác cảm biến Haptics mang lại cảm giác chân thực và sống động.
Bạn sẽ trở thành chiến binh dũng mãnh, chiến đấu cùng đồng đội để chống lại thế lực hắc ám và giải cứu thế giới.
Ngoài trải nghiệm game, bạn còn có thể chiêm ngưỡng vẻ đẹp của Hà Nội từ trên cao tại góc cầu kính trong suốt.
Đài Quan Sát Lotte là nơi lý tưởng để chụp hình, đặc biệt là vào lúc hoàng hôn hoặc khi thành phố lên đèn.
Kết hợp giữa công nghệ thực tế ảo và những trận chiến kịch tính, mang đến trải nghiệm không thể tìm thấy ở bất cứ đâu.",350000.00,300000.00,"Ngày 16/2/2026 (Tức 29 tết): Mở cửa từ 9h30 - 19h00, dừng bán vé lúc 18h00
Ngày 17/2/2026 (Mùng 1 Tết): Nghỉ
LOTTE Hanoi Sky Observation Deck sẽ mở cửa đón khách từ: 12h00 - 23h30 ngày 18/2/2026 (Tức Mùng 2 Tết)
Khách hàng áp dụng: Vé dành cho cả người lớn và trẻ em.
Ngày áp dụng: Thứ 2 - Chủ nhật (Áp dụng cả ngày Lễ),
Thời gian mua vé combo: Từ 9h30 - 22h30 hàng ngày (Đổi vé tại quầy B1 đài quan sát LOTTE Hanoi Sky trước 22h30 hàng ngày)
Số lượng E-Voucher áp dụng: 01 voucher/ 01 người/ 01 lần sử dụng (không bù thêm tiền).
Phụ thu Lễ, Tết: Không phụ thu
Combo vé bao gồm vé vào cửa, trò chơi thực tế ảo Đấu trường Mission X
Vé không bao gồm thuê trang phục, in ảnh, đồ uống SKYL, chụp ảnh Life4cuts.
Khi đổi vé online sang vé cứng, vé cứng phải được sử dụng cùng ngày.
Đổi vé cứng tại quầy vé trước 22:30 mỗi ngày.
Giá vé thay đổi theo ngày thường, cuối tuần và ngày lễ.
Khách hàng liên hệ đăng ký dịch vụ trước khi đến để được phục vụ tốt nhất
Điện thoại: 024 3333 6565
Một khách hàng được mua nhiều E-Voucher/E-Coupon
E-Voucher/E-Coupon không có giá trị quy đổi thành tiền mặt, không trả lại tiền thừa.
Không áp dụng đồng thời với chương trình khuyến mại khác",100,2026-08-23 00:00:00+00,2026-11-21 00:00:00+00,Dang ban,Không quy đổi thành tiền mặt. Hỗ trợ hoàn tiền nếu hủy trước 24h.,//cdn.lifelink.vn/img/c280x280/12_08052026150903.jpg?sign=VpmMiOAzOsE4okCRCP3NuQ,0,40000000-0000-0000-0000-000000000003
131904d6-5ec1-4849-bfe4-8c8b7b83b53d,Show thực cảnh Anh Hùng Cờ Lau - Hoa Lư Ninh Bình - Hạng CL250 Xanh nhạt - Người lớn,"Thưởng thức show thực cảnh đỉnh cao tái hiện hành trình lịch sử Đinh Bộ Lĩnh đầy hào hùng tại Ninh Bình.
Không gian trình diễn nhập vai, đa loại hình từ võ thuật, múa, xiếc đến âm nhạc truyền thống Bắc Bộ đặc sắc.
Trải nghiệm cảm xúc tự hào dân tộc, khám phá tinh hoa văn hóa Việt Nam cùng gia đình, nhóm bạn hay người thân yêu.
Phù hợp cho mọi đối tượng: du khách, học sinh, gia đình yêu lịch sử và nghệ thuật sân khấu.
Nội dung nghệ thuật đặc sắc với sự phối hợp của nhiều loại hình trình diễn độc đáo trên một sân khấu thực cảnh hoành tráng.
Không gian check-in ấn tượng giữa lòng cố đô xưa, hòa mình vào bầu không khí lịch sử sống động đầy cảm xúc.
Mua vé dễ dàng trên LifeLink nhận ưu đãi tiết kiệm, quy trình nhanh chóng, xác nhận tức thì.
Đặt vé show thực cảnh lịch sử Ninh Bình ngay hôm nay qua LifeLink để không bỏ lỡ trải nghiệm cuốn hút hiếm có!",250000.00,150000.00,"Khách hàng áp dụng: NL (người lớn) từ 1.3m trở lên (thường từ 8 tuổi trở lên)
Ngày áp dụng:
Tháng 7: 9, 10, 11, 16, 17, 18, 23, 24, 25, 26, 30, 31
Tháng 8: 01, 6, 7, 8, 9, 13, 14, 15, 20, 21, 22, 23, 27, 28, 29, 30
Giờ áp dụng: 20h45 - 21h45
Lưu ý:
Khách hàng vui lòng liên hệ check thông tin trước khi thanh toán, đơn hàng được xử lý booking lấy vé QR code gửi cho khách hàng sau khi thanh toán, nếu không liên hệ lấy vé sẽ không sử dụng được dịch vụ.
Vé đã mua không hoàn hủy
Số lượng E-Voucher áp dụng: 01 E-Voucher/ 1 người
Khách hàng liên hệ đăng ký dịch vụ trước khi đến để được phục vụ tốt nhất
Điện thoại: 19002065
Địa chỉ: Thủy Đình, Phố Cổ Hoa Lư, Ninh Bình
Điều kiện khác
E-Voucher/E-Coupon không có giá trị quy đổi thành tiền mặt, không trả lại tiền thừa.
Không áp dụng đồng thời với chương trình khuyến mại khác",100,2026-08-23 00:00:00+00,2026-11-21 00:00:00+00,Dang ban,Không quy đổi thành tiền mặt. Hỗ trợ hoàn tiền nếu hủy trước 24h.,//cdn.lifelink.vn/img/c280x280/ADD-Anh-hung-co-lau-06_09072026142841.jpg?sign=Gw0Gps_pBnwDLWfSg8O0Vg,0,40000000-0000-0000-0000-000000000003
145c7bd7-740d-4ced-9971-b73b22f341e1,Vé vào cổng KidZania Lotte Mall Tây Hồ dành cho Trẻ em cả ngày - Áp dụng Thứ 2 - Thứ 6,"Vé KidZania Lotte Mall Tây Hồ mang đến cơ hội để trẻ hóa thân thành nhiều ngành nghề yêu thích trong môi trường mô phỏng chân thực.
Không gian rộng hơn 5.300m² với hàng chục khu trải nghiệm hiện đại và an toàn.
Bé được học hỏi kỹ năng sống, tư duy tài chính và tinh thần làm việc nhóm thông qua các hoạt động nhập vai.
Phù hợp cho trẻ từ 4 đến 15 tuổi với đa dạng chủ đề nghề nghiệp hấp dẫn.
Đặt vé nhanh chóng tại LifeLink với quy trình đơn giản, hỗ trợ tận tình.
Lựa chọn lý tưởng cho các gia đình muốn kết hợp vui chơi và giáo dục cuối tuần.",450000.00,450000.00,"Tổng thời gian gói dịch vụ: 1 lần
Thời gian một lần dịch vụ: Cả ngày.
Ngày áp dụng: Thứ 2 - Thứ 6
Giờ áp dụng: 09:00 - 20:00
Khách hàng áp dụng: Trẻ em từ 4 - 15 tuổi.
Số lượng E-Voucher áp dụng:
Một khách hàng được mua nhiều phiếu.
Sử dụng 01 vé/ 01 khách hàng/ 1 lần
Không giới hạn số E-voucher trên 1 hoá đơn
Lưu ý: Vui lòng không mang đồ ăn uống (trừ sữa công thức và thuốc kê đơn) từ bên ngoài vào để đảm bảo môi truong vui chơi an toàn và thoải mái cho trẻ.
Thông tin liên hệ đặt dịch vụ:
Địa chỉ: Khu trải nghiệm KidZania Hà Nội (Tầng 5, Trung tâm thương mại Lotte Mall Hà Nội, số 272 đường Võ Chí Công, phường Tây Hồ, thành phố Hà Nội
Hotline Kidzania: 1900 0114
Hotline Lifelink: 1900 2065
Điều kiện khác
E-Voucher/E-Coupon không có giá trị quy đổi thành tiền mặt, không trả lại tiền thừa.
Không áp dụng đồng thời với chương trình khuyến mại khác
Giá đã bao gồm VAT
Vé đã mua không hoàn hủy, đặt trước tối thiểu 1 ngày",100,2026-08-23 00:00:00+00,2026-11-21 00:00:00+00,Dang ban,Không quy đổi thành tiền mặt. Hỗ trợ hoàn tiền nếu hủy trước 24h.,//cdn.lifelink.vn/img/c280x280/ADD-KidZania-Ha-Noi-2_21072026171922.jpg?sign=SS-XdJkfzWpgccljfGP79w,11,40000000-0000-0000-0000-000000000003
14ee3519-8d8a-4920-b69e-e80654f6f16e,"Vé Tàu Hà Nội 5 Cửa Ô Tầng 2 - Toa Ô Cầu Dền, Ô Quan Chưởng, Ô Cầu Giấy, Ô Đống Mác - The Hanoi Train","Vé Tàu Hà Nội 5 Cửa Ô Tầng 2 mang đến góc nhìn cao, rộng và thoáng để chiêm ngưỡng cảnh sắc dọc hành trình.
Các toa Ô Cầu Dền, Ô Quan Chưởng, Ô Cầu Giấy và Ô Đống Mác được thiết kế theo chủ đề riêng, tái hiện vẻ đẹp Thăng Long xưa.
Không gian nội thất hiện đại, sang trọng kết hợp hài hòa giữa văn hóa, nghệ thuật và tiện nghi.
Hệ thống cửa kính lớn giúp du khách dễ dàng ngắm nhìn thiên nhiên và nhịp sống Hà Nội.
Phù hợp cho khách du lịch, gia đình, nhóm bạn và những người yêu thích trải nghiệm mới mẻ.
Đặt vé nhanh chóng, thuận tiện và an tâm cùng LifeLink.",650000.00,650000.00,"Khách hàng áp dụng: Tất cả khách hàng từ 8 tuổi trở lên.
Ngày áp dụng
Tháng 7:
8h00: Ngày 17, 18, 19, 29, 31
13h30: Ngày 18, 19, 28
Tháng 08
8h00: Ngày 01, 02, 05, 07, 08, 09, 12, 14, 15, 16, 19, 21, 22, 23, 26, 28, 29, 30
13h30: Ngày 1, 2, 4, 6, 8, 9, 11, 13, 15, 16, 18, 20, 22, 23, 25, 27, 29, 30
Tháng 09
8h00: Ngày 01, 02, 04, 05, 06, 09, 11, 12, 13, 16, 18, 19, 20, 23, 25, 26, 27, 30
13h30: Ngày 01, 02, 05, 06, 08, 10, 12, 13, 15, 17, 19, 20, 22, 24, 26, 27, 29
Tháng 10
8h00: Ngày 02, 03, 04, 07, 09, 10, 11, 14, 16, 17, 18, 20, 21, 23, 25, 28, 30, 31
13h30: 01, 03, 04, 06, 08, 10, 11, 13, 15, 16, 17, 18, 20, 22, 24, 25, 27, 29, 31
Giờ áp dụng: 8h00 hoặc 13h30
Số lượng E-Voucher áp dụng: 01 E-voucher/ 1 khách
Lưu ý:
Trẻ em dưới 3 tuổi miễn phí vé, sử dụng chung chỗ với người lớn, mỗi người lớn được kèm tối đa 01 trẻ em dưới 3 tuổi, từ trẻ em thứ 2 trở lên phải mua vé trẻ em
Trẻ từ 3- 8 tuổi: Giảm 10% so với giá vé người lớn
Khách hàng liên hệ đăng ký dịch vụ trước khi đến để được phục vụ tốt nhất
Điện thoại: 1900 2065
Địa chỉ: Cửa 1C, sảnh Bắc - Ga Hà Nội - 120 Lê Duẩn - Văn Miếu - Hà Nội
Điều kiện khác
E-Voucher không có giá trị quy đổi thành tiền mặt, không trả lại tiền thừa.
Không áp dụng đồng thời với chương trình khuyến mại khác
Vé đã mua không hoàn/ hủy",100,2026-08-23 00:00:00+00,2026-11-21 00:00:00+00,Dang ban,Không quy đổi thành tiền mặt. Hỗ trợ hoàn tiền nếu hủy trước 24h.,//cdn.lifelink.vn/img/c280x280/ADD-5-cua-o-5_17072026120055.jpg?sign=1b0BZBtqgvyqvv4FR24deg,0,40000000-0000-0000-0000-000000000003
1549fecd-90b6-40e3-9ef3-234ae1149959,SH Premium Lounge Ha Noi 3 tại Sân bay Quốc tế Nội Bài - Vé trẻ em,"Phòng chờ cao cấp dành riêng cho trẻ em tại ga quốc tế T2, sân bay Nội Bài, tạo cảm giác thoải mái như ở nhà.
Menu buffet thay đổi theo ngày, phong phú và phù hợp khẩu vị đa dạng, bao gồm cả đồ uống có cồn và không cồn.
Không gian hiện đại với ghế sofa êm ái, điều hòa mát mẻ và khu vực giải trí đa phương tiện.
Có màn hình hiển thị thông tin chuyến bay, giúp phụ huynh tiện theo dõi lịch trình di chuyển.
Cung cấp dịch vụ truyền hình cáp giải trí, báo - tạp chí giúp trẻ không bị nhàm chán khi chờ chuyến bay.
Hỗ trợ truy cập internet, email và các tiện ích dành cho khách có nhu cầu công việc khẩn cấp.
Không gian toilet riêng biệt, sạch sẽ và tiện nghi, phù hợp với trẻ nhỏ cần sử dụng thường xuyên.
Đặt dịch vụ qua LifeLink để tận hưởng giá ưu đãi và trải nghiệm không gian chờ tiện nghi nhất cho bé yêu.",525000.00,498750.00,"Voucher bao gồm:
Mã ưu đãi 1 lượt sử dụng dịch vụ phòng chờ SH Premium Lounge Ha Noi 3 tại Sân bay Quốc tế Nội Bài - Vé trẻ em
Thời gian sử dụng tại Phòng khách là tối đa 03 giờ trước giờ khởi hành ban đầu
Địa điểm áp dụng: Tầng 4, cánh Tây, khu cách ly ga đi Quốc tế, Cảng Hàng không Quốc tế Nội Bài (gần gate 37 & 38)
Vị trí: Ga đi Quốc tế - Sân Bay Nội Bài - Hà Nội
Khách hàng được sử dụng mọi dịch vụ tại phòng chờ theo quy định của phòng chờ.
Mã ưu đãi chỉ có giá trị sử dụng một lần. Không chấp nhận Voucher ưu đãi quá hạn sử dụng hoặc trạng thái “Đã sử dụng”.
Vui lòng xuất trình mã ưu đãi cho nhân viên tại quầy để được áp dụng ưu đãi.
Khách hàng có thể được yêu cầu trả thêm tiền nếu sử dụng quá giá trị của Mã ưu đãi.
Lưu ý:
Khách hàng sẽ thanh toán trực tiếp tại quầy lễ tân theo bảng giá công bố cho khách lẻ tại mỗi phòng chờ khi:
Khách hàng sử dụng quá thời gian quy định của phòng chờ.
Khách hàng có phát sinh các dịch vụ khác thêm tại phòng chờ
Khách hàng có trẻ em đi kèm mà chưa đăng ký dịch vụ trước qua LifeLink 1900 2065. Thời gian thông báo tối thiểu với LifeLink trước 1 ngày sử dụng dịch vụ LifeLink hoàn toàn không chịu trách nhiệm khi có các phát sinh thêm bên trên.
Khách hàng áp dụng: Khách từ 5 đến 12 tuổi
Ngày áp dụng: Tất cả các ngày trong tuần, bao gồm Lễ Tết
Giờ áp dụng 06:00 - 02:00 (ngày hôm sau)
Số lượng E-Voucher áp dụng:
01 voucher/khách/1 lượt sử dụng
Áp dụng nhiều voucher trên 1 hóa đơn
Dịch vụ bao gồm: Các dịch vụ theo tiêu chuẩn tại phòng chờ
Dịch vụ không bao gồm: Chi phí cá nhân và các chi phí phát sinh khác
Chính sách phụ thu trẻ em:
Miễn phí tối đa cho 02 trẻ em dưới 5 tuổi đi kèm cùng mỗi người lớn sử dụng dịch vụ Phòng khách.
Trẻ em dưới 5 tuổi thứ ba trở đi và Trẻ em từ 5 tuổi đến 12 tuổi mức phí bằng 50% đơn giá niêm yết/trẻ em.
Hành khách trên 12 tuổi được tính như quy định đối với người lớn.
Các trường hợp người đi kèm, nếu không được thông báo trước, dịch vụ gia tăng sẽ do Khách hàng tự thanh toán tại quầy lễ tân theo bảng giá công bố cho khách lẻ tại Phòng khách.
Chính sách phụ thu sử dụng thêm giờ:
Thời gian sử dụng tại Phòng khách là tối đa 03 giờ trước giờ khởi hành ban đầu.
Cứ mỗi 03 (ba) tiếng thêm giờ phát sinh được xác định là 01 (một) khung thêm giờ (Block). Thời gian thêm giờ phát sinh dưới 3 (ba) tiếng được tính tròn là 01 (một) Block.
Đơn giá thêm giờ là: 50% phí dịch vụ /khách/ block (thêm giờ).
Hành khách tự thanh toán chi phí thêm giờ trực tiếp tại quầy lễ tân theo giá công bố tại phòng khách.
Quy trình sử dụng dịch vụ:
Bước 1: Khách hàng Xuất trình xuất trình mã ưu đãi/ mã QR trên ứng dụng LifeLink/ hoặc email/ hoặc Zalo cùng Thẻ lên tàu bay tại quầy lễ tân Phòng khách.
Bước 2: Nhân viên Phòng khách xác thực mã QR trên hệ thống.
Trường hợp 1: Xác thực không thành công: Nhân viên Lễ tân Phòng khách từ chối phục vụ khách đồng thời Nhờ khách hàng liên hệ lại Hotline LifeLink 1900 2065 để được hỗ trợ nhanh chóng.
Trường hợp 2: Xác thực thành công: Nhân viên Lễ tân Phòng khách hoàn tất trên hệ thống.
Bước 3: Nhân viên Lễ tân Phòng khách mời Hành khách sử dụng Dịch vụ Phòng chờ Thương gia.""
Điều kiện lưu ý bắt buộc
Các trường hợp phát sinh không thông báo trước như: Có vé trẻ em đi kèm,... sẽ do Khách hàng tự thanh toán tại quầy lễ tân theo bảng giá công bố cho khách lẻ tại Phòng khách, LifeLink hoàn toàn không chịu trách nhiệm.
Thời gian thông báo tối thiểu trước 1 ngày sử dụng dịch vụ
Hotline hỗ trợ tư vấn (9h-20h): 1900 2065
Điều kiện khác:
Áp dụng 01 E-Voucher/E-Coupon cho 01 khách
Một khách hàng được mua nhiều E-Voucher/E-Coupon
E-Voucher/E-Coupon không có giá trị quy đổi thành tiền mặt, không trả lại tiền thừa.
Không áp dụng đồng thời với chương trình khuyến mại khác
Mã ưu đãi được xuất ra sẽ không được đổi trả dưới mọi hình thức.
Giá trên đã bao gồm phí phục vụ và thuế GTGT",100,2026-08-23 00:00:00+00,2026-11-21 00:00:00+00,Dang ban,Không quy đổi thành tiền mặt. Hỗ trợ hoàn tiền nếu hủy trước 24h.,//cdn.lifelink.vn/img/c280x280/1_13052026114922.jpg?sign=pBEB49HwjLmEASb5hsq1bQ,0,40000000-0000-0000-0000-000000000004
157f4fcf-3794-4bd1-bd19-d0d8c2ebfeb0,Ccomaya Kids Thảo Điền - Vé vui chơi từ thứ 3 đến thứ 6,"Voucher áp dụng cho ""Vé vào cổng khu vui chơi Ccomaya Kids Thảo Điền - Áp dụng thứ 3 đến thứ 6"" quý khách sẽ được
tận hưởng không gian vui chơi rộng lớn cùng hàng loạt trò chơi hấp dẫn.
Có hơn 30 trò chơi đa dạng, được chia thành nhiều khu như khu chơi nhà bóng, khu trang điểm, khu hoa quả, lắp ghép và phòng game… Đặc biệt tại chi nhánh Thảo Điền có hồ bơi và trò chơi leo núi tại hồ bơi.
Từ những trò chơi nhẹ nhàng đến các hoạt động thể chất đều được thiết kế phù hợp với độ tuổi của bé, đảm bảo an toàn tuyệt đối cho bé.
Mỗi khu vực riêng biệt đều có nhân viên túc trực theo sát hoạt động vui chơi của các bé.
Ccomaya còn sở hữu thực đơn Âu Á chuẩn vị có hơn 50 món do các đầu bếp giàu kinh nghiệm lựa chọn và chế biến.
Ccomaya Kids tổ chức các gói tiệc sinh nhật trọn gói cho bé, rất thích hợp để phụ huynh lựa chọn tổ chức tiệc cho bé yêu nhà mình.
Đội ngũ nhân viên chu đáo, nhiệt tình, Ccomaya Kids hứa hẹn sẽ làm hài lòng mọi quý khách hàng.",100000.00,80000.00,"Khách hàng áp dụng: Các bé từ 1 tuổi đến 11 tuổi
Ngày áp dụng: Từ thứ 3 đến thứ 6. (Trừ thứ 2, thứ 7, chủ nhật và các ngày Lễ, Tết, Bù Lễ theo lịch nghỉ của nhà nước)
Giờ áp dụng: Thứ 3 - Thứ 6: 10h00- 20h00
Số lượng E-Voucher áp dụng:
01 voucher/ 1 vé (Không bù thêm tiền)
01 bé đi kèm 01 người lớn bố hoặc mẹ đi cùng
Bắt buộc oder 1 món bất kì trong menu để tránh phụ thu 50k
Không giới hạn số lượng voucher/ hóa đơn
Khách đoàn liên hệ đăng ký dịch vụ trước khi đến để được phục vụ tốt nhất:
Địa chỉ: Địa chỉ: Ccomaya Kids Thảo Điền, Số 9 đường số 6, Phường Thảo Điền, Thành phố Thủ Đức, Thành phố Hồ Chí Minh
Hotline:
0707 382 513
Một khách hàng được mua nhiều E-Voucher/E-Coupon
E-Voucher/E-Coupon không có giá trị quy đổi thành tiền mặt, không trả lại tiền thừa
Không áp dụng đồng thời với chương trình khuyến mại khác.",100,2026-08-23 00:00:00+00,2026-11-21 00:00:00+00,Dang ban,Không quy đổi thành tiền mặt. Hỗ trợ hoàn tiền nếu hủy trước 24h.,//cdn.lifelink.vn/img/c280x280/Ccomaya-Kids-Cafe--3-_08052026102056.jpg?sign=1Kt75tW0mBIPoHIrn34ogw,0,40000000-0000-0000-0000-000000000003
15a546e4-deec-4728-9b05-5e53a69a32dc,Voucher Cheese Stick tại Lotteria,"Voucher Cheese Stick tại Lotteria bao gồm 02 thanh phô mai que thơm ngon.
Lớp vỏ vàng giòn kết hợp nhân phô mai béo ngậy, kéo sợi hấp dẫn.
Phù hợp cho bữa ăn nhẹ, bữa xế hoặc thưởng thức cùng bạn bè.
Voucher chính hãng, sử dụng thuận tiện tại hệ thống Lotteria trên toàn quốc.
Đặt mua nhanh trên LifeLink với quy trình đơn giản và tiện lợi.
Lựa chọn tuyệt vời dành cho những ai yêu thích món ăn vặt giòn ngon, đậm vị.",35000.00,33000.00,"Voucher không áp dụng hình thức đổi trả/ hủy/ hoàn tiền.
Được sử dụng tối đa 5 voucher/ ngày/ hóa đơn.
Không áp dụng đổi hàng cho đơn hàng số lượng lớn (theo quy định của Lotteria).
Mỗi voucher chỉ được sử dụng 01 lần.
Chỉ áp dụng cho một số sản phẩm nhất định.
Trong trường hợp sản phẩm được chỉ định không có sẵn, khách hàng có thể lựa chọn các sản phẩm có cùng giá t.rị.
Không đổi được ra tiền mặt một phần hoặc toàn bộ.
Không hoàn trả hoặc bán lại được.
Nếu giá tiền đơn đặt hàng của khách hàng vượt quá giá trị của voucher thì khách hàng phải thanh toán thêm số tiền chênh lệch đó.
Voucher không áp dụng cho các chương trình khuyến mãi khác.
Khách hàng có trách nhiệm bảo mật thông tin mã thẻ quà tặng sau khi đặt mua. LifeLink sẽ không chịu trách nhiệm hoàn trả các mã thẻ bị mất hoặc ở trạng thái ""đã sử dụng"" với bất kỳ lý do gì.
LifeLink sẽ không chịu trách nhiệm đối với chất lượng của sản phẩm được cung cấp cũng như đối với các tranh chấp về sau giữa khách hàng và nhà cung cấp.
LifeLink có quyền sửa chữa hoặc thay đổi điều khoản và điều kiện sử dụng mà không thông báo trước.
Hotline LifeLink: 1900 2065",100,2026-08-23 00:00:00+00,2026-11-21 00:00:00+00,Dang ban,Không quy đổi thành tiền mặt. Hỗ trợ hoàn tiền nếu hủy trước 24h.,//cdn.lifelink.vn/img/c280x280/Cheese-Stick_27072026135443.jpg?sign=0DBoumSi4F8EaFGR9O3-Cw,0,40000000-0000-0000-0000-000000000001
16a75cf7-3518-4a72-862a-ec374636ef87,B-Zone Ocean - Vé vui chơi dành cho người lớn,"Khám phá mô hình vườn thú mini độc đáo với hơn 498m2 không gian xanh mát, gần gũi thiên nhiên.
Phù hợp với gia đình có con nhỏ, nhóm bạn, cặp đôi yêu thiên nhiên và động vật.
Gặp gỡ các loài vật ngộ nghĩnh như thỏ trắng, dông cát, gà rutin, hà mã mini, chim bồ câu…
Khu lego và đất nặn giúp kích thích sáng tạo, rèn luyện kỹ năng vận động tinh cho bé.
Khu nhà cát rộng lớn, đu quay gấu, tàu hỏa vòng tròn cho bé thỏa sức chạy nhảy an toàn.
Mỗi vé áp dụng cho 1 người lớn từ 15 tuổi trở lên, thuận tiện cho người đi kèm trẻ nhỏ.
Đặt vé nhanh chóng qua LifeLink - dễ dàng check-in, tiết kiệm chi phí hiệu quả.",150000.00,140000.00,"Thông báo nghỉ Tết: Từ 16/2 đến 19/2
Khách hàng áp dụng: 1 người lớn trên 15 tuổi
Ngày áp dụng: Tất cả các ngày trong tuần, bao gồm Lễ Tết
Giờ áp dụng:
Thứ 2 - Thứ 6: 10h00 - 22h00
Thứ 7 - Chủ nhật: 9h30 - 22h00
Lưu ý:
Trẻ em phải có phụ huynh đi kèm và giám sát khi tham quan vườn thú.
Không mang theo đồ ăn ngoài vào vườn thú, đọc kỹ nội quy trước khi tham quan.
Tất cả khách phải đeo găng tay bảo hộ được cung cấp trước khi vào khu trải nghiệm
Lưu ý giữ vòng tay cẩn thận để được ra vào nhiều lần trong ngày.
Khách hàng liên hệ đăng ký dịch vụ trước khi đến để được phục vụ tốt nhất:
Hotline: 19002065 hoặc 0934661016
Điện thoại liên hệ: 0387881956
Điều kiện khác:
e-Voucher/e-Coupon không có giá trị quy đổi thành tiền mặt, không trả lại tiền thừa.
Không áp dụng đồng thời với chương trình khuyến mại khác",100,2026-08-23 00:00:00+00,2026-11-21 00:00:00+00,Dang ban,Không quy đổi thành tiền mặt. Hỗ trợ hoàn tiền nếu hủy trước 24h.,//cdn.lifelink.vn/img/c280x280/B-Zone-Ocean_11052026161655.jpg?sign=gqU1eaMRfgBX4iOK7N2GaA,0,40000000-0000-0000-0000-000000000003
1768cc2f-bf9c-44f9-b772-1939fcf3b273,E-voucher - Hộp bánh trung thu Trăng Bình An,"Thương hiệu BioFun, mang đến lựa chọn quà Trung Thu chỉn chu và ý nghĩa.
Gồm bánh nướng thập cẩm đặc biệt trứng với hương vị đậm đà, quen thuộc.
Bánh nướng sen trà ô long trứng tạo điểm nhấn thanh tao, hài hòa.
Kèm hộp trà Đông trùng hạ Thảo BioFun gồm 20 gói tiện lợi.
Bao bì hộp và khay định hình được thiết kế đồng bộ, đẹp mắt.
Có thể in logo thương hiệu chuyên biệt, phù hợp làm quà tặng doanh nghiệp.
Là món quà phù hợp để trao gửi lời chúc bình an trong mùa đoàn viên.",810000.00,729000.00,"Ngày áp dụng: Thứ 2 - Thứ 6
Giờ áp dụng: 9h00 -17h00
Thông tin liên hệ đặt dịch vụ
Hotline lifelink (9h00-20h00): 1900 2065
Hotline BioFun: 0355983628
Địa chỉ lấy bánh Số 10 ngõ 102 Trần Phú,Mỗ Lao, Hà Đông, Hà Nội
Điều kiện áp dụng:
Áp dụng 01 E-Voucher cho 01 hộp
Một khách hàng được mua nhiều E-Voucher
E-Voucher không có giá trị quy đổi thành tiền mặt, không trả lại tiền thừa.
Không áp dụng đồng thời với chương trình khuyến mại khác
Giá đã bao gồm VAT, chưa bao gồm phí ship",100,2026-08-23 00:00:00+00,2026-11-21 00:00:00+00,Dang ban,Không quy đổi thành tiền mặt. Hỗ trợ hoàn tiền nếu hủy trước 24h.,//cdn.lifelink.vn/img/c280x280/ADD-Trang-Binh-An_21082026103954.jpg?sign=tPZbZy5LIFs6OXjbrWkciQ,0,40000000-0000-0000-0000-000000000001
1905e542-d55d-449f-bde5-e76c158c9d01,Evisa - Dịch vụ hỗ trợ lấy thị thực Online,"Visa điện tử Việt Nam - Evisa là hình thức cấp visa hoàn toàn online, nhanh chóng, an toàn.
Thích hợp cho người nước ngoài đến Việt Nam du lịch, công tác, đầu tư hoặc thăm thân nhân.
Không cần đến Đại sứ quán/Lãnh sự quán hay xếp hàng lấy visa tại sân bay truyền thống.
Được cấp trực tuyến bởi Cục Quản lý Xuất nhập cảnh Việt Nam, đảm bảo chính thống, minh bạch.
Tiết kiệm thời gian, dễ dàng đăng ký từ bất cứ nơi đâu chỉ với vài bước đơn giản.
Thủ tục minh bạch, thông tin bảo mật, kiểm tra theo dõi tiến trình online tiện lợi.
Phù hợp đa dạng đối tượng: khách du lịch, doanh nhân, nhà đầu tư, người đi thăm gia đình.
Ưu đãi khi đặt qua LifeLink – xác nhận nhanh, hỗ trợ khách tận tình suốt quá trình hoàn tất thủ tục.",200000.00,190000.00,"Voucher áp dụng cho dịch vụ Hỗ trợ lấy thị thực, bao gồm:
Hỗ trợ khách chuyển đổi visa nhập cảnh nhanh.
Địa điểm áp dụng: Online
Khách hàng áp dụng: Tất cả khách hàng
Giá trên đã bao gồm thuế GTGT.
Điều kiện đặt dịch vụ
Hotline đặt tư vấn (9h-20h): 1900 2065
Liên hệ LifeLink trước khi thanh toán dịch vụ, đặt ít nhất trước 24h (1 ngày) để đảm bảo nhận được dịch vụ tốt nhất
Điều kiện khác
Áp dụng 01 E-Voucher/E-Coupon cho 01 khách
Một khách hàng được mua nhiều E-Voucher/E-Coupon
E-Voucher/E-Coupon không có giá trị quy đổi thành tiền mặt, không trả lại tiền thừa.
Không áp dụng đồng thời với chương trình khuyến mại khác",100,2026-08-23 00:00:00+00,2026-11-21 00:00:00+00,Dang ban,Không quy đổi thành tiền mặt. Hỗ trợ hoàn tiền nếu hủy trước 24h.,//cdn.lifelink.vn/img/c280x280/Evisa-Dich-vu-ho-tro-lay-thi-thuc-Online_30062026111126.jpg?sign=mkAyfZGyM6KX8Lxp1k1znA,0,40000000-0000-0000-0000-000000000004
19e389a2-a61b-4400-a352-f521d7812f78,"Vé Tàu Hà Nội 5 Cửa Ô Tầng Xép - Toa Ô Cầu Dền, Ô Quan Chưởng, Ô Cầu Giấy, Ô Đống Mác - The Hanoi Train","Vé Tàu Hà Nội 5 Cửa Ô Tầng Xép mang đến trải nghiệm ngắm cảnh mới lạ trên The Hanoi Train.
Không gian tầng xép được thiết kế hiện đại, tạo cảm giác thoáng đãng và tầm nhìn rộng mở.
Các toa Ô Cầu Dền, Ô Quan Chưởng, Ô Cầu Giấy và Ô Đống Mác tái hiện dấu ấn của Thăng Long ngàn năm văn hiến.
Nội thất sang trọng kết hợp kiến trúc, nghệ thuật và văn hóa Hà Nội trong từng chi tiết.
Hệ thống cửa kính lớn giúp du khách dễ dàng chiêm ngưỡng khung cảnh dọc hành trình.
Đặt vé nhanh chóng, tiện lợi và an tâm cùng LifeLink.",650000.00,650000.00,"Khách hàng áp dụng: Tất cả khách hàng từ 8 tuổi trở lên.
Ngày áp dụng
Tháng 7:
8h00: Ngày 17, 18, 19, 29, 31
13h30: Ngày 18, 19, 28
Tháng 08
8h00: Ngày 01, 02, 05, 07, 08, 09, 12, 14, 15, 16, 19, 21, 22, 23, 26, 28, 29, 30
13h30: Ngày 1, 2, 4, 6, 8, 9, 11, 13, 15, 16, 18, 20, 22, 23, 25, 27, 29, 30
Tháng 09
8h00: Ngày 01, 02, 04, 05, 06, 09, 11, 12, 13, 16, 18, 19, 20, 23, 25, 26, 27, 30
13h30: Ngày 01, 02, 05, 06, 08, 10, 12, 13, 15, 17, 19, 20, 22, 24, 26, 27, 29
Tháng 10
8h00: Ngày 02, 03, 04, 07, 09, 10, 11, 14, 16, 17, 18, 20, 21, 23, 25, 28, 30, 31
13h30: 01, 03, 04, 06, 08, 10, 11, 13, 15, 16, 17, 18, 20, 22, 24, 25, 27, 29, 31
Giờ áp dụng: 8h00 hoặc 13h30
Số lượng E-Voucher áp dụng: 01 E-voucher/ 1 khách
Lưu ý:
Trẻ em dưới 3 tuổi miễn phí vé, sử dụng chung chỗ với người lớn, mỗi người lớn được kèm tối đa 01 trẻ em dưới 3 tuổi, từ trẻ em thứ 2 trở lên phải mua vé trẻ em
Trẻ từ 3- 8 tuổi: Giảm 10% so với giá vé người lớn
Khách hàng liên hệ đăng ký dịch vụ trước khi đến để được phục vụ tốt nhất
Điện thoại: 1900 2065
Địa chỉ: Cửa 1C, sảnh Bắc - Ga Hà Nội - 120 Lê Duẩn - Văn Miếu - Hà Nội
Điều kiện khác
E-Voucher không có giá trị quy đổi thành tiền mặt, không trả lại tiền thừa.
Không áp dụng đồng thời với chương trình khuyến mại khác
Vé đã mua không hoàn/ hủy",100,2026-08-23 00:00:00+00,2026-11-21 00:00:00+00,Dang ban,Không quy đổi thành tiền mặt. Hỗ trợ hoàn tiền nếu hủy trước 24h.,//cdn.lifelink.vn/img/c280x280/ADD-5-cua-o-6_17072026120047.jpg?sign=H1qxxL82k37ZhP4eNvTxOQ,1,40000000-0000-0000-0000-000000000003
1be2e36b-5dc1-4628-9ce6-f4173d395d25,Evoucher Hộp quà Trung Thu Đồng Lạc I 2026 phiên bản hộp Vai Popup 3D cao cấp - Combo 6 bánh,"Combo gồm 6 bánh Trung Thu 150g với nhiều hương vị đa dạng, phù hợp để thưởng thức và chia sẻ.
Hộp Vali Popup 3D cao cấp ép kim vàng 9999, kích thước 38 x 26 x 8,5 cm.
Thiết kế lấy cảm hứng từ không khí đêm hội Trung Thu, giàu màu sắc văn hóa và tinh thần đoàn viên.
Kèm túi giấy Ivory sang trọng, giúp món quà hoàn chỉnh và thuận tiện khi trao tặng.
Có thiệp Trung Thu để doanh nghiệp gửi lời chúc và thông điệp riêng đến người nhận.
Tặng kèm bộ dao nĩa, tăng tính tiện dụng khi thưởng thức bánh.
Phù hợp làm quà tri ân khách hàng, đối tác và nhân viên trong mùa Trung Thu 2026.",989000.00,840000.00,"Khách hàng áp dụng: Tất cả khách hàng
Ngày áp dụng: Thứ 2 - Thứ 6
Giờ áp dụng: 9:00 - 17:00
Số lượng E-Voucher áp dụng: Sử dụng 01 voucher/01 hộp quà. Không giới hạn số lượng voucher/ hóa đơn.
Thông tin cách mua hàng HƯỚNG DẪN ĐỔI VOUCHER
Bước 1. Khách hàng nhận voucher liên hệ GIVISTA để đổi hộp quà Trung Thu 2026
Hotline/Zalo: 0969117926
Facebook:
Tại đây
Bước 2. Cung cấp mã voucher để đổi hộp quà
Bước 3. Khách hàng thanh toán phí vận chuyển trực tiếp cho đơn vị vận chuyển
Lưu ý: Không hỗ trợ khách hàng đổi quà trực tiếp tại cửa hàng
Điều kiện khác
Một khách hàng được mua nhiều E-Voucher/E-Coupon
E-Voucher/E-Coupon không có giá trị quy đổi thành tiền mặt, không trả lại tiền thừa.
Không áp dụng đồng thời với chương trình khuyến mại khác
Voucher chưa bao gồm phí vận chuyển Hộp quà tặng đến khách hàng.",100,2026-08-23 00:00:00+00,2026-11-21 00:00:00+00,Dang ban,Không quy đổi thành tiền mặt. Hỗ trợ hoàn tiền nếu hủy trước 24h.,//cdn.lifelink.vn/img/c280x280/ADD-rung-Thu-Dong-Lac-I-6banh_11082026154111.jpg?sign=oIqknwNJxKZcv1CZ7fqpWQ,0,40000000-0000-0000-0000-000000000001
1c15a1da-6aca-4165-a893-c3b2ee2b4439,Show thực cảnh Anh Hùng Cờ Lau - Hoa Lư Ninh Bình - Hạng CL250 Xanh nhạt - Người lớn,"Thưởng thức show thực cảnh đỉnh cao tái hiện hành trình lịch sử Đinh Bộ Lĩnh đầy hào hùng tại Ninh Bình.
Không gian trình diễn nhập vai, đa loại hình từ võ thuật, múa, xiếc đến âm nhạc truyền thống Bắc Bộ đặc sắc.
Trải nghiệm cảm xúc tự hào dân tộc, khám phá tinh hoa văn hóa Việt Nam cùng gia đình, nhóm bạn hay người thân yêu.
Phù hợp cho mọi đối tượng: du khách, học sinh, gia đình yêu lịch sử và nghệ thuật sân khấu.
Nội dung nghệ thuật đặc sắc với sự phối hợp của nhiều loại hình trình diễn độc đáo trên một sân khấu thực cảnh hoành tráng.
Không gian check-in ấn tượng giữa lòng cố đô xưa, hòa mình vào bầu không khí lịch sử sống động đầy cảm xúc.
Mua vé dễ dàng trên LifeLink nhận ưu đãi tiết kiệm, quy trình nhanh chóng, xác nhận tức thì.
Đặt vé show thực cảnh lịch sử Ninh Bình ngay hôm nay qua LifeLink để không bỏ lỡ trải nghiệm cuốn hút hiếm có!",250000.00,150000.00,"Khách hàng áp dụng: NL (người lớn) từ 1.3m trở lên (thường từ 8 tuổi trở lên)
Ngày áp dụng:
Tháng 7: 9, 10, 11, 16, 17, 18, 23, 24, 25, 26, 30, 31
Tháng 8: 01, 6, 7, 8, 9, 13, 14, 15, 20, 21, 22, 23, 27, 28, 29, 30
Giờ áp dụng: 20h45 - 21h45
Lưu ý:
Khách hàng vui lòng liên hệ check thông tin trước khi thanh toán, đơn hàng được xử lý booking lấy vé QR code gửi cho khách hàng sau khi thanh toán, nếu không liên hệ lấy vé sẽ không sử dụng được dịch vụ.
Vé đã mua không hoàn hủy
Số lượng E-Voucher áp dụng: 01 E-Voucher/ 1 người
Khách hàng liên hệ đăng ký dịch vụ trước khi đến để được phục vụ tốt nhất
Điện thoại: 19002065
Địa chỉ: Thủy Đình, Phố Cổ Hoa Lư, Ninh Bình
Điều kiện khác
E-Voucher/E-Coupon không có giá trị quy đổi thành tiền mặt, không trả lại tiền thừa.
Không áp dụng đồng thời với chương trình khuyến mại khác",100,2026-08-23 00:00:00+00,2026-11-21 00:00:00+00,Dang ban,Không quy đổi thành tiền mặt. Hỗ trợ hoàn tiền nếu hủy trước 24h.,//cdn.lifelink.vn/img/c280x280/ADD-Anh-hung-co-lau-06_09072026142841.jpg?sign=Gw0Gps_pBnwDLWfSg8O0Vg,0,40000000-0000-0000-0000-000000000003
1c3b9284-8ee0-4196-8289-e2cc6797e759,Ngự thuyền Hueritage - Thưởng thức bữa trưa thịnh soạn an lành - Nhật Yến,"B
ữa tr
ưa Nh
ật Yến tr
ên Ng
ự Thuyền Hueritage mang đến những trải nghiệm đặc biệt để thưởng thức bằng mọi giác quan
Thực
đơn h
ài hòa: G
ỏi cuốn, B
ánh khoái, Bánh bèo, Ch
ả t
ôm, Mì V
ịt Tiềm,
Đ
ậu h
ũ, M
è X
ửng.
Trải nghiệm ẩm thực
đa gi
ác quan: V
ị gi
ác, th
ị gi
ác, c
ảm x
úc và ký
ức v
ăn h
óa.
Xuôi Dòng H
ương, ng
ắm Huế th
ương huy
ền mộng trong kh
ông gian an lành.
C
ầu nối du kh
ách v
ới gi
á tr
ị v
ăn h
óa do ngh
ệ nh
ân và ngh
ệ s
ĩ đương đ
ại d
ân gian gìn gi
ữ.
LifeLink cung cấp sản phẩm, hỗ trợ
đ
ặt chỗ thuận tiện k
èm voucher
ưu đ
ãi.
T
ận h
ư
ởng trọn vẹn bữa tr
ưa th
ịnh soạn v
à chi
ều s
âu v
ăn h
óa C
ố
đ
ô.",789000.00,758000.00,"Khách hàng
áp d
ụng: Tất cả kh
ách hàng
Gi
ờ
áp d
ụng: 11:00 - 13:00
Chi ti
ết dịch vụ
đư
ợc cung cấp
Menu: G
ỏi cuốn, B
ánh khoái, Bánh bèo, Ch
ả t
ôm, Mì V
ịt Tiềm,
Đ
ậu h
ũ, M
è X
ửng.
Phục vụ kh
ông gi
ới hạn bao gồm: Tr
à hoa và Cà phê.
Gi
ờ
đ
ón khách: 11:00.
Đ
ón khách t
ại Nghinh L
ương Đ
ình.
Thuy
ền khởi h
ành: 11:30
13:00: K
ết th
úc ch
ương tr
ình và chào t
ạm biệt qu
ý khách
L
ộ tr
ình thuy
ền chạy: Nghinh L
ương Đ
ình, c
ầu Tr
ư
ờng Tiền, chợ
Đ
ông Ba, C
ồn Hến, Nghinh L
ương Đ
ình.
Số l
ư
ợng E-Voucher
áp d
ụng: 01 E-voucher/1 kh
ách
1 khách có th
ể mua nhiều E-voucher
Phụ thu:
L
ễ tết:
Phụ thu 20% sẽ
đư
ợc
áp d
ụng v
ào các ngày l
ễ quốc gia v
à các s
ự kiện lớn tại
đ
ịa ph
ương
T
ết Nguy
ên
Đ
án T
ừ ng
ày 16/02/2026
– 20/02/2026 (nh
ằm ng
ày 29/2/2025 âm lịch
đ
ến 04/01/2026 âm lịch)
Giỗ tổ H
ùng V
ương 26/04/2026 (nh
ằm ng
ày 10/03/2026 âm lịch)
Ngày gi
ải ph
óng mi
ền Nam, thống nhất
đ
ất n
ư
ớc
v
à Ngày Qu
ốc tế Lao
đ
ộng 30/04/2026 - 01/05/2026
Lễ Quốc Kh
ánh 02/09/2026
Giáng sinh 24/12 và T
ết D
ương l
ịch 31/12.
Trẻ em:
Đ
ể
đ
ảm bảo an to
àn cho du khách khi tr
ải nghiệm dịch vụ của Ngự thuyền Hueritage từ chối nhận kh
ách d
ư
ới 6 tuổi.
Trẻ em từ 6 tuổi
đ
ến d
ư
ới 10 tuổi t
ính b
ằng 80% gi
á ng
ư
ời lớn.
Trẻ em từ 10 tuổi trở l
ên tính giá nh
ư ngư
ời lớn.
Kh
ách hàng liên h
ệ
đăng k
ý d
ịch vụ tr
ư
ớc khi
đ
ến
đ
ể
đư
ợc phục vụ tốt nhất:
Hotline
đ
ặt v
é & t
ư v
ấn (9h00 - 20h00): 1900 2065 / 0934 661 016
Đ
ặt
ít nh
ất 5 ng
ày tr
ư
ớc ng
ày s
ử dụng dịch vụ
Đi
ều kiện l
ưu
ý b
ắt buộc:
Đ
ể
đ
ảm bảo quyền lợi vui l
òng liên h
ệ với ch
úng tôi
đ
ể kiểm tra về t
ình tr
ạng chỗ trống tr
ên tàu, các kho
ản phụ thu (nếu c
ó) tr
ư
ớc khi
đ
ặt dịch vụ v
à thanh toán. M
ọi tr
ư
ờng hợp kh
ách hàng
đ
ã thanh toán nh
ưng chưa li
ên h
ệ tr
ư
ớc với LifeLink, ch
úng tôi hoàn toàn không ch
ịu tr
ách nhi
ệm
E-voucher kh
ông có giá tr
ị quy
đ
ổi th
ành ti
ền mặt, kh
ông tr
ả lại tiền thừa.
Kh
ông áp d
ụng
đ
ồng thời với ch
ương tr
ình khuy
ến mại kh
ác
M
ức gi
á trên
đ
ã bao g
ồm thuế VAT, ph
í ph
ục vụ
Kh
ông hoàn/h
ủy khi
đ
ã mua vé",100,2026-08-23 00:00:00+00,2026-11-21 00:00:00+00,Dang ban,Không quy đổi thành tiền mặt. Hỗ trợ hoàn tiền nếu hủy trước 24h.,//cdn.lifelink.vn/img/c280x280/Ngu-thuyen-Hueritage-Nhat-Yen_18052026163055.jpg?sign=jnXat_gTJM7Nk6AF7arXzw,0,40000000-0000-0000-0000-000000000001
1ce33133-d1e2-48d1-97e4-8c7c847faa61,Fast Lane - Phụ thu lễ tết đón tiễn đêm từ 22h30 đến 6h00,"Đón khách tại điểm đón khách nhà ga Quốc tế.
Hỗ trợ nhập cảnh nhanh chóng, ưu tiên.
Có hỗ trợ làm E-visa khi cần.
Rút ngắn tối đa thời gian chờ đợi tại sân bay.
Phù hợp doanh nhân, khách đoàn, gia đình có trẻ nhỏ.
Trải nghiệm dịch vụ chuyên nghiệp, thuận tiện.
Đặt ngay tại LifeLink để nhận voucher giảm giá, đặt dịch vụ tiện lợi.",100000.00,100000.00,"Voucher áp dụng cho dịch vụ Fast Lane - Đón Quốc Tế Tiêu chuẩn tại Sân bay Quốc tế Tân Sơn Nhất, bao gồm:
Đón khách ở điểm đón khách tại nhà ga quốc tế.
Hỗ trợ khách làm thủ tục nhập cảnh.
Địa điểm áp dụng: Tầng 1, Nhà ga T2, sân bay Tân Sơn Nhất
Khách hàng áp dụng: Tất cả khách hàng
Quy trình sử dụng Quy trình sử dụng dịch vụ:
Bước 1: Khách hàng liên hệ LifeLink để kiểm tra dịch vụ
Bước 2: Khách mua và nhận mã voucher từ LifeLink.vn qua zalo/ email.
Bước 3: Khách hàng có nhu cầu sử dụng sẽ liên hệ hotline 1900 2065 và đặt ít nhất trước 01 ngày sử dụng dịch vụ.
Bước 4: Nhân viên mặt đất tại sân bay đón khách với bảng đón tại điểm hẹn tại Nhà ga quốc tế
Bước 5: Khách hàng gặp nhân viên và sử dụng dịch vụ
Phụ thu:
Phụ thu Đón/Tiễn đêm: Từ 22h30 - 06h00: 100.000 Vnđ/khách.
Phụ thu ngày lễ, tết: Theo quy định của Nhà nước: 100.000 Vnđ/khách.
Giá trên đã bao gồm thuế GTGT.
Đặt dịch vụ tối thiểu 24 tiếng trước giờ bay.
Huỷ dịch vụ tối thiểu 12 tiếng trước giờ bay.
Thời gian áp dụng: Theo chuyến bay - Cần liên hệ LifeLink để đặt dịch vụ ít nhất 24h (1 ngày)
Điều kiện đặt dịch vụ
Hotline đặt tư vấn (9h-20h): 1900 2065
Liên hệ LifeLink trước khi thanh toán dịch vụ, đặt ít nhất trước 24h (1 ngày) để đảm bảo nhận được dịch vụ tốt nhất
Điều kiện khác
Áp dụng 01 E-Voucher/E-Coupon cho 01 khách
Một khách hàng được mua nhiều E-Voucher/E-Coupon
E-Voucher/E-Coupon không có giá trị quy đổi thành tiền mặt, không trả lại tiền thừa.
Không áp dụng đồng thời với chương trình khuyến mại khác",100,2026-08-23 00:00:00+00,2026-11-21 00:00:00+00,Dang ban,Không quy đổi thành tiền mặt. Hỗ trợ hoàn tiền nếu hủy trước 24h.,//cdn.lifelink.vn/img/c280x280/fast-track-dich-vu-don-goi-tieu-chuan-ga-qt-tan-son-nhat-noi-bai-da-nang-phu-quoc-cam-ranh_27052026140738.jpg?sign=yhLaP4mTOsS2aOyZcE-x0Q,0,40000000-0000-0000-0000-000000000004
1d294ac3-5960-46fd-a240-82095cf9f2d2,"Đài Quan Sát Lotte Hà Nội Sky - Combo Đồ uống, Ảnh, Quà lưu niệm cho Người lớn","Khám phá hoàn toàn Đài Quan Sát Lotte Hà Nội Sky điểm ngắm toàn cảnh 360° tuyệt đẹp của thủ đô chỉ với một bước chân.
Lý tưởng cho gia đình, nhóm bạn, cặp đôi hay bất cứ ai muốn trải nghiệm khoảnh khắc ngắm nhìn Hà Nội từ độ cao ấn tượng thứ 3 Việt Nam.
Tận hưởng cảm giác hồi hộp với sàn kính Sky Walk độc đáo, thử thách bản thân bằng những bức hình check-in cực chất.
Trang bị kính viễn vọng hiện đại, mang đến cho bạn trải nghiệm quan sát thành phố rõ nét ở mọi góc cạnh, không bỏ lỡ bất kỳ khoảnh khắc nào.
Khu vực chụp ảnh, quầy đồ uống tiện lợi giúp bạn lưu giữ kỷ niệm và thư giãn giữa hành trình ngắm cảnh sôi động.
Không gian hiện đại, an toàn, thích hợp mọi lứa tuổi - nơi kết nối cảm xúc và khám phá vẻ đẹp Hà Nội theo cách riêng của bạn.
Đặt vé nhanh chóng trên LifeLink, nhận ưu đãi hấp dẫn, chủ động thời gian trải nghiệm, không lo xếp hàng chờ đợi.
Ưu đãi chỉ áp dụng tại LifeLink - đặt vé ngay để bắt đầu hành trình khám phá Hà Nội theo một tầm nhìn hoàn toàn mới!",480000.00,390000.00,"Khách hàng áp dụng:
Dành cho khách hàng trên 12 tuổi
Số lượng E-voucher áp dụng:
01 voucher/01 người/01 lần sử dụng.
Mỗi khách hàng được mua nhiều E-Voucher/E-Coupon.
Phạm vi sử dụng:
Áp dụng vào các ngày trong tuần, bao gồm cả ngày Lễ.
Thời gian mua vé combo: 9:30 - 22:30 hàng ngày.
Đổi vé tại quầy B1 đài quan sát LOTTE Hanoi Sky trước 22:30 mỗi ngày.
Lưu ý:
Vé không bao gồm thuê trang phục, chụp ảnh Life4cuts, Trò chơi VR Gliding
Khi đổi vé online sang vé cứng, vé cứng phải được sử dụng cùng ngày.
Đổi vé cứng tại quầy vé trước 22:30 mỗi ngày.
Giá vé thay đổi theo ngày thường, cuối tuần và ngày lễ.
Phụ thu:
Không phụ thu.
Thông tin liên hệ:
Hotline: 024 33336565
Điều kiện khác:
E-Voucher/E-Coupon không có giá trị quy đổi thành tiền mặt, không trả lại tiền thừa.
Không áp dụng đồng thời với chương trình khuyến mại khác.",100,2026-08-23 00:00:00+00,2026-11-21 00:00:00+00,Dang ban,Không quy đổi thành tiền mặt. Hỗ trợ hoàn tiền nếu hủy trước 24h.,//cdn.lifelink.vn/img/c280x280/20_08052026150910.jpg?sign=w6g5Uu0hxRhu1E9ySmCNkQ,0,40000000-0000-0000-0000-000000000003
1e6cca40-bd6a-456d-953b-d351f03d87ec,Kid's Box AEON Tân An - Vé vào cổng khu vui chơi bao gồm Lễ Tết,"Khu vui chơi Kid's Box AEON Tân An cho bé trải nghiệm đa dạng từ vận động đến sáng tạo.
Địa điểm lý tưởng trong hệ thống AEON Fantasy (Nhật Bản), đảm bảo môi trường an toàn cho trẻ nhỏ.
Khu vận động liên hoàn giúp các bé nâng cao thể lực, rèn luyện thăng bằng, phản xạ nhanh nhẹn.
Hồ bóng, cầu trượt nhiều màu sắc tạo không gian vui chơi náo nhiệt, kích thích sự hào hứng cho trẻ.
Khu nhập vai với mô hình nghề nghiệp khuyến khích phát triển trí tưởng tượng và kỹ năng giao tiếp.
Khu sáng tạo đầy ắp trò chơi giáo dục để bé khám phá, học hỏi và phát triển tư duy hiệu quả.
Không gian lý tưởng để phụ huynh cùng con trải nghiệm, tăng cường sự gắn kết gia đình.
Đặt vé Kid's Box AEON Tân An qua Lifelink – nhanh chóng, tiết kiệm, nhiều ưu đãi hấp dẫn!",120000.00,96000.00,"Voucher áp dụng cho Vé vào cổng dành cho 1 bé và 1 người lớn tại Kid's Box AEON Tân An bao gồm Lễ Tết
Voucher không bao gồm vớ/tất.
Khu vui chơi quy định luôn sử dụng vớ/tất, Quý khách vui lòng chuẩn bị vớ/tất trước khi vào khu vui chơi hoặc mua vớ/tất tại quầy.
Nhằm đảm bảo vệ sinh, khu vui chơi yêu cầu luôn mang tất trong suốt thời gian vui chơi.
Lưu ý: Luôn giữ vòng tay cẩn thận để được ra vào nhiều lần trong ngày nhé
Khách hàng áp dụng: Trẻ từ 1 tuổi đến dưới 12 tuổi, 01 vé áp dụng cho 01 trẻ + 01 người lớn
Ngày áp dụng: Tất cả các ngày trong tuần, bao gồm Lễ Tết
Giờ áp dụng: từ 09:00 đến 21:00
Số lượng E-Voucher áp dụng: 01 voucher/ 01 bé kèm 01 phụ huynh
Phụ thu (nếu có): 1 bé kèm 1 phụ huynh nếu phát sinh thêm các phụ huynh khác thì phụ thu 20.000đ/Phụ huynh
Thông tin liên hệ đặt dịch vụ:
Hotline hỗ trợ: 1900 2065
Địa chỉ: Lô T212, Tầng 2, TTTM Aeon Tân An, Số 84 tuyến tránh Quốc lộ 1, KP Bình Cư 3 Phường Long An, Tỉnh Tây Ninh.
Điều kiện khác
E-Voucher/E-Coupon không có giá trị quy đổi thành tiền mặt, không trả lại tiền thừa.
Không áp dụng đồng thời với chương trình khuyến mại khác",100,2026-08-23 00:00:00+00,2026-11-21 00:00:00+00,Dang ban,Không quy đổi thành tiền mặt. Hỗ trợ hoàn tiền nếu hủy trước 24h.,//cdn.lifelink.vn/img/c280x280/ADD-Kizooona-1_06072026100209.jpg?sign=gwJ2aZDfltyqn_Pj9_PhgA,0,40000000-0000-0000-0000-000000000003
1e819a64-0609-4a3e-8623-8b2e8301881b,Evoucher - Hộp quà trung thu Du Nhiên 2026 phiên bản Nam Châm cao cấp - Combo 3 bánh,"Evoucher - Hộp quà Trung Thu “Du Nhiên” 2026 phiên bản Nam Châm cao cấp - Combo 3 bánh là lựa chọn quà tặng Trung Thu doanh nghiệp sang trọng và ý nghĩa.
Thiết kế hộp nam châm cao cấp ép kim vàng 9999 mang phong cách thanh lịch, tinh tế.
Bộ quà gồm 3 bánh Trung Thu cao cấp với hương vị truyền thống và hiện đại hài hòa.
Đi kèm túi giấy Ivory, thiệp Trung Thu và bộ dao nĩa đầy đủ, chỉn chu.
Truyền tải thông điệp bình an, viên mãn và gắn kết bền lâu trong mùa đoàn viên.
Phù hợp dành tặng đối tác, khách hàng và đội ngũ nhân sự dịp Trung Thu 2026.",430000.00,365000.00,"Khách hàng áp dụng: Tất cả khách hàng
Ngày áp dụng: Thứ 2 - Thứ 6
Giờ áp dụng: 9:00 - 17:00
Số lượng E-Voucher áp dụng: Sử dụng 01 voucher/01 hộp quà. Không giới hạn số lượng voucher/ hóa đơn.
Thông tin cách mua hàng HƯỚNG DẪN ĐỔI VOUCHER
Bước 1. Khách hàng nhận voucher liên hệ GIVISTA để đổi hộp quà Trung Thu 2026
Hotline/Zalo: 0969117926
Facebook:
Tại đây
Bước 2. Cung cấp mã voucher để đổi hộp quà
Bước 3. Khách hàng thanh toán phí vận chuyển trực tiếp cho đơn vị vận chuyển
Lưu ý: Không hỗ trợ khách hàng đổi quà trực tiếp tại cửa hàng
Điều kiện khác
Một khách hàng được mua nhiều E-Voucher/E-Coupon
E-Voucher/E-Coupon không có giá trị quy đổi thành tiền mặt, không trả lại tiền thừa.
Không áp dụng đồng thời với chương trình khuyến mại khác
Voucher chưa bao gồm phí vận chuyển Hộp quà tặng đến khách hàng.",100,2026-08-23 00:00:00+00,2026-11-21 00:00:00+00,Dang ban,Không quy đổi thành tiền mặt. Hỗ trợ hoàn tiền nếu hủy trước 24h.,//cdn.lifelink.vn/img/c280x280/ADD-Du-Nhien-3banh_10082026165149.jpg?sign=ClcIIVuldRBlh4-uLzLFQw,0,40000000-0000-0000-0000-000000000001
1edae5bb-e273-4405-8c29-1d337958e1b4,Voucher Buffet dành cho 3 người tại Spicy Box,"Voucher Buffet dành cho 3 người tại Spicy Box giúp nhóm bạn hoặc gia đình cùng thưởng thức buffet lẩu tokbokki chuẩn Hàn Quốc với mức giá tiết kiệm.
Tự do lựa chọn nhiều loại nước sốt từ ngọt đến cay theo sở thích của từng người.
Thực đơn đa dạng với tokbokki, thịt, rau, nấm, đồ chiên, gà rán, kimbap và nhiều món hấp dẫn khác.
Không giới hạn thời gian dùng bữa, thoải mái trò chuyện và thưởng thức.
Nhân viên nhiệt tình hỗ trợ pha chế nước lẩu đúng chuẩn Hàn Quốc.
LifeLink cung cấp voucher chính hãng, mua nhanh và sử dụng thuận tiện.",451000.00,439725.00,"Mỗi voucher chỉ được sử dụng 01 lần, có thể áp dụng được nhiều voucher cho 01 đơn hàng.
Không có giá trị quy đổi thành tiền mặt, không được hoàn trả tiền thừa.
Nếu giá trị đơn hàng của khách hàng vượt quá giá trị của voucher thì khách hàng phải thanh toán thêm khoản chênh lệch đó.
Buffet đã bao gồm nước ngọt.
Voucher chỉ áp dụng cho một số hàng hóa, dịch vụ nhất định.
Voucher đã bao gồm VAT, Spicy Box sẽ xuất hóa đơn khi khách hàng có yêu cầu.
Voucher không áp dụng đồng thời với các chương trình khuyến mãi khác tại cửa hàng.
Đối với trẻ em:
Dưới 1M: Miễn phí.
Từ 1M - 1M3: 79.000 VNĐ chưa VAT.
Trên 1M3 tính như phí người lớn.
Khách hàng có trách nhiệm bảo mật thông tin mã thẻ quà tặng sau khi đặt mua. LifeLink sẽ không chịu trách nhiệm hoàn trả các mã thẻ bị mất hoặc ở trạng thái ""Đã sử dụng"" với bất kỳ lý do gì.
LifeLink sẽ không chịu trách nhiệm đối với chất lượng sản phẩm hoặc dịch vụ được cung cấp cũng như đối với các tranh chấp về sau giữa khách hàng và nhà cung cấp.
LifeLink có quyền sửa chữa hoặc thay đổi điều khoản và điều kiện sử dụng mà không thông báo trước.
Hạn sử dụng: 90 ngày kể từ ngày mua/gửi quà thành công từ LifeLink
Hotline LifeLink: 1900 2065",100,2026-08-23 00:00:00+00,2026-11-21 00:00:00+00,Dang ban,Không quy đổi thành tiền mặt. Hỗ trợ hoàn tiền nếu hủy trước 24h.,//cdn.lifelink.vn/img/c280x280/Voucher-Buffet-danh-cho-3-nguoi_29072026093328.jpg?sign=go_4_6L3vmUdgJs8T6CdTg,0,40000000-0000-0000-0000-000000000001
1fd40438-311d-40e9-ace9-eb418108869f,Vé vui chơi trẻ em tại Sâu Kid Playground sau 16h tứ Thứ 2 - Thứ 6,"Sâu Kid Playground là khu vui chơi trẻ em trong nhà hiện đại tại ROX Center Goldmark City.
Không gian được thiết kế rộng rãi, sạch sẽ và đảm bảo an toàn cho trẻ trong suốt quá trình vui chơi.
Nhiều khu trò chơi vận động, nhập vai và sáng tạo giúp bé phát triển thể chất, tư duy và kỹ năng giao tiếp.
Địa điểm phù hợp cho các gia đình vui chơi cuối tuần, tổ chức sinh nhật và các hoạt động dành cho trẻ nhỏ.
Đội ngũ nhân viên hỗ trợ tận tình giúp phụ huynh yên tâm khi đưa bé đến trải nghiệm.
LifeLink giúp bạn dễ dàng khám phá và lựa chọn Sâu Kid Playground cho những phút giây vui chơi trọn vẹn cùng gia đình.",150000.00,135000.00,"Khách hàng áp dụng: Bé từ 80cm trở lên
Ngày áp dụng: Thứ 2 - thứ 6
Giờ áp dụng: Sau 16h00 -  22h00
Số lượng E-Voucher áp dụng: 01 voucher/1 bé
Phụ thu Lễ, Tết: Không áp dụng
Lưu ý: 01 vé đi kèm 1 người lớn, từ người lớn thứ 2 phụ thu 50.000VNĐ/ 1 người
Khách hàng liên hệ đăng ký dịch vụ trước khi đến để được phục vụ tốt nhất
Hotline: 037 497 0677
Hotline LifeLink: 1900 2065
Địa chỉ: Tầng 3, Lô 05-06-07 toà ROX Center Goldmark City, 136 Hồ Tùng Mậu, Bắc Từ Liêm, Hà Nội
Điều kiện khác
E-Voucher/E-Coupon không có giá trị quy đổi thành tiền mặt, không trả lại tiền thừa.
Không áp dụng đồng thời với chương trình khuyến mại khác",100,2026-08-23 00:00:00+00,2026-11-21 00:00:00+00,Dang ban,Không quy đổi thành tiền mặt. Hỗ trợ hoàn tiền nếu hủy trước 24h.,//cdn.lifelink.vn/img/c280x280/ADD-Sau-kid-Playground-1_14072026105247.jpg?sign=9MimGUAaj_-N7gJl_Ix3vg,0,40000000-0000-0000-0000-000000000003
20b6cf9e-63b9-44e8-85e5-b5876bcd218a,Đài Quan Sát Lotte - Combo Vé vào cửa và Tour 01 vòng thành phố bằng xe bus - Vé Trẻ em,"""Vé Vào Cửa Đài Quan Sát Lotte - Vé 1 Vòng Tour Thành Phố Bằng Xe Buýt"" mang đến cho bạn một ngày khám phá Hà Nội đầy sắc màu.
Tầm nhìn tuyệt vời từ Đài Quan Sát Lotte ở tầng 65 của Lotte Center Hà Nội, bao quát toàn cảnh thủ đô từ độ cao 272m.
Cầu kính trong suốt - Góc chụp “hot” và độc đáo nhất tại Đài Quan Sát, mang đến trải nghiệm mạnh mẽ và thú vị.
Tour tham quan 01 vòng giúp bạn khám phá những điểm du lịch nổi bật như Hoàng Thành Thăng Long, Lăng Bác, Hồ Tây, và nhiều địa danh khác.
Xe buýt hiện đại và tiện nghi, kết hợp với hướng dẫn viên chuyên nghiệp, giúp chuyến đi của bạn trở nên thuận tiện và dễ dàng.
Tiết kiệm thời gian và chi phí khi tham gia tour trọn gói, không cần lo lắng về việc lên kế hoạch hay di chuyển.",270000.00,250000.00,"Khách hàng áp dụng: Khách hàng trên 12 tuổi
Ngày áp dụng: Thứ 2 - Chủ Nhật (Áp dụng cả ngày Lễ),
Thời gian mua vé combo: Từ 9h30 - 18h00 hàng ngày (Đổi vé tại quầy B1 đài quan sát LOTE HANOI SKY trước 18h00 hàng ngày)
Số lượng E-Voucher áp dụng: 01 voucher/ 01 người/ 01 lần sử dụng (không bù thêm tiền).
Phụ thu Lễ, Tết: Không phụ thu
Combo vé bao gồm vé vào cửa LOTTE Hanoi Sky và vé xe buýt Hanoi City Tour.
Vé không bao gồm thuê trang phục, in ảnh, trò chơi thực tế ảo, đồ uống SKYL, chụp ảnh Life4cuts.
Khi đổi vé online sang vé cứng, vé cứng phải được sử dụng cùng ngày.
Đổi vé cứng tại quầy vé trước 22:30 mỗi ngày.
Giờ hoạt động xe buýt Hanoi City Tour: 9:30 - 18:30 hàng ngày.
Mô tả trải nghiệm:
Sau khi thăm quan Đài Quan Sát LOTTE HANOI SKY tầng 65 sẽ xuống tầng 1 để trải nghiệm dịch vụ xe buýt Hanoi City Tour.
Tiếp tục di chuyển đến các điểm còn lại theo lộ trình và không dừng đỗ.
Lộ Trình di chuyển:
Tòa nhà LOTTE Center Hanoi (Điểm khởi hành tại tầng 1)
Chùa Võng Thị
Chùa Tảo Sách
Chùa Kim Liên
Hoàng Thành Thăng Long
Lăng Bác
Văn Miếu Quốc Tử Giám
Nhà Tù Hỏa Lò
Nhà Hát Lớn
Chợ Đồng Xuân
Ga Long Biên
Chùa Trấn Quốc
Hồ Tây
Lưu ý:
Combo vé Hanoi City Bus đã mua không hoàn/hủy.
Xe buýt chạy tần suất 30 - 45 phút/chuyến. Thời gian lên/xuống xe buýt có thể chênh lệch phụ thuộc vào tình hình giao thông thực tế tại Hà Nội.
Khung giờ xe bus đón khách có thể thay đổi và sẽ được thông báo trực tiếp tại quầy.
Quý khách có thể quay lại điểm khởi hành LOTTE Center Hanoi hoặc xuống bất kỳ điểm nào trong lộ trình di chuyển.
18h30 là khung giờ
chuyến cuối
trong ngày và dừng tại các điểm Bờ Hồ hoặc Nhà Hát Lớn Hà Nội (theo ngày)
Trong trường hợp khách muốn quay lại điểm đón Lotte thì chủ động thông báo với Xe Bus
Điểm cuối trong lộ trình có thay đổi phụ thuộc vào ngày thường/cuối tuần:
Ngày thường (Thứ 2 đến Thứ 5): Bờ Hồ (bãi đỗ xe buýt đường Đinh Tiên Hoàng)
Cuối tuần (Thứ 6, Thứ 7, Chủ nhật) và các ngày Lễ, Tết: Nhà Hát Lớn Hà Nội
Khách hàng liên hệ đăng ký dịch vụ trước khi đến để được phục vụ tốt nhất
Điện thoại: 024 3333 6565
Một khách hàng được mua nhiều E-Voucher/E-Coupon
E-Voucher/E-Coupon không có giá trị quy đổi thành tiền mặt, không trả lại tiền thừa.
Không áp dụng đồng thời với chương trình khuyến mại khác",100,2026-08-23 00:00:00+00,2026-11-21 00:00:00+00,Dang ban,Không quy đổi thành tiền mặt. Hỗ trợ hoàn tiền nếu hủy trước 24h.,//cdn.lifelink.vn/img/c280x280/5_08052026150918.jpg?sign=DKuRQ_UVLNjcMSmWJ7rzzw,0,40000000-0000-0000-0000-000000000003
2246710a-42ea-4289-a98a-e9f7336ef99a,Tour City Sightseeing 4 tiếng tham quan Hồ Chí Minh vé người lớn bao gồm Lễ Tết,"Khám phá các điểm tham quan nổi tiếng của thành phố Hồ Chí Minh trong tour xe buýt hai tầng như Dinh Độc Lập, Nhà Thờ Đức Bà, Chợ Bến Thành, Phố Đi Bộ Nguyễn Huệ, Bitexco.
Dịch vụ xe buýt vô cùng tiện lợi khi bạn có thể tùy chọn điểm xuống.
Miễn phí sách hướng dẫn với bản đồ, lịch trình và các điểm tham quan phổ biến.
Hỗ trợ thuyết minh nhiều ngôn ngữ: tiếng Anh, Trung Quốc, Nhật Bản, Hàn Quốc, Pháp, Đức, Nga, Tây Ban Nha và tiếng Việt.",200000.00,188000.00,"Khách hàng áp dụng
: Khách Việt Nam từ 12 tuổi trở lên
Thời gian hoạt động
Các ngày trong tuần: 9h00 - 16h00
Tần suất: 60 phút /1 chuyến
Thời gian lộ trình: 80 phút/ lộ trình
Lộ trình khởi hành
LINE 2 : SÀI GÒN – CHỢ LỚN
1. Địa điểm khởi hành: Phố Phạm Ngũ Lão – số 187 Phạm Ngũ Lão
2. Chợ Bến Thành – số 44 Trương Định
3. Bảo tàng Chứng Tích Chiến Tranh
4. Chợ Hoa Hồ Thị Kỷ
5. Hội quán Phước An – Số 174 Hồng Bàng
6. Chùa Ông Bổn
7. Chợ Bình Tây
8. Chùa Bà Thiên Hậu – Số 695 Nguyễn Trãi
9. Chùa Vạn Phật – Số 981 Trần Hưng Đạo
10. Phố Phạm Ngũ Lão – Số 187 Phạm Ngũ Lão
Khách hàng có thể lựa chọn sử dụng 1 trong 2 tuyến LINE 1 hoặc LINE 2
LINE 1 : SÀI GÒN – GIA ĐỊNH
LINE 2 : SÀI GÒN – CHỢ LỚN
Phương tiện di chuyển Có 2 loại xe đang vận hành tại Sài Gòn
Xe Thoáng Nóc: (10 xe)
Tầng 1: 12 ghế + 4 chỗ đứng và xe lăn
Tầng 2: 42 ghế
Xe Có Mái: (2 xe)
Tầng 1: 12 ghế mềm + 4 chỗ đứng và xe lăn
Tầng 2: 40 ghế (20 bên ngoài, 20 bên trong)
Xe 1 Tầng: (3 xe)
Tầng dưới : 6 ghế và xe lăn
Tầng trên : 29 ghế
Địa điểm đón khách:
Quầy bán vé màu đỏ logo City Sightseeing bên trong Trạm Thông Tin và Hỗ Trợ Khách Du Lịch (Công viên 23/9, góc đường Đề Thám - Phạm Ngũ Lão)
Các trạm dừng liên kết giữa hai tuyến, khách hàng có thể chuyển đổi sử dụng tuyến tại các trạm dừng được đánh dấu.
Dịch vụ không bao gồm
Phí vào cửa
Thức ăn và đồ uống khác
Đón và trả khách sạn
Tiền tips (không bắt buộc)
Dịch vụ tiện ích bao gồm
Vé có giá trị lên xuống trong vòng 4 tiếng kể từ lần đầu tiên khách lên trên xe.
Trẻ em từ 6- 11 tuổi sẽ tính vé theo bảng giá vé.
Trẻ em dưới 6 tuổi sẽ miễn phí, ngồi trên lòng người lớn. 1 người lớn sẽ kèm theo 1 bé dưới 6 tuổi.
Khách hàng phải làm thủ tục check in hoặc đổi vé điện tử/voucher tại bến xe trước khi sử dụng vé.
Hotline đặt tour & tư vấn
: 19002065
Điều kiện hoãn/huỷ tour
: Voucher không hoàn hủy
Điều kiện khác
Áp dụng 01 E-Voucher/E-Coupon cho 01 khách
Một khách hàng được mua nhiều E-Voucher/E-Coupon
E-Voucher/E-Coupon không có giá trị quy đổi thành tiền mặt, không trả lại tiền thừa.
Không áp dụng đồng thời với chương trình khuyến mại khác",100,2026-08-23 00:00:00+00,2026-11-21 00:00:00+00,Dang ban,Không quy đổi thành tiền mặt. Hỗ trợ hoàn tiền nếu hủy trước 24h.,//cdn.lifelink.vn/img/c280x280/ADD-City-Sightseeing-1_15062026112207.jpg?sign=v_7q2yBHtlesES45KE65qQ,0,40000000-0000-0000-0000-000000000003
232b6b75-7807-4271-9f15-680c56705965,Tàu nhà hàng Saigon Princess - Du ngoạn và ăn tối trên sông Sài Gòn - Thực đơn chay,"Trải nghiệm thực đơn chay 4 món độc đáo trên du thuyền SaiGon Princess, hòa quyện vị chay thanh đạm cùng không gian sang trọng giữa lòng Sài Gòn.
Không gian ẩm thực độc nhất với thiết kế đậm chất châu Âu cổ điển, mang lại cảm giác lịch lãm, tinh tế và lãng mạn.
Du thuyền nổi bật với sắc trắng thanh lịch, đường nét mềm mại, nhẹ nhàng – lý tưởng cho bữa tối thư thái, ý nghĩa bên người thân hay bạn bè.
Hành trình Xuôi dòng sông Sài Gòn – tận hưởng cảnh quan đô thị hiện đại: Vinhomes Central Park, Landmark 81, Bitexco…
Đa dạng không gian: tầng chính dùng bữa sang trọng, sun deck 360 độ trải nghiệm Sài Gòn về đêm rực rỡ và bình yên hiếm có.
Nghệ thuật ẩm thực thăng hoa: đầu bếp sáng tạo thực đơn chay thanh tịnh, cân bằng cả vị giác lẫn mỹ quan trình bày.
Tiêu chuẩn phục vụ chuyên nghiệp, bảo đảm riêng tư và cảm giác thoải mái từ lúc đón khách tới khi kết thúc hành trình.
Đặt vé ngay trên LifeLink để nhận ưu đãi hấp dẫn, giữ chỗ cho bữa tối độc bản, số lượng giới hạn theo ngày.",950000.00,900000.00,"Voucher áp dụng cho 1 vé Du ngoạn và ăn tối trên sông Sài Gòn - Tàu nhà hàng Saigon Princess - Thực đơn chay 4 món (Vegetarian 4 course)
Dịch vụ bao gồm:
Miễn phí nước lọc, trà và cà phê suốt tiệc.
Tặng kèm gói trang trí cơ bản đối với tiệc sinh nhật và kỷ niệm.
Chương trình giải trí theo ngày: Band nhạc Philippines biểu diễn từ 15-30 phút tại mỗi sảnh ăn tối, ảo thuật,…
Thuế VAT và Phí phục vụ.
Phí gửi xe ô tô bên trong Cảng (Quý khách vui lòng thông báo thông tin đặt chỗ với nhân viên lễ tân tại Cổng Cảng để được hỗ trợ).
Không áp dụng cho các ngày: 30/04, 01/05, 02/09, 24/12 và 31/12 và một số ngày tàu có tổ chức hoạt động theo chủ đề (Lễ hội sông nước,…)
Địa chỉ đón khách:
Cảng Hành khách Tàu biển - Cảng Sài Gòn, số 5 Nguyễn Tất Thành, phường 13, quận 4, TP. Hồ Chí Minh (Địa chỉ trước khi sáp nhập)
Cảng Hành khách Tàu biển - Cảng Sài Gòn, số 5 Nguyễn Tất Thành, phường Xóm Chiếu , TP. Hồ Chí Minh (Địa chỉ sau khi sáp nhập)
Giờ hoạt động mỗi ngày:
Giờ đón khách: 18h00 đến 19h15
Giờ Tàu xuất bến: 19h30
Giờ Tàu cập bến: 21h30
Lộ trình tàu chạy: Cảng Sài Gòn - Landmark 81 - Cảng Sài Gòn
Lưu ý: Không hoàn trả hoặc dời ngày trong trường hợp khách đến trễ so với giờ xuất bến.
Menu áp dụng:
Thực Đơn chay 4 món
Chính sách chọn menu
Đối với đoàn Người lớn dưới từ 1 đến 10 khách: Có thể chọn 1 thực đơn giống nhau cho toàn bộ khách. Trường hợp khách có nhu cầu chọn nhiều thực đơn khác nhau/bàn thì số lượng thực đơn khác nhau có thể chọn là 4 thực đơn khác nhau (đối với thực đơn mặn) và 2 thực đơn khác nhau (đối với thực đơn chay).
Đối với đoàn Người lớn từ 11 khách: Có thể chọn 1 thực đơn giống nhau cho toàn bộ khách. Trường hợp khách có nhu cầu chọn nhiều thực đơn khác nhau/bàn thì số lượng thực đơn khác nhau có thể chọn là 3 thực đơn khác nhau (đối với thực đơn mặn) và 2 thực đơn khác nhau (đối với thực đơn chay).
Trẻ em: Có thể chọn 1 thực đơn giống nhau cho toàn bộ trẻ em. Trường hợp khách có nhu cầu chọn nhiều thực đơn khác nhau/bàn thì có thể chọn 2 thực đơn trẻ em khác nhau.
Dịch vụ không bao gồm: Đồ uống khác (ngoại trừ nước lọc, trà và cà phê) và các chi phí cá nhân khác.
Chính sách trẻ em
Trẻ em dưới 6 tuổi: Ăn chung với bố mẹ và tặng kèm 1 phần soup cho bé. Mỗi người lớn được kèm tối đa 1 bé, bé phát sinh phụ thu 100,000VND/bé.
Trẻ em từ đủ 6 tuổi đến 11 tuổi: Chọn thực đơn Donald Kid hoặc Pluto Kid.
Trẻ em trên 11 tuổi: Chọn thực đơn theo chính sách giá người lớn (Thực đơn 3 món, 4 món và 5 món). Trường hợp trẻ em trên 11 tuổi và người lớn chọn thực đơn trẻ em (Donald hoặc Pluto) sẽ phụ thu 200,000VND/khách.
Điều kiện đặt & nhận dịch vụ
Đặt ít nhất 3 ngày trước ngày sử dụng dịch vụ
Vui lòng đặt từ 02 khách trở lên
Để đảm bảo quyền lợi vui lòng liên hệ với chúng tôi để kiểm tra về tình trạng chổ trống trên tàu, các khoản phụ thu ngày lễ tết/ cuối tuần và các khoản phụ thu khác trước khi mua voucher và thanh toán. Mọi trường hợp khách hàng đã thanh toán nhưng chưa liên hệ với LifeLink, chúng tôi hoàn toàn không chịu trách nhiệm.
Hotline đặt vé & tư vấn (9h00-20h00): 1900 2065
Điều kiện hoãn/huỷ: Không hoãn, hủy hay thay đổi trước 2 ngày đặt vé.
Điều kiện khác
Áp dụng 01 E-Voucher/E-Coupon cho 01 khách/ phục vụ tối thiểu từ 2 khách trở lên
Một khách hàng được mua nhiều E-Voucher/E-Coupon
E-Voucher/E-Coupon không có giá trị quy đổi thành tiền mặt, không trả lại tiền thừa.
Không áp dụng đồng thời với chương trình khuyến mại khác",100,2026-08-23 00:00:00+00,2026-11-21 00:00:00+00,Dang ban,Không quy đổi thành tiền mặt. Hỗ trợ hoàn tiền nếu hủy trước 24h.,//cdn.lifelink.vn/img/c280x280/ADD-SaiGon-Princess-2_11062026094703.jpg?sign=niAkB1l6xRJUFWeWK2wHFw,0,40000000-0000-0000-0000-000000000001
241d2762-68c3-4a9a-8208-6634d02cb3b9,Voucher Gà chiên sốt Creamy Onion nửa con tại Chicken Plus,"Voucher Gà chiên sốt Creamy Onion nửa con tại Chicken Plus mang đến khẩu phần gà chiên nửa con 650g thơm ngon, phù hợp để thưởng thức cùng gia đình hoặc bạn bè.
Lớp sốt Creamy Onion béo ngậy hòa quyện cùng gà chiên giòn rụm tạo nên hương vị hấp dẫn khó quên.
Combo đi kèm cơm nắm, đu đủ ngâm, xà lách, sốt chua ngọt và sốt ngũ vị, giúp bữa ăn thêm tròn vị.
Voucher điện tử chính hãng, dễ dàng mua và sử dụng thông qua LifeLink.
Chicken Plus nổi tiếng với công thức gà chiên chuẩn Hàn và các loại sốt độc quyền được nhiều thực khách yêu thích.
LifeLink giúp bạn đặt mua voucher nhanh chóng, tiện lợi và tiết kiệm chi phí.",159000.00,155000.00,"Mỗi voucher chỉ được sử dụng 01 lần có thể áp dụng được nhiều voucher cho 01 đơn hàng.
Không có giá trị quy đổi thành tiền mặt, không được hoàn trả tiền thừa.
Chỉ áp dụng cho một số sản phẩm nhất định.
Không hoàn trả hoặc bán lại được.
Nếu giá tiền đơn đặt hàng của khách hàng vượt quá giá trị của voucher thì khách hàng phải thanh toán thêm số tiền chênh lệch đó.
LifeLink không xuất hoá đơn VAT cho khách hàng.
Khách hàng có trách nhiệm bảo mật thông tin mã thẻ quà tặng sau khi đặt mua. LifeLink sẽ không chịu trách nhiệm hoàn trả các mã thẻ bị mất hoặc ở trạng thái ""Đã sử dụng"" với bất kỳ lý do gì.
LifeLink sẽ không chịu trách nhiệm đối với chất lượng sản phẩm hoặc dịch vụ được cung cấp cũng như đối với các tranh chấp về sau giữa khách hàng và nhà cung cấp.
LifeLink có quyền sửa chữa hoặc thay đổi điều khoản và điều kiện sử dụng mà không thông báo trước.
Hotline
LifeLink
: 1900 2065
Địa điểm sử dụng:
https://docs.google.com/spreadsheets/d/1ErdtQi5FCClFIjOWs27EIjhuq0tAGmsG/edit?gid=829289209#gid=829289209",100,2026-08-23 00:00:00+00,2026-11-21 00:00:00+00,Dang ban,Không quy đổi thành tiền mặt. Hỗ trợ hoàn tiền nếu hủy trước 24h.,//cdn.lifelink.vn/img/c280x280/Voucher-Ga-chien-sot-Creamy-Onion-nua-con_28072026135917.jpg?sign=iyF9l0kKd8YQ0Qd_537WHQ,0,40000000-0000-0000-0000-000000000001
261a1cb2-84dc-4be5-85ab-ac6322bbc763,Sơn Tiên Amazing World - Combo 2 Trò chơi cảm giác mạnh - Vé người lớn,"Tham gia combo 2 trò chơi cảm giác mạnh, chinh phục thử thách mới lạ và bùng nổ năng lượng tại Sơn Tiên Amazing World.
Trải nghiệm hàng loạt trò chơi đặc sắc: vút bay trên không, cổng rơi không gian, đụng độ năng lượng, phi hành gia du hành vũ trụ, VR Game, lướt trên dây thép.
Phù hợp cho người lớn yêu thích sự sôi động, phiêu lưu, khám phá giới hạn bản thân.
Khu vui chơi sở hữu 6 kỷ lục Việt Nam, không gian rộng lớn, các công trình biểu tượng ấn tượng và nhiều điểm check-in độc đáo.
Đảm bảo an toàn với hệ thống trò chơi hiện đại, chất lượng dịch vụ tiêu chuẩn, đội ngũ nhân viên chuyên nghiệp sẵn sàng hỗ trợ.
Ưu đãi hấp dẫn khi đặt combo vé qua LifeLink, tiết kiệm chi phí cho nhóm bạn, hội team building hoặc gia đình muốn gắn kết.
Mỗi trò chơi được tham gia một lần, dễ dàng lựa chọn trò mình yêu thích để trải nghiệm cảm giác mạnh đỉnh cao.
Đặt vé vui chơi Sơn Tiên Amazing World ngay tại LifeLink để săn nhiều ưu đãi hấp dẫn, xác nhận nhanh, không lo hết chỗ!",300000.00,270000.00,"Voucher áp dụng cho Combo 2 Trò chơi cảm giác mạnh - Dành cho người lớn tại Sơn Tiên Amazing World
Dịch vụ Bao gồm:
Vút bay trên không
Cổng rơi không gian
Đụng độ năng lượng
Phi hành gia du hành vũ trụ
VR Game (thực tế ảo)
Lướt trên dây thép
Khách hàng áp dụng:
Người lớn có chiều cao từ 1m4 trở lên
Số lượng E-voucher áp dụng:
01 code/01 vé/01 khách
Mỗi khách hàng được mua nhiều E-Voucher/E-Coupon
Phạm vi sử dụng:
Ngày áp dụng: Áp dụng tất cả các ngày trong tuần, bao gồm cả Lễ Tết
Thời gian sử dụng: 09:00 - 17:00
Lưu ý:
Vui lòng liên hệ đăng ký dịch vụ trước 02 ngày (không tính Thứ 7 và Chủ Nhật) để được sử dụng voucher. LifeLink và quầy soát vé có thể không hỗ trợ nếu chưa đăng ký trước.
Mỗi trò chơi chỉ được tham gia một lần.
Thông tin liên hệ:
Địa chỉ: The Amazing Bay - Vịnh Kỳ Diệu, Quốc Lộ 51, Khu Phố 4, Phường An Hoà, Biên Hoà, Đồng Nai
Hotline: 1900 2065
Điều kiện khác:
E-Voucher/E-Coupon không có giá trị quy đổi thành tiền mặt, không trả lại tiền thừa.
Không áp dụng đồng thời với chương trình khuyến mại khác
Voucher không áp dụng hoàn, hủy.",100,2026-08-23 00:00:00+00,2026-11-21 00:00:00+00,Dang ban,Không quy đổi thành tiền mặt. Hỗ trợ hoàn tiền nếu hủy trước 24h.,//cdn.lifelink.vn/img/c280x280/ADD-Son-Tien-Amazing-World-1_09062026154910.jpg?sign=eTdGRT7hJoYW78I78Yuo6A,0,40000000-0000-0000-0000-000000000003
27547611-01a7-4abf-943d-092cb699e423,Vé vào cổng khu vui chơi kidzooona AEON MALL Hải Phòng 3F bao gồm Lễ Tết,"kidzooona AEON MALL Hải Phòng 3F là khu vui chơi trong nhà dành cho trẻ em với không gian hiện đại và an toàn.
Nhiều khu trò chơi vận động, nhập vai và giáo dục giúp trẻ phát triển thể chất, tư duy và kỹ năng giao tiếp.
Đồ chơi và thiết bị được lựa chọn phù hợp với từng giai đoạn phát triển của trẻ.
Thường xuyên tổ chức các hoạt động như nhảy múa, làm thủ công và trò chơi truyền thống.
Môi trường sạch sẽ, đội ngũ nhân viên được đào tạo bài bản mang đến trải nghiệm vui chơi chất lượng.
LifeLink giúp bạn dễ dàng khám phá kidzooona AEON MALL Hải Phòng 3F và lên kế hoạch cho những buổi vui chơi ý nghĩa.",180000.00,144000.00,"Voucher áp dụng cho Vé vào cổng dành cho 1 bé và 1 người lớn tại kidzooona AEON MALL Hải Phòng Tầng 3 bao gồm Lễ Tết
Voucher không bao gồm vớ/tất.
Khu vui chơi quy định luôn sử dụng vớ/tất, Quý khách vui lòng chuẩn bị vớ/tất trước khi vào khu vui chơi hoặc mua vớ/tất tại quầy.
Nhằm đảm bảo vệ sinh, khu vui chơi yêu cầu luôn mang tất trong suốt thời gian vui chơi.
Lưu ý: Luôn giữ vòng tay cẩn thận để được ra vào nhiều lần trong ngày nhé
Khách hàng áp dụng: Trẻ em 1 tuổi đến dưới 12 tuổi, 01 vé áp dụng cho 01 trẻ + 01 người lớn
Ngày áp dụng: Tất cả các ngày trong tuần, bao gồm Lễ Tết
Giờ áp dụng: 09:00 - 21:00
Số lượng E-Voucher áp dụng: 01 voucher/ 01 bé kèm 01 phụ huynh
Phụ thu (nếu có): 1 bé kèm 1 phụ huynh nếu phát sinh thêm các phụ huynh khác thì phụ thu 20.000VNĐ/ Phụ huynh
Thông tin liên hệ đặt dịch vụ
Hotline hỗ trợ: 1900 2065
Địa chỉ: Lô T347-348, tầng 3, Aeon Mall Hải Phòng Lê Chân, Đ. Hồ Sen Cầu Rào 2, phường Kênh Dương, quận Lê Chân, thành phố Hải Phòng.
Điều kiện khác
E-Voucher/E-Coupon không có giá trị quy đổi thành tiền mặt, không trả lại tiền thừa.
Không áp dụng đồng thời với chương trình khuyến mại khác",100,2026-08-23 00:00:00+00,2026-11-21 00:00:00+00,Dang ban,Không quy đổi thành tiền mặt. Hỗ trợ hoàn tiền nếu hủy trước 24h.,//cdn.lifelink.vn/img/c280x280/ADD-kidzooona-Hai-Phong_14072026172432.jpg?sign=mz1ehr85fB7VefDj-6Kg_w,0,40000000-0000-0000-0000-000000000003
27755c7d-ab56-42c6-bedd-59399f27c863,Danang Dophilnarium - Show Cá Heo và Hải Cẩu - Vũ Điệu Đại Dương,"Show “Vũ Điệu Đại Dương” - màn biểu diễn Cá heo & Hải cẩu đầu tiên tại Đà Nẵng
Trải nghiệm những cú nhào lộn mãn nhãn và tương tác đáng yêu
Không gian giải trí cho cả gia đình tại khu công viên chuyên đề
Trẻ em háo hức khám phá thế giới đại dương & khu vườn khủng long
Hành trình cảm xúc vang vọng từ biển sâu
Đặt vé dễ dàng cùng LifeLink với voucher ưu đãi hấp dẫn",350000.00,340000.00,"Khách hàng áp dụng: Từ 1m trở lên.
Dưới 1m: Miễn phí (phải có người lớn đi kèm)
Ngày áp dụng: Thứ 2 - Chủ nhật (trừ thứ 3 hàng tuần)
Giờ áp dụng: Show diễn gồm 2 khung thời gian: 15h00 & 20h00
Mã ưu đãi áp dụng cho chương trình Show Cá Heo & Hải Cẩu: Vũ Điệu Đại Dương tại Danang Dophilnarium
Mã ưu đãi chỉ hiệu lực sử dụng khi Quý khách Đăng ký Ngày tham quan qua Hotline LifeLink: 1900 2065 - 0934 661 016
Hướng dẫn đổi mã ưu đãi sang vé vào cổng tham quan:
Bước 1: Quý khách mua vé tham quan ưu đãi
Bước 2: Quý khách cần liên hệ LifeLink trước ít nhất 12h để đặt lịch và đổi E-voucher checkin vào cổng cho ngày tham quan.
Bước 3: LifeLink xuất Vé QR vào zalo/ sms cho Quý khách (Ngày khởi hành, Địa điểm, quy định chung...)
Bước 4: Quý khách sử dụng dịch vụ
Lưu ý:
Quý khách có mặt trước giờ diễn 45 phút để trải nghiệm trọn vẹn show
Vé đã có ngày khởi hành thì sẽ không Hoàn/ Hủy vì bất kỳ lý do nào.
Vé chỉ có giá trị sử dụng 1 lần trong thời hạn và khung giờ in trên Vé
Vé là bảo mật, vui lòng không cung cấp cho người khác
Không mang đồ ăn, đồ uống vào Công Viên
Vui lòng tuân thủ nội quy của Khu Du Lịch
Số lượng E-Voucher áp dụng: 01 e-voucher/ 1 khách
Khách hàng vui lòng liên hệ LifeLink sau khi thanh toán thành công để nhận vé QR checkin vào cổng đúng ngày khách đi
Điều kiện khác:
E-Voucher/E-Coupon không có giá trị quy đổi thành tiền mặt, không trả lại tiền thừa.
Không áp dụng đồng thời với chương trình khuyến mại khác
Giá đã bao gồm VAT",100,2026-08-23 00:00:00+00,2026-11-21 00:00:00+00,Dang ban,Không quy đổi thành tiền mặt. Hỗ trợ hoàn tiền nếu hủy trước 24h.,//cdn.lifelink.vn/img/c280x280/ADD-Danang-Dophilnarium_08062026102237.jpg?sign=Hlu6sCu1rB1DZwA0ryoKog,0,40000000-0000-0000-0000-000000000003
27b59e06-8288-4526-bc5e-12ce417f3df4,Tour City Sightseeing 1 tiếng tham quan Hồ Chí Minh vé trẻ em bao gồm Lễ Tết,"Khám phá các điểm tham quan nổi tiếng của thành phố Hồ Chí Minh trong tour xe buýt hai tầng như Dinh Độc Lập, Nhà Thờ Đức Bà, Chợ Bến Thành, Phố Đi Bộ Nguyễn Huệ, Bitexco.
Dịch vụ xe buýt vô cùng tiện lợi khi bạn có thể tùy chọn điểm xuống.
Miễn phí sách hướng dẫn với bản đồ, lịch trình và các điểm tham quan phổ biến.
Hỗ trợ thuyết minh nhiều ngôn ngữ: tiếng Anh, Trung Quốc, Nhật Bản, Hàn Quốc, Pháp, Đức, Nga, Tây Ban Nha và tiếng Việt.",110000.00,104000.00,"Khách hàng áp dụng
: Trẻ em từ 6 - 11 tuổi
Thời gian hoạt động
Các ngày trong tuần: 9h00 - 16h00
Tần suất: 30 phút /1 chuyến
Thời gian lộ trình: 75 phút/ lộ trình
Lộ trình khởi hành LINE 1 : SÀI GÒN - GIA ĐỊNH
1. Địa điểm khởi hành: Nhà Hát Thành Phố
2. Phố đi bộ Nguyễn Huệ
3. Bến Nhà Rồng
4. Tượng Đài Trần Hưng Đạo/ Bến Bạch Đằng
5. Bảo tàng Lịch sử Thành phố Hồ Chí Minh
6. Bảo tàng Chứng tích Chiến tranh
7. Phố Tây Phạm Ngũ Lão
8. Chợ Bến Thành
9. Dinh Thống Nhất
10.Bưu Điện Thành Phố - Nhà Thờ Đức Bà
11. Nhà hát Thành phố
Phương tiện di chuyển: Có 2 loại xe đang vận hành tại Sài Gòn
Xe Thoáng Nóc: (10 xe)
Tầng 1: 12 ghế + 4 chỗ đứng và xe lăn
Tầng 2: 42 ghế
Xe Có Mái: (2 xe)
Tầng 1: 12 ghế mềm + 4 chỗ đứng và xe lăn
Tầng 2: 40 ghế (20 bên ngoài, 20 bên trong)
Xe 1 Tầng: (3 xe)
Tầng dưới: 6 ghế và xe lăn
Tầng trên: 29 ghế
Địa điểm đón khách
: Quầy kiosk màu đỏ với logo City Sightseeing Sài Gòn tại Nhà hát Thành Phố - Số 7 Công Trường Lam Sơn, Phường Sài Gòn, TP. Hồ Chí Minh
Các trạm dừng liên kết giữa hai tuyến, khách hàng có thể chuyển đổi sử dụng tuyến tại các trạm dừng được đánh dấu.
Dịch vụ không bao gồm
Phí vào cửa
Thức ăn và đồ uống khác
Đón và trả khách sạn
Tiền tips (không bắt buộc)
Dịch vụ tiện ích bao gồm
Khách lên xe được tặng miễn phí 01 tai nghe (sử dụng cho máy thuyết minh tự động),
01 tờ bản đồ lộ trình.
Khách được mượn nón khi nắng.
Trên xe có nhân viên hỗ trợ và giải đáp thông tin cho khách
Ngôn ngữ thuyết minh qua audio (8 ngôn ngữ): Tiếng Việt, Anh, Pháp, Trung, Hàn, Nhật, Tây Ban Nha, Đức.
Lưu ý
Vé chỉ có giá trị sử dụng để đi 1 vòng, tính từ địa điểm khách lên đầu tiên & trả về đúng địa điểm đó. Vé không có giá trị lên xuống tại điểm, khi khách xuống vé sẽ hết hiệu lực.
Trẻ em từ 6- 11 tuổi sẽ tính vé theo bảng giá vé.
Trẻ em dưới 6 tuổi sẽ miễn phí, ngồi trên lòng người lớn. 1 người lớn sẽ kèm theo 1 bé dưới 6 tuổi.
Khách hàng phải làm thủ tục check in hoặc đổi vé điện tử/voucher tại bến xe trước khi sử dụng vé.
Hotline đặt tour & tư vấn
: 19002065
Điều kiện hoãn/huỷ tour
: Voucher không hoàn hủy
Điều kiện khác
Áp dụng 01 E-Voucher/E-Coupon cho 01 khách
Một khách hàng được mua nhiều E-Voucher/E-Coupon
E-Voucher/E-Coupon không có giá trị quy đổi thành tiền mặt, không trả lại tiền thừa.
Không áp dụng đồng thời với chương trình khuyến mại khác",100,2026-08-23 00:00:00+00,2026-11-21 00:00:00+00,Dang ban,Không quy đổi thành tiền mặt. Hỗ trợ hoàn tiền nếu hủy trước 24h.,//cdn.lifelink.vn/img/c280x280/ADD-City-Sightseeing-1_10072026161544.jpg?sign=yryiKPUlcRSfq2Ey8mDKtg,0,40000000-0000-0000-0000-000000000003
2af5fa36-e992-4aa5-b774-c4c94150b6ad,Evoucher Hộp quà trung thu Thanh Liên Thưởng Lãm I 2026 phiên bản hộp xếp 2 cánh cửa cao cấp - Combo 6 bánh,"Hộp quà gồm 6 bánh trung thu cao cấp với 2 lựa chọn combo phong phú.
Thiết kế hộp xếp 2 cánh cửa ép kim vàng 9999 sang trọng, kích thước 36 x 28 x 8 cm.
Lấy cảm hứng từ đầm sen và nghệ thuật sơn thủy, mang vẻ đẹp thanh lịch, tinh tế.
Khách hàng được lựa chọn Combo GVS 01 hoặc Combo GVS 02 theo nhu cầu.
Đi kèm túi giấy Ivory, thiệp Trung Thu và bộ dao nĩa cao cấp.
Phù hợp làm quà tặng đối tác, khách hàng, nhân viên và các chương trình tri ân doanh nghiệp.",839000.00,710000.00,"Khách hàng áp dụng: Tất cả khách hàng
Ngày áp dụng: Thứ 2 - Thứ 6
Giờ áp dụng: 9:00 - 17:00
Số lượng E-Voucher áp dụng: Sử dụng 01 voucher/01 hộp quà. Không giới hạn số lượng voucher/ hóa đơn.
Thông tin cách mua hàng HƯỚNG DẪN ĐỔI VOUCHER
Bước 1. Khách hàng nhận voucher liên hệ GIVISTA để đổi hộp quà Trung Thu 2026
Hotline/Zalo: 0969117926
Facebook:
Tại đây
Bước 2. Cung cấp mã voucher để đổi hộp quà
Bước 3. Khách hàng thanh toán phí vận chuyển trực tiếp cho đơn vị vận chuyển
Lưu ý: Không hỗ trợ khách hàng đổi quà trực tiếp tại cửa hàng
Điều kiện khác
Một khách hàng được mua nhiều E-Voucher/E-Coupon
E-Voucher/E-Coupon không có giá trị quy đổi thành tiền mặt, không trả lại tiền thừa.
Không áp dụng đồng thời với chương trình khuyến mại khác
Voucher chưa bao gồm phí vận chuyển Hộp quà tặng đến khách hàng.",100,2026-08-23 00:00:00+00,2026-11-21 00:00:00+00,Dang ban,Không quy đổi thành tiền mặt. Hỗ trợ hoàn tiền nếu hủy trước 24h.,//cdn.lifelink.vn/img/c280x280/ADD-Thanh-Lien-Thuong-Lam_11082026140441.jpg?sign=HBGZv2JnyAV5ZnrvqqnxiA,0,40000000-0000-0000-0000-000000000001
2bd25277-bb6b-48bc-a87b-732bf3aecf70,HLC Starry Sky Art Museum - Vé tham quan dành cho trẻ em,"Trải nghiệm nghệ thuật ánh sáng đương đại độc đáo, mở ra không gian “vũ trụ” huyền ảo đa chiều.
Phù hợp với trẻ em, gia đình, nhóm bạn trẻ, đặc biệt là những ai yêu thích chụp ảnh sáng tạo.
Không gian triển lãm gồm nhiều phòng chủ đề khác nhau, mỗi phòng là một bất ngờ thị giác.
Bối cảnh đẹp mắt, được thiết kế sáng tạo với hệ thống đèn LED và gương phản chiếu chuyên biệt.
Thời gian tham quan không giới hạn, khách được tự do trải nghiệm và sáng tạo trong khung giờ mở cửa.
Không gian lý tưởng cho các buổi hẹn hò, chụp ảnh cá nhân hoặc tạo nội dung TikTok, Instagram.
Đặt vé dễ dàng qua LifeLink, nhận e-voucher nhanh chóng, tiện lợi, không cần xếp hàng mua vé.",100000.00,95000.00,"Thông báo:
Không áp dụng từ ngày 16/02 đến hết ngày 19/02
Khách hàng áp dụng: Dành cho trẻ em
Số lượng e-Voucher áp dụng:
01 voucher/ 01 khách/ 01 vé vào cổng 01 lần (không bù tiền)
Mỗi khách hàng được mua nhiều e-Voucher/e-Coupon
Phạm vi sử dụng:
Ngày áp dụng: Tất cả các ngày trong tuần bao gồm Lễ
Giờ áp dụng:
Thứ 2 – Thứ 6: 10:00AM – 22:00PM
Thứ 7 & Chủ nhật: 09:30AM – 22:00PM
Số lần sử dụng dịch vụ: 01 lần
Quy định khi tham quan:
Khách hàng không được mang nước, đồ ăn, thức uống và không hút thuốc trong khu vực tham quan.
Chính sách vé:
Trẻ em dưới 80cm miễn phí
Dưới 1m2 tính vé trẻ em
Trên 1m2 tính vé người lớn
Khách hàng vui lòng liên hệ đăng ký dịch vụ trước khi đến để được phục vụ tốt nhất.
Điện thoại liên hệ: 024 6666 3306
Điều kiện khác:
e-Voucher/e-Coupon không có giá trị quy đổi thành tiền mặt, không trả lại tiền thừa
Không áp dụng đồng thời cùng lúc với các chương trình khuyến mại khác
Voucher không áp dụng hoàn, hủy",100,2026-08-23 00:00:00+00,2026-11-21 00:00:00+00,Dang ban,Không quy đổi thành tiền mặt. Hỗ trợ hoàn tiền nếu hủy trước 24h.,//cdn.lifelink.vn/img/c280x280/2_11052026140010.jpg?sign=Hd6YHrSuLDCG83yttlNMwQ,0,40000000-0000-0000-0000-000000000003
2c24153a-8bcc-47c9-8f48-5f6e072e9165,"Vé Tàu Hà Nội 5 Cửa Ô Tầng 1 - Toa Ô Cầu Dền, Ô Quan Trưởng, Ô Cầu Giấy, Ô Đống Mác - The Hanoi Train","Vé Tàu Hà Nội 5 Cửa Ô Tầng 1 mang đến trải nghiệm khám phá không gian văn hóa độc đáo trên The Hanoi Train.
Các toa Ô Cầu Dền, Ô Quan Chưởng, Ô Cầu Giấy và Ô Đống Mác được thiết kế theo chủ đề riêng, đậm dấu ấn Thăng Long xưa.
Nội thất hiện đại, sang trọng cùng cửa kính lớn giúp du khách ngắm trọn cảnh đẹp dọc hành trình.
Mỗi chuyến tàu là sự kết hợp hài hòa giữa kiến trúc, nghệ thuật và ẩm thực Hà Nội.
Phù hợp cho khách du lịch, gia đình, nhóm bạn và những người yêu thích trải nghiệm văn hóa.
Đặt vé nhanh chóng, tiện lợi và an tâm cùng LifeLink.",550000.00,550000.00,"Khách hàng áp dụng: Tất cả khách hàng từ 8 tuổi trở lên.
Ngày áp dụng
Tháng 7:
8h00: Ngày 17, 18, 19, 29, 31
13h30: Ngày 18, 19, 28
Tháng 08
8h00: Ngày 01, 02, 05, 07, 08, 09, 12, 14, 15, 16, 19, 21, 22, 23, 26, 28, 29, 30
13h30: Ngày 1, 2, 4, 6, 8, 9, 11, 13, 15, 16, 18, 20, 22, 23, 25, 27, 29, 30
Tháng 09
8h00: Ngày 01, 02, 04, 05, 06, 09, 11, 12, 13, 16, 18, 19, 20, 23, 25, 26, 27, 30
13h30: Ngày 01, 02, 05, 06, 08, 10, 12, 13, 15, 17, 19, 20, 22, 24, 26, 27, 29
Tháng 10
8h00: Ngày 02, 03, 04, 07, 09, 10, 11, 14, 16, 17, 18, 20, 21, 23, 25, 28, 30, 31
13h30: 01, 03, 04, 06, 08, 10, 11, 13, 15, 16, 17, 18, 20, 22, 24, 25, 27, 29, 31
Giờ áp dụng: 8h00 hoặc 13h30
Số lượng E-Voucher áp dụng: 01 E-voucher/ 1 khách
Lưu ý:
Trẻ em dưới 3 tuổi miễn phí vé, sử dụng chung chỗ với người lớn, mỗi người lớn được kèm tối đa 01 trẻ em dưới 3 tuổi, từ trẻ em thứ 2 trở lên phải mua vé trẻ em
Trẻ từ 3- 8 tuổi: Giảm 10% so với giá vé người lớn
Khách hàng liên hệ đăng ký dịch vụ trước khi đến để được phục vụ tốt nhất
Điện thoại: 1900 2065
Địa chỉ: Cửa 1C, sảnh Bắc - Ga Hà Nội - 120 Lê Duẩn - Văn Miếu - Hà Nội
Điều kiện khác
E-Voucher không có giá trị quy đổi thành tiền mặt, không trả lại tiền thừa.
Không áp dụng đồng thời với chương trình khuyến mại khác
Vé đã mua không hoàn/ hủy",100,2026-08-23 00:00:00+00,2026-11-21 00:00:00+00,Dang ban,Không quy đổi thành tiền mặt. Hỗ trợ hoàn tiền nếu hủy trước 24h.,//cdn.lifelink.vn/img/c280x280/ADD-5-cua-o-4_17072026120044.jpg?sign=IMFLQHmnLePaspbhJ-P3lg,1,40000000-0000-0000-0000-000000000003
2caaf3e1-ef7d-44f1-9063-9e6f686fcc7a,Evoucher Hộp quà trung thu Du Nhiên 2026 phiên bản nam châm cao cấp - Combo 4 bánh và trà,"Hộp quà gồm 4 bánh trung thu cao cấp kết hợp trà lài thượng hạng thanh tao.
Thiết kế hộp nam châm ép kim vàng 9999 với tông xanh ngọc trang nhã và hiện đại.
Lấy cảm hứng từ thiên nhiên, mang thông điệp bình an, cân bằng và phát triển bền vững.
Họa tiết hoa sen, chuồn chuồn và chú ếch xanh tạo nên vẻ đẹp gần gũi nhưng đầy nghệ thuật.
Bao gồm túi giấy Ivory, thiệp Trung Thu và bộ dao nĩa sang trọng.
Evoucher tiện lợi, dễ dàng đặt mua và gửi tặng nhanh chóng qua LifeLink.",569000.00,480000.00,"Khách hàng áp dụng: Tất cả khách hàng
Ngày áp dụng: Thứ 2 - Thứ 6
Giờ áp dụng: 9:00 - 17:00
Số lượng E-Voucher áp dụng: Sử dụng 01 voucher/01 hộp quà. Không giới hạn số lượng voucher/ hóa đơn.
Thông tin cách mua hàng HƯỚNG DẪN ĐỔI VOUCHER
Bước 1. Khách hàng nhận voucher liên hệ GIVISTA để đổi hộp quà Trung Thu 2026
Hotline/Zalo: 0969117926
Facebook:
Tại đây
Bước 2. Cung cấp mã voucher để đổi hộp quà
Bước 3. Khách hàng thanh toán phí vận chuyển trực tiếp cho đơn vị vận chuyển
Lưu ý: Không hỗ trợ khách hàng đổi quà trực tiếp tại cửa hàng
Điều kiện khác
Một khách hàng được mua nhiều E-Voucher/E-Coupon
E-Voucher/E-Coupon không có giá trị quy đổi thành tiền mặt, không trả lại tiền thừa.
Không áp dụng đồng thời với chương trình khuyến mại khác
Voucher chưa bao gồm phí vận chuyển Hộp quà tặng đến khách hàng.",100,2026-08-23 00:00:00+00,2026-11-21 00:00:00+00,Dang ban,Không quy đổi thành tiền mặt. Hỗ trợ hoàn tiền nếu hủy trước 24h.,//cdn.lifelink.vn/img/c280x280/Evoucher-Du-Nhien-4-banh_07082026142410.jpg?sign=UvL30vO5ruYZxMktpzJKsQ,1,40000000-0000-0000-0000-000000000001
2d68309c-275b-466b-9fd9-ea1f681ecac7,X Space Immersive - Vé trẻ em khách Việt tham quan cơ bản,"Vé vào cổng X Space Immersive cho trẻ em khách Việt cao dưới 1m4, khám phá cực phẩm công nghệ ánh sáng đầy mê hoặc.
Không gian nghệ thuật số nhập vai độc đáo đầu tiên tại Việt Nam dành cho trẻ nhỏ mê khám phá và tương tác.
Trải nghiệm từ phòng 1 đến phòng 7 với các chủ đề ấn tượng: Rừng ánh sáng vô cực, khu rừng nguyên sinh, hầm ma thuật, đại dương bao la, xứ sở thần tiên, dome vũ trụ, neo art.
Kết hợp đỉnh cao giữa 3D Mapping, LED cảm ứng, Dome 360°, công nghệ ánh sáng và video motion art tương tác.
Phù hợp cho trẻ em năng động, thích nghệ thuật thị giác, các gia đình tìm kiếm hoạt động vui chơi cuối tuần, nghỉ lễ.
Vị trí tại Vincom Mega Mall Royal City – trung tâm giải trí được yêu thích của giới trẻ và gia đình tại Hà Nội.
Tiết kiệm chi phí khi mua vé dành riêng cho trẻ em tại LifeLink – không cần xếp hàng tại quầy, nhận e-Voucher tiện lợi.
Đặt vé ngay trên LifeLink để mở cánh cửa bước vào hành trình nghệ thuật thị giác đa chiều có một không hai tại Hà Nội.",160000.00,148000.00,"Thông báo nghỉ Tết: Từ 16/2 đến hết 19/2
Khách hàng áp dụng:
Trẻ em có chiều cao dưới 1m4
Số lượng
e-Voucher
áp dụng:
1 e-Voucher/e-Coupon áp dụng cho 1 khách
Mỗi khách hàng được mua nhiều e-Voucher/e-Coupon
Phạm vi sử dụng:
Thời gian áp dụng:
Thứ 2 - Thứ 6: 10h00 - 22h00
Thứ 7, Chủ nhật & Lễ Tết: 9h30 - 22h00
Số lần sử dụng dịch vụ: 1 lần
Thời gian 1 lần sử dụng dịch vụ: 60 phút
Thông tin liên hệ:
Hotline đặt tour & tư vấn (9h00 - 20h00): 1900 2065
Văn phòng HCM: 028.6680 8757
Điều kiện khác:
Áp dụng 01 e-Voucher/e-Coupon cho 01 khách
e-Voucher/e-Coupon không có giá trị quy đổi thành tiền mặt, không trả lại tiền thừa
Không áp dụng đồng thời với chương trình khuyến mại khác",100,2026-08-23 00:00:00+00,2026-11-21 00:00:00+00,Dang ban,Không quy đổi thành tiền mặt. Hỗ trợ hoàn tiền nếu hủy trước 24h.,//cdn.lifelink.vn/img/c280x280/ADD-X-Space-Immersive-3_15062026134412.jpg?sign=46BuCHXPfcGTEIsc9J24Xw,0,40000000-0000-0000-0000-000000000003
2f02fae7-51ad-4ffc-858f-72dd78f9df1c,Thẻ quà tặng Beard Papas,"Thẻ quà tặng áp dụng tại cửa hàng Beard Papa’s. Vui lòng bù thêm tiền nếu giá trị hóa đơn vượt quá giá trị thẻ quà tặng.
Beard Papa’s là thương hiệu bánh su kem nổi tiếng đến từ Nhật Bản. Thương hiệu này luôn tạo ra những sản phẩm ngon miệng, tươi mới, và an toàn cho người tiêu dùng.
Các bánh su kem với vỏ giòn tan và nhân kem mát lạnh, thơm ngon mang đến trải nghiệm ẩm thực độc đáo, ấn tượng.
Beard Papa’s luôn đảm bảo chất lượng và an toàn thực phẩm tuyệt đối.",20000.00,20000.00,"E-Gift không áp dụng tại các cửa hàng Beard Papa's thuộc khu vực Hà Nội.
Mỗi E-Gift chỉ được sử dụng 01 lần có thể áp dụng được nhiều E-Gift cho 01 đơn hàng.
Không có giá trị quy đổi thành tiền mặt, không được hoàn trả tiền thừa.
Không hoàn trả hoặc bán lại được.
Nếu giá tiền đơn đặt hàng của khách hàng vượt quá giá trị của E-Gift thì khách hàng phải thanh toán thêm số tiền chênh lệch đó.
E-Gift được áp dụng chung với các chương trình khuyến mãi khác tại cửa hàng.
Cửa hàng chịu trách nhiệm xuất hóa đơn tài chính cho khách hàng.
Khách hàng có trách nhiệm bảo mật thông tin mã thẻ quà tặng sau khi đặt mua. LifeLink sẽ không chịu trách nhiệm hoàn trả các mã thẻ bị mất hoặc ở trạng thái ""Đã sử dụng"" với bất kỳ lý do gì.
LifeLink sẽ không chịu trách nhiệm đối với chất lượng sản phẩm hoặc dịch vụ được cung cấp cũng như đối với các tranh chấp về sau giữa khách hàng và nhà cung cấp.
LifeLink có quyền sửa chữa hoặc thay đổi điều khoản và điều kiện sử dụng mà không thông báo trước.",100,2026-08-23 00:00:00+00,2026-11-21 00:00:00+00,Dang ban,Không quy đổi thành tiền mặt. Hỗ trợ hoàn tiền nếu hủy trước 24h.,//cdn.lifelink.vn/img/c280x280/ADD-the-qua-tang-Beard-Papas_21072026165923.jpg?sign=lUdiUBJNHVm5DLP_nZ0Eng,0,40000000-0000-0000-0000-000000000001
309efd4e-2a4e-4ef6-95a9-f2e1760275d2,Voucher HS Chicken tại Lotteria,"Voucher HS Chicken tại Lotteria bao gồm 01 miếng gà HS thơm ngon.
Gà HS sở hữu lớp vỏ vàng giòn cùng phần thịt mềm mọng, đậm đà hương vị.
Phù hợp cho bữa ăn nhẹ hoặc kết hợp cùng các món ăn yêu thích tại Lotteria.
Voucher chính hãng, dễ dàng sử dụng tại hệ thống Lotteria trên toàn quốc.
Mua voucher nhanh chóng trên LifeLink với quy trình đơn giản và tiện lợi.
Thích hợp cho những ai yêu thích gà rán chất lượng với mức chi phí tiết kiệm.",40000.00,38000.00,"Voucher không áp dụng hình thức đổi trả/ hủy/ hoàn tiền.
Được sử dụng tối đa 5 voucher/ ngày/ hóa đơn.
Không áp dụng đổi hàng cho đơn hàng số lượng lớn (theo quy định của Lotteria).
Mỗi voucher chỉ được sử dụng 01 lần.
Chỉ áp dụng cho một số sản phẩm nhất định.
Trong trường hợp sản phẩm được chỉ định không có sẵn, khách hàng có thể lựa chọn các sản phẩm có cùng giá t.rị.
Không đổi được ra tiền mặt một phần hoặc toàn bộ.
Không hoàn trả hoặc bán lại được.
Nếu giá tiền đơn đặt hàng của khách hàng vượt quá giá trị của voucher thì khách hàng phải thanh toán thêm số tiền chênh lệch đó.
Voucher không áp dụng cho các chương trình khuyến mãi khác.
Khách hàng có trách nhiệm bảo mật thông tin mã thẻ quà tặng sau khi đặt mua. LifeLink sẽ không chịu trách nhiệm hoàn trả các mã thẻ bị mất hoặc ở trạng thái ""đã sử dụng"" với bất kỳ lý do gì.
LifeLink sẽ không chịu trách nhiệm đối với chất lượng của sản phẩm được cung cấp cũng như đối với các tranh chấp về sau giữa khách hàng và nhà cung cấp.
LifeLink có quyền sửa chữa hoặc thay đổi điều khoản và điều kiện sử dụng mà không thông báo trước.
Hotline LifeLink: 1900 2065",100,2026-08-23 00:00:00+00,2026-11-21 00:00:00+00,Dang ban,Không quy đổi thành tiền mặt. Hỗ trợ hoàn tiền nếu hủy trước 24h.,//cdn.lifelink.vn/img/c280x280/HS-Chicken_27072026104733.jpg?sign=NdoAmy5S8PppFeTGTp6_pw,0,40000000-0000-0000-0000-000000000001
30c94b4a-00ec-4e91-8ae2-6357ca325667,Voucher Cheese Chicken tại Lotteria,"Voucher Cheese Chicken tại Lotteria bao gồm 01 miếng Gà sốt phô mai.
Lớp gà rán vàng giòn phủ sốt phô mai béo ngậy, thơm ngon và hấp dẫn.
Hương vị hài hòa giữa độ giòn của gà và vị béo mịn của phô mai.
Phù hợp cho bữa ăn nhẹ hoặc kết hợp cùng các món khác tại Lotteria.
Voucher chính hãng, sử dụng thuận tiện tại hệ thống Lotteria trên toàn quốc.
Đặt mua nhanh trên LifeLink để tận hưởng nhiều chương trình ưu đãi hấp dẫn.",40000.00,38000.00,"Voucher không áp dụng hình thức đổi trả/ hủy/ hoàn tiền.
Được sử dụng tối đa 5 voucher/ ngày/ hóa đơn.
Không áp dụng đổi hàng cho đơn hàng số lượng lớn (theo quy định của Lotteria).
Mỗi voucher chỉ được sử dụng 01 lần.
Chỉ áp dụng cho một số sản phẩm nhất định.
Trong trường hợp sản phẩm được chỉ định không có sẵn, khách hàng có thể lựa chọn các sản phẩm có cùng giá t.rị.
Không đổi được ra tiền mặt một phần hoặc toàn bộ.
Không hoàn trả hoặc bán lại được.
Nếu giá tiền đơn đặt hàng của khách hàng vượt quá giá trị của voucher thì khách hàng phải thanh toán thêm số tiền chênh lệch đó.
Voucher không áp dụng cho các chương trình khuyến mãi khác.
Khách hàng có trách nhiệm bảo mật thông tin mã thẻ quà tặng sau khi đặt mua. LifeLink sẽ không chịu trách nhiệm hoàn trả các mã thẻ bị mất hoặc ở trạng thái ""đã sử dụng"" với bất kỳ lý do gì.
LifeLink sẽ không chịu trách nhiệm đối với chất lượng của sản phẩm được cung cấp cũng như đối với các tranh chấp về sau giữa khách hàng và nhà cung cấp.
LifeLink có quyền sửa chữa hoặc thay đổi điều khoản và điều kiện sử dụng mà không thông báo trước.
Hotline LifeLink: 1900 2065",100,2026-08-23 00:00:00+00,2026-11-21 00:00:00+00,Dang ban,Không quy đổi thành tiền mặt. Hỗ trợ hoàn tiền nếu hủy trước 24h.,//cdn.lifelink.vn/img/c280x280/Cheese-Chicken_27072026140239.jpg?sign=5XDRou8gNj-BXrC6qgC-dg,0,40000000-0000-0000-0000-000000000001
311ac3ad-48bf-4699-8b7a-6d4e64c4f0c8,Tàu nhà hàng SaiGon Princess - Du ngoạn và ăn tối trên sông Sài Gòn - Thực đơn trẻ em,"Trải nghiệm du ngoạn và ăn tối trên du thuyền SaiGon Princess với không gian sang trọng, thu hút.
Voucher áp dụng cho một vé trẻ em từ 6 đến 11 tuổi, giúp bé khám phá cảnh sông Sài Gòn lung linh khi đêm về.
Thưởng thức thực đơn đa dạng, phù hợp trẻ nhỏ, trong bối cảnh view sông và đô thị hiện đại.
Không gian nội thất mang phong cách châu Âu cổ điển, ấm cúng mà tinh tế.
Sân thượng skyview 360 độ, cho bé và gia đình ngắm nhìn toàn cảnh thành phố lộng lẫy về đêm.
Xuôi dòng qua các điểm tham quan nổi bật: Landmark 81, Vinhomes Central Park, Bitexco,…
Bầu không khí trong lành, thuận tiện cho gia đình tìm kiếm những khoảnh khắc gắn bó bên con trẻ.
Đặt voucher ngay trên LifeLink để nhận ưu đãi hấp dẫn, giữ chỗ sớm cho ngày cuối tuần/thời điểm cao điểm.",850000.00,800000.00,"Voucher áp dụng cho 1 vé Du ngoạn và ăn tối trên sông Sài Gòn - Tàu nhà hàng Saigon Princess - Thực đơn trẻ em từ 6 đến 11 tuổi (Kid menu from 6 to 11 years old)
Dịch vụ bao gồm:
Miễn phí nước lọc, trà và cà phê suốt tiệc.
Tặng kèm gói trang trí cơ bản đối với tiệc sinh nhật và kỷ niệm.
Chương trình giải trí theo ngày: Band nhạc Philippines biểu diễn từ 15-30 phút tại mỗi sảnh ăn tối, ảo thuật,…
Thuế VAT và Phí phục vụ.
Phí gửi xe ô tô bên trong Cảng (Quý khách vui lòng thông báo thông tin đặt chỗ với nhân viên lễ tân tại Cổng Cảng để được hỗ trợ).
Không áp dụng cho các ngày: 30/04, 01/05, 02/09, 24/12 và 31/12 và một số ngày tàu có tổ chức hoạt động theo chủ đề (Lễ hội sông nước,…)
Địa chỉ đón khách:
Cảng Hành khách Tàu biển - Cảng Sài Gòn, số 5 Nguyễn Tất Thành, phường 13, quận 4, TP. Hồ Chí Minh (Địa chỉ trước khi sáp nhập)
Cảng Hành khách Tàu biển - Cảng Sài Gòn, số 5 Nguyễn Tất Thành, phường Xóm Chiếu , TP. Hồ Chí Minh (Địa chỉ sau khi sáp nhập)
Giờ hoạt động mỗi ngày:
Giờ đón khách: 18h00 đến 19h15
Giờ Tàu xuất bến: 19h30
Giờ Tàu cập bến: 21h30
Lộ trình tàu chạy: Cảng Sài Gòn - Landmark 81 - Cảng Sài Gòn
Lưu ý: Không hoàn trả hoặc dời ngày trong trường hợp khách đến trễ so với giờ xuất bến.
Menu áp dụng:
Thực Đơn trẻ em Pluto:
Tại đây
Thực Đơn trẻ em Donald:
Tại đây
Chính sách chọn menu
Đối với đoàn Người lớn dưới từ 1 đến 10 khách: Có thể chọn 1 thực đơn giống nhau cho toàn bộ khách. Trường hợp khách có nhu cầu chọn nhiều thực đơn khác nhau/bàn thì số lượng thực đơn khác nhau có thể chọn là 4 thực đơn khác nhau (đối với thực đơn mặn) và 2 thực đơn khác nhau (đối với thực đơn chay).
Đối với đoàn Người lớn từ 11 khách: Có thể chọn 1 thực đơn giống nhau cho toàn bộ khách. Trường hợp khách có nhu cầu chọn nhiều thực đơn khác nhau/bàn thì số lượng thực đơn khác nhau có thể chọn là 3 thực đơn khác nhau (đối với thực đơn mặn) và 2 thực đơn khác nhau (đối với thực đơn chay).
Trẻ em: Có thể chọn 1 thực đơn giống nhau cho toàn bộ trẻ em. Trường hợp khách có nhu cầu chọn nhiều thực đơn khác nhau/bàn thì có thể chọn 2 thực đơn trẻ em khác nhau.
Dịch vụ không bao gồm: Đồ uống khác (ngoại trừ nước lọc, trà và cà phê) và các chi phí cá nhân khác.
Chính sách trẻ em:
Trẻ em dưới 6 tuổi: Ăn chung với bố mẹ và tặng kèm 1 phần soup cho bé. Mỗi người lớn được kèm tối đa 1 bé, bé phát sinh phụ thu 100,000VND/bé.
Trẻ em từ đủ 6 tuổi đến 11 tuổi: Chọn thực đơn Donald Kid hoặc Pluto Kid.
Trẻ em trên 11 tuổi: Chọn thực đơn theo chính sách giá người lớn (Thực đơn 3 món, 4 món và 5 món). Trường hợp trẻ em trên 11 tuổi và người lớn chọn thực đơn trẻ em (Donald hoặc Pluto) sẽ phụ thu 200,000VND/khách.
Điều kiện đặt & nhận dịch vụ
Đặt ít nhất 3 ngày trước ngày sử dụng dịch vụ
Vui lòng đặt từ 02 khách trở lên
Để đảm bảo quyền lợi vui lòng liên hệ với chúng tôi để kiểm tra về tình trạng chổ trống trên tàu, các khoản phụ thu ngày lễ tết/ cuối tuần và các khoản phụ thu khác trước khi mua voucher và thanh toán. Mọi trường hợp khách hàng đã thanh toán nhưng chưa liên hệ với LifeLink, chúng tôi hoàn toàn không chịu trách nhiệm.
Hotline đặt vé & tư vấn (9h-20h): 1900 2065
Điều kiện hoãn/huỷ: Không hoãn, hủy hay thay đổi trước 2 ngày đặt vé.
Điều kiện khác
Áp dụng 01 E-Voucher/E-Coupon cho 01 khách/ phục vụ tối thiểu từ 2 khách trở lên
Một khách hàng được mua nhiều E-Voucher/E-Coupon
E-Voucher/E-Coupon không có giá trị quy đổi thành tiền mặt, không trả lại tiền thừa.
Không áp dụng đồng thời với chương trình khuyến mại khác",100,2026-08-23 00:00:00+00,2026-11-21 00:00:00+00,Dang ban,Không quy đổi thành tiền mặt. Hỗ trợ hoàn tiền nếu hủy trước 24h.,//cdn.lifelink.vn/img/c280x280/ADD-SaiGon-Princess-1_11062026091733.jpg?sign=miMfDRkCTvdUSyRqKRb64A,0,40000000-0000-0000-0000-000000000001
313565c5-bca0-4c9d-9cf7-2f8bbf865c5a,Voucher Bulgogi Burger tại Lotteria,"Voucher Bulgogi Burger tại Lotteria bao gồm 01 Bulgogi Burger thơm ngon.
Burger được chế biến từ phần nhân thịt đậm đà kết hợp sốt Bulgogi đặc trưng chuẩn vị Hàn Quốc.
Bánh mềm, rau tươi và nước sốt hòa quyện tạo nên hương vị hấp dẫn trong từng miếng cắn.
Phù hợp cho bữa sáng, bữa trưa hoặc bữa ăn nhanh đầy đủ năng lượng.
Voucher chính hãng, sử dụng thuận tiện tại hệ thống Lotteria trên toàn quốc.
Đặt mua nhanh chóng trên LifeLink với nhiều chương trình ưu đãi hấp dẫn.",48000.00,45000.00,"Voucher không áp dụng hình thức đổi trả/ hủy/ hoàn tiền.
Được sử dụng tối đa 5 voucher/ ngày/ hóa đơn.
Không áp dụng đổi hàng cho đơn hàng số lượng lớn (theo quy định của Lotteria).
Mỗi voucher chỉ được sử dụng 01 lần.
Chỉ áp dụng cho một số sản phẩm nhất định.
Trong trường hợp sản phẩm được chỉ định không có sẵn, khách hàng có thể lựa chọn các sản phẩm có cùng giá t.rị.
Không đổi được ra tiền mặt một phần hoặc toàn bộ.
Không hoàn trả hoặc bán lại được.
Nếu giá tiền đơn đặt hàng của khách hàng vượt quá giá trị của voucher thì khách hàng phải thanh toán thêm số tiền chênh lệch đó.
Voucher không áp dụng cho các chương trình khuyến mãi khác.
Khách hàng có trách nhiệm bảo mật thông tin mã thẻ quà tặng sau khi đặt mua. LifeLink sẽ không chịu trách nhiệm hoàn trả các mã thẻ bị mất hoặc ở trạng thái ""đã sử dụng"" với bất kỳ lý do gì.
LifeLink sẽ không chịu trách nhiệm đối với chất lượng của sản phẩm được cung cấp cũng như đối với các tranh chấp về sau giữa khách hàng và nhà cung cấp.
LifeLink có quyền sửa chữa hoặc thay đổi điều khoản và điều kiện sử dụng mà không thông báo trước.
Hotline LifeLink: 1900 2065",100,2026-08-23 00:00:00+00,2026-11-21 00:00:00+00,Dang ban,Không quy đổi thành tiền mặt. Hỗ trợ hoàn tiền nếu hủy trước 24h.,//cdn.lifelink.vn/img/c280x280/Bulgogi-Burger_27072026100408.jpg?sign=ldAZ7XzJIydd-K48PmPpFQ,0,40000000-0000-0000-0000-000000000001
3317108f-3c4b-4ea8-bdc9-7eeac358109c,Voucher Đùi gà sốt ngũ vị tại Chicken Plus,"Voucher Đùi gà sốt ngũ vị tại Chicken Plus gồm 5 chiếc đùi gà chiên vàng giòn phủ sốt ngũ vị đặc trưng.
Sốt ngũ vị đậm đà hòa quyện cùng lớp vỏ giòn rụm và phần thịt mềm ngọt bên trong.
Combo đi kèm cơm nắm, đu đủ ngâm, xà lách, sốt chua ngọt và sốt ngũ vị giúp bữa ăn thêm trọn vẹn.
Voucher điện tử chính hãng, dễ dàng mua và sử dụng tại hệ thống Chicken Plus.
Chicken Plus nổi tiếng với công thức gà chiên độc quyền cùng các loại sốt chuẩn Hàn Quốc.
LifeLink giúp bạn đặt mua voucher nhanh chóng, tiện lợi và tiết kiệm chi phí.",159000.00,155000.00,"Mỗi voucher chỉ được sử dụng 01 lần có thể áp dụng được nhiều voucher cho 01 đơn hàng.
Không có giá trị quy đổi thành tiền mặt, không được hoàn trả tiền thừa.
Chỉ áp dụng cho một số sản phẩm nhất định.
Không hoàn trả hoặc bán lại được.
Nếu giá tiền đơn đặt hàng của khách hàng vượt quá giá trị của voucher thì khách hàng phải thanh toán thêm số tiền chênh lệch đó.
LifeLink không xuất hoá đơn VAT cho khách hàng.
Khách hàng có trách nhiệm bảo mật thông tin mã thẻ quà tặng sau khi đặt mua. LifeLink sẽ không chịu trách nhiệm hoàn trả các mã thẻ bị mất hoặc ở trạng thái ""Đã sử dụng"" với bất kỳ lý do gì.
LifeLink sẽ không chịu trách nhiệm đối với chất lượng sản phẩm hoặc dịch vụ được cung cấp cũng như đối với các tranh chấp về sau giữa khách hàng và nhà cung cấp.
LifeLink có quyền sửa chữa hoặc thay đổi điều khoản và điều kiện sử dụng mà không thông báo trước.
Hotline
LifeLink
: 1900 2065
Địa điểm sử dụng:
https://docs.google.com/spreadsheets/d/1ErdtQi5FCClFIjOWs27EIjhuq0tAGmsG/edit?gid=829289209#gid=829289209",100,2026-08-23 00:00:00+00,2026-11-21 00:00:00+00,Dang ban,Không quy đổi thành tiền mặt. Hỗ trợ hoàn tiền nếu hủy trước 24h.,//cdn.lifelink.vn/img/c280x280/Voucher-Dui-ga-sot-ngu-vi_28072026170715.jpg?sign=AbekkQDnXWeb16y35mLbdw,0,40000000-0000-0000-0000-000000000001
33c2f604-1aa5-4372-b79b-e2c5631671ed,Nhà hàng Shacha Níu - Buffet lẩu bò Triều Châu menu 516K,"Thưởng thức buffet lẩu bò tươi phong cách Triều Châu với hơn 150 món đặc sắc, đủ vị cho cả gia đình.
Các phần bò thượng hạng được thái tay trực tiếp tại quầy, giữ trọn vị mọng ngọt nguyên bản.
Bể hải sản sống: tôm, sò, ngao, vẹm, mực, hàu, cá diêu hồng tươi rói sẵn sàng cho nồi lẩu thêm hấp dẫn.
Đặc biệt, thực đơn của Shacha Níu có ba ba -  nhà hàng đầu tiên và duy nhất đến thời điểm hiện tại ở Hà Nội có.
Hơn 20 loại sốt đặc chế tự pha tại quầy Sốt Shacha trứ danh – linh hồn của nồi lẩu Triều Châu đúng điệu.
Không gian cổ điển Trung Hoa pha hiện đại, lý tưởng cho tiệc liên hoan, sum họp, hẹn hò.
Đội ngũ nhân viên chuyên nghiệp, hỗ trợ chu đáo chuẩn phong cách nhà hàng Trung Hoa truyền thống.
Ưu đãi hấp dẫn khi đặt trước qua LifeLink; rút ngắn thời gian chờ, tránh hết bàn giờ cao điểm.
Đặt deal tiện lợi, nhận mã nhanh chóng, dễ sử dụng, phù hợp mọi dịp gặp gỡ quan trọng.",557280.00,502000.00,"Khách hàng áp dụng:
Tất cả khách hàng
Trẻ em dưới 1m00: Miễn phí
Trẻ em từ 1m00 - 1m30: Tính 50% giá người lớn
Trẻ em từ 1m30 trở lên: Tính như người lớn
Số lượng e-Voucher áp dụng:
01 voucher tương ứng cho 01 suất buffet người lớn
01 khách hàng có thể mua nhiều voucher
Phạm vi sử dụng:
Ngày áp dụng: Thứ 2 - chủ nhật
Không áp dụng: Ngày lễ, Tết theo quy định của nhà hàng
Giờ áp dụng:
11h00 - 14h00 (13h30 đóng quầy line)
18h00 - 22h00 (21h30 đóng quầy line)
Phụ thu:
Cuối tuần: Tối thứ 6, thứ 7, chủ nhật (Theo quy định của nhà hàng)
Thông tin liên hệ:
Địa chỉ: 26 Lương Định Của, Phường Kim Liên, Hà Nội
Hotline: 0888 113 355
Điều kiện khác:
Khách hàng được mua nhiều e-Voucher
e-Voucher không có giá trị quy đổi thành tiền mặt, không trả lại tiền thừa
Không áp dụng đồng thời với các ưu đãi khác
Giá bán đã bao gồm VAT",100,2026-08-23 00:00:00+00,2026-11-21 00:00:00+00,Dang ban,Không quy đổi thành tiền mặt. Hỗ trợ hoàn tiền nếu hủy trước 24h.,//cdn.lifelink.vn/img/c280x280/ADD-Shacha-Niu_25062026103113.jpg?sign=sHJX2a4m4M7ojrKvlesetw,0,40000000-0000-0000-0000-000000000001
34b2b17d-a9b7-4498-8d35-e5079933d167,"Đài Quan Sát Lotte Hà Nội Sky - Combo Đồ uống, Ảnh cho Người lớn","Khám phá Đài Quan Sát Lotte Hà Nội Sky - điểm ngắm toàn cảnh Hà Nội từ tầng 65 trung tâm thành phố.
Thích hợp cho nhóm bạn trẻ, gia đình, cặp đôi muốn trải nghiệm không gian 360 độ đẳng cấp.
Tham quan sàn kính Sky Walk độc đáo - thử thách cảm giác như dạo bước giữa trời xanh.
Trang bị kính viễn vọng giúp phóng tầm mắt khám phá từng góc phố, công trình, dòng sông.
Các dịch vụ nước uống, quầy ảnh chuyên nghiệp, mang lại trải nghiệm trọn vẹn khi check-in.
Lý tưởng để lưu giữ khoảnh khắc độc quyền, sống ảo cùng bạn bè và người thân.
Đặt vé qua LifeLink dễ dàng, nhanh chóng, nhận ưu đãi hấp dẫn.
Cơ hội tận hưởng cảm xúc mới lạ, nhìn ngắm Hà Nội từ trên cao – chỉ với vài bước đăng ký!",380000.00,340000.00,"Khách hàng áp dụng:
Dành cho khách hàng từ 3 tuổi đến 12 tuổi.
Số lượng E-voucher áp dụng:
01 voucher/01 người/01 lần sử dụng.
Mỗi khách hàng được mua nhiều E-Voucher/E-Coupon.
Phạm vi sử dụng:
Áp dụng vào các ngày trong tuần, bao gồm cả ngày Lễ.
Thời gian mua vé combo: 9:30 - 22:30 hàng ngày.
Đổi vé tại quầy B1 đài quan sát LOTTE Hanoi Sky trước 22:30 mỗi ngày.
Lưu ý:
Vé không bao gồm thuê trang phục, in ảnh, đồ uống SKYL, chụp ảnh Life4cuts, quà lưu niệm, Đấu trường Mission X
Khi đổi vé online sang vé cứng, vé cứng phải được sử dụng cùng ngày.
Đổi vé cứng tại quầy vé trước 22:30 mỗi ngày.
Giá vé thay đổi theo ngày thường, cuối tuần và ngày lễ.
Phụ thu:
Không phụ thu.
Thông tin liên hệ:
Hotline: 024 33336565
Điều kiện khác:
E-Voucher/E-Coupon không có giá trị quy đổi thành tiền mặt, không trả lại tiền thừa.
Không áp dụng đồng thời với chương trình khuyến mại khác.",100,2026-08-23 00:00:00+00,2026-11-21 00:00:00+00,Dang ban,Không quy đổi thành tiền mặt. Hỗ trợ hoàn tiền nếu hủy trước 24h.,//cdn.lifelink.vn/img/c280x280/18_08052026150854.jpg?sign=IGqzQG0iTMMbDHZCM4EEqQ,0,40000000-0000-0000-0000-000000000003
368a0449-9688-4f74-bd2c-efa1a17a421a,Saga Kids Playground - Vé khu vui chơi áp dụng thứ 2 đến thứ 5 tại Capital Place,"Khu vui chơi tiêu chuẩn Châu Âu lên đến 1000m² tại tòa nhà 5 sao.
Mô hình giáo trí: vừa học hỏi vừa vận động, phù hợp nhiều lứa tuổi.
Sân bóng giữa ngân hà, góc siêu thị khởi nghiệp nhí, cuộc đua bật nhảy.
Trò chơi đa dạng: cầu trượt, nhà bóng, đường hầm, leo núi giả…
Khu cafe & ăn uống hiện đại để ba mẹ thư giãn khi bé vui chơi.
Nhân viên chuyên nghiệp, chu đáo, dịch vụ đẳng cấp.
Đặt Voucher ưu đãi vé áp dụng Thứ 2-Thứ 5 trên LifeLink.",160000.00,139000.00,"Thông báo:
Saga Kids sẽ nghỉ Tết từ 29 tháng Chạp đến hết Mùng 2 tháng Giêng Âm Lịch
Thời gian hoạt động trở lại: Mùng 3 tháng Giêng Âm Lịch
Từ Mùng 3 âm lịch đến hết mùng 6 âm lịch sẽ tính giá vé cuối tuần
Ngày áp dụng: Thứ 2 - Thứ 5 (Không áp dụng lễ tết).
Giờ áp dụng: 7h30 - 22h00
Tổng thời gian gói dịch vụ: 1 lần
Thời gian 1 lần dịch vụ: Chơi không giới hạn, giá vé chưa bao gồm đồ uống và phần ăn tại Saga Cafe Bistro
Khách hàng áp dụng:
Trẻ em trên 75cm và dưới 15 tuổi
Miễn phí cho trẻ dưới 75cm
Miễn phí cho 1 người lớn đi cùng
Nếu phát sinh thêm các phụ huynh khác thì phụ thu 30.000VNĐ/Phụ huynh.
Lưu ý: Khách hàng có thể ra ngoài khi có nhu cầu, thời gian ra ngoài không quá 30 phút
Voucher không bao gồm vớ/tất, cả bé và phụ huynh bắt buộc mang vớ/tất. Quý khách vui lòng chuẩn bị vớ/tất trước khi vào khu vui chơi hoặc mua vớ/tất tại quầy.
Số lượng E-Voucher áp dụng:
Một khách hàng được mua nhiều phiếu.
Sử dụng 01 vé/ 01 khách hàng / 1 lần
Không giới hạn số voucher trên 1 hoá đơn
Vui lòng không mang đồ ăn uống (trừ sữa công thức và thuốc kê đơn) từ bên ngoài vào để đảm bảo môi trường vui chơi an toàn và thoải mái cho trẻ.
Quý khách vui lòng liên hệ trước khi đến để được tư vấn tốt nhất:
Địa chỉ: Tầng B1, Toà Nhà Capital Place, 29 Liễu Giai, phường Ngọc Hà, Hà Nội.
Hotline: 1900 2065
E-Voucher/E-Coupon không có giá trị quy đổi thành tiền mặt, không trả lại tiền thừa.
Không áp dụng đồng thời với chương trình khuyến mại khác.",100,2026-08-23 00:00:00+00,2026-11-21 00:00:00+00,Dang ban,Không quy đổi thành tiền mặt. Hỗ trợ hoàn tiền nếu hủy trước 24h.,//cdn.lifelink.vn/img/c280x280/2_12052026114248.jpg?sign=Wf7zUfkQ-HXt4NXrZ_MYbA,0,40000000-0000-0000-0000-000000000003
36a9024d-a3a3-423d-bc9c-51652d95f726,Sen Hàng Tre và Trần Hưng Đạo - Gói trị liệu cao cấp 150 phút phòng tiêu chuẩn,"""Trải nghiệm 150 phút massage tại Sen Hàng Tre & Sen Trần Hưng Đạo"" giúp bạn thư giãn và làm mới chính mình trong một môi trường đầy sự chăm sóc và tận tâm.
Khu xông hơi được trang bị 5 liệu pháp tắm - xông tiêu chuẩn, bao gồm xông hơi đá muối, xông hơi thảo dược, tắm lá Dao đỏ, ngâm bồn sục jacuzzi, và ngâm bể lạnh với nhiệt độ 18 độ C.
Không gian spa thiết kế ấm cúng và sang trọng theo phong cách Indochine kết hợp với tân cổ điển, tạo nên một môi trường độc đáo và ấn tượng.
Đội ngũ kỹ thuật viên dày dạn kinh nghiệm, được đào tạo bài bản và kiểm tra nghiêm ngặt theo chuẩn y học cổ truyền.
Cơ sở vật chất hiện đại và đa dạng, với nhiều loại phòng chuyên biệt như phòng đơn, phòng đôi, phòng ba, phòng tập thể và phòng VIP Deluxe, mang đến sự thoải mái tối đa cho khách hàng.
Spa áp dụng phương pháp chăm sóc sức khỏe và trị liệu theo y học cổ truyền Việt Nam, kết hợp với các sản phẩm từ thiên nhiên để đảm bảo hiệu quả tối ưu.",756000.00,646000.00,"Thời gian 1 lần dịch vụ: 150 phút
Ngày áp dụng: Thứ 2 - Chủ nhật. Không áp dụng cho các ngày Lễ, tết
Giờ áp dụng: 09h30 - 22h30
Khách hàng áp dụng: Nữ/ Nam
Số lượng E-Voucher áp dụng:
Sử dụng 1 phiếu/ 1 người/ 1 lần dịch vụ (Không bù tiền)
Tiền TIP tối thiểu từ 100.000 VND/1 người
Khách hàng vui lòng liên hệ trước khi qua spa:
72B phố Trần Hưng Đạo, phường Trần Hưng Đạo, Quận Hoàn Kiếm, Thành phố Hà Nội - 0243 637 3999 Hoặc 077 276 0863 Hoặc 077 276 0863
Số 20 Hàng Tre, Quận Hoàn Kiếm, Thành phố Hà Nội - 024 3987 9797 Hoặc 085 787 9797
E-Voucher/E-Coupon không có giá trị quy đổi thành tiền mặt, không trả lại tiền thừa
Không áp dụng đồng thời với chương trình khuyến mại khác
Giá đã bao gồm VAT.",100,2026-08-23 00:00:00+00,2026-11-21 00:00:00+00,Dang ban,Không quy đổi thành tiền mặt. Hỗ trợ hoàn tiền nếu hủy trước 24h.,//cdn.lifelink.vn/img/c280x280/Sen-Tai-Thu-06_11052026115729.jpg?sign=uecKZP_hp3yHH-uyu8-h8A,0,40000000-0000-0000-0000-000000000002
37bd7905-095d-4733-886f-55efd1549e59,Sơn Tiên Amazing World - Combo 1 Công Viên chuyên đề - Vé người lớn,"Combo vé vui chơi dành cho người lớn tại Sơn Tiên Amazing World, trải nghiệm trọn vẹn 6 trò chơi đặc sắc.
Thử thách và phấn khích với các trò chơi hấp dẫn: Xe lửa, VR Game thực tế ảo, Xe tăng, Lâu Đài Tuyết, 18 Tầng Địa Ngục, Thuyền điện.
Vé phù hợp cho nhóm bạn, cặp đôi và cả gia đình có nhu cầu tận hưởng cảm giác mới lạ, đa dạng cảm xúc.
Khám phá không gian giải trí đa chủ đề, quy mô lớn cùng hàng loạt công trình đạt kỷ lục Việt Nam.
Đảm bảo an toàn và chất lượng dịch vụ, nhân viên hỗ trợ nhiệt tình trong suốt quá trình vui chơi.
Ưu đãi combo tiết kiệm, giúp khách hàng tận hưởng trọn vẹn mà vẫn tối ưu chi phí giải trí cuối tuần.
Chỉ cần 1 voucher, tham gia tất cả các trò được liệt kê, mỗi trò chơi trải nghiệm một lần duy nhất.
Đặt vé nhanh chóng, xác nhận tiện lợi qua LifeLink, an tâm săn deal hot - số lượng giới hạn!",370000.00,342000.00,"Voucher áp dụng cho Combo 1 Công Viên chuyên đề - Dành cho người lớn tại Sơn Tiên Amazing World
Dịch vụ Bao gồm:
Vé Xe lửa
VR Game (thực tế ảo)
Xe tăng
Lâu Đài Tuyết
18 Tầng địa ngục
Thuyền điện
Khách hàng áp dụng:
Người lớn có chiều cao từ 1m4 trở lên
Số lượng E-voucher áp dụng:
01 code/01 vé/01 khách
Mỗi khách hàng được mua nhiều E-Voucher/E-Coupon
Phạm vi sử dụng:
Ngày áp dụng: Áp dụng tất cả các ngày trong tuần, bao gồm cả Lễ Tết
Thời gian sử dụng: 09:00 - 17:00
Lưu ý:
Vui lòng liên hệ đăng ký dịch vụ trước 02 ngày (không tính Thứ 7 và Chủ Nhật) để được sử dụng voucher. LifeLink và quầy soát vé có thể không hỗ trợ nếu chưa đăng ký trước.
Mỗi trò chơi chỉ được tham gia một lần.
Thông tin liên hệ:
Địa chỉ: The Amazing Bay - Vịnh Kỳ Diệu, Quốc Lộ 51, Khu Phố 4, Phường An Hoà, Biên Hoà, Đồng Nai
Hotline: 1900 2065
Điều kiện khác:
E-Voucher/E-Coupon không có giá trị quy đổi thành tiền mặt, không trả lại tiền thừa.
Không áp dụng đồng thời với chương trình khuyến mại khác
Voucher không áp dụng hoàn, hủy.",100,2026-08-23 00:00:00+00,2026-11-21 00:00:00+00,Dang ban,Không quy đổi thành tiền mặt. Hỗ trợ hoàn tiền nếu hủy trước 24h.,//cdn.lifelink.vn/img/c280x280/ADD-Son-Tien-Amazing-World-1_09062026144856.jpg?sign=KXMpwFKKFJp_Tr1JHAE3sw,0,40000000-0000-0000-0000-000000000003
387754d3-7d82-4eef-904a-ef5433b8330f,Voucher Cánh Gà Sốt Ngũ Vị 10 miếng tại Chicken Plus,"Voucher Cánh Gà Sốt Ngũ Vị (10 miếng) tại Chicken Plus mang đến 10 miếng cánh gà giòn ngon chuẩn vị Hàn Quốc.
Cánh gà được phủ lớp sốt ngũ vị đậm đà, cân bằng giữa vị ngọt, mặn, cay và thơm hấp dẫn.
Combo đi kèm cơm nắm, đu đủ ngâm, xà lách, sốt chua ngọt và sốt ngũ vị giúp bữa ăn thêm trọn vẹn.
Voucher điện tử chính hãng, dễ dàng mua và sử dụng thông qua LifeLink.
Chicken Plus nổi tiếng với công thức gà chiên độc quyền và các loại sốt đặc sắc được nhiều thực khách yêu thích.
LifeLink giúp bạn đặt mua voucher nhanh chóng, tiết kiệm thời gian và chi phí.",169000.00,164000.00,"Mỗi voucher chỉ được sử dụng 01 lần có thể áp dụng được nhiều voucher cho 01 đơn hàng.
Không có giá trị quy đổi thành tiền mặt, không được hoàn trả tiền thừa.
Chỉ áp dụng cho một số sản phẩm nhất định.
Không hoàn trả hoặc bán lại được.
Nếu giá tiền đơn đặt hàng của khách hàng vượt quá giá trị của voucher thì khách hàng phải thanh toán thêm số tiền chênh lệch đó.
LifeLink không xuất hoá đơn VAT cho khách hàng.
Khách hàng có trách nhiệm bảo mật thông tin mã thẻ quà tặng sau khi đặt mua. LifeLink sẽ không chịu trách nhiệm hoàn trả các mã thẻ bị mất hoặc ở trạng thái ""Đã sử dụng"" với bất kỳ lý do gì.
LifeLink sẽ không chịu trách nhiệm đối với chất lượng sản phẩm hoặc dịch vụ được cung cấp cũng như đối với các tranh chấp về sau giữa khách hàng và nhà cung cấp.
LifeLink có quyền sửa chữa hoặc thay đổi điều khoản và điều kiện sử dụng mà không thông báo trước.
Hotline
LifeLink
: 1900 2065
Địa điểm sử dụng:
https://docs.google.com/spreadsheets/d/1ErdtQi5FCClFIjOWs27EIjhuq0tAGmsG/edit?gid=829289209#gid=829289209",100,2026-08-23 00:00:00+00,2026-11-21 00:00:00+00,Dang ban,Không quy đổi thành tiền mặt. Hỗ trợ hoàn tiền nếu hủy trước 24h.,//cdn.lifelink.vn/img/c280x280/Voucher-Canh-Ga-Sot-Ngu-Vi_28072026154641.jpg?sign=aSPj6NfEJeChN234iexGzw,0,40000000-0000-0000-0000-000000000001
396a19a8-a573-4c24-bc9b-420e852082ca,"Vé vào cổng khu vui chơi Ccomaya Kids Phú Mỹ Hưng - Áp dụng T7, CN và Lễ","Voucher áp dụng cho ""Vé vào cổng khu vui chơi Ccomaya Kids Phú Mỹ Hưng - Áp dụng T7, CN và Lễ"" mang đến cho các bé những giờ phút giải trí vui vẻ và ý nghĩa.
Có hơn 30 trò chơi đa dạng, được chia thành nhiều khu như khu chơi nhà bóng, khu trang điểm, khu hoa quả, lắp ghép và phòng game…
Từ những trò chơi nhẹ nhàng đến các hoạt động thể chất đều được thiết kế phù hợp với độ tuổi của bé, đảm bảo an toàn tuyệt đối cho bé.
Mỗi khu vực riêng biệt đều có nhân viên túc trực theo sát hoạt động vui chơi của các bé.
Ccomaya còn sở hữu thực đơn Âu Á chuẩn vị có hơn 50 món do các đầu bếp giàu kinh nghiệm lựa chọn và chế biến.
Ccomaya Kids tổ chức các gói tiệc sinh nhật trọn gói cho bé, rất thích hợp để phụ huynh lựa chọn tổ chức tiệc cho bé yêu nhà mình.
Đội ngũ nhân viên chu đáo, nhiệt tình, Ccomaya Kids hứa hẹn sẽ làm hài lòng mọi quý khách hàng.",200000.00,160000.00,"Khách hàng áp dụng: Các bé từ 1 tuổi đến 11 tuổi
Ngày áp dụng: Cuối tuần thứ 7, chủ nhật và ngày Lễ
Giờ áp dụng: 9h00 - 21h00
Số lượng E-Voucher áp dụng:
01 voucher/ 1 vé (Không bù thêm tiền)
01 bé đi kèm 01 người lớn bố hoặc mẹ đi cùng
Bắt buộc oder 1 món bất kì trong menu để tránh phụ thu 50k
Không giới hạn số lượng voucher/ hóa đơn
Khách đoàn liên hệ đăng ký dịch vụ trước khi đến để được phục vụ tốt nhất:
Địa chỉ: Ccomaya Kids Phú Mỹ Hưng: 101 - 103 - 105 - 107 Khu Phố Mỹ Hào, Phường Tân Phong, Quận 7, Thành phố Hồ Chí Minh
Hotline: 0903 838 713
Một khách hàng được mua nhiều E-Voucher/E-Coupon
E-Voucher/E-Coupon không có giá trị quy đổi thành tiền mặt, không trả lại tiền thừa
Không áp dụng đồng thời với chương trình khuyến mại khác.",100,2026-08-23 00:00:00+00,2026-11-21 00:00:00+00,Dang ban,Không quy đổi thành tiền mặt. Hỗ trợ hoàn tiền nếu hủy trước 24h.,//cdn.lifelink.vn/img/c280x280/Ccomaya-Kids-Cafe--4-_08052026102058.jpg?sign=SvhNX1ldp55pYcVmIyZYow,0,40000000-0000-0000-0000-000000000003
3a6bbfbb-4250-4238-8938-e6f29feb2a73,KDL Thúy Thuận Đà Lạt - Combo Vé tham quan và Buffet dành cho Trẻ em,"Voucher giảm giá, đặt dịch vụ tiện lợi cho Combo Vé tham quan và Buffet dành cho Trẻ em.
Khám phá không gian xanh mát, tiểu cảnh đẹp mắt và các công trình kiến trúc phong cách châu Âu.
Thưởng thức hơn 70 món buffet đa dạng, hấp dẫn, phù hợp khẩu vị trẻ em.
Tham gia nhiều hoạt động vui chơi như khu vui chơi trẻ em, câu cá, cắm trại.
Vị trí gần Thác Vọng, đèo Tà Nung, thuận tiện kết hợp tham quan các điểm đến khác.
Không khí trong lành của cao nguyên, lý tưởng cho cả gia đình nghỉ dưỡng.
Đặt nhanh chóng, thanh toán dễ dàng qua LifeLink với ưu đãi đặc biệt.",165000.00,145000.00,"Khách hàng áp dụng: Khách hàng từ 90cm - 130cm
Bao gồm:
MIỄN PHÍ
đi kèm bao gồm các dịch vụ:
Xe điện đưa đón 2 chiều,
Trò chơi trải nghiệm đạp xe trên mặt hồ
Bắn cung
Bắn nỏ
Đạp thuyền SUP
Phi tiêu
Xích đu bay
Bumper Boats
Thông tin đặt tour: Voucher ưu đãi chỉ hiệu lực sử dụng khi Quý khách Đăng ký Ngày tham quan qua Hotline LifeLink: 1900 2065
Phụ thu: Đối với các ngày Lễ - Tết, bù Lễ (theo quy định Nhà Nước), Khu du lịch Thuý Thuận Đà Lạt xin phép phụ thu 20.000 vnđ đối với các loại vé có kèm ăn sáng và  buffet, phụ thu 20% đối với set ăn theo menu.
Điều kiện hoãn/huỷ tour: Voucher không hoàn hủy
Hướng dẫn các bước sử dụng voucher:
Bước 1: Quý khách mua vé tham quan ưu đãi
Bước 2: Quý khách cần liên hệ LifeLink trước ít nhất 24h để đặt lịch và đổi Voucher sang vé vào cổng cho ngày tham quan
Bước 3: LifeLink xuất Vé QR vào zalo/ sms cho Quý khách (Ngày khởi hành, Địa điểm, quy định chung...)
Bước 4: Quý khách sử dụng dịch vụ
Điều kiện khác:
Áp dụng 01 e-Voucher/e-Coupon cho 01 khách
Một khách hàng được mua nhiều e-Voucher/e-Coupon
e-Voucher/e-Coupon không có giá trị quy đổi thành tiền mặt, không trả lại tiền thừa
Không áp dụng đồng thời với chương trình khuyến mại khác.",100,2026-08-23 00:00:00+00,2026-11-21 00:00:00+00,Dang ban,Không quy đổi thành tiền mặt. Hỗ trợ hoàn tiền nếu hủy trước 24h.,//cdn.lifelink.vn/img/c280x280/3_11052026153723.jpg?sign=Tm9uZ82RDVN5V_Sz-3ddmQ,0,40000000-0000-0000-0000-000000000003
3b29d9b4-3960-40e6-9626-deb21d9ee7b7,Kid's Box Vincom Royal Island Hải Phòng - Vé vào cổng khu vui chơi bao gồm Lễ Tết,"Đưa bé đến không gian vui chơi hiện đại, sắc màu, đầy cảm hứng tại Kid's Box Vincom Royal Island Hải Phòng.
Thích hợp cho các gia đình có con nhỏ, nhóm bạn, cho bé trải nghiệm vui chơi chủ động mỗi ngày.
Không gian rộng rãi, an toàn với thiết kế thân thiện, nhiều góc check-in cho bố mẹ lưu giữ khoảnh khắc đáng nhớ của con.
Kid's Box nổi bật giữa lòng thành phố trẻ trung, mang đến lựa chọn giải trí lý tưởng cho các ngày cuối tuần, lễ Tết hoặc dịp sinh nhật bé.
Vé vào cổng linh hoạt, dễ dàng sử dụng, vừa tiết kiệm thời gian vừa bảo đảm trải nghiệm trọn vẹn cho các bé.
Nhiều hoạt động vận động phù hợp từng độ tuổi, giúp bé phát triển thể chất lẫn trí tuệ trong môi trường an toàn.
Đặt vé qua LifeLink để nhận thêm ưu đãi hấp dẫn và tiện ích xác nhận điện tử nhanh chóng, an toàn mỗi lần vui chơi.
Hãy chọn Kid's Box Vincom Royal Island Hải Phòng cùng LifeLink để tận hưởng ngày vui bùng nổ cho cả gia đình!",120000.00,96000.00,"Voucher áp dụng cho Vé vào cổng dành cho 1 bé và 1 người lớn tại Kid's Box Vincom Royal Island Hải Phòng bao gồm Lễ Tết
Voucher không bao gồm vớ/tất.
Khu vui chơi quy định luôn sử dụng vớ/tất, Quý khách vui lòng chuẩn bị vớ/tất trước khi vào khu vui chơi hoặc mua vớ/tất tại quầy.
Nhằm đảm bảo vệ sinh, khu vui chơi yêu cầu luôn mang tất trong suốt thời gian vui chơi.
Lưu ý: Luôn giữ vòng tay cẩn thận để được ra vào nhiều lần trong ngày nhé
Khách hàng áp dụng: Trẻ em từ 1 tuổi đến dưới 12 tuổi, 01 vé áp dụng cho 01 trẻ + 01 người lớn
Ngày áp dụng: Tất cả các ngày trong tuần, bao gồm Lễ Tết
Giờ áp dụng: 09:00 - 21:00
Số lượng E-Voucher áp dụng: 01 voucher/ 01 bé kèm 01 phụ huynh
Phụ thu (nếu có) 1 bé kèm 1 phụ huynh nếu phát sinh thêm các phụ huynh khác thì phụ thu 20.000đ/Phụ huynh
Thông tin liên hệ đặt dịch vụ
Hotline hỗ trợ: 1900 2065
Địa chỉ: Lô L3-16, tầng L3, Tòa nhà Vincom Mega Mall Royal Island thuộc lô CCĐT-01, Khu B1, Khu vui chơi giải trí, nhà ở và công viên sinh thái đảo Vũ Yên, Phường Thủy Nguyên, TP. Hải Phòng
Điều kiện khác
E-Voucher/E-Coupon không có giá trị quy đổi thành tiền mặt, không trả lại tiền thừa.
Không áp dụng đồng thời với chương trình khuyến mại khác",100,2026-08-23 00:00:00+00,2026-11-21 00:00:00+00,Dang ban,Không quy đổi thành tiền mặt. Hỗ trợ hoàn tiền nếu hủy trước 24h.,//cdn.lifelink.vn/img/c280x280/ADD-Kidzooona-2_07072026090658.jpg?sign=iZhpYcVAdS5bVfcpVvHDVg,1,40000000-0000-0000-0000-000000000003
3b319693-63d7-4396-ae19-73e362d61120,Hệ thống Thẩm mỹ viện Ngọc Dung - E-Coupon Trải nghiệm điều trị sẹo rỗ Laser Fractional CO2,"Liệu trình giúp làm đầy sẹo rỗ, cải thiện kết cấu và màu sắc da, trả lại làn da mịn màng tự nhiên.
Chuỗi chăm sóc gồm giải phóng chân sẹo, kích thích tăng sinh collagen, mài mòn bờ sẹo và phục hồi da nhẹ nhàng.
Ứng dụng công nghệ laser fractional chuyên sâu, lựa chọn từ các đơn vị uy tín, đảm bảo hiệu quả và an toàn cho da.
Không gian hiện đại, trang thiết bị đạt chuẩn kỹ thuật, mang tới trải nghiệm thư giãn và riêng tư cho khách hàng.
Đội ngũ chuyên gia nhiều năm kinh nghiệm trong lĩnh vực thẩm mỹ, am hiểu các giải pháp chăm sóc và phục hồi da tối ưu.
Chuyên viên có bằng cấp chính quy, chứng chỉ hành nghề, luôn cẩn trọng trong từng khâu thực hiện liệu trình.
Đặt lịch dễ dàng trên Dealtoday, nhận ưu đãi lớn, đảm bảo an tâm với nền tảng uy tín kèm nhiều tiện ích hấp dẫn.
Nhanh tay săn deal để trải nghiệm dịch vụ chất lượng và tiết kiệm chi phí chăm sóc làn da ngay hôm nay tại Ngọc Dung.",350000.00,9000.00,"E-Coupon Trải nghiệm điều trị sẹo rỗ Laser Fractional CO2 tại Hệ thống Thẩm mỹ viện Ngọc Dung
Khách hàng áp dụng:
Nữ trên 22 tuổi, quốc tịch Việt Nam.
Chỉ áp dụng cho khách hàng lần đầu tiên sử dụng dịch vụ tại Hệ thống Thẩm mỹ viện Ngọc Dung.
Không áp dụng cho phụ nữ đang mang thai hoặc trên 25 tuổi.
Số lượng sử dụng:
01 voucher/khách/lần sử dụng.
Mỗi khách hàng được mua tối đa 2 E-Voucher/E-Coupon trong tất cả các dịch vụ ưu đãi tại LifeLink.
Mỗi chương trình khuyến mãi chỉ dùng được 1 mã ưu đãi/khách trong suốt thời gian diễn ra chương trình.
Phạm vi sử dụng:
Áp dụng từ Thứ hai đến Chủ nhật (trừ các ngày Lễ, Tết, bù Lễ theo lịch nghỉ nhà nước).
Giờ phục vụ: 9h00 - 19h00.
Thời hạn sử dụng sau khi kích hoạt: 15 ngày.
Lưu ý:
Quý khách phải kích hoạt mã ưu đãi ít nhất 60 phút trước khi đến để được phục vụ tốt nhất:
Tại đây
Vui lòng đặt lịch qua hotline hoặc đăng ký trước ít nhất 24 tiếng để đảm bảo được phục vụ tốt nhất.
Hệ thống không nhận khách hàng đến trực tiếp nếu chưa đăng ký đặt chỗ trước.
Thông tin liên hệ:
Hotline hỗ trợ: *3232 hoặc 1800 6377.
Zalo hỗ trợ: 0902 641 922.
Điều kiện khác:
Không có giá trị quy đổi thành tiền mặt, không hoàn lại tiền thừa.
Không áp dụng đồng thời với các chương trình khuyến mãi khác.
E-Voucher/E-Coupon không có giá trị quy đổi thành tiền mặt, không trả lại tiền thừa.",100,2026-08-23 00:00:00+00,2026-11-21 00:00:00+00,Dang ban,Không quy đổi thành tiền mặt. Hỗ trợ hoàn tiền nếu hủy trước 24h.,//cdn.lifelink.vn/img/c280x280/ADD-tri-seo-ro_27052026114318.jpg?sign=pF864ZeFzTvuDHw-Wfvdvg,0,40000000-0000-0000-0000-000000000002
3b503f69-23a5-4269-85d5-883d3e9f2f77,KDL Thúy Thuận Đà Lạt - Vé tham quan dành cho Người lớn,"Voucher giảm giá, đặt dịch vụ tiện lợi cho vé tham quan KDL Thúy Thuận Đà Lạt dành cho người lớn.
Khám phá không gian xanh mát, tiểu cảnh đẹp và kiến trúc ấn tượng.
Nhiều góc check-in “sống ảo” như cối xay gió, cầu gỗ, xích đu, hồ cá koi, vườn hoa…
Trải nghiệm các trò chơi hấp dẫn: cưỡi ngựa, xe đạp trên không, trượt cỏ, đu dây…
Không gian rộng rãi, thoáng đãng, phù hợp nghỉ dưỡng và thư giãn.
Vị trí gần Thác Vọng, đèo Tà Nung, tiện kết hợp lịch trình du lịch.
Đặt nhanh chóng trên LifeLink, nhận ưu đãi ngay.",120000.00,84000.00,"Khách hàng áp dụng: Khách hàng từ 1m30 trở lên
Bao gồm MIỄN PHÍ đi kèm:
Xe điện đưa đón 2 chiều
Trò chơi trải nghiệm đạp xe trên mặt hồ
Bắn cung
Bắn nỏ
Đạp thuyền SUP
Phi tiêu
Xích đu bay
Bumper Boats
Thông tin đặt tour: Voucher ưu đãi chỉ hiệu lực sử dụng khi Quý khách Đăng ký Ngày tham quan qua Hotline LifeLink: 1900 2065
Phụ thu: Đối với các ngày Lễ - Tết, bù Lễ (theo quy định Nhà Nước), Khu du lịch Thuý Thuận Đà Lạt xin phép phụ thu 20.000 vnđ đối với các loại vé có kèm ăn sáng và  buffet, phụ thu 20% đối với set ăn theo menu.
Điều kiện hoãn/huỷ: Voucher không hoàn hủy
Hướng dẫn các bước sử dụng voucher:
Bước 1: Quý khách mua vé tham quan ưu đãi
Bước 2: Quý khách cần liên hệ LifeLink trước ít nhất 24h để đặt lịch và đổi Voucher sang vé vào cổng cho ngày tham quan.
Bước 3: LifeLink xuất Vé QR vào zalo/ sms cho Quý khách (Ngày khởi hành, Địa điểm, quy định chung...)
Bước 4: Quý khách sử dụng dịch vụ
Điều kiện khác:
Áp dụng 01 e-Voucher/e-Coupon cho 01 khách
Một khách hàng được mua nhiều e-Voucher/e-Coupon
e-Voucher/e-Coupon không có giá trị quy đổi thành tiền mặt, không trả lại tiền thừa
Không áp dụng đồng thời với chương trình khuyến mại khác.",100,2026-08-23 00:00:00+00,2026-11-21 00:00:00+00,Dang ban,Không quy đổi thành tiền mặt. Hỗ trợ hoàn tiền nếu hủy trước 24h.,//cdn.lifelink.vn/img/c280x280/1_11052026153735.jpg?sign=P2ApmAGwK3DTWCrioYfV0Q,0,40000000-0000-0000-0000-000000000003
3be64879-c4f7-4d23-8524-fa70a0ba515f,bTaskee - Ứng dụng tiện ích gia đình - Voucher giảm 50% tối đa 50.000 VND nhóm dịch vụ bCleaning,"Món quà tinh tế, dành cho người thân yêu chăm sóc không gian sống tiện nghi, sạch sẽ mọi lúc.
Voucher bTaskee linh hoạt, sử dụng cho các dịch vụ vệ sinh đa dạng trong hệ thống ứng dụng.
Nhận mã voucher nhanh chóng, bảo quản dễ dàng, không lo thất lạc, thuận tiện cho cả người gửi lẫn người nhận.
Giá trị ưu đãi giảm 50% tối đa 50.000 VND, tiết kiệm chi phí cho mỗi lần sử dụng dịch vụ vệ sinh gia đình.
Dễ dàng lựa chọn một trong các dịch vụ: Vệ sinh tổng, vệ sinh máy lạnh, sofa nệm rèm hoặc máy giặt theo nhu cầu thực tế.
Chỉ cần thao tác qua ứng dụng bTaskee, thẻ đáp ứng ngay cả các nhu cầu vệ sinh đột xuất trong gia đình.
Là giải pháp quà tặng phù hợp cho các dịp tân gia, sinh nhật, cảm ơn đối tác, đồng nghiệp quan tâm đến môi trường sống sạch.
Sở hữu mã ưu đãi bTaskee giúp trải nghiệm chất lượng dịch vụ tiên phong về công nghệ, tối ưu hóa cuộc sống hiện đại.",50000.00,9000.00,"Ưu đãi giảm 50% tối đa 50.000 VND áp dụng cho nhóm dịch vụ bCleaning gồm 1 trong các dịch vụ:
Tổng Vệ sinh, Vệ sinh máy lạnh, Vệ sinh Sofa Nệm Rèm, Vệ sinh máy giặt trên bTaskee.
Ngày áp dụng
: Tất các các ngày
Giờ áp dụng
: 06:00 - 20:00
Điều kiện và Điều khoản áp dụng Ưu Đãi
Ưu đãi áp dụng cho khách hàng của LifeLink
Áp dụng cho 1 trong các dịch vụ sau: Tổng Vệ sinh, Vệ sinh máy lạnh, Vệ sinh Sofa Nệm Rèm, Vệ sinh máy giặt trên bTaskee
Áp dụng cho tất cả khách hàng
Mỗi voucher chỉ áp dụng một lần duy nhất
Voucher không được hoàn lại và không có giá trị quy đổi thành tiền mặt
Mỗi khách hàng chỉ sử dụng ưu đãi 1 lần
Không áp dụng đồng thời cùng các chương trình ưu đãi khác
Hướng dẫn đặt dịch vụ
Bước 1: Tải và truy cập ứng dụng bTaskee.
Bước 2: Lựa chọn dịch vụ mà bạn muốn sử dụng.
Bước 3: Điền thông tin và yêu cầu công việc.
Bước 4: Nhập mã khuyến mãi của bạn tại bước ""Xác nhận và thanh toán"" trước khi đăng việc.
Khu vực áp dụng
Áp dụng tại tất cả thành phố bTaskee hoạt đông: TP. Hồ Chí Minh (bao gồm cả các khu vực trước sáp nhập thuộc Bình Dương, Bà Rịa - Vũng Tàu), Hà Nội, Đà Nẵng, Hải Phòng, Lâm Đồng, Khánh Hòa, Đồng Nai, Cần Thơ, Nghệ An, Thanh Hóa, Quy Nhơn
Phụ thu thêm
Khách hàng vui lòng thanh toán thêm giá trị chênh lệch theo xác nhận tại App của bTaskee.
Thông tin liên hệ hỗ trợ
: 1900 636 736",100,2026-08-23 00:00:00+00,2026-11-21 00:00:00+00,Dang ban,Không quy đổi thành tiền mặt. Hỗ trợ hoàn tiền nếu hủy trước 24h.,//cdn.lifelink.vn/img/c280x280/ADD-bTaskee_27052026090638.jpg?sign=40od9hV7RZFoZkgJVr5DjA,3,40000000-0000-0000-0000-000000000005
3c057003-0440-4df5-888b-bb173c1fed4c,Lẩu gà lá é,,299000.00,199000.00,Áp dụng cho mọi hoá đơn . Vui lòng xuất trình mã trước khi sử dụng.,200,2026-08-26 16:00:00+00,2026-09-25 16:00:00+00,Dang ban,Không quy đổi thành tiền mặt. Hỗ trợ hoàn tiền nếu hủy trước 24h.,https://encrypted-tbn0.gstatic.com/images?q=tbn:ANd9GcRMIIotRrOYXkW4V8UE2jnRPxgxCNnWwiFx5eI759ay-Q&s=10,0,40000000-0000-0000-0000-000000000001
3d98d135-33f5-4657-971b-f1b3923900a0,Tour City Sightseeing 4 tiếng tham quan Hà Nội vé người lớn bao gồm Lễ Tết,"Voucher áp dụng cho ""Tour City Sightseeing tham quan thành phố Hà Nội 4 tiếng - Vé người lớn"".
Khi sử dụng voucher, du khách sẽ được qua 12 điểm thăm quan nổi tiếng của Hà Nội: Vườn hoa Con Cóc - Bưu điện Hà Nội - Cột cờ Hà Nội - Hoàng thành Thăng Long - Đền Quán Thánh - Chùa Trấn Quốc - Lăng Chủ tịch Hồ Chí Minh - Văn Miếu Quốc Tử Giám - Nhà tù Hoả Lò - Nhà thờ Lớn - Bảo tàng Phụ nữ Việt Nam - Nhà hát Lớn Hà Nội.
Được thành lập vào tháng 01/2018, Công ty Cổ Phần Ngắm Cảnh Việt Nam –VietNam (VietNam Sightseeing JSC) là một trong những nhà điều hành xe tham quan hai tầng đầu tiên tại Việt Nam.
Tháng 11/2018, công ty đã khai trương dịch vụ xe tham quan hai tầng mang tên gọi “Thăng Long – Hà Nội city tour” với 13 điểm dừng là các điểm tham quan nổi tiếng ở Hà Nội.
Đến tháng 06/2019 tuyến tham quan du lịch thành phố” Hạ Long city tour “Với 09 điểm dừng được ra mắt tại thành phố Hạ Long, tỉnh Quảng Ninh.
Năm 2020, công ty đã ký kết thành công với Thương hiệu toàn cầu City Sightseeing – tập đoàn hàng đầu thế giới về vận hành loại hình xe ngắm cảnh hai tầng thoáng nóc trên thế giới đã xuất hiện tại 6 châu lục, hơn 100 thành phố du lịch nổi tiếng tại 35 quốc gia trên thế giới; và triển khai xe tham quan hai tầng tại Hà Nội với thương hiệu quốc tế City Sightseeing Hanoi.",299000.00,282000.00,"Khách hàng áp dụng
: Người lớn từ 12 tuổi trở lên
Thời gian hoạt động:
Các ngày trong tuần: Thứ 2 - Chủ Nhật
Thời gian: 9h15 - 17h15
Tần suất: 30’/ 1 chuyến
Thời gian: 4 tiếng/ lộ trình
Lộ trình khởi hành
1. Địa điểm khởi hành: Nhà Hát Lớn
2. Vườn hoa Con Cóc
3. Bưu Điện Hà Nội (trong tuần)
4. Phố Cổ Hà Nội (quầy thông tin Du lịch ở Hồ Gươm) (trong tuần)
5. Nhà Thờ Lớn
6. Cột Cờ Hà Nội
7. Hoàng thành Thăng Long
8. Đền Quán Thánh
9. Chùa Trấn Quốc
10. Lăng Chủ tịch Hồ Chí Minh
11. Văn Miếu - Quốc Tử Giám
12. Nhà tù Hoả Lò
13. Nhà thờ Lớn
14. Bảo tàng Phụ nữ
15. Nhà Hát Lớn
Phương tiện di chuyển
: Có 2 loại xe đang vận hành tại Hà Nội (xe chạy theo khung giờ đã được xếp)
Xe Thoáng Nóc: 5 xe
Tầng 1: 12 ghế + 2 chỗ đứng và xe lăn
Tầng 2: 42 ghế
Xe Có Mái: 1 xe
Tầng 1: 12 ghế mềm + 4 chỗ đứng và xe lăn
Tầng 2: 40 ghế (20 bên ngoài, 20 bên trong)
Địa điểm đón khách
: Địa điểm có thể đổi vé và lên xe bus 02 tầng
Điểm cố định và chính (từ thứ 2 đến Chủ Nhật)
Quầy kiosk màu đỏ với logo City Sightseeing: vườn hoa 19/8 (đối diện với khách sạn Hilton đường Lê Thánh Tông)
Quầy Thông tin Du Lịch: Đối diện 13 Đinh Tiên Hoàng – Hồ Hoàn Kiếm – Hà Nội
Quầy di động: Trước Nhà Hát Múa Rối Nước Thăng Long – số 57B Đinh Tiên Hoàn
Dịch vụ không bao gồm
Phí vào cửa
Thức ăn và đồ uống khác
Đón và trả khách sạn
Tiền tips (không bắt buộc)
Dịch vụ tiện ích bao gồm
Khách lên xe được phát 01 tai nghe (sử dụng cho máy thuyết minh tự động), 01 tờ bản đồ lộ trình.
Khách được mượn nón khi ngồi trên xe bus 02 tầng.
Khách được phát áo mưa khi trời mưa.
Ngôn ngữ thuyết minh qua audio (10 ngôn ngữ): Tiếng Việt, Anh, Pháp, Trung, Hàn, Nhật, Tây Ban Nha, Đức, Nga, Thái Lan.
Lưu ý
Vé có giá trị lên xuống trong vòng 4 tiếng kể từ lần đầu tiên khách lên trên xe.
Trẻ em từ 6- 11 tuổi sẽ tính vé theo bảng giá vé.
Trẻ em dưới 6 tuổi sẽ miễn phí, ngồi trên lòng người lớn. 1 người lớn sẽ kèm theo 1 bé dưới 6 tuổi.
Khách hàng phải làm thủ tục check in hoặc đổi vé điện tử/voucher tại bến xe trước khi sử dụng vé.
Xe đón được ở 2 điểm quầy ở Hồ Gươm từ thứ 2 đến 19h00 tối thứ 6 hàng tuần, sau 19.00 thứ 6 đến 21.00 tối Chủ nhật do phố đi bộ xe sẽ không đón ở đây, khách sẽ lên ở điểm Nhà Hát Lớn.
Hotline đặt tour & tư vấn
: 19002065
Điều kiện hoãn/huỷ tour
: Voucher không hoàn hủy
Điều kiện khác
Áp dụng 01 E-Voucher/E-Coupon cho 01 khách
Một khách hàng được mua nhiều E-Voucher/E-Coupon
E-Voucher/E-Coupon không có giá trị quy đổi thành tiền mặt, không trả lại tiền thừa.
Không áp dụng đồng thời với chương trình khuyến mại khác",100,2026-08-23 00:00:00+00,2026-11-21 00:00:00+00,Dang ban,Không quy đổi thành tiền mặt. Hỗ trợ hoàn tiền nếu hủy trước 24h.,//cdn.lifelink.vn/img/c280x280/ADD-City-Sightseeing-6_15062026112603.jpg?sign=oOuiS1yRdip5tYp1VLen8A,0,40000000-0000-0000-0000-000000000003
3da94790-34d5-4856-85e4-946f489928c8,Aurora Halong Cruises - Tour đón bình minh trên vịnh Hạ Long,"Du thuyền Aurora Halong Cruises 5 sao, hành trình đón bình minh trên Vịnh Hạ Long.
Trải nghiệm riêng tư, sang trọng, rộng rãi, thoải mái cho mọi du khách.
Thưởng thức ẩm thực Á - Âu thượng hạng, buffet và set menu tinh tế.
Jacuzzi bốn mùa trên boong, thư giãn với tầm nhìn toàn cảnh Vịnh.
Nhà hàng view vịnh sức chứa 120 khách, hệ thống âm thanh - ánh sáng hiện đại.
Lịch trình tham quan hấp dẫn: Động Thiên Cung, Hòn Lư Hương, Hòn Con Vịt, Hòn Trống Mái.
Dịch vụ nhân viên chuẩn 5 sao, chuyên nghiệp và tận tâm.",950000.00,850000.00,"Ngày áp dụng
: Thứ 2 - chủ nhật
Thời gian áp dụng theo lịch trình:
07h00 -11h00
Số lượng E-Voucher áp dụng
: 01 E-voucher/ 1 người
Dịch vụ bao gồm:
Lịch trình 4 tiếng trên tàu thăm quan Vịnh + bữa Brunch)
Du thuyền sang trọng, tiêu chuẩn 5 sao
Điều hòa suốt hành trình trên du thuyền
01 Bữa trưa Buffet Âu - Á thượng hạng trên du thuyền
01 Bữa Brunch/ 01 bữa tối đối với chương trình tour sáng/ tối
Đồ uống chào mừng. khăn lạnh trên du thuyền
Tour tham quan 4 tiếng: Tham quan hang Sửng Sốt; Tắm biển, leo núi tại Đảo Titop;
Chèo thuyền Kayak hoặc ngồi thuyền nan tham quan hang Luồn. Tiệc hoàng hôn:
Nước ép trái cây, trái cây và bánh ngọt.
Bể sục Jacuzzi
Khăn tắm phục vụ miễn phí
Phí tham quan và vé thắng cảnh theo chương trình
Bảo hiểm theo vé tham quan
Chụp ảnh bằng flycam hoặc máy cơ
Dịch vụ không bao gồm:
Đồ uống order tại quầy bar, tiền Tip và chi phí cá nhân khác
Xe limousine hiện đại hai chiều cao tốc từ Phố Cổ Hà Nội - Tuần Châu - Hà Nội: 17 - 22 ghế (phụ thu 400.000 Vnđ/ 2 chiều, Xe shuttle bus 30 ghế: 300.000 vnd/ khách/ 2 chiều)
Nước khoáng trên xe Limousine: 2 chai/2 chiều/khách
Thuế VAT 8% và phụ phí
Thanh toán bằng thẻ trên tàu: 4-5% phí ngân hàng
Phụ thu:
Trẻ từ 1 đến 4 tuổi: Miễn phí cho 1 trẻ đi cùng đoàn 20 người lớn; trẻ thứ 2 phụ thu 200.000 vnđ. Nếu trẻ cao trên 1,2m, phụ huynh tự chi trả phát sinh vé tham quan nếu có.
Trẻ từ 5 đến 8 tuổi: Tính 75% giá người lớn.
Trẻ từ 9 tuổi trở lên: Tính 100% giá người lớn.
Phụ thu lễ 30/4, 1/5, 2/9: 100.000 vnđ/khách.
Thông tin liên hệ:
Hotline: 19002065
Điều kiện khác:
E-voucher không có giá trị quy đổi thành tiền mặt.
Không trả lại tiền thừa khi sử dụng dịch vụ.
Không áp dụng đồng thời với chương trình khuyến mại khác.
Không hoàn/hủy booking sau khi xác nhận.",100,2026-08-23 00:00:00+00,2026-11-21 00:00:00+00,Dang ban,Không quy đổi thành tiền mặt. Hỗ trợ hoàn tiền nếu hủy trước 24h.,//cdn.lifelink.vn/img/c280x280/1_27052026115347.jpg?sign=HtSwInTcSNqP17pCCYhpeQ,0,40000000-0000-0000-0000-000000000004
3e224b91-3752-412f-9015-ec1ac3a38feb,Show thực cảnh Anh Hùng Cờ Lau - Hoa Lư Ninh Bình - Hạng CL250 Xanh nhạt - Trẻ em,"Đắm chìm trong show thực cảnh tái hiện lịch sử Đinh Bộ Lĩnh ngay tại trung tâm Ninh Bình.
Bước vào không gian nghệ thuật thực cảnh hấp dẫn, kết hợp xiếc, võ, múa và âm nhạc truyền thống Bắc Bộ.
Thích hợp cho gia đình, nhóm bạn, các cặp đôi và khách trẻ yêu lịch sử, văn hoá Việt.
Chủ đề độc đáo, lan tỏa niềm tự hào dân tộc, phù hợp trải nghiệm check-in và tìm hiểu giá trị di sản.
Show diễn chắt lọc tinh hoa nghệ thuật đa loại hình, mang đến cảm xúc chân thực khó quên.
Sản phẩm du lịch đêm đặc sắc, nâng tầm khám phá Ninh Bình về đêm.
Đặt vé dễ dàng trên LifeLink, nhận ưu đãi và xác nhận nhanh chóng.
Trải nghiệm văn hoá ấn tượng, đặt vé ngay để không bỏ lỡ hành trình trở về với lịch sử Việt.",150000.00,90000.00,"Khách hàng áp dụng: TE (trẻ em)
1m - 1.3m (thường từ 4-8 tuổi)
Dưới 1m miễn phí vé khi ngồi cùng bố mẹ.
Ngày áp dụng:
Tháng 7: 9, 10, 11, 16, 17, 18, 23, 24, 25, 26, 30, 31
Tháng 8: 01, 6, 7, 8, 9, 13, 14, 15, 20, 21, 22, 23, 27, 28, 29, 30
Giờ áp dụng: 20h45 - 21h45
Lưu ý:
Khách hàng vui lòng liên hệ check thông tin trước khi thanh toán, đơn hàng được xử lý booking lấy vé QR code gửi cho khách hàng sau khi thanh toán, nếu không liên hệ lấy vé sẽ không sử dụng được dịch vụ.
Vé đã mua không hoàn hủy
Số lượng E-Voucher áp dụng: 01 E-Voucher/ 1 người
Khách hàng liên hệ đăng ký dịch vụ trước khi đến để được phục vụ tốt nhất
Điện thoại: 19002065
Địa chỉ: Thủy Đình, Phố Cổ Hoa Lư, Ninh Bình
Điều kiện khác
E-Voucher/E-Coupon không có giá trị quy đổi thành tiền mặt, không trả lại tiền thừa.
Không áp dụng đồng thời với chương trình khuyến mại khác",100,2026-08-23 00:00:00+00,2026-11-21 00:00:00+00,Dang ban,Không quy đổi thành tiền mặt. Hỗ trợ hoàn tiền nếu hủy trước 24h.,//cdn.lifelink.vn/img/c280x280/ADD-Anh-hung-co-lau-07_09072026144104.jpg?sign=noAiIqv6_KQgWw7N81SIPg,0,40000000-0000-0000-0000-000000000003
3f29f216-848f-4ddc-a134-4ad3a9689d57,Evoucher - Hộp quà trung thu Đoàn Viên 2026 phiên bản nam châm cao cấp - Combo 3 bánh,"Evoucher - Hộp quà Trung Thu ""Đoàn Viên"" 2026 phiên bản nam châm cao cấp - Combo 3 bánh là lựa chọn quà tặng doanh nghiệp sang trọng và ý nghĩa.
Hộp quà được thiết kế nam châm cao cấp, ép kim vàng 9999 với họa tiết Trung Thu tinh xảo.
Bao gồm 3 hương vị bánh Trung Thu cao cấp, kết hợp giữa truyền thống và hiện đại.
Đi kèm túi giấy Ivory, thiệp Trung Thu và bộ dao nĩa tiện lợi.
Phù hợp dành tặng đối tác, khách hàng, nhân viên và người thân trong dịp Tết Trung Thu.
Evoucher giúp doanh nghiệp đặt mua nhanh chóng, thuận tiện và tiết kiệm thời gian trên LifeLink.",430000.00,365000.00,"Khách hàng áp dụng: Tất cả khách hàng
Ngày áp dụng: Thứ 2 - Thứ 6
Giờ áp dụng: 9:00 - 17:00
Số lượng E-Voucher áp dụng: Sử dụng 01 voucher/01 hộp quà. Không giới hạn số lượng voucher/ hóa đơn.
Thông tin cách mua hàng HƯỚNG DẪN ĐỔI VOUCHER
Bước 1. Khách hàng nhận voucher liên hệ GIVISTA để đổi hộp quà Trung Thu 2026
Hotline/Zalo: 0969117926
Facebook:
Tại đây
Bước 2. Cung cấp mã voucher để đổi hộp quà
Bước 3. Khách hàng thanh toán phí vận chuyển trực tiếp cho đơn vị vận chuyển
Lưu ý: Không hỗ trợ khách hàng đổi quà trực tiếp tại cửa hàng
Điều kiện khác
Một khách hàng được mua nhiều E-Voucher/E-Coupon
E-Voucher/E-Coupon không có giá trị quy đổi thành tiền mặt, không trả lại tiền thừa.
Không áp dụng đồng thời với chương trình khuyến mại khác
Voucher chưa bao gồm phí vận chuyển Hộp quà tặng đến khách hàng.",100,2026-08-23 00:00:00+00,2026-11-21 00:00:00+00,Dang ban,Không quy đổi thành tiền mặt. Hỗ trợ hoàn tiền nếu hủy trước 24h.,//cdn.lifelink.vn/img/c280x280/ADD-Evoucher-Hop-qua-Trung-Thu-Doan-Vien-combo-3banh_06082026145746.jpg?sign=zdGgs8IKQzYJX9N3y3Jy5w,0,40000000-0000-0000-0000-000000000001
3ff1ae81-24e5-40b7-b62c-ab0ad2ab4480,Evoucher Hộp quà Trung Thu Đồng Lạc I 2026 phiên bản Popup 3D cao cấp - Combo 4 bánh và trà,"Thiết kế hộp vali Popup 3D cao cấp, ép kim vàng 9999, kích thước 38 x 26 x 8,5 cm.
Khách hàng được lựa chọn 1 trong 2 combo bánh với các hương vị phong phú.
Combo gồm 4 bánh Trung Thu 150g, mang đến sự đa dạng trong trải nghiệm thưởng thức.
Kèm 1 hộp trà lài thượng hạng, bộ dao nĩa, thiệp Trung Thu và túi giấy Ivory sang trọng.
Họa tiết lấy cảm hứng từ không khí đêm hội trăng rằm, giàu màu sắc văn hóa truyền thống.
Phù hợp làm quà tri ân khách hàng, đối tác, nhân viên và quà tặng doanh nghiệp dịp Trung Thu 2026.",699000.00,590000.00,"Khách hàng áp dụng: Tất cả khách hàng
Ngày áp dụng: Thứ 2 - Thứ 6
Giờ áp dụng: 9:00 - 17:00
Số lượng E-Voucher áp dụng: Sử dụng 01 voucher/01 hộp quà. Không giới hạn số lượng voucher/ hóa đơn.
Thông tin cách mua hàng HƯỚNG DẪN ĐỔI VOUCHER
Bước 1. Khách hàng nhận voucher liên hệ GIVISTA để đổi hộp quà Trung Thu 2026
Hotline/Zalo: 0969117926
Facebook:
Tại đây
Bước 2. Cung cấp mã voucher để đổi hộp quà
Bước 3. Khách hàng thanh toán phí vận chuyển trực tiếp cho đơn vị vận chuyển
Lưu ý: Không hỗ trợ khách hàng đổi quà trực tiếp tại cửa hàng
Điều kiện khác
Một khách hàng được mua nhiều E-Voucher/E-Coupon
E-Voucher/E-Coupon không có giá trị quy đổi thành tiền mặt, không trả lại tiền thừa.
Không áp dụng đồng thời với chương trình khuyến mại khác
Voucher chưa bao gồm phí vận chuyển Hộp quà tặng đến khách hàng.",100,2026-08-23 00:00:00+00,2026-11-21 00:00:00+00,Dang ban,Không quy đổi thành tiền mặt. Hỗ trợ hoàn tiền nếu hủy trước 24h.,//cdn.lifelink.vn/img/c280x280/ADD-Trung-thu-Dong-Lac-I-4banh_11082026151346.jpg?sign=daNqvy-H-X5LAnGNU2EvKg,0,40000000-0000-0000-0000-000000000001
40f11d24-994d-44be-822f-d0e013b3b1bd,Evoucher Hộp quà trung thu Cửu Hạc Diên Niên 2026 phiên bản Vali Popup 3D cao cấp - Combo 4 bánh và trà,"Hộp quà cao cấp với thiết kế vali Popup 3D ép kim vàng 9999 độc đáo.
Gồm 4 bánh trung thu thượng hạng và trà lài thượng hạng.
Khách hàng được lựa chọn 1 trong 2 combo bánh phù hợp với nhu cầu.
Đi kèm túi giấy Ivory, thiệp Trung Thu và bộ dao nĩa sang trọng.
Hình tượng Cửu Hạc mang ý nghĩa trường thọ, thịnh vượng và phát triển bền vững.
Hộp quà có thể tái sử dụng làm vật trang trí hoặc lưu trữ sau mùa Trung Thu.",699000.00,590000.00,"Khách hàng áp dụng: Tất cả khách hàng
Ngày áp dụng: Thứ 2 - Thứ 6
Giờ áp dụng: 9:00 - 17:00
Số lượng E-Voucher áp dụng: Sử dụng 01 voucher/01 hộp quà. Không giới hạn số lượng voucher/ hóa đơn.
Thông tin cách mua hàng HƯỚNG DẪN ĐỔI VOUCHER
Bước 1. Khách hàng nhận voucher liên hệ GIVISTA để đổi hộp quà Trung Thu 2026
Hotline/Zalo: 0969117926
Facebook:
Tại đây
Bước 2. Cung cấp mã voucher để đổi hộp quà
Bước 3. Khách hàng thanh toán phí vận chuyển trực tiếp cho đơn vị vận chuyển
Lưu ý: Không hỗ trợ khách hàng đổi quà trực tiếp tại cửa hàng
Điều kiện khác
Một khách hàng được mua nhiều E-Voucher/E-Coupon
E-Voucher/E-Coupon không có giá trị quy đổi thành tiền mặt, không trả lại tiền thừa.
Không áp dụng đồng thời với chương trình khuyến mại khác
Voucher chưa bao gồm phí vận chuyển Hộp quà tặng đến khách hàng.",100,2026-08-23 00:00:00+00,2026-11-21 00:00:00+00,Dang ban,Không quy đổi thành tiền mặt. Hỗ trợ hoàn tiền nếu hủy trước 24h.,//cdn.lifelink.vn/img/c280x280/ADD-Cuu-Hac-Dien-Nien-4banh_11082026140820.jpg?sign=yPS3yxhfNBC_VXg_wSXF0A,0,40000000-0000-0000-0000-000000000001
40f35d41-a55b-4026-a06e-2e0e92f17feb,B-Zone Vivo - Vé vui chơi trẻ em,"Vé trẻ em đi kèm 1 người lớn, phù hợp cho gia đình có con nhỏ từ dưới 15 tuổi.
Khu vui chơi đa dạng với vườn thú mini và tổ hợp nhiều khu vực phát triển sự sáng tạo cho bé.
Trẻ em được dịp giao lưu với các loài vật như lạc đà, thỏ trắng, huơu, gà rutin, dông cát…
Khu vực nhà cát rộng lớn, khu đất nặn, lego, tàu hỏa tròn giúp bé vận động và rèn trí tưởng tượng.
Không gian an toàn, sạch sẽ và được phụ huynh giám sát để đảm bảo trải nghiệm trọn vẹn cho bé.
Trọn gói combo cho bé và người lớn, tiết kiệm tối ưu cho cả gia đình khi đến tham quan và vui chơi.
Đặt vé nhanh chóng, tiện lợi qua LifeLink – không lo xếp hàng, ưu đãi hấp dẫn.",150000.00,140000.00,"Thông báo nghỉ Tết: Từ 14/2 đến 19/2
Khách hàng áp dụng: 1 trẻ em và 1 người lớn
Người lớn: Từ 15 tuổi trở lên
Trẻ em: Dưới 15 tuổi hoặc dưới 1m45
Ngày áp dụng: Tất cả các ngày trong tuần, bao gồm Lễ Tết
Giờ áp dụng:
Thứ 2 - Thứ 6: 10h00 - 22h00
Thứ 7 - Chủ nhật: 9h30 - 22h00
Lưu ý:
Mỗi vé trẻ em đều được kèm theo 1 người lớn, người lớn vào cùng hay không giá vẫn không đổi
Trẻ em phải có phụ huynh đi kèm và giám sát khi tham quan vườn thú.
Không mang theo đồ ăn ngoài vào vườn thú, đọc kỹ nội quy trước khi tham quan.
Tất cả khách phải đeo găng tay bảo hộ được cung cấp trước khi vào khu trải nghiệm
Lưu ý giữ vòng tay cẩn thận để được ra vào nhiều lần trong ngày.
Khách hàng liên hệ đăng ký dịch vụ trước khi đến để được phục vụ tốt nhất:
Hotline: 19002065 hoặc 0934661016
Điện thoại liên hệ: 0387881956
Điều kiện khác:
e-Voucher/e-Coupon không có giá trị quy đổi thành tiền mặt, không trả lại tiền thừa.
Không áp dụng đồng thời với chương trình khuyến mại khác",100,2026-08-23 00:00:00+00,2026-11-21 00:00:00+00,Dang ban,Không quy đổi thành tiền mặt. Hỗ trợ hoàn tiền nếu hủy trước 24h.,//cdn.lifelink.vn/img/c280x280/B-Zone-Vivo_11052026161451.jpg?sign=SzhwnWZaUagYXnllJFoRRg,0,40000000-0000-0000-0000-000000000003
413fa44a-fd6d-4077-bac4-d6df32f603ca,kidzooona AEON MALL Hải Phòng 2F - Vé vào cổng khu vui chơi bao gồm Lễ Tết,"Trải nghiệm không gian vui chơi hiện đại, an toàn tại kidzooona AEON MALL Hải Phòng 2F cho bé thỏa sức khám phá và sáng tạo.
Phù hợp cho gia đình có con nhỏ, nhóm bạn nhỏ tuổi, cặp đôi bố mẹ và bé cùng vui chơi, gắn kết yêu thương.
Thiết kế tươi sáng, khu vực rộng rãi, sạch sẽ với nhiều điểm check-in hấp dẫn ngay trong lòng AEON MALL Hải Phòng.
Luôn chú trọng yếu tố an toàn, vệ sinh; môi trường thân thiện, nhân sự tận tâm và chu đáo đồng hành cùng bé trong mọi hoạt động.
Không gian linh hoạt giúp trẻ phát triển khả năng vận động, khám phá thế giới xung quanh và khơi dậy trí sáng tạo.
Điểm đến lý tưởng cho cả gia đình vào dịp cuối tuần, ngày lễ hoặc bất kỳ ngày nào bé muốn vui chơi, đổi gió.
Khách hàng đặt vé qua LifeLink sẽ được sở hữu ưu đãi hấp dẫn, tiết kiệm thời gian xếp hàng, mua vé tiện lợi mọi lúc mọi nơi.
Đặt vé kidzooona AEON MALL Hải Phòng 2F trên LifeLink để không bỏ lỡ cơ hội cùng bé tận hưởng không gian vui chơi ấn tượng nhất thành phố!",150000.00,120000.00,"Voucher áp dụng cho Vé vào cổng dành cho 1 bé và 1 người lớn tại kidzooona AEON MALL Hải Phòng Tầng 2 bao gồm Lễ Tết
Voucher không bao gồm vớ/tất.
Khu vui chơi quy định luôn sử dụng vớ/tất, Quý khách vui lòng chuẩn bị vớ/tất trước khi vào khu vui chơi hoặc mua vớ/tất tại quầy.
Nhằm đảm bảo vệ sinh, khu vui chơi yêu cầu luôn mang tất trong suốt thời gian vui chơi.
Lưu ý: Luôn giữ vòng tay cẩn thận để được ra vào nhiều lần trong ngày nhé
Khách hàng áp dụng: Trẻ em từ 1 tuổi đến dưới 12 tuổi, 01 vé áp dụng cho 01 trẻ + 01 người lớn
Ngày áp dụng: Tất cả các ngày trong tuần, bao gồm Lễ Tết
Giờ áp dụng: 09:00 đến 21:00
Số lượng E-Voucher áp dụng: 01 voucher/ 01 bé kèm 01 phụ huynh
Phụ thu (nếu có): 1 bé kèm 1 phụ huynh nếu phát sinh thêm các phụ huynh khác thì phụ thu 20.000đ/Phụ huynh
Thông tin liên hệ đặt dịch vụ
Hotline hỗ trợ: 1900 2065
Địa chỉ: Lô T264, tầng 2, Aeon Mall Hải Phòng Lê Chân, Đ. Hồ Sen Cầu Rào 2, phường Kênh Dương, quận Lê Chân, thành phố Hải Phòng.
Điều kiện khác
E-Voucher/E-Coupon không có giá trị quy đổi thành tiền mặt, không trả lại tiền thừa.
Không áp dụng đồng thời với chương trình khuyến mại khác",100,2026-08-23 00:00:00+00,2026-11-21 00:00:00+00,Dang ban,Không quy đổi thành tiền mặt. Hỗ trợ hoàn tiền nếu hủy trước 24h.,//cdn.lifelink.vn/img/c280x280/ADD-Kidzooona-3_07072026090605.jpg?sign=T1impM_63xbzuvOFOJDPmQ,0,40000000-0000-0000-0000-000000000003
4288e641-09fc-44cd-8ec8-cfe2b8c5fa81,Sen Hàng Tre và Trần Hưng Đạo - Gói trị liệu điểm đau 60 phút phòng Vip,"Voucher áp dụng cho ""Gói trị liệu điểm đau 60 phút phòng Vip tại Sen Hàng Tre & Sen Trần Hưng Đạo"" mang lại cảm giác thư thái, hoàn hảo.
Trị liệu theo vùng đau hoặc toàn thân, chườm ngải cứu tươi hấp nóng toàn thân, đắp mặt nạ ngũ hoa.
Không gian spa thiết kế ấm cúng và sang trọng theo phong cách Indochine kết hợp với tân cổ điển, tạo nên một môi trường độc đáo và ấn tượng.
Đội ngũ kỹ thuật viên dày dạn kinh nghiệm, được đào tạo bài bản và kiểm tra nghiêm ngặt theo chuẩn y học cổ truyền.
Cơ sở vật chất hiện đại và đa dạng, với nhiều loại phòng chuyên biệt như phòng đơn, phòng đôi, phòng ba, phòng tập thể và phòng VIP Deluxe, mang đến sự thoải mái tối đa cho khách hàng.
Spa áp dụng phương pháp chăm sóc sức khỏe và trị liệu theo y học cổ truyền Việt Nam, kết hợp với các sản phẩm từ thiên nhiên để đảm bảo hiệu quả tối ưu.",540000.00,460000.00,"Thời gian 01 lần dịch vụ: 60 phút
Ngày áp dụng: Thứ 2 - Chủ nhật. Không áp dụng cho các ngày Lễ, tết
Giờ áp dụng: 09h30 - 22h30
Khách hàng áp dụng: Nữ/ Nam
Số lượng E-Voucher áp dụng:
Sử dụng 1 phiếu/ 1 người/ 1 lần dịch vụ (Không bù tiền)
Tiền TIP tối thiểu từ 100.000 VND/1 người
Khách hàng vui lòng liên hệ trước khi qua spa:
72B phố Trần Hưng Đạo, phường Trần Hưng Đạo, Quận Hoàn Kiếm, Thành phố Hà Nội - 0243 637 3999 Hoặc 077 276 0863 Hoặc 077 276 0863
Số 20 Hàng Tre, Quận Hoàn Kiếm, Thành phố Hà Nội - 024 3987 9797 Hoặc 085 787 9797
E-Voucher/E-Coupon không có giá trị quy đổi thành tiền mặt, không trả lại tiền thừa
Không áp dụng đồng thời với chương trình khuyến mại khác
Giá đã bao gồm VAT.",100,2026-08-23 00:00:00+00,2026-11-21 00:00:00+00,Dang ban,Không quy đổi thành tiền mặt. Hỗ trợ hoàn tiền nếu hủy trước 24h.,//cdn.lifelink.vn/img/c280x280/Sen-Hang-Tre-Tran-Hung-Dao_19052026170624.jpg?sign=4aiHSd9twshEHwDgR9v1Dg,0,40000000-0000-0000-0000-000000000002
42b27704-a237-4ed8-8c6d-58f8f822dfd7,B-Zone Vivo - Vé vui chơi dành cho gia đình,"Combo vé dành cho gia đình gồm 2 người lớn và 1 trẻ em cùng trải nghiệm tại khu vui chơi B-Zone Vivo.
Khu vui chơi có diện tích 410m2, mô phỏng sở thú thu nhỏ với nhiều loài động vật gần gũi và thân thiện.
Trẻ em được tương tác trực tiếp với lạc đà, thỏ trắng, vịt Call Duck, chim bồ câu và nhiều loài khác.
Không gian chia khu rõ ràng như vườn thú, khu nhà cát rộng lớn, vòng quay ngựa gỗ, lego, đất nặn,...
Hoạt động tương tác an toàn, trang bị găng tay bảo vệ khi vào vườn thú, có hướng dẫn và giám sát.
Ưu đãi đặc biệt khi đặt vé qua LifeLink – tiện lợi, nhanh chóng, giá tốt.",130000.00,122000.00,"Thông báo nghỉ Tết: Từ 14/2 đến 19/2
Khách hàng áp dụng: 2 người lớn và 1 trẻ em
Người lớn: Từ 15 tuổi trở lên
Trẻ em: Dưới 15 tuổi hoặc dưới 1m45
Ngày áp dụng: Tất cả các ngày trong tuần, bao gồm Lễ Tết
Giờ áp dụng:
Thứ 2 - Thứ 6: 10h00 - 22h00
Thứ 7 - Chủ nhật: 9h30 - 22h00
Lưu ý:
Trẻ em phải có phụ huynh đi kèm và giám sát khi tham quan vườn thú.
Không mang theo đồ ăn ngoài vào vườn thú, đọc kỹ nội quy trước khi tham quan.
Tất cả khách phải đeo găng tay bảo hộ được cung cấp trước khi vào khu trải nghiệm.
Lưu ý giữ vòng tay cẩn thận để được ra vào nhiều lần trong ngày.
Khách hàng liên hệ đăng ký dịch vụ trước khi đến để được phục vụ tốt nhất:
Hotline: 19002065 hoặc 0934661016
Điện thoại liên hệ: 0387881956
Điều kiện khác:
e-Voucher/e-Coupon không có giá trị quy đổi thành tiền mặt, không trả lại tiền thừa.
Không áp dụng đồng thời với chương trình khuyến mại khác",100,2026-08-23 00:00:00+00,2026-11-21 00:00:00+00,Dang ban,Không quy đổi thành tiền mặt. Hỗ trợ hoàn tiền nếu hủy trước 24h.,//cdn.lifelink.vn/img/c280x280/B-Zone-Vivo--3-_11052026161448.jpg?sign=bvVSKkQIvij3MJBN9sf7Bg,0,40000000-0000-0000-0000-000000000003
42d698f8-8044-42dc-b015-a2586896b2ce,Tour 4 tiếng City Sightseeing tham quan Hạ Long vé trẻ em bao gồm Lễ Tết,"Đi qua các địa danh mang tính biểu tượng của vùng đất của rồng, bao gồm Công viên Sun World, Cảng tàu Tuần Châu, Chợ Cái Dăm và chiêm ngưỡng khung cảnh ngoạn mục của đại dương mênh mông và núi đá vôi từ xa.
Tạo riêng lịch trình của bạn, đi những điểm bạn muốn khám phá vì xe sẽ đưa bạn vào hành trình khám phá thành phố biển Hạ Long luôn biến đổi và phát triển.
Tham quan bảo tàng Quảng Ninh tuyệt đẹp nơi bạn sẽ tìm thấy các triển lãm về lịch sử, văn hóa và thiên nhiên Việt Nam trong không gian đương đại.
Đi một vòng quanh thành phố trong chuyến đi 60 phút hoặc quay lại xe buýt tại bất kỳ điểm dừng nào với vé xe bus 2 tầng City Sightseeing Hạ Long.",235000.00,222000.00,"Khách hàng áp dụng
: Trẻ em từ 6 - 11 tuổi
Thời gian hoạt động
: Thứ 2- Chủ nhật
Thời gian
: 8h00 - 22h00
Thời gian 1 lộ trình
: 60 phút/ lộ trình
Tần suất chạy
: 60’ có 1 chuyến
Lộ trình khởi hành
1. Công viên Sun World
2. Chợ Hạ Long
3. Khách sạn sapphie
4. Vincom hạ long
5. Bảo tàng Quảng Ninh
6. Cung quy hoạch - hội trợ triển lãm tỉnh Quảng Ninh
7. Bãi biển cột 8
8.Công viên hoa
9. Công viên Sun World
Phương tiện di chuyển
: Loại xe đang vận hành tại Hạ Long
Xe Thoáng Nóc: (2 xe)
Tầng 1 : 12 ghế + 2 chỗ đứng và xe lăn
Tầng 2 : 42 ghế
Địa điểm đón khách:
Quầy kiosk màu đỏ với logo City Sightseeing: Cổng công viên Sunworld Hạ Long
Dịch vụ không bao gồm
Phí vào cửa
Thức ăn và đồ uống khác
Đón và trả khách sạn
Tiền tips (không bắt buộc)
Dịch vụ tiện ích bao gồm
Khách lên xe được phát 01 tai nghe (sử dụng cho máy thuyết minh tự động), 01 tờ bản đồ lộ trình
Khách được mượn nón khi nắng.
Ngôn ngữ thuyết minh qua audio 6 ngôn ngữ):Tiếng Việt, Anh, Pháp, Trung, Hàn, Nhật
Lưu ý
:
Vé có giá trị lên xuống trong vòng 4 tiếng kể từ lần đầu tiên khách lên trên xe.
Trẻ em từ 1m2 - 1m4 sẽ tính vé theo bảng giá vé.
Trẻ em dưới 1m2 sẽ miễn phí, ngồi trên lòng người lớn. 1 người lớn sẽ kèm theo 1 bé dưới 6 tuổi.
Khách hàng phải làm thủ tục check in hoặc đổi vé điện tử/voucher tại bến xe trước khi sử dụng vé.
Hotline đặt tour & tư vấn
: 19002065
Điều kiện hoãn/huỷ tour
: Voucher không hoàn hủy
Điều kiện khác
Áp dụng 01 E-Voucher/E-Coupon cho 01 khách
Một khách hàng được mua nhiều E-Voucher/E-Coupon
E-Voucher/E-Coupon không có giá trị quy đổi thành tiền mặt, không trả lại tiền thừa.
Không áp dụng đồng thời với chương trình khuyến mại khác",100,2026-08-23 00:00:00+00,2026-11-21 00:00:00+00,Dang ban,Không quy đổi thành tiền mặt. Hỗ trợ hoàn tiền nếu hủy trước 24h.,//cdn.lifelink.vn/img/c280x280/ADD-City-Sightseeing-3_15062026112442.jpg?sign=nizQBUpP3nyzbj7TznHLtA,0,40000000-0000-0000-0000-000000000003
43278c13-6018-46cd-9b7b-e9494e7a7ee9,Phòng chờ thương gia The Champ Lounge tại Ga Quốc nội - Sân bay Quốc tế Cam Ranh - Vé người lớn,"Phòng chờ thương gia The Champ Lounge tại Ga Quốc nội - Sân bay Quốc tế Cam Ranh mang đến trải nghiệm thú vị, thư giãn trong không gian riêng tư, yên tĩnh, tách biệt khỏi sự náo nhiệt của sân bay trước mỗi hành trình.
Thiết kế của The Champ Lounge xuất phát từ ý tưởng mang đến cho hành khách không gian phòng chờ tại sân bay vừa đạt các tiêu chuẩn dịch vụ cao cấp vừa mang nét văn hóa độc đáo của địa phương.
Điểm nhấn của The Champ Lounge chính là những nét văn hóa Chăm - văn hóa bản địa cổ xưa ở khu vực Nha Trang, Khánh Hòa – được thể hiện rõ nét từ tên gọi của phòng chờ cho đến trang phục của nhân viên, ẩm thực phục vụ khách hàng,….
Không gian sang trọng và đẳng cấp, khéo léo để tôn trọng tính riêng tư cho người sử dụng mà vẫn thuận lợi kết nối với kiến trúc tổng thể.
Với diện tích rộng rãi The Champ Lounge có khả năng phục vụ tối đa trên 60 khách cùng lúc. Toàn bộ bàn ghế, quầy Lễ tân, khu vực buffet-line đều được trang bị, xây dựng hoàn toàn mới hứa hẹn đem đến trải nghiệm thoải mái, hài lòng nhất cho khách hàng.
Đội ngũ nhân viên phục vụ chu đáo, nhiệt tình, phòng chờ thương gia The Champ Lounge sẽ mang đến cho quý khách hàng sự tin tường và hài lòng nhất.",450000.00,405000.00,"Áp dụng cho Phòng chờ hạng thương gia The Champ Lounge tại Nhà ga quốc nội - Sân bay quốc tế Cam Ranh - Vé Người lớn
Địa điểm cung cấp dịch vụ: Phòng chờ hạng Thương gia The Champ Lounge - nhà ga T1, Cảng hàng không Quốc tế Cam Ranh
Vị trí: Gần cửa ra số 6, Nhà ga quốc nội, Cảng HKQT Cam Ranh
Thời gian phục vụ tiêu chuẩn đối với mỗi lượt hành khách là 180 (một trăm tám mươi) phút trước giờ khởi hành của mỗi chuyến bay
Khách hàng được sử dụng mọi dịch vụ tại phòng chờ theo quy định của phòng chờ.
Mã ưu đãi được xuất ra sẽ không được đổi trả dưới mọi hình thức.
Mã ưu đãi chỉ có giá trị sử dụng một lần. Không chấp nhận Mã ưu đãi quá hạn sử dụng hoặc trạng thái “Đã sử dụng”.
Vui lòng xuất trình Mã ưu đãi cho nhân viên tại quầy trước khi thanh toán để được áp dụng Mã ưu đãi.
Mã ưu đãi sẽ không được hoàn lại tiền thừa và không có giá trị quy đổi thành tiền mặt. Khách hàng có thể được yêu cầu trả thêm tiền nếu sử dụng quá giá trị của Mã ưu đãi.
Khách hàng sẽ thanh toán trực tiếp cho phòng chờ nếu sử dụng quá thời gian của Mã ưu đãi theo giá hiện hành tại mỗi phòng chờ.
Khách hàng áp dụng: Khách hàng từ 13 tuổi trở lên
Ngày áp dụng: Tất cả các ngày
Giờ áp dụng: Mở cửa 4:30 sáng đến chuyến bay cuối
Số lượng E-Voucher áp dụng:
01 voucher/ 1 khách
Áp dụng nhiều voucher trên 1 hóa đơn
Phụ thu:
Chính sách phụ thu người đi kèm:
Trẻ em từ dưới 5 tuổi: Miễn phí 1 trẻ em đi cùng.
Trẻ em dưới 5 tuổi kể từ trẻ thứ 2 tính theo đơn giá trẻ em từ 5 - 12 tuổi.
Trẻ em trên 12 tuổi được tính như quy định đối với người lớn.
Người đi kèm khác tính phí theo giá niêm yết tại Phòng chờ
Khách hàng phải xuất trình passport hoặc boarding pass cho nhân viên tại phòng khách
Chính sách sử dụng thêm giờ:
Từ 1 đến 3 giờ phục vụ thêm (từ lúc hết giờ phục vụ được quy định), tính thêm 50% mức giá.
Từ 3 đến 6 giờ phục vụ thêm (từ lúc hết giờ phục vụ được quy định), thu thêm 100% mức giá.
Các trường hợp Khách đi kèm và sử dụng thêm giờ, Hành khách tự thanh toán trực tiếp tại quầy lễ tân Phòng khách theo giá công bố tại Phòng khách.
Hướng dẫn sử dụng dịch vụ:
Bước 1: Khách hàng Xuất trình xuất trình mã ưu đãi/ mã QR trên ứng dụng LifeLink /hoặc email/ hoặc Zalo cùng Thẻ lên tàu bay (nếu có) tại quầy lễ tân Phòng khách.
Bước 2: Nhân viên Phòng khách xác thực mã QR trên hệ thống
Trường hợp 1: Xác thực không thành công: Nhân viên Lễ tân Phòng khách từ chối phục vụ khách đồng thời Nhờ khách hàng liên hệ lại Hotline LifeLink 1900 2065 để được hỗ trợ nhanh chóng.
Trường hợp 2: Xác thực thành công: Nhân viên Lễ tân Phòng khách hoàn tất trên hệ thống.
Bước 3: Nhân viên Lễ tân Phòng khách mời Hành khách sử dụng Dịch vụ Phòng chờ Thương gia
Thông tin liên hệ:
Điện thoại: 1900 2065
Địa chỉ: Phòng chờ The Champ Lounge - Nhà ga quốc nội, Cảng HKQT Cam Ranh
Giá đã bao gồm VAT, khách lấy hóa đơn vui lòng liên hệ LifeLink
Điều kiện khác
Một khách hàng được mua nhiều E-Voucher/E-Coupon
E-Voucher/E-Coupon không có giá trị quy đổi thành tiền mặt, không trả lại tiền thừa.
Không áp dụng đồng thời với chương trình khuyến mại khác",100,2026-08-23 00:00:00+00,2026-11-21 00:00:00+00,Dang ban,Không quy đổi thành tiền mặt. Hỗ trợ hoàn tiền nếu hủy trước 24h.,//cdn.lifelink.vn/img/c280x280/the-champ-lounge_13052026112143.jpg?sign=f3355DouEEZWGXgYgLed8w,0,40000000-0000-0000-0000-000000000004
4337d0c8-9267-4b1f-b259-2efb4e22321e,KidZania Lotte Mall Tây Hồ - Vé vào cổng dành cho Phụ Huynh hoặc Trẻ tập đi,"Vé vào cổng KidZania áp dụng cho người lớn (trên 16 tuổi) hoặc trẻ tập đi (1-3 tuổi).
Trẻ tập đi được khám phá khu vực riêng “Neighborhood” và tham quan công viên.
Vé trẻ tập đi chỉ bán kèm, không bán lẻ.
Trẻ sơ sinh dưới 75cm được vào cửa miễn phí.
Không áp dụng cho hoạt động trải nghiệm ngành nghề.
Đặt dịch vụ tiện lợi và nhanh chóng tại LifeLink với voucher giảm giá.",50000.00,50000.00,"Tổng thời gian gói dịch vụ: 01 lần
Ngày áp dụng: Thứ 2 - Chủ nhật (áp dụng cả lễ Tết)
Giờ áp dụng: 09h00 - 20h00
Khách hàng áp dụng:
Vé Người lớn áp dụng cho người lớn hơn 16 tuổi hoặc bé tập đi từ 2-3 tuổi
Trẻ tập đi: Vé bán kèm, không bán riêng, từ 1-3 tuổi, chỉ được trải nghiệm trong khu vực dành riêng cho trẻ tập đi “Neighborhood” và tham quan công viên, không được vào các cơ sở trải nghiệm
Trẻ sơ sinh (Dưới 75cm): Vào cửa miễn phí, nhưng không thể tham gia các hoạt động trải nghiệm
Số lượng e-Voucher áp dụng:
Một khách hàng được mua nhiều voucher
Sử dụng 01 voucher/ 01 khách hàng / 01 lần
Không giới hạn số voucher trên 01 hoá đơn
Điểm áp dụng: Khu trải nghiệm KidZania Hà Nội - Tầng 5, Trung tâm thương mại Lotte Mall Hà Nội, số 272 đường Võ Chí Công, phường Tây Hồ, thành phố Hà Nội
Điều kiện khác:
e-Voucher/e-Coupon không có giá trị quy đổi thành tiền mặt, không trả lại tiền thừa
Không áp dụng đồng thời với chương trình khuyến mại khác
Giá chưa bao gồm VAT, Khách hàng muốn lấy hóa đơn vui lòng liên hệ NCC
Lưu ý sử dụng:
Mỗi giao dịch cần ít nhất 01 vé trẻ em và 01 vé tham quan
Mỗi 01 vé trẻ em đi kèm tối đa 03 vé tham quan
Trẻ sơ sinh (Dưới 75cm): Vào cửa miễn phí, nhưng không thể tham gia các hoạt động trải nghiệm nghề nghiệp.
Trẻ dưới 10 tuổi hoặc dưới 120cm cần người giám hộ (18 tuổi trở lên) có vé người lớn đi cùng.
Trẻ từ 10 tuổi (hoặc cao từ 120cm trở lên) có thể tự do trải nghiệm nhưng cần xác nhận từ người giám hộ tại cửa Airport và hoàn thành xác nhận trước khi rời khỏi KidZania).
Người lớn được phép tạm thời rời khỏi công viên khi có tối thiểu 1 người giám hộ ở lại cùng trẻ.
Trẻ em không thể xuất cảnh tạm thời.
Các khu ăn uống và KidZania Shop chấp nhận hình thức thanh toán tiền mặt, thẻ, chuyển khoản (không nhận thanh toán bằng kidZos).
Vui lòng không mang đồ ăn uống (trừ sữa công thức và thuốc kê đơn) từ bên ngoài vào để đảm bảo môi trường vui chơi an toàn và thoải mái cho trẻ.",100,2026-08-23 00:00:00+00,2026-11-21 00:00:00+00,Dang ban,Không quy đổi thành tiền mặt. Hỗ trợ hoàn tiền nếu hủy trước 24h.,//cdn.lifelink.vn/img/c280x280/KidZania-Ha-Noi-1_15062026110519.jpg?sign=gdftMZWckZZKVjDc9tuNdQ,0,40000000-0000-0000-0000-000000000003
4369b1c9-68b7-4702-9300-5b6337a8494b,Voucher Shake Chicken tại Lotteria,"Voucher Shake Chicken tại Lotteria bao gồm 01 phần Gà Lắc thơm ngon.
Gà Lắc sở hữu lớp vỏ giòn rụm, kết hợp cùng lớp bột gia vị đậm đà, hấp dẫn.
Món ăn phù hợp cho bữa xế, bữa ăn nhẹ hoặc dùng kèm với các món khác tại Lotteria.
Voucher chính hãng, sử dụng thuận tiện tại hệ thống Lotteria trên toàn quốc.
Đặt mua nhanh chóng trên LifeLink với quy trình đơn giản và tiện lợi.
Lựa chọn lý tưởng cho những ai yêu thích món gà giòn đậm vị với chi phí tiết kiệm.",43000.00,40000.00,"Voucher không áp dụng hình thức đổi trả/ hủy/ hoàn tiền.
Được sử dụng tối đa 5 voucher/ ngày/ hóa đơn.
Không áp dụng đổi hàng cho đơn hàng số lượng lớn (theo quy định của Lotteria).
Mỗi voucher chỉ được sử dụng 01 lần.
Chỉ áp dụng cho một số sản phẩm nhất định.
Trong trường hợp sản phẩm được chỉ định không có sẵn, khách hàng có thể lựa chọn các sản phẩm có cùng giá t.rị.
Không đổi được ra tiền mặt một phần hoặc toàn bộ.
Không hoàn trả hoặc bán lại được.
Nếu giá tiền đơn đặt hàng của khách hàng vượt quá giá trị của voucher thì khách hàng phải thanh toán thêm số tiền chênh lệch đó.
Voucher không áp dụng cho các chương trình khuyến mãi khác.
Khách hàng có trách nhiệm bảo mật thông tin mã thẻ quà tặng sau khi đặt mua. LifeLink sẽ không chịu trách nhiệm hoàn trả các mã thẻ bị mất hoặc ở trạng thái ""đã sử dụng"" với bất kỳ lý do gì.
LifeLink sẽ không chịu trách nhiệm đối với chất lượng của sản phẩm được cung cấp cũng như đối với các tranh chấp về sau giữa khách hàng và nhà cung cấp.
LifeLink có quyền sửa chữa hoặc thay đổi điều khoản và điều kiện sử dụng mà không thông báo trước.
Hotline LifeLink: 1900 2065",100,2026-08-23 00:00:00+00,2026-11-21 00:00:00+00,Dang ban,Không quy đổi thành tiền mặt. Hỗ trợ hoàn tiền nếu hủy trước 24h.,//cdn.lifelink.vn/img/c280x280/Shake-Chicken_27072026134648.jpg?sign=CTEV1oSNNwSy83_1oj_kvw,0,40000000-0000-0000-0000-000000000001
44db75b0-e84b-491f-855a-807d5b09701d,kidzooona AEON MALL Long Biên - Vé vào cổng khu vui chơi bao gồm Lễ Tết,"Thỏa sức khám phá không gian vui chơi sống động, an toàn tại Kid's Box LOTTE MART Vinh.
Lý tưởng cho gia đình có trẻ nhỏ, nhóm bạn, các em thiếu nhi thỏa đam mê vận động, sáng tạo.
Khu vui chơi thiết kế hiện đại, mang đến trải nghiệm giải trí đa dạng, phù hợp nhiều lứa tuổi.
Địa điểm check-in lý tưởng, giúp các bé lưu giữ những khoảnh khắc tuổi thơ hồn nhiên, rực rỡ.
Môi trường sạch sẽ, thân thiện, chuyên nghiệp với đội ngũ nhân viên hỗ trợ tận tình, chu đáo.
Giá vé ưu đãi đặc biệt chỉ khi đặt qua LifeLink, giúp bố mẹ tiết kiệm chi phí vui chơi cho con.
Đem lại cảm giác an tâm về an ninh, tuyệt đối an toàn để trẻ thỏa sức khám phá, vận động.
Đặt vé trực tuyến qua LifeLink nhanh chóng, linh hoạt – săn deal giá tốt cho ngày trải nghiệm tuyệt vời!",190000.00,152000.00,"Voucher áp dụng cho Vé vào cổng dành cho 1 bé và 1 người lớn tại kidzooona AEON MALL Long Biên bao gồm Lễ Tết
Voucher không bao gồm vớ/tất.
Khu vui chơi quy định luôn sử dụng vớ/tất, Quý khách vui lòng chuẩn bị vớ/tất trước khi vào khu vui chơi hoặc mua vớ/tất tại quầy.
Nhằm đảm bảo vệ sinh, khu vui chơi yêu cầu luôn mang tất trong suốt thời gian vui chơi.
Lưu ý: Luôn giữ vòng tay cẩn thận để được ra vào nhiều lần trong ngày nhé
Khách hàng áp dụng: Trẻ em từ 1 tuổi đến dưới 12 tuổi, 01 vé áp dụng cho 01 trẻ + 01 người lớn
Ngày áp dụng: Tất cả các ngày trong tuần, bao gồm Lễ Tết
Giờ áp dụng: 09:00 đến 21:00
Số lượng E-Voucher áp dụng: 01 voucher/ 01 bé kèm 01 phụ huynh
Phụ thu (nếu có) 1 bé kèm 1 phụ huynh nếu phát sinh thêm các phụ huynh khác thì phụ thu 20.000đ/Phụ huynh
Thông tin liên hệ đặt dịch vụ
Hotline hỗ trợ: 1900 2065
Địa chỉ: Lô T334-1, tầng 3, Aeon Mall Long Biên, Số 27 đường Cổ Linh, Phường Long Biên, Thành phố Hà Nội.
Điều kiện khác
E-Voucher/E-Coupon không có giá trị quy đổi thành tiền mặt, không trả lại tiền thừa.
Không áp dụng đồng thời với chương trình khuyến mại khác",100,2026-08-23 00:00:00+00,2026-11-21 00:00:00+00,Dang ban,Không quy đổi thành tiền mặt. Hỗ trợ hoàn tiền nếu hủy trước 24h.,//cdn.lifelink.vn/img/c280x280/ADD-Kidzooona-7_06072026163043.jpg?sign=Rx5hKRvQQyz0jnQDCylKwA,0,40000000-0000-0000-0000-000000000003
45a404d7-57c6-4385-bc7f-2e756b944d7f,B-Zone Ocean - Vé vui chơi dành cho gia đình,"Combo vé gia đình siêu tiết kiệm dành cho 2 người lớn và 1 trẻ em vui chơi tại B-Zone.
Thiết kế như một sở thú thu nhỏ với diện tích 498m2, đa dạng các loài động vật.
Trải nghiệm thực tế, giúp trẻ em giao lưu với thỏ trắng, hà mã mini, gà rutin, chim bồ câu…
Phát triển kỹ năng vận động và sáng tạo tại khu lego và đất nặn, nhà cát, tàu hỏa tròn…
Không gian sạch sẽ, an toàn, có nhân viên hỗ trợ và hướng dẫn xuyên suốt hành trình.
Phù hợp cho gia đình có trẻ nhỏ, nhóm phụ huynh tìm kiếm hoạt động cuối tuần bổ ích.
Đặt vé dễ dàng qua LifeLink – nhanh chóng, tiện lợi và giá ưu đãi cực hấp dẫn.",170000.00,160000.00,"Thông báo nghỉ Tết: Từ 16/2 đến 19/2
Khách hàng áp dụng: 2 người lớn và 1 trẻ em
Người lớn: Từ 15 tuổi trở lên
Trẻ em: Dưới 15 tuổi hoặc dưới 1m45
Ngày áp dụng: Tất cả các ngày trong tuần, bao gồm Lễ Tết
Giờ áp dụng:
Thứ 2 - Thứ 6: 10h00 - 22h00
Thứ 7 - Chủ nhật: 9h30 - 22h00
Lưu ý:
Trẻ em phải có phụ huynh đi kèm và giám sát khi tham quan vườn thú.
Không mang theo đồ ăn ngoài vào vườn thú, đọc kỹ nội quy trước khi tham quan.
Tất cả khách phải đeo găng tay bảo hộ được cung cấp trước khi vào khu trải nghiệm
Lưu ý giữ vòng tay cẩn thận để được ra vào nhiều lần trong ngày.
Khách hàng liên hệ đăng ký dịch vụ trước khi đến để được phục vụ tốt nhất:
Hotline: 19002065 hoặc 0934661016
Điện thoại liên hệ: 0387881956
Điều kiện khác:
e-Voucher/e-Coupon không có giá trị quy đổi thành tiền mặt, không trả lại tiền thừa.
Không áp dụng đồng thời với chương trình khuyến mại khác",100,2026-08-23 00:00:00+00,2026-11-21 00:00:00+00,Dang ban,Không quy đổi thành tiền mặt. Hỗ trợ hoàn tiền nếu hủy trước 24h.,//cdn.lifelink.vn/img/c280x280/B-Zone-Ocean--2-_11052026161653.jpg?sign=A8cWbuAQoNs2IHwTX8-BEg,0,40000000-0000-0000-0000-000000000003
477cbad4-f4a2-4319-81be-3ef0b3696e44,SH Premium Lounge Ha Noi 1 tại Sân bay Quốc tế Nội Bài - Vé người lớn,"Phòng chờ sang trọng, thiết kế lấy cảm hứng từ sông Hồng, cầu Long Biên, làng lụa Vạn Phúc, mang hơi thở Hà Nội xưa.
Ghế ngồi êm ái, không gian riêng tư, wifi tốc độ cao, phục vụ cả khách doanh nhân và khách du lịch.
Được trải nghiệm dịch vụ massage tự động, không gian làm việc yên tĩnh, đảm bảo sự thư giãn tối ưu trước giờ lên đường.
Thực đơn tinh tế với đặc sản Hà Nội: phở bò, bánh cuốn Thanh Trì, bún thang, các món ngày lễ Tết.
Nội thất nghệ thuật với gam màu nâu ấm, hình ảnh đàn sâm cầm nhỏ, cuộn chỉ lụa truyền thống tạo điểm nhấn độc đáo.
Kiến trúc hiện đại kết hợp nét đẹp truyền thống, không gian yên tĩnh giữa sân bay nhộn nhịp.
Hỗ trợ mọi nhu cầu đa dạng, phù hợp với khách cao cấp, công tác hay gia đình du lịch Hà Nội.
Đặt phòng chờ SH Premium Lounge Ha Noi 1 qua LifeLink dễ dàng, giữ chỗ nhanh chóng, ưu đãi hấp dẫn cho trải nghiệm thăng hoa.",450000.00,427500.00,"Voucher bao gồm:
Mã ưu đãi 1 lượt sử dụng dịch vụ phòng chờ SH Premium Lounge Ha Noi 1 tại Sân bay Quốc tế Nội Bài - Vé người lớn
Thời gian sử dụng tại Phòng khách là tối đa 03 giờ trước giờ khởi hành ban đầu
Địa điểm áp dụng: Tầng 3, Khu cách ly Quốc nội, Cảng HKQT Nội Bài (Gần cửa ra tàu bay số 4 và 9)
Vị trí: Ga đi Quốc nội - Sân Bay Nội Bài - Hà Nội
Khách hàng được sử dụng mọi dịch vụ tại phòng chờ theo quy định của phòng chờ.
Mã ưu đãi chỉ có giá trị sử dụng một lần. Không chấp nhận Voucher ưu đãi quá hạn sử dụng hoặc trạng thái “Đã sử dụng”.
Vui lòng xuất trình mã ưu đãi cho nhân viên tại quầy để được áp dụng ưu đãi.
Khách hàng có thể được yêu cầu trả thêm tiền nếu sử dụng quá giá trị của Mã ưu đãi.
Lưu ý:
Khách hàng sẽ thanh toán trực tiếp tại quầy lễ tân theo bảng giá công bố cho khách lẻ tại mỗi phòng chờ khi:
Khách hàng sử dụng quá thời gian quy định của phòng chờ.
Khách hàng có phát sinh các dịch vụ khác thêm tại phòng chờ
Khách hàng có trẻ em đi kèm mà chưa đăng ký dịch vụ trước qua LifeLink 1900 2065. Thời gian thông báo tối thiểu với LifeLink trước 1 ngày sử dụng dịch vụ LifeLink hoàn toàn không chịu trách nhiệm khi có các phát sinh thêm bên trên.""
Khách hàng áp dụng: Khách trên 12 tuổi
Ngày áp dụng: Tất cả các ngày trong tuần, bao gồm Lễ Tết
Giờ áp dụng: 06:00 - 02:00 (ngày hôm sau) 04:30 - 23:00
Số lượng E-Voucher áp dụng:
01 voucher/khách/1 lượt sử dụng
Áp dụng nhiều voucher trên 1 hóa đơn
Dịch vụ bao gồm: Các dịch vụ theo tiêu chuẩn tại phòng chờ
Dịch vụ không bao gồm: Chi phí cá nhân và các chi phí phát sinh khác
Chính sách phụ thu trẻ em:
Miễn phí tối đa cho 02 trẻ em dưới 5 tuổi đi kèm cùng mỗi người lớn sử dụng dịch vụ Phòng khách.
Trẻ em dưới 5 tuổi thứ ba trở đi và Trẻ em từ 5 tuổi đến 12 tuổi mức phí bằng 50% đơn giá niêm yết/trẻ em.
Hành khách trên 12 tuổi được tính như quy định đối với người lớn.
Các trường hợp người đi kèm, nếu không được thông báo trước, dịch vụ gia tăng sẽ do Khách hàng tự thanh toán tại quầy lễ tân theo bảng giá công bố cho khách lẻ tại Phòng khách.
Chính sách phụ thu sử dụng thêm giờ:
Thời gian sử dụng tại Phòng khách là tối đa 03 giờ trước giờ khởi hành ban đầu.
Cứ mỗi 03 (ba) tiếng thêm giờ phát sinh được xác định là 01 (một) khung thêm giờ (Block). Thời gian thêm giờ phát sinh dưới 3 (ba) tiếng được tính tròn là 01 (một) Block.
Đơn giá thêm giờ là: 50% phí dịch vụ /khách/ block (thêm giờ).
Hành khách tự thanh toán chi phí thêm giờ trực tiếp tại quầy lễ tân theo giá công bố tại phòng khách.
Quy trình sử dụng dịch vụ:
Bước 1: Khách hàng Xuất trình xuất trình mã ưu đãi/ mã QR trên ứng dụng LifeLink/ hoặc email/ hoặc Zalo cùng Thẻ lên tàu bay tại quầy lễ tân Phòng khách.
Bước 2: Nhân viên Phòng khách xác thực mã QR trên hệ thống.
Trường hợp 1: Xác thực không thành công: Nhân viên Lễ tân Phòng khách từ chối phục vụ khách đồng thời Nhờ khách hàng liên hệ lại Hotline LifeLink 1900 2065 để được hỗ trợ nhanh chóng.
Trường hợp 2: Xác thực thành công: Nhân viên Lễ tân Phòng khách hoàn tất trên hệ thống.
Bước 3: Nhân viên Lễ tân Phòng khách mời Hành khách sử dụng Dịch vụ Phòng chờ Thương gia.
Điều kiện lưu ý bắt buộc:
Các trường hợp phát sinh không thông báo trước như: Có vé trẻ em đi kèm,... sẽ do Khách hàng tự thanh toán tại quầy lễ tân theo bảng giá công bố cho khách lẻ tại Phòng khách, LifeLink hoàn toàn không chịu trách nhiệm.
Thời gian thông báo tối thiểu trước 1 ngày sử dụng dịch vụ
Hotline hỗ trợ tư vấn (9h-20h): 1900 2065
Điều kiện khác:
Áp dụng 01 E-Voucher/E-Coupon cho 01 khách
Một khách hàng được mua nhiều E-Voucher/E-Coupon
E-Voucher/E-Coupon không có giá trị quy đổi thành tiền mặt, không trả lại tiền thừa.
Không áp dụng đồng thời với chương trình khuyến mại khác
Mã ưu đãi được xuất ra sẽ không được đổi trả dưới mọi hình thức.
Giá trên đã bao gồm phí phục vụ và thuế GTGT""",100,2026-08-23 00:00:00+00,2026-11-21 00:00:00+00,Dang ban,Không quy đổi thành tiền mặt. Hỗ trợ hoàn tiền nếu hủy trước 24h.,//cdn.lifelink.vn/img/c280x280/ADD-SH-Premium-Lounge-Ha-Noi-1-1_22062026101117.jpg?sign=8Qd_89lG_IIAvrzoGttraA,0,40000000-0000-0000-0000-000000000004
487c05fb-e9a5-43d3-bfc6-96e0bf9876c7,Tour City Sightseeing Ngày 4 tiếng tham quan Huế vé trẻ em nước ngoài bao gồm Lễ Tết,"Khám phá các điểm tham quan nổi tiếng của thành phố Huế trong tour xe buýt hai tầng như bến thuyền Toà Khâm, chợ Đông Ba, Phu Văn Lâu, Quốc Học Huế...
Dịch vụ xe buýt vô cùng tiện lợi khi bạn có thể tùy chọn điểm xuống.
Miễn phí sách hướng dẫn với bản đồ, lịch trình và các điểm tham quan phổ biến.
Hỗ trợ thuyết minh nhiều ngôn ngữ: Tiếng Hàn, Nga, Đức, Anh, Việt, Tây Ban Nha, Pháp, Trung, Nhật mỗi khách  lên xe được phát 01 tai nghe (sử dụng cho máy thuyết minh tự động), 01 tờ bản đồ lộ trình.",225000.00,212000.00,"Khách hàng áp dụng
: Khách nước ngoài từ 6 - 11 tuổi
T
hời gian hoạt động
:
Hàng ngày:Thứ 2 - Chủ nhật
Thời gian: 8h00 - 16h00
Thời gian 1 lộ trình: 100 - 110 phút/ lộ trình
Tần suất chạy: 1 tiếng có 1 chuyến
Lộ trình khởi hành
1. Địa điểm khởi hành: Bến Thuyền Tòa Khâm
2. Chợ Đông Ba
3. Đại Nội – Phu Văn Lâu
4. Nhà Vườn An Hiên
5. Chùa Thiên Mụ
6. Ga Huế
7. Chùa Từ Hiếu
8. Làng Hương
9. Lăng Tự Đức
10. Lăng Khải Định
11. Đàn Nam Giao
12. Trường THPT Quốc Học Huế
13. Bến Thuyền Tòa Khâm
Phương tiện di chuyển:
Loại xe đang vận hành tại Huế
Xe Thoáng Nóc: (2 xe)
Tầng 1: 12 ghế + 2 chỗ đứng và xe lăn
Tầng 2: 42 ghế
Địa điểm đón khách
: Quầy kiosk màu đỏ với logo City Sightseeing: 49 Lê Lợi - Bến Thuyền Tòa Khâm
Dịch vụ không bao gồm
Phí vào cửa
Thức ăn và đồ uống khác
Đón và trả khách sạn
Tiền tips (không bắt buộc)
Dịch vụ tiện ích bao gồm
Khách lên xe được phát 01 tai nghe (sử dụng cho máy thuyết minh tự động), 01 tờ bản đồ lộ trình.
Khách được mượn nón khi nắng.
Trên xe có nhân viên hỗ trợ và giải đáp thông tin cho khách
Ngôn ngữ thuyết minh qua audio (9 ngôn ngữ): Tiếng Hàn, Nga, Đức, Anh, Việt, Tây Ban Nha, Pháp, Trung, Nhật
Lưu ý
:
Vé có giá trị lên xuống trong vòng 4 tiếng kể từ lần đầu tiên khách lên trên xe.
Trẻ em từ 6 - 11 tuổi sẽ tính vé theo bảng giá vé.
Trẻ em dưới 6 tuổi sẽ miễn phí, ngồi trên lòng người lớn. 1 người lớn sẽ kèm theo 1 bé dưới 6 tuổi.
Khách hàng phải làm thủ tục check in hoặc đổi vé điện tử/voucher tại bến xe trước khi sử dụng vé.
Hotline đặt tour & tư vấn
: 19002065
Điều kiện hoãn/huỷ tour
: Voucher không hoàn hủy
Điều kiện khác
Áp dụng 01 E-Voucher/E-Coupon cho 01 khách
Một khách hàng được mua nhiều E-Voucher/E-Coupon
E-Voucher/E-Coupon không có giá trị quy đổi thành tiền mặt, không trả lại tiền thừa.
Không áp dụng đồng thời với chương trình khuyến mại khác",100,2026-08-23 00:00:00+00,2026-11-21 00:00:00+00,Dang ban,Không quy đổi thành tiền mặt. Hỗ trợ hoàn tiền nếu hủy trước 24h.,//cdn.lifelink.vn/img/c280x280/ADD-City-Sightseeing-2_15062026112235.jpg?sign=nKifXnEXmM8_sTYmUEhEQw,0,40000000-0000-0000-0000-000000000003
48cb106e-d3e9-4540-b0c4-c9f0309a848a,Evoucher Hộp quà trung thu Cửu Hạc Chi Phúc 2026 phiên bản 2 tầng hiệu ứng 3D cao cấp - Combo 4 bánh và trà,"Thiết kế hộp 2 tầng hiệu ứng 3D độc đáo, tạo trải nghiệm mở quà ấn tượng.
Hộp ép kim vàng 9999, kích thước 28 x 18 x 16 cm, mang diện mạo cao cấp.
Hình tượng chín cánh hạc vàng vút bay quanh vầng trăng, giàu tính biểu tượng.
Khách hàng được lựa chọn 1 trong 2 combo gồm 4 bánh Trung Thu với nhiều hương vị.
Đi kèm trà lài thượng hạng, túi giấy Ivory, thiệp Trung Thu và bộ dao nĩa.
Hộp có giá trị lưu giữ lâu dài, có thể sử dụng như vật phẩm trang trí sau mùa lễ.
Phù hợp làm quà tri ân khách hàng, đối tác và nhân viên trong dịp Trung Thu 2026.",855000.00,720000.00,"Khách hàng áp dụng: Tất cả khách hàng
Ngày áp dụng: Thứ 2 - Thứ 6
Giờ áp dụng: 9:00 - 17:00
Số lượng E-Voucher áp dụng: Sử dụng 01 voucher/01 hộp quà. Không giới hạn số lượng voucher/ hóa đơn.
Thông tin cách mua hàng HƯỚNG DẪN ĐỔI VOUCHER
Bước 1. Khách hàng nhận voucher liên hệ GIVISTA để đổi hộp quà Trung Thu 2026
Hotline/Zalo: 0969117926
Facebook:
Tại đây
Bước 2. Cung cấp mã voucher để đổi hộp quà
Bước 3. Khách hàng thanh toán phí vận chuyển trực tiếp cho đơn vị vận chuyển
Lưu ý: Không hỗ trợ khách hàng đổi quà trực tiếp tại cửa hàng
Điều kiện khác
Một khách hàng được mua nhiều E-Voucher/E-Coupon
E-Voucher/E-Coupon không có giá trị quy đổi thành tiền mặt, không trả lại tiền thừa.
Không áp dụng đồng thời với chương trình khuyến mại khác
Voucher chưa bao gồm phí vận chuyển Hộp quà tặng đến khách hàng.",100,2026-08-23 00:00:00+00,2026-11-21 00:00:00+00,Dang ban,Không quy đổi thành tiền mặt. Hỗ trợ hoàn tiền nếu hủy trước 24h.,//cdn.lifelink.vn/img/c280x280/ADD-Cuu-Hac-Chi-Phuc-4banh_11082026171157.jpg?sign=FOfej3_ZdU2iEqbZ2a8Wfw,0,40000000-0000-0000-0000-000000000001
48e36b02-e2e3-45b4-984b-59b41b2f95d0,Voucher Gà chiên truyền thống nửa con tại Chicken Plus,"Voucher Gà chiên truyền thống nửa con tại Chicken Plus mang đến khẩu phần gà chiên 650g thơm ngon, phù hợp cho 2–3 người.
Gà được chiên theo công thức truyền thống Hàn Quốc với lớp vỏ vàng giòn và thịt mềm ngọt tự nhiên.
Combo đi kèm cơm nắm, đu đủ ngâm, xà lách, sốt chua ngọt và sốt ngũ vị giúp bữa ăn thêm tròn vị.
Voucher điện tử chính hãng, dễ dàng mua và sử dụng tại Chicken Plus.
Chicken Plus nổi tiếng với công thức gà chiên độc quyền và nguyên liệu chất lượng.
LifeLink giúp bạn mua voucher nhanh chóng, an toàn và tiết kiệm chi phí.",139000.00,135000.00,"Mỗi voucher chỉ được sử dụng 01 lần có thể áp dụng được nhiều voucher cho 01 đơn hàng.
Không có giá trị quy đổi thành tiền mặt, không được hoàn trả tiền thừa.
Chỉ áp dụng cho một số sản phẩm nhất định.
Không hoàn trả hoặc bán lại được.
Nếu giá tiền đơn đặt hàng của khách hàng vượt quá giá trị của voucher thì khách hàng phải thanh toán thêm số tiền chênh lệch đó.
LifeLink không xuất hoá đơn VAT cho khách hàng.
Khách hàng có trách nhiệm bảo mật thông tin mã thẻ quà tặng sau khi đặt mua. LifeLink sẽ không chịu trách nhiệm hoàn trả các mã thẻ bị mất hoặc ở trạng thái ""Đã sử dụng"" với bất kỳ lý do gì.
LifeLink sẽ không chịu trách nhiệm đối với chất lượng sản phẩm hoặc dịch vụ được cung cấp cũng như đối với các tranh chấp về sau giữa khách hàng và nhà cung cấp.
LifeLink có quyền sửa chữa hoặc thay đổi điều khoản và điều kiện sử dụng mà không thông báo trước.
Hotline
LifeLink
: 1900 2065
Địa điểm sử dụng:
https://docs.google.com/spreadsheets/d/1ErdtQi5FCClFIjOWs27EIjhuq0tAGmsG/edit?gid=829289209#gid=829289209",100,2026-08-23 00:00:00+00,2026-11-21 00:00:00+00,Dang ban,Không quy đổi thành tiền mặt. Hỗ trợ hoàn tiền nếu hủy trước 24h.,//cdn.lifelink.vn/img/c280x280/Voucher-Ga-chien-truyen-thong-nua-con_28072026152316.jpg?sign=u7Ul1yckZ6R3b0FjZ2a-AQ,0,40000000-0000-0000-0000-000000000001
491b0bc4-19eb-46c4-9a12-5b4e3d90fb4f,Evoucher Hộp quà Trung Thu Garden Of The Moon 2026 phiên bản hộp Vali Popup 3D cao cấp - Comb 6 bánh,"Combo gồm 6 bánh Trung Thu 150g với nhiều hương vị phong phú.
Hộp Vali Popup 3D cao cấp ép kim vàng 9999, kích thước 38 x 26 x 8,5 cm.
Thiết kế gam xanh đêm sang trọng, lấy cảm hứng từ khu vườn huyền ảo dưới ánh trăng.
Hiệu ứng Popup 3D tạo trải nghiệm mở quà độc đáo và giàu tính nghệ thuật.
Đi kèm túi giấy Ivory sang trọng, thiệp Trung Thu và bộ dao nĩa.
Họa tiết chú hươu, hoa lá, mây trời và ánh trăng mang thông điệp về bình an, cân bằng và thịnh vượng.
Phù hợp làm quà tri ân khách hàng, đối tác và nhân viên trong mùa Trung Thu 2026.",989000.00,840000.00,"Khách hàng áp dụng: Tất cả khách hàng
Ngày áp dụng: Thứ 2 - Thứ 6
Giờ áp dụng: 9:00 - 17:00
Số lượng E-Voucher áp dụng: Sử dụng 01 voucher/01 hộp quà. Không giới hạn số lượng voucher/ hóa đơn.
Thông tin cách mua hàng HƯỚNG DẪN ĐỔI VOUCHER
Bước 1. Khách hàng nhận voucher liên hệ GIVISTA để đổi hộp quà Trung Thu 2026
Hotline/Zalo: 0969117926
Facebook:
Tại đây
Bước 2. Cung cấp mã voucher để đổi hộp quà
Bước 3. Khách hàng thanh toán phí vận chuyển trực tiếp cho đơn vị vận chuyển
Lưu ý: Không hỗ trợ khách hàng đổi quà trực tiếp tại cửa hàng
Điều kiện khác
Một khách hàng được mua nhiều E-Voucher/E-Coupon
E-Voucher/E-Coupon không có giá trị quy đổi thành tiền mặt, không trả lại tiền thừa.
Không áp dụng đồng thời với chương trình khuyến mại khác
Voucher chưa bao gồm phí vận chuyển Hộp quà tặng đến khách hàng.",100,2026-08-23 00:00:00+00,2026-11-21 00:00:00+00,Dang ban,Không quy đổi thành tiền mặt. Hỗ trợ hoàn tiền nếu hủy trước 24h.,//cdn.lifelink.vn/img/c280x280/ADD-Garden-Of-The-Moon-6banh_11082026163625.jpg?sign=zHr5FYv9YnJCEypqeFxhrg,0,40000000-0000-0000-0000-000000000001
4a8b9668-5290-4afa-aba7-edb5e310340f,Show thực cảnh Anh Hùng Cờ Lau - Hoa Lư Ninh Bình - Hạng CL500 màu vàng - Trẻ em,"Trải nghiệm thực cảnh đa giác quan
: Thưởng thức hòa quyện võ thuật, xiếc, âm nhạc truyền thống trong không gian Bắc Bộ xưa.
Phù hợp mọi lứa tuổi
: Lý tưởng cho gia đình, nhóm bạn, cặp đôi yêu thích lịch sử, văn hóa và du lịch trải nghiệm độc đáo.
Kể lại hành trình Đinh Bộ Lĩnh
: Theo chân nhân vật lịch sử vĩ đại từ thuở cờ lau đến khi dựng nên Đại Cồ Việt.
Không gian đậm chất Bắc Bộ
: Đắm chìm giữa cảnh vật, âm thanh sống động gợi về thời kỳ bình minh độc lập của dân tộc.
Nghệ thuật trình diễn đa dạng
: Được dàn dựng bởi các nghệ sĩ chuyên nghiệp, kết hợp múa, võ, xiếc đỉnh cao.
Điểm nhấn du lịch đêm Ninh Bình
: Trở thành sản phẩm nghệ thuật không thể bỏ lỡ trong chuyến khám phá Cố đô.
Tiện lợi khi đặt vé trực tuyến
: Đặt trước qua LifeLink để giữ chỗ đẹp, nhận ngay ưu đãi hấp dẫn, xác nhận nhanh chóng.
Đặc biệt chỉ có tại LifeLink
: Săn deal giá tốt, an tâm trải nghiệm văn hóa – giải trí chất lượng cao tại Ninh Bình.",250000.00,150000.00,"Khách hàng áp dụng: TE (trẻ em)
Từ 1m - 1.3m (thường từ 4-8 tuổi)
Dưới 1m miễn phí vé khi ngồi cùng bố mẹ.
Ngày áp dụng:
Tháng 7: 9, 10, 11, 16, 17, 18, 23, 24, 25, 26, 30, 31
Tháng 8: 01, 6, 7, 8, 9, 13, 14, 15, 20, 21, 22, 23, 27, 28, 29, 30
Giờ áp dụng: 20h45 - 21h45
Lưu ý:
Khách hàng vui lòng liên hệ check thông tin trước khi thanh toán, đơn hàng được xử lý booking lấy vé QR code gửi cho khách hàng sau khi thanh toán, nếu không liên hệ lấy vé sẽ không sử dụng được dịch vụ.
Vé đã mua không hoàn hủy
Số lượng E-Voucher áp dụng: 01 E-Voucher/ 1 người
Khách hàng liên hệ đăng ký dịch vụ trước khi đến để được phục vụ tốt nhất
Điện thoại: 19002065
Địa chỉ: Thủy Đình, Phố Cổ Hoa Lư, Ninh Bình
Điều kiện khác
E-Voucher/E-Coupon không có giá trị quy đổi thành tiền mặt, không trả lại tiền thừa.
Không áp dụng đồng thời với chương trình khuyến mại khác",100,2026-08-23 00:00:00+00,2026-11-21 00:00:00+00,Dang ban,Không quy đổi thành tiền mặt. Hỗ trợ hoàn tiền nếu hủy trước 24h.,//cdn.lifelink.vn/img/c280x280/ADD-Anh-hung-co-lau-02_09072026113411.jpg?sign=4G0I-utiVB5xeRQW6cTzIw,0,40000000-0000-0000-0000-000000000003
4ac941b3-ee44-4971-b04f-40cfac7e4455,Vé Tàu Hà Nội 5 Cửa Ô Toa Ô Chợ Dừa - The Hanoi Train,"Toa Ô Chợ Dừa thuộc đoàn tàu du lịch hai tầng siêu hiện đại lần đầu tiên xuất hiện tại Việt Nam.
Không gian văn hóa di động tái hiện trọn vẹn nét đẹp kinh thành Thăng Long xưa cổ kính.
Thiết kế cửa kính mở rộng tối đa giúp du khách dễ dàng ngắm trọn phong cảnh dọc đường.
Nội thất sang trọng, ấm cúng với sức chứa từ 44 đến 65 chỗ ngồi vô cùng thoải mái.
Tích hợp 2 toa check-in riêng biệt giúp bạn lưu lại những bức ảnh kỷ niệm triệu like.
Hành trình ẩm thực và nghệ thuật dân gian độc đáo suốt chuyến đi từ Hà Nội đến Kinh Bắc.",750000.00,750000.00,"Khách hàng áp dụng: Tất cả khách hàng từ 8 tuổi trở lên.
Ngày áp dụng
Tháng 7:
8h00: Ngày 17, 18, 19, 29, 31
13h30: Ngày 18, 19, 28
Tháng 08
8h00: Ngày 01, 02, 05, 07, 08, 09, 12, 14, 15, 16, 19, 21, 22, 23, 26, 28, 29, 30
13h30: Ngày 1, 2, 4, 6, 8, 9, 11, 13, 15, 16, 18, 20, 22, 23, 25, 27, 29, 30
Tháng 09
8h00: Ngày 01, 02, 04, 05, 06, 09, 11, 12, 13, 16, 18, 19, 20, 23, 25, 26, 27, 30
13h30: Ngày 01, 02, 05, 06, 08, 10, 12, 13, 15, 17, 19, 20, 22, 24, 26, 27, 29
Tháng 10
8h00: Ngày 02, 03, 04, 07, 09, 10, 11, 14, 16, 17, 18, 20, 21, 23, 25, 28, 30, 31
13h30: 01, 03, 04, 06, 08, 10, 11, 13, 15, 16, 17, 18, 20, 22, 24, 25, 27, 29, 31
Giờ áp dụng: 8h00 hoặc 13h30
Số lượng E-Voucher áp dụng: 01 E-voucher/ 1 khách
Lưu ý:
Trẻ em dưới 3 tuổi miễn phí vé, sử dụng chung chỗ với người lớn, mỗi người lớn được kèm tối đa 01 trẻ em dưới 3 tuổi, từ trẻ em thứ 2 trở lên phải mua vé trẻ em
Trẻ từ 3- 8 tuổi: Giảm 10% so với giá vé người lớn
Khách hàng liên hệ đăng ký dịch vụ trước khi đến để được phục vụ tốt nhất
Điện thoại: 1900 2065
Địa chỉ: Cửa 1C, sảnh Bắc - Ga Hà Nội - 120 Lê Duẩn - Văn Miếu - Hà Nội
Điều kiện khác
E-Voucher không có giá trị quy đổi thành tiền mặt, không trả lại tiền thừa.
Không áp dụng đồng thời với chương trình khuyến mại khác
Vé đã mua không hoàn/ hủy",100,2026-08-23 00:00:00+00,2026-11-21 00:00:00+00,Dang ban,Không quy đổi thành tiền mặt. Hỗ trợ hoàn tiền nếu hủy trước 24h.,//cdn.lifelink.vn/img/c280x280/ADD-5-cua-o-1_17072026120043.jpg?sign=H3u_SI-kRDW-4rXNwfCzwg,0,40000000-0000-0000-0000-000000000003
4c7e82ca-b44d-4c9d-aebf-12eaf4b6e52f,Tour City Sightseeing Ngày 4 tiếng tham quan Huế vé trẻ em Việt Nam bao gồm Lễ Tết,"Khám phá các điểm tham quan nổi tiếng của thành phố Huế trong tour xe buýt hai tầng như bến thuyền Toà Khâm, chợ Đông Ba, Phu Văn Lâu, Quốc Học Huế...
Dịch vụ xe buýt vô cùng tiện lợi khi bạn có thể tùy chọn điểm xuống.
Miễn phí sách hướng dẫn với bản đồ, lịch trình và các điểm tham quan phổ biến.
Hỗ trợ thuyết minh nhiều ngôn ngữ: Tiếng Hàn, Nga, Đức, Anh, Việt, Tây Ban Nha, Pháp, Trung, Nhật mỗi khách  lên xe được phát 01 tai nghe (sử dụng cho máy thuyết minh tự động), 01 tờ bản đồ lộ trình.",115000.00,108000.00,"Khách hàng áp dụng
: Khách Việt Nam từ 6 - 11 tuổi
Thời gian hoạt động
:
Hàng ngày:Thứ 2 - Chủ nhật
Thời gian: 8h00 - 16h00
Thời gian 1 lộ trình: 100 - 110 phút/ lộ trình
Tần suất chạy: 1 tiếng có 1 chuyến
Lộ trình khởi hành
1. Địa điểm khởi hành: Bến Thuyền Tòa Khâm
2. Chợ Đông Ba
3. Đại Nội – Phu Văn Lâu
4. Nhà Vườn An Hiên
5. Chùa Thiên Mụ
6. Ga Huế
7. Chùa Từ Hiếu
8. Làng Hương
9. Lăng Tự Đức
10. Lăng Khải Định
11. Đàn Nam Giao
12. Trường THPT Quốc Học Huế
13. Bến Thuyền Tòa Khâm
Phương tiện di chuyển
: Loại xe đang vận hành tại Huế
Xe Thoáng Nóc: (2 xe)
Tầng 1: 12 ghế + 2 chỗ đứng và xe lăn
Tầng 2: 42 ghế
Địa điểm đón khách
: Quầy kiosk màu đỏ với logo City Sightseeing: 49 Lê Lợi – Bến Thuyền Tòa Khâm
Dịch vụ không bao gồm
Phí vào cửa
Thức ăn và đồ uống khác
Đón và trả khách sạn
Tiền tips (không bắt buộc)
Dịch vụ tiện ích bao gồm
Khách lên xe được phát 01 tai nghe (sử dụng cho máy thuyết minh tự động), 01 tờ bản đồ lộ trình.
Khách được mượn nón khi nắng.
Trên xe có nhân viên hỗ trợ và giải đáp thông tin cho khách
Ngôn ngữ thuyết minh qua audio (9 ngôn ngữ): Tiếng Hàn, Nga, Đức, Anh, Việt, Tây Ban Nha, Pháp, Trung, Nhật
Lưu ý
:
Vé có giá trị lên xuống trong vòng 4 tiếng kể từ lần đầu tiên khách lên trên xe.
Trẻ em từ 6 - 11 tuổi sẽ tính vé theo bảng giá vé.
Trẻ em dưới 6 tuổi sẽ miễn phí, ngồi trên lòng người lớn. 1 người lớn sẽ kèm theo 1 bé dưới 6 tuổi.
Khách hàng phải làm thủ tục check in hoặc đổi vé điện tử/voucher tại bến xe trước khi sử dụng vé.
Hotline đặt tour & tư vấn
: 19002065
Điều kiện hoãn/huỷ tour
: Voucher không hoàn hủy
Điều kiện khác
Áp dụng 01 E-Voucher/E-Coupon cho 01 khách
Một khách hàng được mua nhiều E-Voucher/E-Coupon
E-Voucher/E-Coupon không có giá trị quy đổi thành tiền mặt, không trả lại tiền thừa.
Không áp dụng đồng thời với chương trình khuyến mại khác",100,2026-08-23 00:00:00+00,2026-11-21 00:00:00+00,Dang ban,Không quy đổi thành tiền mặt. Hỗ trợ hoàn tiền nếu hủy trước 24h.,//cdn.lifelink.vn/img/c280x280/ADD-City-Sightseeing-4_15062026112512.jpg?sign=KgfW0mFc1799-hGyoHTGaA,0,40000000-0000-0000-0000-000000000003
4ce544a7-4970-4639-8fdc-655dac506a1f,Evoucher Hộp quà Trung Thu Garden Of The Moon 2026 phiên bản Vali Popup 3D cao cấp - Combo 4 bánh và trà,"Thiết kế Vali Popup 3D cao cấp, lấy cảm hứng từ khu vườn huyền ảo dưới ánh trăng.
Hộp ép kim vàng 9999, kích thước 38 x 26 x 8,5 cm, tạo diện mạo sang trọng và nổi bật.
Khách hàng được lựa chọn 1 trong 2 combo gồm 4 bánh Trung Thu với nhiều hương vị đa dạng.
Kèm 1 trà lài thượng hạng, giúp hoàn thiện trải nghiệm thưởng bánh và thưởng trà.
Có túi giấy Ivory, thiệp Trung Thu và bộ dao nĩa đi kèm.
Họa tiết chú hươu, hoa lá, mây trời và ánh trăng tạo nên dấu ấn nghệ thuật riêng biệt.
Phù hợp làm quà tri ân khách hàng, đối tác, nhân viên trong mùa Trung Thu 2026.",699000.00,590000.00,"Khách hàng áp dụng: Tất cả khách hàng
Ngày áp dụng: Thứ 2 - Thứ 6
Giờ áp dụng: 9:00 - 17:00
Số lượng E-Voucher áp dụng: Sử dụng 01 voucher/01 hộp quà. Không giới hạn số lượng voucher/ hóa đơn.
Thông tin cách mua hàng HƯỚNG DẪN ĐỔI VOUCHER
Bước 1. Khách hàng nhận voucher liên hệ GIVISTA để đổi hộp quà Trung Thu 2026
Hotline/Zalo: 0969117926
Facebook:
Tại đây
Bước 2. Cung cấp mã voucher để đổi hộp quà
Bước 3. Khách hàng thanh toán phí vận chuyển trực tiếp cho đơn vị vận chuyển
Lưu ý: Không hỗ trợ khách hàng đổi quà trực tiếp tại cửa hàng
Điều kiện khác
Một khách hàng được mua nhiều E-Voucher/E-Coupon
E-Voucher/E-Coupon không có giá trị quy đổi thành tiền mặt, không trả lại tiền thừa.
Không áp dụng đồng thời với chương trình khuyến mại khác
Voucher chưa bao gồm phí vận chuyển Hộp quà tặng đến khách hàng.",100,2026-08-23 00:00:00+00,2026-11-21 00:00:00+00,Dang ban,Không quy đổi thành tiền mặt. Hỗ trợ hoàn tiền nếu hủy trước 24h.,//cdn.lifelink.vn/img/c280x280/Garden-of-the-Moon-4banh_11082026160402.jpg?sign=FKMYZSPp8h2DaQtnQPrahQ,0,40000000-0000-0000-0000-000000000001
4d75a519-4295-496b-9611-6eadb85946f0,Show thực cảnh Anh Hùng Cờ Lau - Hoa Lư Ninh Bình - Hạng CL250 Xanh nhạt - Trẻ em,"Đắm chìm trong show thực cảnh tái hiện lịch sử Đinh Bộ Lĩnh ngay tại trung tâm Ninh Bình.
Bước vào không gian nghệ thuật thực cảnh hấp dẫn, kết hợp xiếc, võ, múa và âm nhạc truyền thống Bắc Bộ.
Thích hợp cho gia đình, nhóm bạn, các cặp đôi và khách trẻ yêu lịch sử, văn hoá Việt.
Chủ đề độc đáo, lan tỏa niềm tự hào dân tộc, phù hợp trải nghiệm check-in và tìm hiểu giá trị di sản.
Show diễn chắt lọc tinh hoa nghệ thuật đa loại hình, mang đến cảm xúc chân thực khó quên.
Sản phẩm du lịch đêm đặc sắc, nâng tầm khám phá Ninh Bình về đêm.
Đặt vé dễ dàng trên LifeLink, nhận ưu đãi và xác nhận nhanh chóng.
Trải nghiệm văn hoá ấn tượng, đặt vé ngay để không bỏ lỡ hành trình trở về với lịch sử Việt.",150000.00,90000.00,"Khách hàng áp dụng: TE (trẻ em)
1m - 1.3m (thường từ 4-8 tuổi)
Dưới 1m miễn phí vé khi ngồi cùng bố mẹ.
Ngày áp dụng:
Tháng 7: 9, 10, 11, 16, 17, 18, 23, 24, 25, 26, 30, 31
Tháng 8: 01, 6, 7, 8, 9, 13, 14, 15, 20, 21, 22, 23, 27, 28, 29, 30
Giờ áp dụng: 20h45 - 21h45
Lưu ý:
Khách hàng vui lòng liên hệ check thông tin trước khi thanh toán, đơn hàng được xử lý booking lấy vé QR code gửi cho khách hàng sau khi thanh toán, nếu không liên hệ lấy vé sẽ không sử dụng được dịch vụ.
Vé đã mua không hoàn hủy
Số lượng E-Voucher áp dụng: 01 E-Voucher/ 1 người
Khách hàng liên hệ đăng ký dịch vụ trước khi đến để được phục vụ tốt nhất
Điện thoại: 19002065
Địa chỉ: Thủy Đình, Phố Cổ Hoa Lư, Ninh Bình
Điều kiện khác
E-Voucher/E-Coupon không có giá trị quy đổi thành tiền mặt, không trả lại tiền thừa.
Không áp dụng đồng thời với chương trình khuyến mại khác",100,2026-08-23 00:00:00+00,2026-11-21 00:00:00+00,Dang ban,Không quy đổi thành tiền mặt. Hỗ trợ hoàn tiền nếu hủy trước 24h.,//cdn.lifelink.vn/img/c280x280/ADD-Anh-hung-co-lau-07_09072026144104.jpg?sign=noAiIqv6_KQgWw7N81SIPg,0,40000000-0000-0000-0000-000000000003
4e1cc348-8c38-4f4b-802f-b35e684bc5c8,DuYen Cruise - Halong Bay Excursion 2 Days 1 Night,"Du Junior Cabin, 30m², private balcony, accommodates 2 adults + 1 child under 5 years old.

Equipped with a double bed or two single beds, with an extra bed available, located on the quiet first floor.
All meals on board are included: breakfast, lunch, dinner, and brunch on the last day.
Enjoy an English-speaking guide, entrance tickets, insurance, and VAT included.
Experience kayaking, visiting Sung Sot Cave, Ti Top Island, and Luon Cave.
Relax with a tea party and ""Art of Tea"" workshop, and experience traditional brocade costumes.
Luxury amenities: Wi-Fi, welcome drink, private transfer.
Exclusive 2-day/1-night combo, ideal for couples or small families seeking a luxurious getaway.",7900000.00,7528000.00,"Services included:
Room type:
Du Junior Cabin.
Other amenities:
English-speaking tour guide.
Entrance fees and tickets.
One night's stay on board in an air-conditioned cabin.
All meals on board: breakfast, lunch, and dinner.
Kayaking to explore the bay.
Special welcome drink upon boarding.
Free Wi-Fi in the lobby and on the shuttle bus (if used).
Travel insurance and VAT included.
Check-in/Check-out times:
Early check-in - Late check-out: Subject to room availability and may incur additional charges as per provider's regulations.
Note:
Price excludes drinks, tips, and personal expenses.
Excludes transportation between Hanoi and Ha Long.

Entrance fees may change from 2026 according to regulations of the Ha Long Bay Management Board.

Not applicable during holidays and Tet (Lunar New Year).

Customers need to contact us to register for services before arriving to ensure the best service.

Surcharges:
Bus surcharge: 200,000 VND/one-way/person if transportation service is booked.
Limousine surcharge: 350,000 VND/one-way/person if transportation service is booked.
Mandatory gala dinner surcharge on special occasions: 700,000 VND/adult and 500,000 VND/child (Christmas Eve 24/12, New Year's Eve 31/12, and Lunar New Year holidays 30, 1, 2, 3 of the first lunar month).

Contact Information:
Address: G55 Waiting Area, Port No. 2, Tuan Chau International Cruise Port - Quang Ninh.

Hotline: 1900 2065 or 0934 661 016.
Other conditions:
One e-Voucher is valid for 2 adults/room.
E-Vouchers cannot be exchanged for cash and no change will be given.
Not applicable in conjunction with other promotions.
No refunds or cancellations after confirmation.",189,2026-08-23 00:00:00+00,2026-11-21 00:00:00+00,Tam ngung,Not redeemable for cash. Refunds are available if cancelled 24 hours in advance.,//cdn.lifelink.vn/img/c280x280/Du-Yen-Cruise-2_19052026150059.jpg?sign=NiqASMeCSV6LV-H-ioO5Rw,0,40000000-0000-0000-0000-000000000004
5455f5bf-5085-41e9-a71e-efc6e16ff74a,Evoucher Hộp quà Trung Thu Viên Niên 2026 phiên bản nam châm cao cấp - Combo 4 bánh và trà,"Hộp quà gồm 4 bánh trung thu cao cấp kết hợp trà lài thượng hạng thanh tao.
Thiết kế hộp nam châm ép kim vàng 9999 với tông cam sang trọng và ấm áp.
Họa tiết hiện đại kết hợp biểu tượng truyền thống tạo nên vẻ đẹp tinh tế, khác biệt.
Thích hợp làm quà tặng đối tác, khách hàng, nhân viên và người thân dịp Trung Thu.
Đi kèm túi giấy Ivory, thiệp Trung Thu và bộ dao nĩa cao cấp.
Evoucher tiện lợi, dễ dàng đặt mua và gửi tặng nhanh chóng qua LifeLink.",569000.00,480000.00,"Khách hàng áp dụng: Tất cả khách hàng
Ngày áp dụng: Thứ 2 - Thứ 6
Giờ áp dụng: 9:00 - 17:00
Số lượng E-Voucher áp dụng: Sử dụng 01 voucher/01 hộp quà. Không giới hạn số lượng voucher/ hóa đơn.
Thông tin cách mua hàng HƯỚNG DẪN ĐỔI VOUCHER
Bước 1. Khách hàng nhận voucher liên hệ GIVISTA để đổi hộp quà Trung Thu 2026
Hotline/Zalo: 0969117926
Facebook:
Tại đây
Bước 2. Cung cấp mã voucher để đổi hộp quà
Bước 3. Khách hàng thanh toán phí vận chuyển trực tiếp cho đơn vị vận chuyển
Lưu ý: Không hỗ trợ khách hàng đổi quà trực tiếp tại cửa hàng
Điều kiện khác
Một khách hàng được mua nhiều E-Voucher/E-Coupon
E-Voucher/E-Coupon không có giá trị quy đổi thành tiền mặt, không trả lại tiền thừa.
Không áp dụng đồng thời với chương trình khuyến mại khác
Voucher chưa bao gồm phí vận chuyển Hộp quà tặng đến khách hàng.",100,2026-08-23 00:00:00+00,2026-11-21 00:00:00+00,Dang ban,Không quy đổi thành tiền mặt. Hỗ trợ hoàn tiền nếu hủy trước 24h.,//cdn.lifelink.vn/img/c280x280/ADD-Evoucher-Trung-Thu-Vien-Nien_07082026120056.jpg?sign=wOF5dHvY3S49HSF9Q_1ySA,0,40000000-0000-0000-0000-000000000001
550c4e46-b8ff-4bfe-a25c-29b149ff24cd,Hệ thống Sườn Mười - E-coupon 100K áp dụng hóa đơn từ 600K,"Thưởng thức set ăn đa dạng gồm sườn nướng dày thịt, cánh gà BBQ, pizza, spaghetti, salad, khoai tây chiên và nhiều món hấp dẫn khác.
Sườn nướng BBQ ""best seller"" mềm mọng, đậm đà, ăn kèm sốt đặc trưng chinh phục cả người lớn và trẻ nhỏ.
Không gian nhà hàng trẻ trung, hiện đại, phù hợp cho các buổi tụ họp bạn bè, gia đình hoặc nhóm đồng nghiệp.
Phong cách phục vụ chuyên nghiệp, thân thiện, đảm bảo trải nghiệm ẩm thực trọn vẹn cho mọi khách hàng.
E-coupon ưu đãi độc quyền khi đặt bàn qua LifeLink giúp tiết kiệm chi phí mà vẫn thưởng thức trọn vẹn bữa tiệc BBQ đặc sắc.
Menu phong phú, kết hợp hai phong cách ẩm thực Âu - Á, đáp ứng khẩu vị đa dạng của thực khách Thủ đô.
Đặt bàn linh hoạt, dễ dàng nhận E-coupon và chủ động thời gian trải nghiệm mà không lo hết chỗ.
Cơ hội tận hưởng bữa tối sum vầy, thưởng thức món ngon cùng E-coupon ưu đãi hấp dẫn chỉ có tại Hệ thống Sườn Mười.",100000.00,9000.00,"Khách hàng áp dụng:
Tất cả khách hàng.
Số lượng E-voucher áp dụng:
01 E-coupon/1 hóa đơn từ 600.000vnđ trở lên.
Phạm vi sử dụng:
Áp dụng từ Thứ 2 - Chủ nhật.
Khung giờ áp dụng: 10h00 - 22h00.
Chỉ sử dụng 01 E-coupon cho 01 hóa đơn, không cộng dồn hóa đơn.
Lưu ý:
Chỉ áp dụng cho khách hàng sử dụng dịch vụ tại nhà hàng Sườn Mười, không áp dụng cho đơn hàng giao tận nơi.
Không áp dụng vào các ngày Lễ, Tết theo quy định của nhà hàng.
Khách hàng vui lòng liên hệ đăng ký dịch vụ trước khi đến 1 tiếng để được phục vụ tốt nhất.
Thông tin liên hệ:
Hotline Sườn Mười: 090 168 1010
Hotline Lifelink: 19002065
Điều kiện khác:
E-coupon không có giá trị quy đổi thành tiền mặt, không trả lại tiền thừa.
Không áp dụng đồng thời với chương trình khuyến mại khác.
E-coupon đã bao gồm VAT.
Áp dụng tại tất cả các cơ sở của Sườn Mười.
Được áp dụng cùng Buffet.",100,2026-08-23 00:00:00+00,2026-11-21 00:00:00+00,Dang ban,Không quy đổi thành tiền mặt. Hỗ trợ hoàn tiền nếu hủy trước 24h.,//cdn.lifelink.vn/img/c280x280/IMG_20260605_104506_19062026084219.jpg?sign=16yIgD1wUuuaCjtIvTa8AQ,0,40000000-0000-0000-0000-000000000001
5556b0ca-e5a0-4fe3-8297-09b92c63f941,B-Zone Vivo - Vé vui chơi dành cho người lớn,"Vé vào cổng dành cho người lớn, mang đến trải nghiệm tương tác thực tế cùng hơn 10 loài động vật thân thiện.
Không gian khu vui chơi lên đến 410m², được thiết kế giống như một sở thú thu nhỏ độc đáo, gần gũi.
Phù hợp cho các gia đình, cặp đôi hay nhóm bạn muốn thư giãn cuối tuần và khám phá thiên nhiên.
Khu vực giao lưu với động vật như lạc đà, thỏ trắng, huơu, vịt call duck... đem lại những khoảnh khắc khó quên.
An toàn, sạch sẽ và được quản lý chặt chẽ – trang bị găng tay bảo vệ và vòng tay ra vào nhiều lần.
Không gian đậm chất thiên nhiên, giúp trẻ nhỏ và người lớn tăng khả năng kết nối với môi trường sống quanh mình.
Đặt vé ngay trên LifeLink để tận hưởng ưu đãi linh hoạt và hệ thống thanh toán an toàn, nhanh chóng.",150000.00,140000.00,"Thông báo nghỉ Tết: Từ 14/2 đến 19/2
Khách hàng áp dụng: 1 người lớn trên 15 tuổi
Ngày áp dụng: Tất cả các ngày trong tuần, bao gồm Lễ Tết
Giờ áp dụng:
Thứ 2 - Thứ 6: 10h00 - 22h00
Thứ 7 - Chủ nhật: 9h30 - 22h00
Lưu ý:
Mỗi vé trẻ em đều được kèm theo 1 người lớn, người lớn vào cùng hay không giá vẫn không đổi
Trẻ em phải có phụ huynh đi kèm và giám sát khi tham quan vườn thú.
Không mang theo đồ ăn ngoài vào vườn thú, đọc kỹ nội quy trước khi tham quan.
Tất cả khách phải đeo găng tay bảo hộ được cung cấp trước khi vào khu trải nghiệm
Lưu ý giữ vòng tay cẩn thận để được ra vào nhiều lần trong ngày.
Khách hàng liên hệ đăng ký dịch vụ trước khi đến để được phục vụ tốt nhất:
Hotline: 19002065 hoặc 0934661016
Điện thoại liên hệ: 0387881956
Điều kiện khác:
e-Voucher/e-Coupon không có giá trị quy đổi thành tiền mặt, không trả lại tiền thừa.
Không áp dụng đồng thời với chương trình khuyến mại khác",100,2026-08-23 00:00:00+00,2026-11-21 00:00:00+00,Dang ban,Không quy đổi thành tiền mặt. Hỗ trợ hoàn tiền nếu hủy trước 24h.,//cdn.lifelink.vn/img/c280x280/B-Zone-Vivo--2-_11052026161446.jpg?sign=oHBXVY0IH24qqqu5Ka4UJQ,0,40000000-0000-0000-0000-000000000003
5556b7f9-4f98-43b6-a421-ccc5449c2929,kidzooona AEON MALL Tân Phú Celadon - Vé vào cổng khu vui chơi bao gồm Lễ Tết,"Trải nghiệm thế giới vui chơi năng động và sáng tạo tại kidzooona AEON MALL Tân Phú Celadon.
Không gian giải trí rộng rãi, ngập tràn sắc màu, mang đến cảm hứng tươi vui cho mọi lứa tuổi.
Điểm đến lý tưởng dành cho gia đình có con nhỏ, nhóm bạn hoặc các cặp đôi cần đổi gió vui chơi cuối tuần.
Được thiết kế đảm bảo an toàn, vệ sinh sạch sẽ, nhân viên nhiệt tình hỗ trợ khách hàng tận tình.
Bé thỏa sức khám phá các khu chủ đề đa dạng, thoải mái vận động, học hỏi và gắn kết bạn bè.
Check-in cùng không gian hiện đại, nhiều góc chụp ảnh đẹp, lưu giữ kỷ niệm trọn vẹn bên người thân.
Ưu đãi hấp dẫn khi đặt vé trước qua LifeLink, chủ động lựa chọn thời gian vui chơi linh hoạt.
Đặt vé kidzooona AEON MALL Tân Phú Celadon trên LifeLink – Cách thông minh để cùng cả gia đình tận hưởng thế giới giải trí vui nhộn!",150000.00,120000.00,"Voucher áp dụng cho Vé vào cổng dành cho 1 bé và 1 người lớn tại kidzooona AEON MALL Tân Phú Celadon bao gồm Lễ Tết
Voucher không bao gồm vớ/tất.
Khu vui chơi quy định luôn sử dụng vớ/tất, Quý khách vui lòng chuẩn bị vớ/tất trước khi vào khu vui chơi hoặc mua vớ/tất tại quầy.
Nhằm đảm bảo vệ sinh, khu vui chơi yêu cầu luôn mang tất trong suốt thời gian vui chơi.
Lưu ý: Luôn giữ vòng tay cẩn thận để được ra vào nhiều lần trong ngày nhé
Khách hàng áp dụng: Trẻ em từ 1 tuổi đến dưới 12 tuổi, 01 vé áp dụng cho 01 trẻ + 01 người lớn
Ngày áp dụng: Tất cả các ngày trong tuần, bao gồm Lễ Tết
Giờ áp dụng: 09:00 - 21:00
Số lượng E-Voucher áp dụng: 01 voucher/ 01 bé kèm 01 phụ huynh
Phụ thu (nếu có): 1 bé kèm 1 phụ huynh nếu phát sinh thêm các phụ huynh khác thì phụ thu 20.000đ/Phụ huynh
Thông tin liên hệ đặt dịch vụ
Hotline hỗ trợ: 1900 2065
Địa chỉ: Lô S19, Tầng 2, AEON Mall Tân Phú Celadon, Số 30, Bờ Bao Tân Thắng, Phường Tân Sơn Nhì, Tp.Hồ Chí Minh.
Điều kiện khác
E-Voucher/E-Coupon không có giá trị quy đổi thành tiền mặt, không trả lại tiền thừa.
Không áp dụng đồng thời với chương trình khuyến mại khác",100,2026-08-23 00:00:00+00,2026-11-21 00:00:00+00,Dang ban,Không quy đổi thành tiền mặt. Hỗ trợ hoàn tiền nếu hủy trước 24h.,//cdn.lifelink.vn/img/c280x280/ADD-Kidzooona-1_06072026154902.jpg?sign=CkR-bMmWjwBEJgipjwQlyQ,0,40000000-0000-0000-0000-000000000003
56d560d5-f6bd-4eab-bdaa-054eee157faf,Evoucher Hộp quà trung thu Hồng Cát Minh Nguyệt 2026 phiên bản hộp xếp 2 cánh cửa cao cấp - Combo 6 bánh,"Hộp quà gồm 6 bánh trung thu cao cấp với 2 lựa chọn combo đa dạng hương vị.
Thiết kế hộp xếp 2 cánh cửa ép kim vàng 9999 sang trọng, kích thước 36 x 28 x 8 cm.
Tông đỏ quyền quý kết hợp họa tiết Hằng Nga, Thỏ Ngọc và cây đa mang đậm bản sắc văn hóa Á Đông.
Khách hàng được lựa chọn giữa Combo GVS 01 hoặc Combo GVS 02 theo sở thích.
Đi kèm túi giấy Ivory, thiệp Trung Thu và bộ dao nĩa cao cấp.
Thích hợp làm quà tặng đối tác, khách hàng, nhân viên và các chương trình tri ân doanh nghiệp.",839000.00,710000.00,"Khách hàng áp dụng: Tất cả khách hàng
Ngày áp dụng: Thứ 2 - Thứ 6
Giờ áp dụng: 9:00 - 17:00
Số lượng E-Voucher áp dụng: Sử dụng 01 voucher/01 hộp quà. Không giới hạn số lượng voucher/ hóa đơn.
Thông tin cách mua hàng HƯỚNG DẪN ĐỔI VOUCHER
Bước 1. Khách hàng nhận voucher liên hệ GIVISTA để đổi hộp quà Trung Thu 2026
Hotline/Zalo: 0969117926
Facebook:
Tại đây
Bước 2. Cung cấp mã voucher để đổi hộp quà
Bước 3. Khách hàng thanh toán phí vận chuyển trực tiếp cho đơn vị vận chuyển
Lưu ý: Không hỗ trợ khách hàng đổi quà trực tiếp tại cửa hàng
Điều kiện khác
Một khách hàng được mua nhiều E-Voucher/E-Coupon
E-Voucher/E-Coupon không có giá trị quy đổi thành tiền mặt, không trả lại tiền thừa.
Không áp dụng đồng thời với chương trình khuyến mại khác
Voucher chưa bao gồm phí vận chuyển Hộp quà tặng đến khách hàng.",100,2026-08-23 00:00:00+00,2026-11-21 00:00:00+00,Dang ban,Không quy đổi thành tiền mặt. Hỗ trợ hoàn tiền nếu hủy trước 24h.,//cdn.lifelink.vn/img/c280x280/ADD-Hong-Cat-Minh-Nguyet_11082026140155.jpg?sign=SlG960eNtWhAx4BZjG3Rxw,0,40000000-0000-0000-0000-000000000001
57001615-6abb-4958-8343-f2a1a9829327,Evoucher Hộp quà trung thu Thanh Liên Thưởng Lãm II 2026 phiên bản hộp xếp 2 cánh cửa cao cấp - Combo 6 bánh,"Evoucher Hộp quà trung thu Thanh Liên Thưởng Lãm II 2026 phiên bản hộp xếp 2 cánh cửa cao cấp - Combo 6 bánh sở hữu thiết kế hộp cánh mở hiện đại, sang trọng.
Hộp quà được ép kim vàng 9999 tinh xảo, kích thước 36 x 28 x 8 cm, tạo ấn tượng cao cấp khi trao tặng.
Khách hàng được lựa chọn 1 trong 2 combo GVS, mỗi combo gồm 6 bánh với sự kết hợp giữa hương vị truyền thống và hiện đại.
Thiết kế lấy cảm hứng từ đầm sen, núi non, dòng nước và khung cảnh thưởng trà, gửi gắm thông điệp về sự an yên, hòa hợp và viên mãn.
Hộp quà đi kèm túi giấy Ivory sang trọng, thiệp Trung Thu và bộ dao nĩa, hoàn thiện một set quà chỉn chu.
Sản phẩm đặc biệt phù hợp làm quà tặng doanh nghiệp, khách hàng, đối tác và người thân trong dịp Trung Thu 2026.
Đây là lựa chọn giúp người tặng thể hiện sự trân trọng, lời tri ân và mong muốn gắn kết những mối quan hệ bền lâu.",839000.00,710000.00,"Khách hàng áp dụng: Tất cả khách hàng
Ngày áp dụng: Thứ 2 - Thứ 6
Giờ áp dụng: 9:00 - 17:00
Số lượng E-Voucher áp dụng: Sử dụng 01 voucher/01 hộp quà. Không giới hạn số lượng voucher/ hóa đơn.
Thông tin cách mua hàng HƯỚNG DẪN ĐỔI VOUCHER
Bước 1. Khách hàng nhận voucher liên hệ GIVISTA để đổi hộp quà Trung Thu 2026
Hotline/Zalo: 0969117926
Facebook:
Tại đây
Bước 2. Cung cấp mã voucher để đổi hộp quà
Bước 3. Khách hàng thanh toán phí vận chuyển trực tiếp cho đơn vị vận chuyển
Lưu ý: Không hỗ trợ khách hàng đổi quà trực tiếp tại cửa hàng
Điều kiện khác
Một khách hàng được mua nhiều E-Voucher/E-Coupon
E-Voucher/E-Coupon không có giá trị quy đổi thành tiền mặt, không trả lại tiền thừa.
Không áp dụng đồng thời với chương trình khuyến mại khác
Voucher chưa bao gồm phí vận chuyển Hộp quà tặng đến khách hàng.",100,2026-08-23 00:00:00+00,2026-11-21 00:00:00+00,Dang ban,Không quy đổi thành tiền mặt. Hỗ trợ hoàn tiền nếu hủy trước 24h.,//cdn.lifelink.vn/img/c280x280/ADD-Thanh-Lien-Thuong-Lam-II-6banh_12082026095120.jpg?sign=qhKdPgegiTa-gnU57udeOw,4,40000000-0000-0000-0000-000000000001
585fab47-fd3e-408f-8521-bde153583735,KDL Thúy Thuận Đà Lạt - Vé tham quan dành cho trẻ em,"Vé tham quan dành riêng cho trẻ em từ 90cm đến 130cm tại KDL Thúy Thuận Đà Lạt.
Không gian xanh mát, nhiều tiểu cảnh đẹp và vườn hoa rực rỡ.
Gần các địa điểm nổi tiếng như Thác Vọng, đèo Tà Nung.
Nhiều hoạt động vui chơi, khám phá phù hợp mọi lứa tuổi.
Xưởng sản xuất cà phê độc đáo, kiến trúc châu Âu thơ mộng.
Địa điểm lý tưởng cho gia đình thư giãn, chụp ảnh.
Đặt dịch vụ tiện lợi qua LifeLink – giao dịch nhanh chóng, dễ dàng.",70000.00,50000.00,"Khách hàng áp dụng: Khách hàng từ 90cm - 130cm
Bao gồm
MIỄN PHÍ
đi kèm bao gồm các dịch vụ:
Xe điện đưa đón 2 chiều
Trò chơi trải nghiệm đạp xe trên mặt hồ
Bắn cung
Bắn nỏ
Đạp thuyền SUP
Phi tiêu
Xích đu bay
Bumper Boats
Thông tin đặt tour: Voucher ưu đãi chỉ hiệu lực sử dụng khi Quý khách Đăng ký Ngày tham quan qua Hotline LifeLink: 1900 2065
Phụ thu: Đối với các ngày Lễ - Tết, bù Lễ (theo quy định Nhà Nước), Khu du lịch Thuý Thuận Đà Lạt xin phép phụ thu 20.000 vnđ đối với các loại vé có kèm ăn sáng và  buffet, phụ thu 20% đối với set ăn theo menu.
Điều kiện hoãn/huỷ tour: Voucher không hoàn hủy
Hướng dẫn các bước sử dụng voucher:
Bước 1: Quý khách mua vé tham quan ưu đãi
Bước 2: Quý khách cần liên hệ LifeLink trước ít nhất 24h để đặt lịch và đổi Voucher sang vé vào cổng cho ngày tham quan
Bước 3: LifeLink xuất Vé QR vào zalo/ sms cho Quý khách (Ngày khởi hành, Địa điểm, quy định chung...)
Bước 4: Quý khách sử dụng dịch vụ
Điều kiện khác:
Áp dụng 01 e-Voucher/e-Coupon cho 01 khách
Một khách hàng được mua nhiều e-Voucher/e-Coupon
e-Voucher/e-Coupon không có giá trị quy đổi thành tiền mặt, không trả lại tiền thừa
Không áp dụng đồng thời với chương trình khuyến mại khác.",100,2026-08-23 00:00:00+00,2026-11-21 00:00:00+00,Dang ban,Không quy đổi thành tiền mặt. Hỗ trợ hoàn tiền nếu hủy trước 24h.,//cdn.lifelink.vn/img/c280x280/6_11052026153726.jpg?sign=1pL-a_RTk16Gq6s5jGvPfQ,0,40000000-0000-0000-0000-000000000003
595c1d95-fc71-4ead-95ec-94bc42c4ab12,kidzooona PARC MALL Quận 8 - Vé vào cổng khu vui chơi bao gồm Lễ Tết,"Tham gia khu vui chơi kidzooona PARC MALL Quận 8, tận hưởng không gian giải trí đa sắc màu, hiện đại và an toàn cho bé.
Phù hợp hoàn hảo cho gia đình, trẻ nhỏ, nhóm bạn hoặc cặp đôi mong muốn thư giãn, vui chơi cuối tuần.
Kidzooona nổi bật với thiết kế mở, không khí sôi động, khuyến khích hoạt động vận động và trải nghiệm khám phá mới lạ.
Không gian rộng rãi, sạch sẽ, được bố trí hợp lý tạo điều kiện tối đa để các bé tự do vận động, giao lưu cùng bạn bè mới.
Môi trường vui chơi trong nhà, hạn chế tác động thời tiết, thích hợp để bé vui đùa cả ngày mà không lo nắng mưa.
An toàn dành cho trẻ nhỏ với tiêu chuẩn kiểm định nghiêm ngặt, hệ thống nhân viên hỗ trợ tận tình cùng phụ huynh.
Mua vé qua LifeLink giúp tiết kiệm chi phí, thủ tục đặt vé nhanh chóng với nhiều ưu đãi hấp dẫn, tiện lợi ngay tại TP.HCM.
Sẵn sàng nhập cuộc khám phá thế giới vui chơi năng động - Đặt vé kidzooona PARC MALL Quận 8 tại LifeLink để không bỏ lỡ ưu đãi!",150000.00,120000.00,"Voucher áp dụng cho Vé vào cổng dành cho 1 bé và 1 người lớn tại kidzooona PARC MALL Quận 8 bao gồm Lễ Tết
Voucher không bao gồm vớ/tất.
Khu vui chơi quy định luôn sử dụng vớ/tất, Quý khách vui lòng chuẩn bị vớ/tất trước khi vào khu vui chơi hoặc mua vớ/tất tại quầy.
Nhằm đảm bảo vệ sinh, khu vui chơi yêu cầu luôn mang tất trong suốt thời gian vui chơi.
Lưu ý: Luôn giữ vòng tay cẩn thận để được ra vào nhiều lần trong ngày nhé
Khách hàng áp dụng: Áp dụng cho các bé từ 1 tuổi đến dưới 12 tuổi, 01 vé áp dụng cho 01 trẻ + 01 người lớn
Ngày áp dụng: Tất cả các ngày trong tuần, bao gồm Lễ Tết
Giờ áp dụng: từ 09:00 đến 21:00
Số lượng E-Voucher áp dụng: 01 voucher/ 01 bé kèm 01 phụ huynh
Phụ thu (nếu có) 1 bé kèm 1 phụ huynh nếu phát sinh thêm các phụ huynh khác thì phụ thu 20.000đ/Phụ huynh
Thông tin liên hệ đặt dịch vụ
Hotline hỗ trợ: 1900 2065
Địa chỉ: L3-01, Tầng 3, Trung tâm thương mại PARC MALL Q.8, số 547-549 đường Tạ Quang Bửu, Phường Chánh Hưng, TP. Hồ Chí Minh.
Điều kiện khác
E-Voucher/E-Coupon không có giá trị quy đổi thành tiền mặt, không trả lại tiền thừa.
Không áp dụng đồng thời với chương trình khuyến mại khác",100,2026-08-23 00:00:00+00,2026-11-21 00:00:00+00,Dang ban,Không quy đổi thành tiền mặt. Hỗ trợ hoàn tiền nếu hủy trước 24h.,//cdn.lifelink.vn/img/c280x280/ADD-Kizooona-6_06072026150831.jpg?sign=ao45DOy-mfl3KWvnCFMjZA,0,40000000-0000-0000-0000-000000000003
59661f1c-a32d-4d4e-94d4-c59d128d7e1d,Sen 20 Hàng Tre và 72B Trần Hưng Đạo - Gói trị liệu cao cấp VIP 150 phút,"Trải nghiệm hành trình chăm sóc sức khỏe toàn thân kết hợp thủy trị liệu, massage và thực dưỡng theo phong cách y học cổ truyền Việt Nam.
Liệu trình gồm các bước thư giãn: ngâm bồn thảo dược Onsen, xông hơi đá muối Himalaya, massage toàn thân, chườm ngải cứu, đắp mặt nạ ngũ hoa và thực dưỡng nhẹ nhàng.
Tất cả sản phẩm sử dụng trong liệu trình đều có nguồn gốc thảo dược thiên nhiên, chú trọng an toàn và nâng cao sức khỏe tổng thể.
Không gian Spa yên tĩnh, đậm chất truyền thống Hà Nội, hoàn hảo để tĩnh tâm và thư giãn sau những giờ làm việc căng thẳng giữa lòng phố cổ.
Đội ngũ kỹ thuật viên nhiều năm kinh nghiệm, đào tạo bài bản từ Bệnh viện Châm cứu Trung ương dưới sự dẫn dắt của Giáo sư Tài Thu.
Chuyên viên làm đẹp, trị liệu đều có chứng chỉ nghề nghiệp, được đánh giá cao trên các nền tảng voucher uy tín tại Hà Nội.",918000.00,780000.00,"Khách hàng áp dụng:
Nam, Nữ.
Phòng dịch vụ:
Phòng VIP riêng.
Số lượng
E-Voucher áp dụng
:
Không giới hạn số lượng voucher áp dụng cho 01 khách.
Sử dụng
01 voucher/ 01 khách/ 01 lần sử dụng.
Thời gian áp dụng:
Áp dụng từ Thứ 2 đến Chủ nhật (trừ các ngày Lễ, Tết).
Khung giờ: 09h30 - 22h30.
Lưu ý:
Khách hàng vui lòng đặt chỗ trước khi đến để được phục vụ tốt nhất.
Khách hàng vui lòng liên hệ trước khi qua Spa.
Phụ thu:
Tiền TIP tối thiểu từ 100.000 vnđ/1 người.
Thông tin liên hệ:
Địa chỉ: 72B phố Trần Hưng Đạo, phường Trần Hưng Đạo, Quận Hoàn Kiếm, TP Hà Nội - Hotline: 0243.63.73.999 / 077 2760863
Địa chỉ: Số 20 Hàng Tre, Quận Hoàn Kiếm, TP Hà Nội - Hotline: 024 39879797 / 085 7879797
Điều kiện bắt buộc:
E-Voucher/E-Coupon không có giá trị quy đổi thành tiền mặt, không trả lại tiền thừa.
Không áp dụng đồng thời với chương trình khuyến mãi khác.
Giá đã bao gồm VAT.",100,2026-08-23 00:00:00+00,2026-11-21 00:00:00+00,Dang ban,Không quy đổi thành tiền mặt. Hỗ trợ hoàn tiền nếu hủy trước 24h.,//cdn.lifelink.vn/img/c280x280/Sen-Tai-Thu-13_11052026115143.jpg?sign=XmI-SZOR9Wzo8Vs69PZonA,0,40000000-0000-0000-0000-000000000002
5997a8c8-0d1d-4f2c-a110-4867f9df4ea9,kidzooona LOTTE MART Quận 7 - Vé vào cổng khu vui chơi bao gồm Lễ Tết,"Trải nghiệm khu vui chơi kidzooona LOTTE MART Quận 7 với không gian rộng rãi, sáng tạo, lý tưởng cho gia đình và trẻ nhỏ.
Lý tưởng cho những ngày cuối tuần, kỳ nghỉ, nơi mọi thành viên gia đình đều có thể tìm thấy niềm vui và gắn kết.
Không gian hiện đại, sạch sẽ, chuẩn quốc tế, chú trọng an toàn và phát triển trí tuệ, thể chất cho trẻ em.
Khu vui chơi đa dạng với nhiều hoạt động khám phá, tương tác, phù hợp cho các bé khám phá thế giới quanh mình.
Phù hợp cho nhóm bạn, bố mẹ trẻ muốn cùng con trải nghiệm niềm vui bên nhau trong môi trường giải trí sôi động.
Tham gia nhiều trò chơi vận động nhẹ nhàng, phát triển kỹ năng xã hội và trí sáng tạo mà không lo nắng mưa.
Giá vé ưu đãi khi đặt qua LifeLink, giúp bạn tiết kiệm chi phí mà vẫn yên tâm về chất lượng dịch vụ.
Đặt vé kidzooona LOTTE MART Quận 7 trên LifeLink nhanh chóng, thuận tiện, hỗ trợ tận tình, nhận e-voucher ngay.",180000.00,144000.00,"Voucher áp dụng cho Vé vào cổng dành cho 1 bé và 1 người lớn tạikidzooona LOTTE MART Quận 7 bao gồm Lễ Tết
Voucher không bao gồm vớ/tất.
Khu vui chơi quy định luôn sử dụng vớ/tất, Quý khách vui lòng chuẩn bị vớ/tất trước khi vào khu vui chơi hoặc mua vớ/tất tại quầy.
Nhằm đảm bảo vệ sinh, khu vui chơi yêu cầu luôn mang tất trong suốt thời gian vui chơi.
Lưu ý: Luôn giữ vòng tay cẩn thận để được ra vào nhiều lần trong ngày nhé
Khách hàng áp dụng: Trẻ em từ 1 tuổi đến dưới 12 tuổi, 01 vé áp dụng cho 01 trẻ + 01 người lớn
Ngày áp dụng: Tất cả các ngày trong tuần, bao gồm Lễ Tết
Giờ áp dụng: 09:00 - 21:00
Số lượng E-Voucher áp dụng: 01 voucher/ 01 bé kèm 01 phụ huynh
Phụ thu (nếu có): 1 bé kèm 1 phụ huynh nếu phát sinh thêm các phụ huynh khác thì phụ thu 20.000đ/Phụ huynh
Thông tin liên hệ đặt dịch vụ
Hotline hỗ trợ: 1900 2065
Địa chỉ: 2F-01, Tầng 2, LOTTE MART Quận 7 (SGN), 469 Nguyễn Hữu Thọ, Phường Tân Hưng.
Điều kiện khác
E-Voucher/E-Coupon không có giá trị quy đổi thành tiền mặt, không trả lại tiền thừa.
Không áp dụng đồng thời với chương trình khuyến mại khác",100,2026-08-23 00:00:00+00,2026-11-21 00:00:00+00,Dang ban,Không quy đổi thành tiền mặt. Hỗ trợ hoàn tiền nếu hủy trước 24h.,//cdn.lifelink.vn/img/c280x280/ADD-Kizooona-7_06072026150534.jpg?sign=d6zn0tTcGQPd0UkHYj_WRw,0,40000000-0000-0000-0000-000000000003
59cb3dea-5b60-40aa-8df5-472a664671c7,Evoucher Hộp quà Trung Thu Garden Of The Moon 2026 phiên bản hộp Vali Popup 3D cao cấp - Comb 6 bánh,"Combo gồm 6 bánh Trung Thu 150g với nhiều hương vị phong phú.
Hộp Vali Popup 3D cao cấp ép kim vàng 9999, kích thước 38 x 26 x 8,5 cm.
Thiết kế gam xanh đêm sang trọng, lấy cảm hứng từ khu vườn huyền ảo dưới ánh trăng.
Hiệu ứng Popup 3D tạo trải nghiệm mở quà độc đáo và giàu tính nghệ thuật.
Đi kèm túi giấy Ivory sang trọng, thiệp Trung Thu và bộ dao nĩa.
Họa tiết chú hươu, hoa lá, mây trời và ánh trăng mang thông điệp về bình an, cân bằng và thịnh vượng.
Phù hợp làm quà tri ân khách hàng, đối tác và nhân viên trong mùa Trung Thu 2026.",989000.00,840000.00,"Khách hàng áp dụng: Tất cả khách hàng
Ngày áp dụng: Thứ 2 - Thứ 6
Giờ áp dụng: 9:00 - 17:00
Số lượng E-Voucher áp dụng: Sử dụng 01 voucher/01 hộp quà. Không giới hạn số lượng voucher/ hóa đơn.
Thông tin cách mua hàng HƯỚNG DẪN ĐỔI VOUCHER
Bước 1. Khách hàng nhận voucher liên hệ GIVISTA để đổi hộp quà Trung Thu 2026
Hotline/Zalo: 0969117926
Facebook:
Tại đây
Bước 2. Cung cấp mã voucher để đổi hộp quà
Bước 3. Khách hàng thanh toán phí vận chuyển trực tiếp cho đơn vị vận chuyển
Lưu ý: Không hỗ trợ khách hàng đổi quà trực tiếp tại cửa hàng
Điều kiện khác
Một khách hàng được mua nhiều E-Voucher/E-Coupon
E-Voucher/E-Coupon không có giá trị quy đổi thành tiền mặt, không trả lại tiền thừa.
Không áp dụng đồng thời với chương trình khuyến mại khác
Voucher chưa bao gồm phí vận chuyển Hộp quà tặng đến khách hàng.",100,2026-08-23 00:00:00+00,2026-11-21 00:00:00+00,Dang ban,Không quy đổi thành tiền mặt. Hỗ trợ hoàn tiền nếu hủy trước 24h.,//cdn.lifelink.vn/img/c280x280/ADD-Garden-Of-The-Moon-6banh_11082026163625.jpg?sign=zHr5FYv9YnJCEypqeFxhrg,0,40000000-0000-0000-0000-000000000001
5a289e68-8f83-4575-84d2-49a182adfe75,Vé vui chơi trẻ em tại Sâu Kid Playground sau 16h tứ Thứ 2 - Thứ 6,"Sâu Kid Playground là khu vui chơi trẻ em trong nhà hiện đại tại ROX Center Goldmark City.
Không gian được thiết kế rộng rãi, sạch sẽ và đảm bảo an toàn cho trẻ trong suốt quá trình vui chơi.
Nhiều khu trò chơi vận động, nhập vai và sáng tạo giúp bé phát triển thể chất, tư duy và kỹ năng giao tiếp.
Địa điểm phù hợp cho các gia đình vui chơi cuối tuần, tổ chức sinh nhật và các hoạt động dành cho trẻ nhỏ.
Đội ngũ nhân viên hỗ trợ tận tình giúp phụ huynh yên tâm khi đưa bé đến trải nghiệm.
LifeLink giúp bạn dễ dàng khám phá và lựa chọn Sâu Kid Playground cho những phút giây vui chơi trọn vẹn cùng gia đình.",150000.00,135000.00,"Khách hàng áp dụng: Bé từ 80cm trở lên
Ngày áp dụng: Thứ 2 - thứ 6
Giờ áp dụng: Sau 16h00 -  22h00
Số lượng E-Voucher áp dụng: 01 voucher/1 bé
Phụ thu Lễ, Tết: Không áp dụng
Lưu ý: 01 vé đi kèm 1 người lớn, từ người lớn thứ 2 phụ thu 50.000VNĐ/ 1 người
Khách hàng liên hệ đăng ký dịch vụ trước khi đến để được phục vụ tốt nhất
Hotline: 037 497 0677
Hotline LifeLink: 1900 2065
Địa chỉ: Tầng 3, Lô 05-06-07 toà ROX Center Goldmark City, 136 Hồ Tùng Mậu, Bắc Từ Liêm, Hà Nội
Điều kiện khác
E-Voucher/E-Coupon không có giá trị quy đổi thành tiền mặt, không trả lại tiền thừa.
Không áp dụng đồng thời với chương trình khuyến mại khác",100,2026-08-23 00:00:00+00,2026-11-21 00:00:00+00,Dang ban,Không quy đổi thành tiền mặt. Hỗ trợ hoàn tiền nếu hủy trước 24h.,//cdn.lifelink.vn/img/c280x280/ADD-Sau-kid-Playground-1_14072026105247.jpg?sign=9MimGUAaj_-N7gJl_Ix3vg,0,40000000-0000-0000-0000-000000000003
5b062cea-56b9-420d-b947-53ab37b250be,Voucher Gà không xương truyền thống lớn tại Chicken Plus,"Voucher Gà không xương truyền thống lớn tại Chicken Plus mang đến khẩu phần 400g gà không xương giòn ngon, phù hợp cho bữa ăn chất lượng.
Gà được chế biến theo phong cách truyền thống Hàn Quốc với lớp vỏ vàng giòn và thịt mềm ngọt tự nhiên.
Combo đi kèm cơm nắm, đu đủ ngâm, xà lách, sốt chua ngọt và sốt ngũ vị, giúp bữa ăn thêm tròn vị.
Voucher điện tử chính hãng, dễ dàng mua và sử dụng thông qua LifeLink.
Chicken Plus nổi tiếng với công thức gà chiên độc quyền và chất lượng đồng đều tại nhiều quốc gia.
LifeLink giúp bạn mua voucher nhanh chóng, tiết kiệm thời gian và chi phí.",139000.00,136000.00,"Mỗi voucher chỉ được sử dụng 01 lần có thể áp dụng được nhiều voucher cho 01 đơn hàng.
Không có giá trị quy đổi thành tiền mặt, không được hoàn trả tiền thừa.
Chỉ áp dụng cho một số sản phẩm nhất định.
Không hoàn trả hoặc bán lại được.
Nếu giá tiền đơn đặt hàng của khách hàng vượt quá giá trị của voucher thì khách hàng phải thanh toán thêm số tiền chênh lệch đó.
LifeLink không xuất hoá đơn VAT cho khách hàng.
Khách hàng có trách nhiệm bảo mật thông tin mã thẻ quà tặng sau khi đặt mua. LifeLink sẽ không chịu trách nhiệm hoàn trả các mã thẻ bị mất hoặc ở trạng thái ""Đã sử dụng"" với bất kỳ lý do gì.
LifeLink sẽ không chịu trách nhiệm đối với chất lượng sản phẩm hoặc dịch vụ được cung cấp cũng như đối với các tranh chấp về sau giữa khách hàng và nhà cung cấp.
LifeLink có quyền sửa chữa hoặc thay đổi điều khoản và điều kiện sử dụng mà không thông báo trước.
Hotline
LifeLink
: 1900 2065
Địa điểm sử dụng:
https://docs.google.com/spreadsheets/d/1ErdtQi5FCClFIjOWs27EIjhuq0tAGmsG/edit?gid=829289209#gid=829289209",100,2026-08-23 00:00:00+00,2026-11-21 00:00:00+00,Dang ban,Không quy đổi thành tiền mặt. Hỗ trợ hoàn tiền nếu hủy trước 24h.,//cdn.lifelink.vn/img/c280x280/Ga-khong-xuong-truyen-thong-lon_28072026134054.jpg?sign=GjHJMCXyJQjrSRnBNcfnJw,0,40000000-0000-0000-0000-000000000001
5b3abc56-4e6f-4117-9f47-b6dfa0c26683,kidzooona Vincom Royal Hà Nội - Vé vào cổng khu vui chơi bao gồm Lễ Tết,"""kidzooona Vincom Royal Hà Nội - Vé vào cổng khu vui chơi bao gồm Lễ Tết"" mang đến cho bé khu vui chơi bổ ích tạo nên một tuổi thơ tuyệt vời, nhiệm màu tới các bé yêu.
Kidzooona là một trong những khu vui chơi trẻ em trong nhà hàng đầu Nhật Bản và là địa điểm giải trí yêu thích của hàng triệu gia đình trên khắp Châu Á giúp các bé học thêm nhiều các kỹ năng mới trong cuộc sống như: Giao tiếp, làm việc theo nhóm, tương tác với ba mẹ, người lớn tuổi, khả năng sáng tạo...
Các trò chơi vận động như: Đường chạy hơi, nhà banh, nhà hơi, bánh xe khổng lồ giúp các bé thỏa sức vận động, chạy nhảy hết mình, vừa giúp rèn luyện sức bên, sự dẻo dai cho cơ thể.
Kidzooona sở hữu những mô hình trò chơi nhập vai hướng nghiệp lý thú, những trò chơi vận động và góc đồ chơi thiếu nhi sáng tạo, nhiều màu sắc phù hợp cho các bé.
Các góc chơi và thiết bị được thiết kế khoa học giúp các bé và gia đình có thể thoái mái chơi đùa. Đồ chơi",180000.00,144000.00,"Voucher áp dụng cho Vé vào cổng dành cho 1 bé và 1 người lớn tại kidzooona Vincom Royal Hà Nội bao gồm Lễ Tết
Voucher không bao gồm vớ/tất.
Khu vui chơi quy định luôn sử dụng vớ/tất, Quý khách vui lòng chuẩn bị vớ/tất trước khi vào khu vui chơi hoặc mua vớ/tất tại quầy.
Nhằm đảm bảo vệ sinh, khu vui chơi yêu cầu luôn mang tất trong suốt thời gian vui chơi.
Lưu ý: Luôn giữ vòng tay cẩn thận để được ra vào nhiều lần trong ngày nhé
Khách hàng áp dụng: Trẻ em từ 1 tuổi - dưới 13 tuổi, 01 vé áp dụng cho 01 trẻ + 01 người lớn
Ngày áp dụng: Tất cả các ngày trong tuần, bao gồm Lễ Tết
Giờ áp dụng: 09:00 - 21:00
Số lượng E-Voucher áp dụng: 01 voucher/ 01 bé kèm 01 phụ huynh
Phụ thu (nếu có): 1 bé kèm 1 phụ huynh nếu phát sinh thêm các phụ huynh khác thì phụ thu 20.000đ/Phụ huynh
Thông tin liên hệ đặt dịch vụ:
Hotline hỗ trợ: 1900 2065
Địa chỉ: Lô số B2-R5-27, TTTM Vincom Mega Mall Royal City, 72A Đ. Nguyễn Trãi, Phường Thanh Xuân, Hà Nội
Điều kiện khác
E-Voucher/E-Coupon không có giá trị quy đổi thành tiền mặt, không trả lại tiền thừa.
Không áp dụng đồng thời với chương trình khuyến mại khác",100,2026-08-23 00:00:00+00,2026-11-21 00:00:00+00,Dang ban,Không quy đổi thành tiền mặt. Hỗ trợ hoàn tiền nếu hủy trước 24h.,//cdn.lifelink.vn/img/c280x280/ADD-kizooona-Ha-Noi_01072026112111.jpg?sign=g11oea8IaOkiV4p4-Ak-mQ,0,40000000-0000-0000-0000-000000000003
5c22fb59-a65f-4d27-ad76-71e3f74348b5,Voucher Bulgogi Burger Set tại Lotteria,"Voucher Bulgogi Burger Set tại Lotteria mang đến combo burger thơm ngon cùng Pepsi (M) mát lạnh.
Burger Bulgogi nổi bật với phần thịt đậm vị sốt Bulgogi đặc trưng, hấp dẫn ngay từ miếng đầu tiên.
Voucher điện tử chính hãng, dễ dàng đặt mua và sử dụng trên hệ thống Lotteria.
Phù hợp cho bữa sáng, bữa trưa hoặc bữa ăn nhanh đầy đủ và tiện lợi.
Lotteria là thương hiệu thức ăn nhanh được đông đảo khách hàng yêu thích tại Việt Nam.
LifeLink giúp bạn mua voucher nhanh chóng, tiết kiệm thời gian và chi phí.",62000.00,58000.00,"Voucher không áp dụng hình thức đổi trả/ hủy/ hoàn tiền.
Được sử dụng tối đa 5 voucher/ ngày/ hóa đơn.
Không áp dụng đổi hàng cho đơn hàng số lượng lớn (theo quy định của Lotteria).
Mỗi voucher chỉ được sử dụng 01 lần.
Chỉ áp dụng cho một số sản phẩm nhất định.
Trong trường hợp sản phẩm được chỉ định không có sẵn, khách hàng có thể lựa chọn các sản phẩm có cùng giá t.rị.
Không đổi được ra tiền mặt một phần hoặc toàn bộ.
Không hoàn trả hoặc bán lại đư���c.
Nếu giá tiền đơn đặt hàng của khách hàng vượt quá giá trị của voucher thì khách hàng phải thanh toán thêm số tiền chênh lệch đó.
Voucher không áp dụng cho các chương trình khuyến mãi khác.
Khách hàng có trách nhiệm bảo mật thông tin mã thẻ quà tặng sau khi đặt mua. LifeLink sẽ không chịu trách nhiệm hoàn trả các mã thẻ bị mất hoặc ở trạng thái ""đã sử dụng"" với bất kỳ lý do gì.
LifeLink sẽ không chịu trách nhiệm đối với chất lượng của sản phẩm được cung cấp cũng như đối với các tranh chấp về sau giữa khách hàng và nhà cung cấp.
LifeLink có quyền sửa chữa hoặc thay đổi điều khoản và điều kiện sử dụng mà không thông báo trước.
Hotline LifeLink: 1900 2065",100,2026-08-23 00:00:00+00,2026-11-21 00:00:00+00,Dang ban,Không quy đổi thành tiền mặt. Hỗ trợ hoàn tiền nếu hủy trước 24h.,//cdn.lifelink.vn/img/c280x280/Bulgogi-Burger-Set_28072026093610.jpg?sign=OX21iiYxgYUSBbl13HqbhA,0,40000000-0000-0000-0000-000000000001
5cf247eb-090a-4a05-8b27-f9f922700d50,Đài Quan Sát Lotte - Combo Vé vào cửa và tour 01 ngày ngắm thành phố bằng xe bus - Vé Người lớn,"""Vé Vào Cửa Đài Quan Sát Lotte - Vé 01 Ngày Tour Thành Phố Bằng Xe Buýt"" mang đến trải nghiệm tuyệt vời tới mọi du khách.
Tầm nhìn tuyệt vời từ Đài Quan Sát Lotte ở tầng 65 của Lotte Center Hà Nội, bao quát toàn cảnh thủ đô từ độ cao 272m.
Cầu kính trong suốt - Góc chụp “hot” và độc đáo nhất tại Đài Quan Sát, mang đến trải nghiệm mạnh mẽ và thú vị.
Tour tham quan 01 ngày giúp bạn khám phá những điểm du lịch nổi bật như Hoàng Thành Thăng Long, Lăng Bác, Hồ Tây, và nhiều địa danh khác.
Xe buýt hiện đại và tiện nghi, kết hợp với hướng dẫn viên chuyên nghiệp, giúp chuyến đi của bạn trở nên thuận tiện và dễ dàng.
Tiết kiệm thời gian và chi phí khi tham gia tour trọn gói, không cần lo lắng về việc lên kế hoạch hay di chuyển.",480000.00,450000.00,"Khách hàng áp dụng: Khách hàng trên 12 tuổi
Ngày áp dụng: Thứ 2 - Chủ Nhật (Áp dụng cả ngày Lễ),
Thời gian mua vé combo: Từ 9h30 - 18h00 hàng ngày (Đổi vé tại quầy B1 đài quan sát LOTE HANOI SKY trước 18h00 hàng ngày)
Số lượng E-Voucher áp dụng: 01 voucher/ 01 người/ 01 lần sử dụng (không bù thêm tiền).
Phụ thu Lễ, Tết: Không phụ thu
Combo vé bao gồm vé vào cửa LOTTE Hanoi Sky và vé xe buýt Hanoi City Tour.
Vé không bao gồm thuê trang phục, in ảnh, trò chơi thực tế ảo, đồ uống SKYL, chụp ảnh Life4cuts.
Khi đổi vé online sang vé cứng, vé cứng phải được sử dụng cùng ngày.
Đổi vé cứng tại quầy vé trước 22h30 mỗi ngày.
Giờ hoạt động xe buýt Hanoi City Tour: 9h30 - 18h30 hàng ngày.
Mô tả trải nghiệm:
Sau khi thăm quan Đài Quan Sát LOTTE HANOI SKY tầng 65 sẽ xuống tầng 1 để trải nghiệm dịch vụ xe buýt Hanoi City Tour.
Tiếp tục di chuyển đến các điểm còn lại theo lộ trình
Vé bus cả ngày và lên xuống các điểm đến không giới hạn trong lộ trình.
Lộ Trình di chuyển:
Tòa nhà LOTTE Center Hanoi (Điểm khởi hành tại tầng 1)
Chùa Võng Thị
Chùa Tảo Sách
Chùa Kim Liên
Hoàng Thành Thăng Long
Lăng Bác
Văn Miếu Quốc Tử Giám
Nhà Tù Hỏa Lò
Nhà Hát Lớn
Chợ Đồng Xuân
Ga Long Biên
Chùa Trấn Quốc
Hồ Tây
Lưu ý:
Combo vé Hanoi City Bus đã mua không hoàn/hủy.
Xe buýt chạy tần suất 30 - 45 phút/chuyến. Thời gian lên/xuống xe buýt có thể chênh lệch phụ thuộc vào tình hình giao thông thực tế tại Hà Nội.
Khung giờ xe bus đón khách có thể thay đổi và sẽ được thông báo trực tiếp tại quầy.
Quý khách có thể quay lại điểm khởi hành LOTTE Center Hanoi hoặc xuống bất kỳ điểm nào trong lộ trình di chuyển.
18h30 là khung giờ
chuyến cuối
trong ngày và dừng tại các điểm Bờ Hồ hoặc Nhà Hát Lớn Hà Nội (theo ngày)
Trong trường hợp khách muốn quay lại điểm đón Lotte thì chủ động thông báo với Xe Bus
Điểm cuối trong lộ trình có thay đổi phụ thuộc vào ngày thường/cuối tuần:
Ngày thường (Thứ 2 đến Thứ 5): Bờ Hồ (bãi đỗ xe buýt đường Đinh Tiên Hoàng)
Cuối tuần (Thứ 6, Thứ 7, Chủ nhật) và các ngày Lễ, Tết: Nhà Hát Lớn Hà Nội
Khách hàng liên hệ đăng ký dịch vụ trước khi đến để được phục vụ tốt nhất
Điện thoại: 024 3333 6565
Một khách hàng được mua nhiều E-Voucher/E-Coupon
E-Voucher/E-Coupon không có giá trị quy đổi thành tiền mặt, không trả lại tiền thừa.
Không áp dụng đồng thời với chương trình khuyến mại khác",100,2026-08-23 00:00:00+00,2026-11-21 00:00:00+00,Dang ban,Không quy đổi thành tiền mặt. Hỗ trợ hoàn tiền nếu hủy trước 24h.,//cdn.lifelink.vn/img/c280x280/9_08052026150905.jpg?sign=YTfZAuW7rN6d9Q3dOZQyEA,0,40000000-0000-0000-0000-000000000003
5da7a165-94dd-4f0d-ad33-0d7edf13d3e8,SH Premium Lounge Phu Bai tại Sân bay Quốc tế Phú Bài - Vé trẻ em,"Voucher áp dụng cho ""SH Premium Lounge Phu Bai tại Sân bay Quốc tế Phú Bài - Vé trẻ em"" mang đến cho quý khách một không gian dừng chân lý tưởng, đẳng cấp.
Phòng chờ
SH Premium Lounge Phu Bai
sở hữu phong cách kiến trúc hiện đại, có bố cục và nội thất được thiết kế tỉ mỉ, mang dấu ấn riêng biệt, cùng dịch vụ định hướng 5 sao.
Phòng chờ được chia thành nhiều khu vực chức năng như: chỗ nghỉ ngơi, quầy bar/ buffet, phòng hút thuốc... luôn đáp ứng một các tốt nhất nhu cầu đa dạng của hành khách.
Đặc biệt, menu đa dạng, chế biến khéo léo và bày trí đẹp mắt từ các truyền thống của Huế như: bánh bột lọc, nem lụi, trà cung đình Huế... đến những món khai vị/ đồ uống/ đồ tráng miệng đặc sắc.
Với đội ngũ nhân viên chuyên nghiệp, chu đáo, nhiệt tình cùng phong cách phục vụ cởi mở, chân thành, hiếu khách, Phòng chờ
SH Premium Lounge Phu Bai
hứa hẹn làm hài lòng mọi quý khách hàng.",200000.00,190000.00,"Voucher bao gồm:
Mã ưu đãi 1 lượt sử dụng dịch vụ phòng chờ SH Premium Lounge Phu Bai tại Sân bay Quốc tế Phú Bài - Vé trẻ em
Thời gian sử dụng tại Phòng khách là tối đa 03 giờ trước giờ khởi hành ban đầu
Địa điểm áp dụng: Tầng 2, Khu cách ly Quốc nội, Cảng HKQT Phú Bài
Vị trí: Ga đi Quốc nội - Sân Bay Phú Bài - Huế
Khách hàng được sử dụng mọi dịch vụ tại phòng chờ theo quy định của phòng chờ.
Mã ưu đãi chỉ có giá trị sử dụng một lần. Không chấp nhận Voucher ưu đãi quá hạn sử dụng hoặc trạng thái “Đã sử dụng”.
Vui lòng xuất trình mã ưu đãi cho nhân viên tại quầy để được áp dụng ưu đãi.
Khách hàng có thể được yêu cầu trả thêm tiền nếu sử dụng quá giá trị của Mã ưu đãi.
Lưu ý:
Khách hàng sẽ thanh toán trực tiếp tại quầy lễ tân theo bảng giá công bố cho khách lẻ tại mỗi phòng chờ khi:
Khách hàng sử dụng quá thời gian quy định của phòng chờ.
Khách hàng có phát sinh các dịch vụ khác thêm tại phòng chờ
Khách hàng có trẻ em đi kèm mà chưa đăng ký dịch vụ trước qua LifeLink 1900 2065. Thời gian thông báo tối thiểu với LifeLink trước 1 ngày sử dụng dịch vụ LifeLink hoàn toàn không chịu trách nhiệm khi có các phát sinh thêm bên trên.""
Khách hàng áp dụng: Khách từ 5 đến 12 tuổi
Ngày áp dụng: Tất cả các ngày trong tuần, bao gồm Lễ Tết
Giờ áp dụng: 06:00 - 22:00
Số lượng E-Voucher áp dụng:
01 voucher/khách/1 lượt sử dụng
Áp dụng nhiều voucher trên 1 hóa đơn
Dịch vụ bao gồm: Các dịch vụ theo tiêu chuẩn tại phòng chờ
Dịch vụ không bao gồm: Chi phí cá nhân và các chi phí phát sinh khác
Chính sách phụ thu trẻ em
Miễn phí tối đa cho 02 trẻ em dưới 5 tuổi đi kèm cùng mỗi người lớn sử dụng dịch vụ Phòng khách.
Trẻ em dưới 5 tuổi thứ ba trở đi và Trẻ em từ 5 tuổi đến 12 tuổi mức phí bằng 50% đơn giá niêm yết/trẻ em.
Hành khách trên 12 tuổi được tính như quy định đối với người lớn.
Các trường hợp người đi kèm, nếu không được thông báo trước, dịch vụ gia tăng sẽ do Khách hàng tự thanh toán tại quầy lễ tân theo bảng giá công bố cho khách lẻ tại Phòng khách.
Chính sách phụ thu sử dụng thêm giờ
Thời gian sử dụng tại Phòng khách là tối đa 03 giờ trước giờ khởi hành ban đầu.
Cứ mỗi 03 (ba) tiếng thêm giờ phát sinh được xác định là 01 (một) khung thêm giờ (Block). Thời gian thêm giờ phát sinh dưới 3 (ba) tiếng được tính tròn là 01 (một) Block.
Đơn giá thêm giờ là: 50% phí dịch vụ /khách/ block (thêm giờ).
Hành khách tự thanh toán chi phí thêm giờ trực tiếp tại quầy lễ tân theo giá công bố tại phòng khách.
Quy trình sử dụng dịch vụ
Bước 1: Khách hàng Xuất trình xuất trình mã ưu đãi/ mã QR trên ứng dụng LifeLink/ hoặc email/ hoặc Zalo cùng Thẻ lên tàu bay tại quầy lễ tân Phòng khách.
Bước 2: Nhân viên Phòng khách xác thực mã QR trên hệ thống.
Trường hợp 1: Xác thực không thành công: Nhân viên Lễ tân Phòng khách từ chối phục vụ khách đồng thời Nhờ khách hàng liên hệ lại Hotline LifeLink 1900 2065 để được hỗ trợ nhanh chóng.
Trường hợp 2: Xác thực thành công: Nhân viên Lễ tân Phòng khách hoàn tất trên hệ thống.
Bước 3: Nhân viên Lễ tân Phòng khách mời Hành khách sử dụng Dịch vụ Phòng chờ Thương gia.
Điều kiện lưu ý bắt buộc
Các trường hợp phát sinh không thông báo trước như: Có vé trẻ em đi kèm,... sẽ do Khách hàng tự thanh toán tại quầy lễ tân theo bảng giá công bố cho khách lẻ tại Phòng khách, LifeLink hoàn toàn không chịu trách nhiệm.
Thời gian thông báo tối thiểu trước 1 ngày sử dụng dịch vụ
Hotline hỗ trợ tư vấn (9h-20h): 1900 2065
Điều kiện khác
Áp dụng 01 E-Voucher/E-Coupon cho 01 khách
Một khách hàng được mua nhiều E-Voucher/E-Coupon
E-Voucher/E-Coupon không có giá trị quy đổi thành tiền mặt, không trả lại tiền thừa.
Không áp dụng đồng thời với chương trình khuyến mại khác
Mã ưu đãi được xuất ra sẽ không được đổi trả dưới mọi hình thức.
Giá trên đã bao gồm phí phục vụ và thuế GTGT",100,2026-08-23 00:00:00+00,2026-11-21 00:00:00+00,Dang ban,Không quy đổi thành tiền mặt. Hỗ trợ hoàn tiền nếu hủy trước 24h.,//cdn.lifelink.vn/img/c280x280/2_13052026160452.jpg?sign=1oXEFpVK8FoZYuisvFy3UA,0,40000000-0000-0000-0000-000000000004
5ebdd10d-f893-44ad-ab70-9d26991032b3,Đài Quan Sát Lotte - Combo Vé vào cửa và Tour 4 tiếng ngắm thành phố bằng xe bus - Vé Người lớn,"""Vé Vào Cửa Đài Quan Sát Lotte - Vé 4 Tiếng Tour Thành Phố Bằng Xe Buýt"" mang đến trải nghiệm tuyệt vời tới mọi du khách
Tầm nhìn tuyệt vời từ Đài Quan Sát Lotte ở tầng 65 của Lotte Center Hà Nội, bao quát toàn cảnh thủ đô từ độ cao 272m.
Cầu kính trong suốt - Góc chụp “hot” và độc đáo nhất tại Đài Quan Sát, mang đến trải nghiệm mạnh mẽ và thú vị.
Tour tham quan 4 Tiếng giúp bạn khám phá những điểm du lịch nổi bật như Hoàng Thành Thăng Long, Lăng Bác, Hồ Tây, và nhiều địa danh khác.
Xe buýt hiện đại và tiện nghi, kết hợp với hướng dẫn viên chuyên nghiệp, giúp chuyến đi của bạn trở nên thuận tiện và dễ dàng.
Tiết kiệm thời gian và chi phí khi tham gia tour trọn gói, không cần lo lắng về việc lên kế hoạch hay di chuyển.",380000.00,360000.00,"Khách hàng áp dụng: Khách hàng trên 12 tuổi
Ngày áp dụng: Thứ 2 - Chủ Nhật (Áp dụng cả ngày Lễ),
Thời gian mua vé combo: Từ 9h30 - 18h00 hàng ngày (Đổi vé tại quầy B1 đài quan sát LOTE HANOI SKY trước 18h00 hàng ngày)
Số lượng E-Voucher áp dụng: 01 voucher/ 01 người/ 01 lần sử dụng (không bù thêm tiền).
Phụ thu Lễ, Tết: Không phụ thu
Combo vé bao gồm vé vào cửa LOTTE Hanoi Sky và vé xe buýt Hanoi City Tour.
Vé không bao gồm thuê trang phục, in ảnh, trò chơi thực tế ảo, đồ uống SKYL, chụp ảnh Life4cuts.
Khi đổi vé online sang vé cứng, vé cứng phải được sử dụng cùng ngày.
Đổi vé cứng tại quầy vé trước 22:30 mỗi ngày.
Giờ hoạt động xe buýt Hanoi City Tour: 9:30 - 18:30 hàng ngày.
Mô tả trải nghiệm:
Sau khi thăm quan Đài Quan Sát LOTTE HANOI SKY tầng 65 sẽ xuống tầng 1 để trải nghiệm dịch vụ xe buýt Hanoi City Tour.
Tiếp tục di chuyển đến các điểm theo lộ trình
Lên xuống các điểm đến không giới hạn trong lộ trình.
Vé xe bus có hiệu lực trong vòng 4 tiếng.
Lộ Trình di chuyển:
Tòa nhà LOTTE Center Hanoi (Điểm khởi hành tại tầng 1)
Chùa Võng Thị
Chùa Tảo Sách
Chùa Kim Liên
Hoàng Thành Thăng Long
Lăng Bác
Văn Miếu Quốc Tử Giám
Nhà Tù Hỏa Lò
Nhà Hát Lớn
Chợ Đồng Xuân
Ga Long Biên
Chùa Trấn Quốc
Hồ Tây
Lưu ý:
Combo vé Hanoi City Bus đã mua không hoàn/hủy.
Xe buýt chạy tần suất 30 - 45 phút/chuyến. Thời gian lên/xuống xe buýt có thể chênh lệch phụ thuộc vào tình hình giao thông thực tế tại Hà Nội.
Khung giờ xe bus đón khách có thể thay đổi và sẽ được thông báo trực tiếp tại quầy.
Quý khách có thể quay lại điểm khởi hành LOTTE Center Hanoi hoặc xuống bất kỳ điểm nào trong lộ trình di chuyển.
18h30 là khung giờ
chuyến cuối
trong ngày và dừng tại các điểm Bờ Hồ hoặc Nhà Hát Lớn Hà Nội (theo ngày)
Trong trường hợp khách muốn quay lại điểm đón Lotte thì chủ động thông báo với Xe Bus
Điểm cuối trong lộ trình có thay đổi phụ thuộc vào ngày thường/cuối tuần:
Ngày thường (Thứ 2 đến Thứ 5): Bờ Hồ (bãi đỗ xe buýt đường Đinh Tiên Hoàng)
Cuối tuần (Thứ 6, Thứ 7, Chủ nhật) và các ngày Lễ, Tết: Nhà Hát Lớn Hà Nội
Khách hàng liên hệ đăng ký dịch vụ trước khi đến để được phục vụ tốt nhất
Điện thoại: 024 3333 6565
Một khách hàng được mua nhiều E-Voucher/E-Coupon
E-Voucher/E-Coupon không có giá trị quy đổi thành tiền mặt, không trả lại tiền thừa.
Không áp dụng đồng thời với chương trình khuyến mại khác",100,2026-08-23 00:00:00+00,2026-11-21 00:00:00+00,Dang ban,Không quy đổi thành tiền mặt. Hỗ trợ hoàn tiền nếu hủy trước 24h.,//cdn.lifelink.vn/img/c280x280/23_08052026150928.jpg?sign=MfX6X1rRdr_uN0xULfY5VA,0,40000000-0000-0000-0000-000000000003
6265f89c-1610-446b-973d-826676e52147,Tour City Sightseeing Ngắm cảnh Đêm 1 vòng Hà Nội vé người lớn bao gồm Lễ Tết,"Voucher áp dụng cho ""Tham quan tour đêm City Sightseeing thành phố Hà Nội 1 vòng - Vé người lớn"" mang đến cho quý khách những kỷ niệm khó quên.
Quý khách sẽ được ngắm nhìn Hà Nội sôi động về đêm, ngắm nhìn từng con phố lấp lánh trong ánh đèn. Những con phố đông còn quá ồn ào tấp nập, Hoàng Thành Thăng Long, Văn Miếu Quốc Tử Giám sáng rực, uy nghiêm mà lộng lẫy.
Xe buýt hai tầng Vietnam Sightseeing tại Hà Nội độc đáo, sạch sẽ.
Nhân viên phục vụ chu đáo nhiệt tình.
Nhân viên lái xe chuyên nghiệp.",150000.00,141000.00,"Khách hàng áp dụng
: Người lớn từ 12 tuổi trở lên
Thời gian hoạt động
Các ngày trong tuần: Thứ 2 - Chủ Nhật
Thời gian: 18h00 - 20h30
Tần suất: 30’/ 1 chuyến
Thời gian: 60 - 70 phút/ lộ trình
Lộ trình khởi hành
1. Địa điểm khởi hành: Nhà Hát Lớn
2. Vườn hoa Con Cóc
3. Bưu Điện Hà Nội (trong tuần)
4. Phố Cổ Hà Nội (quầy thông tin Du lịch ở Hồ Gươm) (trong tuần)
5. Nhà Thờ Lớn
6. Cột Cờ Hà Nội
7. Hoàng thành Thăng Long
8. Đền Quán Thánh
9. Chùa Trấn Quốc
10. Lăng Chủ tịch Hồ Chí Minh
11. Văn Miếu - Quốc Tử Giám
12. Nhà tù Hoả Lò
13. Nhà thờ Lớn
14. Bảo tàng Phụ nữ
15. Nhà Hát Lớn
Phương tiện di chuyển
: Có 2 loại xe đang vận hành tại Hà Nội (xe chạy theo khung giờ đã được xếp)
Xe Thoáng Nóc: 5 xe
Tầng 1: 12 ghế + 2 chỗ đứng và xe lăn
Tầng 2: 42 ghế
Xe Có Mái: 1 xe
Tầng 1: 12 ghế mềm + 4 chỗ đứng và xe lăn
Tầng 2: 40 ghế (20 bên ngoài, 20 bên trong)
Địa điểm đón khách
: Địa điểm có thể đổi vé và lên xe bus 02 tầng
Điểm cố định và chính (từ thứ 2 đến Chủ Nhật)
Quầy kiosk màu đỏ với logo City Sightseeing: vườn hoa 19/8 (đối diện với khách sạn Hilton đường Lê Thánh Tông)
Quầy Thông tin Du Lịch: Đối diện 13 Đinh Tiên Hoàng – Hồ Hoàn Kiếm – Hà Nội
Quầy di động: Trước Nhà Hát Múa Rối Nước Thăng Long – số 57B Đinh Tiên Hoàn
Dịch vụ không bao gồm
Phí vào cửa
Thức ăn và đồ uống khác
Đón và trả khách sạn
Tiền tips (không bắt buộc)
Dịch vụ tiện ích bao gồm
Nhân viên hỗ trợ trên xe
Khách được phát áo mưa khi trời mưa.
Ngôn ngữ thuyết minh qua audio: Tour đêm sẽ ngắm cảnh và không sử dụng tai nghe nghe thuyết minh auto guide.
Lưu ý
:
Vé chỉ có giá trị sử dụng để đi 1 vòng, tính từ địa điểm khách lên đầu tiên & trả về đúng địa điểm đó. Vé không có giá trị lên xuống tại điểm, khi khách xuống vé sẽ hết hiệu lực.
Trẻ em từ 6- 11 tuổi sẽ tính vé theo bảng giá vé.
Trẻ em dưới 6 tuổi sẽ miễn phí, ngồi trên lòng người lớn. 1 người lớn sẽ kèm theo 1 bé dưới 6 tuổi.
Khách hàng phải làm thủ tục check in hoặc đổi vé điện tử/voucher tại bến xe trước khi sử dụng vé.
Xe đón được ở 2 điểm quầy ở Hồ Gươm từ thứ 2 đến 19h00 tối thứ 6 hàng tuần, sau 19.00 thứ 6 đến 21.00 tối Chủ nhật do phố đi bộ xe sẽ không đón ở đây, khách sẽ lên ở điểm Nhà Hát Lớn.
Hotline đặt tour & tư vấn
: 19002065
Điều kiện hoãn/huỷ tour
: Voucher không hoàn hủy
Điều kiện khác
Áp dụng 01 E-Voucher/E-Coupon cho 01 khách
Một khách hàng được mua nhiều E-Voucher/E-Coupon
E-Voucher/E-Coupon không có giá trị quy đổi thành tiền mặt, không trả lại tiền thừa.
Không áp dụng đồng thời với chương trình khuyến mại khác",100,2026-08-23 00:00:00+00,2026-11-21 00:00:00+00,Dang ban,Không quy đổi thành tiền mặt. Hỗ trợ hoàn tiền nếu hủy trước 24h.,//cdn.lifelink.vn/img/c280x280/ADD-City-Sightseeing-9_15062026112730.jpg?sign=uRRWNH5zXrgQVDpJfAwYFw,0,40000000-0000-0000-0000-000000000003
62899bd2-fa8a-48b9-837a-172795ac25c7,"Vé Tàu Hà Nội 5 Cửa Ô Tầng Xép - Toa Ô Cầu Dền, Ô Quan Chưởng, Ô Cầu Giấy, Ô Đống Mác - The Hanoi Train","Vé Tàu Hà Nội 5 Cửa Ô Tầng Xép mang đến trải nghiệm ngắm cảnh mới lạ trên The Hanoi Train.
Không gian tầng xép được thiết kế hiện đại, tạo cảm giác thoáng đãng và tầm nhìn rộng mở.
Các toa Ô Cầu Dền, Ô Quan Chưởng, Ô Cầu Giấy và Ô Đống Mác tái hiện dấu ấn của Thăng Long ngàn năm văn hiến.
Nội thất sang trọng kết hợp kiến trúc, nghệ thuật và văn hóa Hà Nội trong từng chi tiết.
Hệ thống cửa kính lớn giúp du khách dễ dàng chiêm ngưỡng khung cảnh dọc hành trình.
Đặt vé nhanh chóng, tiện lợi và an tâm cùng LifeLink.",650000.00,650000.00,"Khách hàng áp dụng: Tất cả khách hàng từ 8 tuổi trở lên.
Ngày áp dụng
Tháng 7:
8h00: Ngày 17, 18, 19, 29, 31
13h30: Ngày 18, 19, 28
Tháng 08
8h00: Ngày 01, 02, 05, 07, 08, 09, 12, 14, 15, 16, 19, 21, 22, 23, 26, 28, 29, 30
13h30: Ngày 1, 2, 4, 6, 8, 9, 11, 13, 15, 16, 18, 20, 22, 23, 25, 27, 29, 30
Tháng 09
8h00: Ngày 01, 02, 04, 05, 06, 09, 11, 12, 13, 16, 18, 19, 20, 23, 25, 26, 27, 30
13h30: Ngày 01, 02, 05, 06, 08, 10, 12, 13, 15, 17, 19, 20, 22, 24, 26, 27, 29
Tháng 10
8h00: Ngày 02, 03, 04, 07, 09, 10, 11, 14, 16, 17, 18, 20, 21, 23, 25, 28, 30, 31
13h30: 01, 03, 04, 06, 08, 10, 11, 13, 15, 16, 17, 18, 20, 22, 24, 25, 27, 29, 31
Giờ áp dụng: 8h00 hoặc 13h30
Số lượng E-Voucher áp dụng: 01 E-voucher/ 1 khách
Lưu ý:
Trẻ em dưới 3 tuổi miễn phí vé, sử dụng chung chỗ với người lớn, mỗi người lớn được kèm tối đa 01 trẻ em dưới 3 tuổi, từ trẻ em thứ 2 trở lên phải mua vé trẻ em
Trẻ từ 3- 8 tuổi: Giảm 10% so với giá vé người lớn
Khách hàng liên hệ đăng ký dịch vụ trước khi đến để được phục vụ tốt nhất
Điện thoại: 1900 2065
Địa chỉ: Cửa 1C, sảnh Bắc - Ga Hà Nội - 120 Lê Duẩn - Văn Miếu - Hà Nội
Điều kiện khác
E-Voucher không có giá trị quy đổi thành tiền mặt, không trả lại tiền thừa.
Không áp dụng đồng thời với chương trình khuyến mại khác
Vé đã mua không hoàn/ hủy",100,2026-08-23 00:00:00+00,2026-11-21 00:00:00+00,Dang ban,Không quy đổi thành tiền mặt. Hỗ trợ hoàn tiền nếu hủy trước 24h.,//cdn.lifelink.vn/img/c280x280/ADD-5-cua-o-6_17072026120047.jpg?sign=H1qxxL82k37ZhP4eNvTxOQ,0,40000000-0000-0000-0000-000000000003
63e0ea35-10a8-47af-96da-d45262567527,SH Premium Lounge Tan Son Nhat tại Sân bay Quốc tế Tân Sơn Nhất- Vé trẻ em,"Phòng chờ Sông Hồng Premium Lounge Quốc nội - Nhà ga T3 tại sân bay Tân Sơn Nhất vé trẻ em - dành cho khách
từ 5 đến 12 tuổi.
Tọa lạc tại nhà ga T3 hiện đại, Sông Hồng Premium Lounge mang đến không gian nghỉ dưỡng sang trọng giữa nhịp sống sôi động của sân bay. Thiết kế lấy cảm hứng từ kiến trúc cung đình xưa kết hợp phong cách Neo-Vietnamese đương đại, sử dụng chất liệu truyền thống như gỗ, gốm, mây tre để tạo nên vẻ đẹp thanh lịch, đậm chất văn hóa Việt.
Phòng chờ được phân khu tinh tế, đáp ứng đa dạng nhu cầu từ nghỉ ngơi, làm việc đến thư giãn và ẩm thực. Thực đơn buffet phong phú, thay đổi linh hoạt trong ngày, kết hợp món Việt truyền thống và ẩm thực quốc tế. Tiện ích đầy đủ với ghế massage, khu hút thuốc, không gian làm việc riêng và tầm nhìn ra đường băng.
Điểm nhấn đặc biệt là dịch vụ chuẩn mực, đậm bản sắc Á Đông – nơi mỗi vị khách đều được đón tiếp bằng sự tinh tế, chuyên nghiệp và tận tâm.",245000.00,232750.00,"Voucher bao gồm:
Mã ưu đãi 1 lượt sử dụng dịch vụ phòng chờ SH Premium Lounge Tan Son Nhat tại Sân bay Quốc tế Tân Sơn Nhất - Vé trẻ em
Thời gian sử dụng tại Phòng khách là tối đa 03 giờ trước giờ khởi hành ban đầu
Địa điểm áp dụng: Tầng 4, Khu cách ly Quốc nội, Nhà ga T3, Cảng HKQT Tân Sơn Nhất
Vị trí: Ga đi Quốc nội - Sân Bay Tân Sơn Nhất - TP Hồ Chí Minh
Khách hàng được sử dụng mọi dịch vụ tại phòng chờ theo quy định của phòng chờ.
Mã ưu đãi chỉ có giá trị sử dụng một lần. Không chấp nhận Voucher ưu đãi quá hạn sử dụng hoặc trạng thái “Đã sử dụng”.
Vui lòng xuất trình mã ưu đãi cho nhân viên tại quầy để được áp dụng ưu đãi.
Khách hàng có thể được yêu cầu trả thêm tiền nếu sử dụng quá giá trị của Mã ưu đãi.
Lưu ý:
Khách hàng sẽ thanh toán trực tiếp tại quầy lễ tân theo bảng giá công bố cho khách lẻ tại mỗi phòng chờ khi:
Khách hàng sử dụng quá thời gian quy định của phòng chờ.
Khách hàng có phát sinh các dịch vụ khác thêm tại phòng chờ
Khách hàng có trẻ em đi kèm mà chưa đăng ký dịch vụ trước qua LifeLink 1900 2065. Thời gian thông báo tối thiểu với LifeLink trước 1 ngày sử dụng dịch vụ LifeLink hoàn toàn không chịu trách nhiệm khi có các phát sinh thêm bên trên.
Khách hàng áp dụng: Khách trên 12 tuổi
Ngày áp dụng: Tất cả các ngày trong tuần, bao gồm Lễ Tết
Giờ áp dụng: 24/24
Số lượng E-Voucher áp dụng:
01 voucher/khách/1 lượt sử dụng
Áp dụng nhiều voucher trên 1 hóa đơn
Dịch vụ bao gồm: Các dịch vụ theo tiêu chuẩn tại phòng chờ
Dịch vụ không bao gồm: Chi phí cá nhân và các chi phí phát sinh khác
Chính sách phụ thu trẻ em:
Miễn phí tối đa cho 02 trẻ em dưới 5 tuổi đi kèm cùng mỗi người lớn sử dụng dịch vụ Phòng khách.
Trẻ em dưới 5 tuổi thứ ba trở đi và Trẻ em từ 5 tuổi đến 12 tuổi mức phí bằng 50% đơn giá niêm yết/trẻ em.
Hành khách trên 12 tuổi được tính như quy định đối với người lớn.
Các trường hợp người đi kèm, nếu không được thông báo trước, dịch vụ gia tăng sẽ do Khách hàng tự thanh toán tại quầy lễ tân theo bảng giá công bố cho khách lẻ tại Phòng khách.
Chính sách phụ thu sử dụng thêm giờ:
Thời gian sử dụng tại Phòng khách là tối đa 03 giờ trước giờ khởi hành ban đầu.
Cứ mỗi 03 (ba) tiếng thêm giờ phát sinh được xác định là 01 (một) khung thêm giờ (Block). Thời gian thêm giờ phát sinh dưới 3 (ba) tiếng được tính tròn là 01 (một) Block.
Đơn giá thêm giờ là: 50% phí dịch vụ /khách/ block (thêm giờ).
Hành khách tự thanh toán chi phí thêm giờ trực tiếp tại quầy lễ tân theo giá công bố tại phòng khách.
Quy trình sử dụng dịch vụ:
Bước 1: Khách hàng Xuất trình xuất trình mã ưu đãi/ mã QR trên ứng dụng LifeLink/ hoặc email/ hoặc Zalo cùng Thẻ lên tàu bay tại quầy lễ tân Phòng khách.
Bước 2: Nhân viên Phòng khách xác thực mã QR trên hệ thống.
Trường hợp 1: Xác thực không thành công: Nhân viên Lễ tân Phòng khách từ chối phục vụ khách đồng thời Nhờ khách hàng liên hệ lại Hotline LifeLink 1900 2065 để được hỗ trợ nhanh chóng.
Trường hợp 2: Xác thực thành công: Nhân viên Lễ tân Phòng khách hoàn tất trên hệ thống.
Bước 3: Nhân viên Lễ tân Phòng khách mời Hành khách sử dụng Dịch vụ Phòng chờ Thương gia.
Điều kiện lưu ý bắt buộc:
Các trường hợp phát sinh không thông báo trước như: Có vé trẻ em đi kèm,... sẽ do Khách hàng tự thanh toán tại quầy lễ tân theo bảng giá công bố cho khách lẻ tại Phòng khách, LifeLink hoàn toàn không chịu trách nhiệm.
Thời gian thông báo tối thiểu trước 1 ngày sử dụng dịch vụ
Hotline hỗ trợ tư vấn (9h-20h): 1900 2065
Điều kiện khác:
Áp dụng 01 E-Voucher/E-Coupon cho 01 khách
Một khách hàng được mua nhiều E-Voucher/E-Coupon
E-Voucher/E-Coupon không có giá trị quy đổi thành tiền mặt, không trả lại tiền thừa.
Không áp dụng đồng thời với chương trình khuyến mại khác
Mã ưu đãi được xuất ra sẽ không được đổi trả dưới mọi hình thức.
Giá trên đã bao gồm phí phục vụ và thuế GTGT",100,2026-08-23 00:00:00+00,2026-11-21 00:00:00+00,Dang ban,Không quy đổi thành tiền mặt. Hỗ trợ hoàn tiền nếu hủy trước 24h.,//cdn.lifelink.vn/img/c280x280/2_13052026140821.jpg?sign=WCHCvxbKTt6ODAudw8WGMg,0,40000000-0000-0000-0000-000000000004
65a43069-7337-4ea8-ac20-0f7226a8a193,Evoucher Hộp quà Trung Thu Đồng Lạc I 2026 phiên bản hộp Vai Popup 3D cao cấp - Combo 6 bánh,"Combo gồm 6 bánh Trung Thu 150g với nhiều hương vị đa dạng, phù hợp để thưởng thức và chia sẻ.
Hộp Vali Popup 3D cao cấp ép kim vàng 9999, kích thước 38 x 26 x 8,5 cm.
Thiết kế lấy cảm hứng từ không khí đêm hội Trung Thu, giàu màu sắc văn hóa và tinh thần đoàn viên.
Kèm túi giấy Ivory sang trọng, giúp món quà hoàn chỉnh và thuận tiện khi trao tặng.
Có thiệp Trung Thu để doanh nghiệp gửi lời chúc và thông điệp riêng đến người nhận.
Tặng kèm bộ dao nĩa, tăng tính tiện dụng khi thưởng thức bánh.
Phù hợp làm quà tri ân khách hàng, đối tác và nhân viên trong mùa Trung Thu 2026.",989000.00,840000.00,"Khách hàng áp dụng: Tất cả khách hàng
Ngày áp dụng: Thứ 2 - Thứ 6
Giờ áp dụng: 9:00 - 17:00
Số lượng E-Voucher áp dụng: Sử dụng 01 voucher/01 hộp quà. Không giới hạn số lượng voucher/ hóa đơn.
Thông tin cách mua hàng HƯỚNG DẪN ĐỔI VOUCHER
Bước 1. Khách hàng nhận voucher liên hệ GIVISTA để đổi hộp quà Trung Thu 2026
Hotline/Zalo: 0969117926
Facebook:
Tại đây
Bước 2. Cung cấp mã voucher để đổi hộp quà
Bước 3. Khách hàng thanh toán phí vận chuyển trực tiếp cho đơn vị vận chuyển
Lưu ý: Không hỗ trợ khách hàng đổi quà trực tiếp tại cửa hàng
Điều kiện khác
Một khách hàng được mua nhiều E-Voucher/E-Coupon
E-Voucher/E-Coupon không có giá trị quy đổi thành tiền mặt, không trả lại tiền thừa.
Không áp dụng đồng thời với chương trình khuyến mại khác
Voucher chưa bao gồm phí vận chuyển Hộp quà tặng đến khách hàng.",100,2026-08-23 00:00:00+00,2026-11-21 00:00:00+00,Dang ban,Không quy đổi thành tiền mặt. Hỗ trợ hoàn tiền nếu hủy trước 24h.,//cdn.lifelink.vn/img/c280x280/ADD-rung-Thu-Dong-Lac-I-6banh_11082026154111.jpg?sign=oIqknwNJxKZcv1CZ7fqpWQ,0,40000000-0000-0000-0000-000000000001
65b47537-7516-4e0c-a8e4-1e56c1d3f171,Sen Hàng Tre và Trần Hưng Đạo - Gói trị liệu chuyên sâu 120 phút phòng tiêu chuẩn,"Voucher áp dụng cho ""Gói trị liệu chuyên sâu 120 phút phòng tiêu chuẩn tại Sen Hàng Tre & Sen Trần Hưng Đạo"" mang lại cảm giác thư thái, hoàn hảo.
Khu xông hơi được trang bị 5 liệu pháp tắm - xông tiêu chuẩn, bao gồm xông hơi đá muối, xông hơi thảo dược, tắm lá Dao đỏ, ngâm bồn sục jacuzzi, và ngâm bể lạnh với nhiệt độ 18 độ C.
Không gian spa thiết kế ấm cúng và sang trọng theo phong cách Indochine kết hợp với tân cổ điển, tạo nên một môi trường độc đáo và ấn tượng.
Đội ngũ kỹ thuật viên dày dạn kinh nghiệm, được đào tạo bài bản và kiểm tra nghiêm ngặt theo chuẩn y học cổ truyền.
Cơ sở vật chất hiện đại và đa dạng, với nhiều loại phòng chuyên biệt như phòng đơn, phòng đôi, phòng ba, phòng tập thể và phòng VIP Deluxe, mang đến sự thoải mái tối đa cho khách hàng.
Spa áp dụng phương pháp chăm sóc sức khỏe và trị liệu theo y học cổ truyền Việt Nam, kết hợp với các sản phẩm từ thiên nhiên để đảm bảo hiệu quả tối ưu.",594000.00,509000.00,"Thởi gian 01 lần dịch vụ: 120 phút
Ngày áp dụng: Thứ 2 - Chủ nhật. Không áp dụng cho các ngày Lễ, tết
Giờ áp dụng: 09h30 - 22h30
Khách hàng áp dụng: Nữ/ Nam
Số lượng E-Voucher áp dụng:
Sử dụng 1 phiếu/ 1 người/ 1 lần dịch vụ (Không bù tiền)
Tiền TIP tối thiểu từ 100.000 VND/1 người
Khách hàng vui lòng liên hệ trước khi qua spa:
72B phố Trần Hưng Đạo, phường Trần Hưng Đạo, Quận Hoàn Kiếm, Thành phố Hà Nội - 0243 637 3999 Hoặc 077 276 0863 Hoặc 077 276 0863
Số 20 Hàng Tre, Quận Hoàn Kiếm, Thành phố Hà Nội - 024 3987 9797 Hoặc 085 787 9797
E-Voucher/E-Coupon không có giá trị quy đổi thành tiền mặt, không trả lại tiền thừa
Không áp dụng đồng thời với chương trình khuyến mại khác
Giá đã bao gồm VAT.",100,2026-08-23 00:00:00+00,2026-11-21 00:00:00+00,Dang ban,Không quy đổi thành tiền mặt. Hỗ trợ hoàn tiền nếu hủy trước 24h.,//cdn.lifelink.vn/img/c280x280/Sen-Tai-Thu-14_11052026115055.jpg?sign=rQtoCt2tZprws9CdaSAKpg,0,40000000-0000-0000-0000-000000000002
65ec6c73-7898-4dc5-9bd2-e0429a89b8c5,kidzooona Sense City Cần Thơ - Vé vào cổng khu vui chơi bao gồm Lễ Tết,"Thỏa sức khám phá không gian vui chơi hiện đại, nhiều góc check-in cực “chill” tại kidzooona Sense City Cần Thơ.
Là điểm đến lý tưởng cho gia đình, trẻ nhỏ và nhóm bạn muốn cùng nhau tận hưởng những phút giây giải trí năng động, bổ ích.
Không gian khu vui chơi rộng rãi, sạch sẽ, thiết kế an toàn giúp phụ huynh yên tâm đồng hành cùng bé.
Đa dạng chủ đề vui chơi sáng tạo, khuyến khích trẻ khám phá, phát triển kỹ năng xã hội, gắn kết bạn bè.
Đội ngũ nhân viên thân thiện, môi trường văn minh – hỗ trợ tối đa cho các em nhỏ trong quá trình trải nghiệm.
Thích hợp cho các buổi tụ họp gia đình, mừng sinh nhật, hoặc một chuyến du ngoạn cuối tuần ý nghĩa.
Giá vé ưu đãi khi đặt trước qua LifeLink, tiết kiệm chi phí, linh hoạt lựa chọn cho mọi thành viên.
Đặt vé ngay trên LifeLink để dễ dàng lên lịch cho hành trình vui chơi tại kidzooona Sense City Cần Thơ!",120000.00,96000.00,"Voucher áp dụng cho Vé vào cổng dành cho 1 bé và 1 người lớn tạikidzooona Sense City Cần Thơ bao gồm Lễ Tết
Voucher không bao gồm vớ/tất.
Khu vui chơi quy định luôn sử dụng vớ/tất, Quý khách vui lòng chuẩn bị vớ/tất trước khi vào khu vui chơi hoặc mua vớ/tất tại quầy.
Nhằm đảm bảo vệ sinh, khu vui chơi yêu cầu luôn mang tất trong suốt thời gian vui chơi.
Lưu ý: Luôn giữ vòng tay cẩn thận để được ra vào nhiều lần trong ngày nhé
Khách hàng áp dụng: Trẻ em từ 1 tuổi đến dưới 12 tuổi, 01 vé áp dụng cho 01 trẻ + 01 người lớn
Ngày áp dụng: Tất cả các ngày trong tuần, bao gồm Lễ Tết
Giờ áp dụng: 09:00 - 21:00
Số lượng E-Voucher áp dụng: 01 voucher/ 01 bé kèm 01 phụ huynh
Phụ thu (nếu có) 1 bé kèm 1 phụ huynh nếu phát sinh thêm các phụ huynh khác thì phụ thu 20.000đ/Phụ huynh
Thông tin liên hệ đặt dịch vụ
Hotline hỗ trợ: 1900 2065
Địa chỉ: L2-11, Lầu 2; L3-03 và L3-05, Lầu 3, TTTM Sense City Cần Thơ, số 01 Đại Lộ Hòa Bình, Phường Ninh Kiều, Thành phố Cần Thơ.
Điều kiện khác
E-Voucher/E-Coupon không có giá trị quy đổi thành tiền mặt, không trả lại tiền thừa.
Không áp dụng đồng thời với chương trình khuyến mại khác",100,2026-08-23 00:00:00+00,2026-11-21 00:00:00+00,Dang ban,Không quy đổi thành tiền mặt. Hỗ trợ hoàn tiền nếu hủy trước 24h.,//cdn.lifelink.vn/img/c280x280/ADD-Kizooona-11_06072026140348.jpg?sign=LSDL8I1XLAPKDEuCHYD4aw,0,40000000-0000-0000-0000-000000000003
6700dbee-2af7-4f11-b149-656176bfe349,Voucher Combo Beef Spaghetti tại Lotteria,"Voucher Combo Beef Spaghetti tại Lotteria bao gồm 01 Mỳ Ý thịt bò (S) và 01 Pepsi (M).
Mỳ Ý được chế biến với sợi mì mềm dai, kết hợp sốt thịt bò đậm đà, thơm ngon.
Pepsi (M) mát lạnh giúp cân bằng hương vị và mang đến bữa ăn trọn vẹn hơn.
Combo phù hợp cho bữa trưa, bữa tối hoặc bữa ăn nhanh đầy đủ dinh dưỡng.
Voucher chính hãng, sử dụng thuận tiện tại hệ thống Lotteria trên toàn quốc.
Đặt mua dễ dàng trên LifeLink để tận hưởng nhiều chương trình ưu đãi hấp dẫn.",56000.00,53000.00,"Voucher không áp dụng hình thức đổi trả/ hủy/ hoàn tiền.
Được sử dụng tối đa 5 voucher/ ngày/ hóa đơn.
Không áp dụng đổi hàng cho đơn hàng số lượng lớn (theo quy định của Lotteria).
Mỗi voucher chỉ được sử dụng 01 lần.
Chỉ áp dụng cho một số sản phẩm nhất định.
Trong trường hợp sản phẩm được chỉ định không có sẵn, khách hàng có thể lựa chọn các sản phẩm có cùng giá t.rị.
Không đổi được ra tiền mặt một phần hoặc toàn bộ.
Không hoàn trả hoặc bán lại được.
Nếu giá tiền đơn đặt hàng của khách hàng vượt quá giá trị của voucher thì khách hàng phải thanh toán thêm số tiền chênh lệch đó.
Voucher không áp dụng cho các chương trình khuyến mãi khác.
Khách hàng có trách nhiệm bảo mật thông tin mã thẻ quà tặng sau khi đặt mua. LifeLink sẽ không chịu trách nhiệm hoàn trả các mã thẻ bị mất hoặc ở trạng thái ""đã sử dụng"" với bất kỳ lý do gì.
LifeLink sẽ không chịu trách nhiệm đối với chất lượng của sản phẩm được cung cấp cũng như đối với các tranh chấp về sau giữa khách hàng và nhà cung cấp.
LifeLink có quyền sửa chữa hoặc thay đổi điều khoản và điều kiện sử dụng mà không thông báo trước.
Hotline LifeLink: 1900 2065",100,2026-08-23 00:00:00+00,2026-11-21 00:00:00+00,Dang ban,Không quy đổi thành tiền mặt. Hỗ trợ hoàn tiền nếu hủy trước 24h.,//cdn.lifelink.vn/img/c280x280/Beef-Spaghetti_27072026113336.jpg?sign=6P7Qdpqe3_Unyd1RVp24mQ,0,40000000-0000-0000-0000-000000000001
688adb40-7a0b-4ba7-94d8-b68bd814fd89,Đài Quan Sát Lotte - Combo Vé vào cửa và Tour 4 tiếng ngắm thành phố bằng xe bus - Vé Trẻ em,"Combo Vé vào cửa Đài Quan Sát Lotte và Tour 4 tiếng ngắm thành phố bằng xe bus dành cho Trẻ em mang đến trải nghiệm tuyệt vời tới mọi du khách
Tầm nhìn tuyệt vời từ Đài Quan Sát Lotte ở tầng 65 của Lotte Center Hà Nội, bao quát toàn cảnh thủ đô từ độ cao 272m.
Cầu kính trong suốt - Góc chụp “hot” và độc đáo nhất tại Đài Quan Sát, mang đến trải nghiệm mạnh mẽ và thú vị.
Tour tham quan 4 tiếng giúp bạn khám phá những điểm du lịch nổi bật như Hoàng Thành Thăng Long, Lăng Bác, Hồ Tây, và nhiều địa danh khác.
Xe buýt hiện đại và tiện nghi, kết hợp với hướng dẫn viên chuyên nghiệp, giúp chuyến đi của bạn trở nên thuận tiện và dễ dàng.
Tiết kiệm thời gian và chi phí khi tham gia tour trọn gói, không cần lo lắng về việc lên kế hoạch hay di chuyển.",320000.00,290000.00,"Ngày 16/2/2026 (Tức 29 tết): Mở cửa từ 9h30 - 19h00, dừng bán vé lúc 18h00
Ngày 17/2/2026 (Mùng 1 Tết): Nghỉ
LOTTE Hanoi Sky Observation Deck sẽ mở cửa đón khách từ: 12h00 - 23h30 ngày 18/2/2026 (Tức Mùng 2 Tết)
Khách hàng áp dụng:
Khách hàng 3 tuổi - 12 tuổi
Dưới 3 tuổi miễn phí
Ngày áp dụng: Thứ 2 - Chủ Nhật (Áp dụng cả ngày Lễ),
Thời gian mua vé combo: Từ 9h30 - 18h00 hàng ngày (Đổi vé tại quầy B1 đài quan sát LOTE HANOI SKY trước 18h00 hàng ngày)
Số lượng E-Voucher áp dụng: 01 voucher/ 01 người/ 01 lần sử dụng (không bù thêm tiền).
Phụ thu Lễ, Tết: Không phụ thu
Combo vé bao gồm vé vào cửa LOTTE Hanoi Sky và vé xe buýt Hanoi City Tour.
Vé không bao gồm thuê trang phục, in ảnh, trò chơi thực tế ảo, đồ uống SKYL, chụp ảnh Life4cuts.
Khi đổi vé online sang vé cứng, vé cứng phải được sử dụng cùng ngày.
Đổi vé cứng tại quầy vé trước 22:30 mỗi ngày.
Giờ hoạt động xe buýt Hanoi City Tour: 9:30 - 18:30 hàng ngày.
Mô tả trải nghiệm:
Sau khi thăm quan Đài Quan Sát LOTTE HANOI SKY tầng 65 sẽ xuống tầng 1 để trải nghiệm dịch vụ xe buýt Hanoi City Tour.
Tiếp tục di chuyển đến các điểm theo lộ trình
Lên xuống các điểm đến không giới hạn trong lộ trình.
Vé xe bus có hiệu lực trong vòng 4 tiếng.
Lộ Trình di chuyển:
Tòa nhà LOTTE Center Hanoi (Điểm khởi hành tại tầng 1)
Chùa Võng Thị
Chùa Tảo Sách
Chùa Kim Liên
Hoàng Thành Thăng Long
Lăng Bác
Văn Miếu Quốc Tử Giám
Nhà Tù Hỏa Lò
Nhà Hát Lớn
Chợ Đồng Xuân
Ga Long Biên
Chùa Trấn Quốc
Hồ Tây
Lưu ý:
Combo vé Hanoi City Bus đã mua không hoàn/hủy.
Xe buýt chạy tần suất 30 - 45 phút/chuyến. Thời gian lên/xuống xe buýt có thể chênh lệch phụ thuộc vào tình hình giao thông thực tế tại Hà Nội.
Khung giờ xe bus đón khách có thể thay đổi và sẽ được thông báo trực tiếp tại quầy.
Quý khách có thể quay lại điểm khởi hành LOTTE Center Hanoi hoặc xuống bất kỳ điểm nào trong lộ trình di chuyển.
18h30 là khung giờ
chuyến cuối
trong ngày và dừng tại các điểm Bờ Hồ hoặc Nhà Hát Lớn Hà Nội (theo ngày)
Trong trường hợp khách muốn quay lại điểm đón Lotte thì chủ động thông báo với Xe Bus
Điểm cuối trong lộ trình có thay đổi phụ thuộc vào ngày thường/cuối tuần:
Ngày thường (Thứ 2 đến Thứ 5): Bờ Hồ (bãi đỗ xe buýt đường Đinh Tiên Hoàng)
Cuối tuần (Thứ 6, Thứ 7, Chủ nhật) và các ngày Lễ, Tết: Nhà Hát Lớn Hà Nội
Khách hàng liên hệ đăng ký dịch vụ trước khi đến để được phục vụ tốt nhất
Điện thoại: 024 3333 6565
Một khách hàng được mua nhiều E-Voucher/E-Coupon
E-Voucher/E-Coupon không có giá trị quy đổi thành tiền mặt, không trả lại tiền thừa.
Không áp dụng đồng thời với chương trình khuyến mại khác",100,2026-08-23 00:00:00+00,2026-11-21 00:00:00+00,Dang ban,Không quy đổi thành tiền mặt. Hỗ trợ hoàn tiền nếu hủy trước 24h.,//cdn.lifelink.vn/img/c280x280/16_08052026150914.jpg?sign=HDVg8a5Y8nymZ2Xyo69Sxw,0,40000000-0000-0000-0000-000000000003
6b1d161a-da60-486a-9d61-e599781ebeb6,Cinesphere - Vé trải nghiệm công nghệ 360 Double Flight VR dành cho 02 khách,"Đến với công nghệ 360 Double Flight VR quý khách sẽ được đắm chìm trong không gian nghệ thuật đã giác quan với phim 8D
Hệ thống mô phỏng tàu lượn siêu tốc 360 độ đưa người xem xuyên không gian từ vũ trụ bao la đến thành phố tương lai chỉ bằng một cú chạm
Với vé trải nghiệm 360 double flight VR người chơi sẽ được ngồi trên ghế chuyển động đa chiều, kết hợp với kính VR:
Cảm nhận tăng tốc, rơi tự do, xoay vòng 360°, hiệu ứng rung lắc, nghiêng, lật cực kỳ sống động, hình ảnh sắc nét, đồng bộ hoàn hảo với chuyển động thực tế
Người chơi có thể tự chọn nội dung trải nghiệm: tàu lượn, phiêu lưu, kinh dị, khám phá…
Chơi được 1 hoặc 2 người cùng lúc
Trải nghiệm nhanh, mạnh, phù hợp giải trí tức thì",160000.00,140000.00,"Voucher áp dụng cho Vé trải nghiệm công nghệ 360 Double Flight VR dành cho 02 khách
Khách hàng áp dụng: Áp dụng cho khách từ 8 tuổi trở lên hoặc chiều cao trên 1m3
Ngày áp dụng: Tất cả các ngày trong tuần, ko bao gồm Lễ Tết, bù Lễ (theo quy định Nhà Nước)
Giờ áp dụng: 10:00 - 22:00
Lưu ý: Dưới 8 tuổi hoặc dưới 1m3, cân nặng quá 90kg không phù hợp trải nghiệm
Lễ Tết phụ thu: 5%
Số lượng E-Voucher áp dụng: 01 voucher/ 01 khách
Áp dụng nhiều voucher/1 hóa đơn
Thông tin liên hệ đặt dịch vụ:
Hotline hỗ trợ: 1900 2065
Hotline phòng vé: 0366 431 179
Tầng 4 Vạn Hạnh Mall, 11 Sư Vạn Hạnh, Phường Hòa Hưng, TP. Hồ Chí Minh
Điều kiện khác
Một khách hàng được mua nhiều E-Voucher/E-Coupon
E-Voucher/E-Coupon không có giá trị quy đổi thành tiền mặt, không trả lại tiền thừa.
Không áp dụng đồng thời với chương trình khuyến mại khác",100,2026-08-23 00:00:00+00,2026-11-21 00:00:00+00,Dang ban,Không quy đổi thành tiền mặt. Hỗ trợ hoàn tiền nếu hủy trước 24h.,//cdn.lifelink.vn/img/c280x280/Cinesphere-Vạn-Hạnh-Mall--1-_08052026103440.jpg?sign=3f4Ra9W23toxXMzKUo-2Ew,0,40000000-0000-0000-0000-000000000003
6b58274f-6800-4c32-b5a8-2b99412f82e7,Voucher Cánh Gà Sốt Creamy Onion 10 miếng tại Chicken Plus,"Voucher Cánh Gà Sốt Creamy Onion (10 miếng) tại Chicken Plus gồm 10 cánh gà giòn rụm phủ sốt Creamy Onion thơm béo.
Lớp sốt Creamy Onion đậm vị, béo ngậy kết hợp hoàn hảo với lớp vỏ gà vàng giòn.
Combo đi kèm cơm nắm, đu đủ ngâm, xà lách và sốt Creamy Onion giúp bữa ăn thêm tròn vị.
Voucher điện tử chính hãng, dễ dàng mua và sử dụng tại Chicken Plus.
Chicken Plus nổi tiếng với công thức gà chiên chuẩn Hàn và các loại sốt độc quyền.
LifeLink mang đến trải nghiệm mua voucher nhanh chóng, tiện lợi và tiết kiệm.",179000.00,174000.00,"Mỗi voucher chỉ được sử dụng 01 lần có thể áp dụng được nhiều voucher cho 01 đơn hàng.
Không có giá trị quy đổi thành tiền mặt, không được hoàn trả tiền thừa.
Chỉ áp dụng cho một số sản phẩm nhất định.
Không hoàn trả hoặc bán lại được.
Nếu giá tiền đơn đặt hàng của khách hàng vượt quá giá trị của voucher thì khách hàng phải thanh toán thêm số tiền chênh lệch đó.
LifeLink không xuất hoá đơn VAT cho khách hàng.
Khách hàng có trách nhiệm bảo mật thông tin mã thẻ quà tặng sau khi đặt mua. LifeLink sẽ không chịu trách nhiệm hoàn trả các mã thẻ bị mất hoặc ở trạng thái ""Đã sử dụng"" với bất kỳ lý do gì.
LifeLink sẽ không chịu trách nhiệm đối với chất lượng sản phẩm hoặc dịch vụ được cung cấp cũng như đối với các tranh chấp về sau giữa khách hàng và nhà cung cấp.
LifeLink có quyền sửa chữa hoặc thay đổi điều khoản và điều kiện sử dụng mà không thông báo trước.
Hotline
LifeLink
: 1900 2065
Địa điểm sử dụng:
https://docs.google.com/spreadsheets/d/1ErdtQi5FCClFIjOWs27EIjhuq0tAGmsG/edit?gid=829289209#gid=829289209",100,2026-08-23 00:00:00+00,2026-11-21 00:00:00+00,Dang ban,Không quy đổi thành tiền mặt. Hỗ trợ hoàn tiền nếu hủy trước 24h.,//cdn.lifelink.vn/img/c280x280/Voucher-Canh-ga-sot-Creamy-Onion_29072026084138.jpg?sign=AcLcr_qd5T4Kk81KDk_e7A,0,40000000-0000-0000-0000-000000000001
6c1b11e3-93e9-4f04-ac20-87f4144d3d1f,Ruby Cruise - Du ngoạn Vịnh Hạ Long 2 ngày 1 đêm,"Cabin 16m² tiêu chuẩn với cửa sổ kính hướng biển, sức chứa tối đa 2 người lớn, đầy đủ tiện nghi hiện đại.
Trọn gói bữa ăn trên tàu: sáng, trưa, tối theo tiêu chuẩn nhà hàng 4 sao, mang đậm hương vị biển cả.
Miễn phí hướng dẫn viên tiếng Anh, vé tham quan, chèo kayak và dụng cụ câu mực đêm.
Du thuyền Ruby Cruise 4 sao – thiết kế gỗ truyền thống kết hợp đá cẩm thạch, phục vụ chu đáo và không khí riêng tư.
Hành trình khám phá Vịnh Hạ Long: đảo Titop, Hang Sửng Sốt, Hang Luồn, tiệc trà chiều và lớp nấu ăn.
Thư giãn hoàn hảo trên sundeck với Sunset Party và thưởng thức cảnh hoàng hôn diễm lệ trên Vịnh.
Xe đưa đón khứ hồi từ Hà Nội, hỗ trợ check-in tại nhà chờ riêng, có Wi-Fi miễn phí.
Đặt tour trên LifeLink để nhận ưu đãi độc quyền, số lượng có hạn cho kỳ nghỉ cuối tuần sắp tới!",4900000.00,4520000.00,"Dịch vụ bao gồm:
Hạng phòng
Deluxe Double/ Twin View với chỗ nghỉ tiện nghi, máy lạnh hiện đại
Tiện ích khác
Hướng dẫn viên nói tiếng Anh
Phí tham quan và vé tham quan
Tất cả các bữa ăn trên tàu: sáng, trưa, tối
Chèo thuyền kayak
Wi-Fi trên xe đưa đón và văn phòng chờ
Đồ uống chào mừng
Bảo hiểm và thuế GTGT
Thời gian nhận trả phòng:
Check-in sớm, check-out muộn: Tùy thuộc vào tình trạng phòng và có thể sẽ phụ thu theo quy định của khách sạn
Lưu ý:
Không bao gồm: Đồ uống, tiền thưởng và các chi phí cá nhân khác
Không bao gồm dịch vụ vận chuyển Hà Nội - Hạ Long - Hà Nội
Việc tăng phí vào cửa có thể được áp dụng vào năm 2026 theo Ban quản lý Vịnh Hạ Long
Không áp dụng trong dịp Lễ, Tết
Phụ thu:
Phụ thu dịch vụ xe bus: 200.000vnđ/chiều/người (nếu có đặt xe đón)
Phụ thu dịch vụ xe Limousine: 350.000vnđ/chiều/người (nếu có đặt xe đón)
Phụ thu Dạ tiệc bắt buộc: 700.000vnđ/người lớn và 500.000vnđ/trẻ em với các đêm: Giáng sinh (24/12), Giao thừa (31/12), Tết Nguyên đán (30/12 và 01, 02, 03 tháng Giêng Âm lịch)
Thông tin liên hệ:
Địa chỉ: Nhà chờ G55, Cảng số 2, Cảng tàu Quốc tế Tuần Châu - Quảng Ninh
Hotline: 1900 2065 hoặc 0934 661 016
Điều kiện khác:
01 e-Voucher áp dụng cho 2 người lớn/1 phòng
Khách hàng cần liên hệ đăng ký dịch vụ trước khi đến để được phục vụ tốt nhất
e-Voucher không có giá trị quy đổi thành tiền mặt, không trả lại tiền thừa
Không áp dụng đồng thời với chương trình khuyến mại khác
Không hoàn/hủy booking dưới bất kỳ hình thức nào",100,2026-08-23 00:00:00+00,2026-11-21 00:00:00+00,Dang ban,Không quy đổi thành tiền mặt. Hỗ trợ hoàn tiền nếu hủy trước 24h.,//cdn.lifelink.vn/img/c280x280/Ruby-Cruise-1_20052026170653.jpg?sign=8UUtGuXRoUXoBjsTEWINFQ,0,40000000-0000-0000-0000-000000000004
6c21429b-25be-4316-a6f4-a01dd22562ea,Ccomaya Kids Phú Mỹ Hưng - Vé vui chơi từ thứ 3 đến thứ 6,"Voucher áp dụng cho ""Vé vào cổng khu vui chơi Ccomaya Kids Phú Mỹ Hưng - Áp dụng thứ 3 đến thứ 6"" mang đến cho các bé những giờ phút giải trí vui vẻ và ý nghĩa.
Có hơn 30 trò chơi đa dạng, được chia thành nhiều khu như khu chơi nhà bóng, khu trang điểm, khu hoa quả, lắp ghép và phòng game…
Từ những trò chơi nhẹ nhàng đến các hoạt động thể chất đều được thiết kế phù hợp với độ tuổi của bé, đảm bảo an toàn tuyệt đối cho bé.
Mỗi khu vực riêng biệt đều có nhân viên túc trực theo sát hoạt động vui chơi của các bé.
Ccomaya còn sở hữu thực đơn Âu Á chuẩn vị có hơn 50 món do các đầu bếp giàu kinh nghiệm lựa chọn và chế biến.
Ccomaya Kids tổ chức các gói tiệc sinh nhật trọn gói cho bé, rất thích hợp để phụ huynh lựa chọn tổ chức tiệc cho bé yêu nhà mình.
Đội ngũ nhân viên chu đáo, nhiệt tình, Ccomaya Kids hứa hẹn sẽ làm hài lòng mọi quý khách hàng.",100000.00,80000.00,"Khách hàng áp dụng: Các bé từ 1 tuổi đến 11 tuổi
Ngày áp dụng: Từ thứ 3 đến thứ 6. (Trừ thứ 2, thứ 7, chủ nhật và các ngày Lễ, Tết, Bù Lễ theo lịch nghỉ của nhà nước)
Giờ áp dụng: 11h00 - 22h00
Số lượng E-Voucher áp dụng:
01 voucher/ 1 vé (Không bù thêm tiền)
01 bé đi kèm 01 người lớn bố hoặc mẹ đi cùng
Bắt buộc oder 1 món bất kì trong menu để tránh phụ thu 50k
Không giới hạn số lượng voucher/ hóa đơn
Khách đoàn liên hệ đăng ký dịch vụ trước khi đến để được phục vụ tốt nhất:
Địa chỉ: Ccomaya Kids Phú Mỹ Hưng: 101 - 103 - 105 - 107 Khu Phố Mỹ Hào, Phường Tân Phong, Quận 7, Thành phố Hồ Chí Minh
Hotline: 0903 838 713
Một khách hàng được mua nhiều E-Voucher/E-Coupon
E-Voucher/E-Coupon không có giá trị quy đổi thành tiền mặt, không trả lại tiền thừa
Không áp dụng đồng thời với chương trình khuyến mại khác.",100,2026-08-23 00:00:00+00,2026-11-21 00:00:00+00,Dang ban,Không quy đổi thành tiền mặt. Hỗ trợ hoàn tiền nếu hủy trước 24h.,//cdn.lifelink.vn/img/c280x280/Ccomaya-Kids-Cafe_08052026102102.jpg?sign=ZdiMJEbjL4NKA26AyzLNzQ,0,40000000-0000-0000-0000-000000000003
6c2487f2-d54b-4bf4-9119-e741a759774f,"KDL Thúy Thuận Đà Lạt - Combo Vé tham quan, ăn sáng và 1 phần nước dành cho Trẻ em","Voucher giảm giá, đặt dịch vụ tiện lợi cho Combo Vé tham quan, ăn sáng và 1 phần nước dành cho Trẻ em.
Không gian xanh mát, tiểu cảnh đẹp và kiến trúc châu Âu lãng mạn.
Tham quan xưởng sản xuất cà phê, tìm hiểu quy trình thú vị.
Vị trí gần Thác Vọng, đèo Tà Nung - thuận tiện kết hợp tham quan nhiều điểm đến.
Hoạt động vui chơi phong phú: khu vui chơi trẻ em, câu cá, cắm trại…
Không khí trong lành, an toàn cho trẻ nhỏ vui chơi.
Đặt nhanh, nhận ưu đãi liền tay qua LifeLink.",140000.00,122000.00,"Khách hàng áp dụng: Khách hàng từ 90cm - 130cm
Bao gồm:
MIỄN PHÍ
đi kèm các dịch vụ:
Xe điện đưa đón 2 chiều
Trò chơi trải nghiệm đạp xe trên mặt hồ
Bắn cung
Bắn nỏ
Đạp thuyền SUP
Phi tiêu
Xích đu bay
Bumper Boats
Thông tin đặt tour: Voucher ưu đãi chỉ hiệu lực sử dụng khi Quý khách Đăng ký Ngày tham quan qua Hotline LifeLink
Phụ thu: Đối với các ngày Lễ - Tết, bù Lễ (theo quy định Nhà Nước), Khu du lịch Thuý Thuận Đà Lạt xin phép phụ thu 20.000 vnđ đối với các loại vé có kèm ăn sáng và  buffet, phụ thu 20% đối với set ăn theo menu.
Điều kiện hoãn/huỷ tour: Voucher không hoàn hủy
Hướng dẫn các bước sử dụng voucher:
Bước 1: Quý khách mua vé tham quan ưu đãi
Bước 2: Quý khách cần liên hệ LifeLink trước ít nhất 24h để đặt lịch và đổi Voucher sang vé vào cổng cho ngày tham quan
Bước 3: LifeLink xuất Vé QR vào zalo/ sms cho Quý khách (Ngày khởi hành, Địa điểm, quy định chung...)
Bước 4: Quý khách sử dụng dịch vụ
Điều kiện khác:
Áp dụng 01 e-Voucher/e-Coupon cho 01 khách
Một khách hàng được mua nhiều e-Voucher/e-Coupon
e-Voucher/e-Coupon không có giá trị quy đổi thành tiền mặt, không trả lại tiền thừa
Không áp dụng đồng thời với chương trình khuyến mại khác.",100,2026-08-23 00:00:00+00,2026-11-21 00:00:00+00,Dang ban,Không quy đổi thành tiền mặt. Hỗ trợ hoàn tiền nếu hủy trước 24h.,//cdn.lifelink.vn/img/c280x280/5_11052026153729.jpg?sign=atfeJc5bDOGf_MkkCGtF_w,0,40000000-0000-0000-0000-000000000003
6c44cb76-d834-405e-9511-9eca8533a6f8,Evoucher - Hộp quà Trung Thu Đoàn Viên 2026 phiên bản Nam Châm cao cấp - Combo 2 bánh,"Evoucher - Hộp quà Trung Thu ""Đoàn Viên"" 2026 phiên bản Nam Châm cao cấp - Combo 2 bánh là lựa chọn quà tặng doanh nghiệp tinh tế trong mùa Trung Thu.
Thiết kế hộp nam châm cao cấp ép kim vàng 9999 sang trọng, mang đậm ý nghĩa đoàn viên.
Bao gồm 2 bánh trung thu cao cấp với hương vị truyền thống và hiện đại.
Đi kèm túi giấy Ivory, thiệp Trung Thu và bộ dao nĩa tiện lợi.
Phù hợp làm quà tặng khách hàng, đối tác và nhân viên.
Evoucher giúp đặt mua nhanh chóng, thuận tiện trên LifeLink.",289000.00,245000.00,"Khách hàng áp dụng: Tất cả khách hàng
Ngày áp dụng: Thứ 2 - Thứ 6
Giờ áp dụng: 9:00 - 17:00
Số lượng E-Voucher áp dụng: Sử dụng 01 voucher/01 hộp quà. Không giới hạn số lượng voucher/ hóa đơn.
Thông tin cách mua hàng HƯỚNG DẪN ĐỔI VOUCHER
Bước 1. Khách hàng nhận voucher liên hệ GIVISTA để đổi hộp quà Trung Thu 2026
Hotline/Zalo: 0969117926
Facebook:
Tại đây
Bước 2. Cung cấp mã voucher để đổi hộp quà
Bước 3. Khách hàng thanh toán phí vận chuyển trực tiếp cho đơn vị vận chuyển
Lưu ý: Không hỗ trợ khách hàng đổi quà trực tiếp tại cửa hàng
Điều kiện khác
Một khách hàng được mua nhiều E-Voucher/E-Coupon
E-Voucher/E-Coupon không có giá trị quy đổi thành tiền mặt, không trả lại tiền thừa.
Không áp dụng đồng thời với chương trình khuyến mại khác
Voucher chưa bao gồm phí vận chuyển Hộp quà tặng đến khách hàng.",100,2026-08-23 00:00:00+00,2026-11-21 00:00:00+00,Dang ban,Không quy đổi thành tiền mặt. Hỗ trợ hoàn tiền nếu hủy trước 24h.,//cdn.lifelink.vn/img/c280x280/ADD-Doan-Vien-2-banh_10082026172729.jpg?sign=abdc44UHna-vsDAoS9hlAQ,0,40000000-0000-0000-0000-000000000001
6c483e64-0e04-44d7-aa7e-75f06beb0c1b,Voucher Cánh Gà Truyền Thống 10 miếng tại Chicken Plus,"Voucher Cánh Gà Truyền Thống (10 miếng) tại Chicken Plus mang đến 10 miếng cánh gà giòn rụm, thơm ngon chuẩn vị Hàn Quốc.
Cánh gà được chế biến theo công thức truyền thống với lớp vỏ vàng giòn và thịt mềm ngọt bên trong.
Combo đi kèm cơm nắm, đu đủ ngâm và xà lách giúp bữa ăn thêm cân bằng và hấp dẫn.
Voucher điện tử chính hãng, dễ dàng mua và sử dụng trên hệ thống Chicken Plus.
Chicken Plus nổi tiếng với công thức gà chiên độc quyền và chất lượng đồng đều.
LifeLink giúp bạn đặt mua voucher nhanh chóng, an toàn và tiết kiệm chi phí.",159000.00,155000.00,"Mỗi voucher chỉ được sử dụng 01 lần có thể áp dụng được nhiều voucher cho 01 đơn hàng.
Không có giá trị quy đổi thành tiền mặt, không được hoàn trả tiền thừa.
Chỉ áp dụng cho một số sản phẩm nhất định.
Không hoàn trả hoặc bán lại được.
Nếu giá tiền đơn đặt hàng của khách hàng vượt quá giá trị của voucher thì khách hàng phải thanh toán thêm số tiền chênh lệch đó.
LifeLink không xuất hoá đơn VAT cho khách hàng.
Khách hàng có trách nhiệm bảo mật thông tin mã thẻ quà tặng sau khi đặt mua. LifeLink sẽ không chịu trách nhiệm hoàn trả các mã thẻ bị mất hoặc ở trạng thái ""Đã sử dụng"" với bất kỳ lý do gì.
LifeLink sẽ không chịu trách nhiệm đối với chất lượng sản phẩm hoặc dịch vụ được cung cấp cũng như đối với các tranh chấp về sau giữa khách hàng và nhà cung cấp.
LifeLink có quyền sửa chữa hoặc thay đổi điều khoản và điều kiện sử dụng mà không thông báo trước.
Hotline
LifeLink
: 1900 2065
Địa điểm sử dụng:
https://docs.google.com/spreadsheets/d/1ErdtQi5FCClFIjOWs27EIjhuq0tAGmsG/edit?gid=829289209#gid=829289209",100,2026-08-23 00:00:00+00,2026-11-21 00:00:00+00,Dang ban,Không quy đổi thành tiền mặt. Hỗ trợ hoàn tiền nếu hủy trước 24h.,//cdn.lifelink.vn/img/c280x280/Voucher-Canh-Ga-Sot-truyen-thong_28072026160949.jpg?sign=QHrr_oZ5zpnxkpUihPaydA,0,40000000-0000-0000-0000-000000000001
6f759652-776e-475d-979c-c2e4e64b3332,Voucher Đùi gà sốt Creamy Onion tại Chicken Plus,"Voucher Đùi gà sốt Creamy Onion tại Chicken Plus mang đến 5 chiếc đùi gà giòn rụm, phủ sốt Creamy Onion béo thơm hấp dẫn.
Lớp sốt Creamy Onion hòa quyện cùng lớp vỏ gà giòn tan tạo nên hương vị đặc trưng chuẩn Hàn Quốc.
Combo đi kèm cơm nắm, đu đủ ngâm, xà lách, sốt chua ngọt và sốt ngũ vị giúp bữa ăn thêm tròn vị.
Voucher điện tử chính hãng, dễ dàng mua và sử dụng tại hệ thống Chicken Plus.
Chicken Plus nổi tiếng với công thức gà chiên độc quyền cùng nhiều loại sốt đặc sắc.
LifeLink giúp bạn đặt mua voucher nhanh chóng, tiện lợi và tiết kiệm chi phí.",169000.00,164000.00,"Mỗi voucher chỉ được sử dụng 01 lần có thể áp dụng được nhiều voucher cho 01 đơn hàng.
Không có giá trị quy đổi thành tiền mặt, không được hoàn trả tiền thừa.
Chỉ áp dụng cho một số sản phẩm nhất định.
Không hoàn trả hoặc bán lại được.
Nếu giá tiền đơn đặt hàng của khách hàng vượt quá giá trị của voucher thì khách hàng phải thanh toán thêm số tiền chênh lệch đó.
LifeLink không xuất hoá đơn VAT cho khách hàng.
Khách hàng có trách nhiệm bảo mật thông tin mã thẻ quà tặng sau khi đặt mua. LifeLink sẽ không chịu trách nhiệm hoàn trả các mã thẻ bị mất hoặc ở trạng thái ""Đã sử dụng"" với bất kỳ lý do gì.
LifeLink sẽ không chịu trách nhiệm đối với chất lượng sản phẩm hoặc dịch vụ được cung cấp cũng như đối với các tranh chấp về sau giữa khách hàng và nhà cung cấp.
LifeLink có quyền sửa chữa hoặc thay đổi điều khoản và điều kiện sử dụng mà không thông báo trước.
Hotline
LifeLink
: 1900 2065
Địa điểm sử dụng:
https://docs.google.com/spreadsheets/d/1ErdtQi5FCClFIjOWs27EIjhuq0tAGmsG/edit?gid=829289209#gid=829289209",100,2026-08-23 00:00:00+00,2026-11-21 00:00:00+00,Dang ban,Không quy đổi thành tiền mặt. Hỗ trợ hoàn tiền nếu hủy trước 24h.,//cdn.lifelink.vn/img/c280x280/Voucher-Dui-ga-sot-Creamy-Onion_28072026165540.jpg?sign=EYalUB7p37xuvRX_JhVBHw,0,40000000-0000-0000-0000-000000000001
702f08f2-be30-4cec-9030-256edd2b0da0,Voucher Soybean Chicken Rice Set tại Lotteria,"Voucher Soybean Chicken Rice Set tại Lotteria mang đến bữa ăn thơm ngon với cơm sốt đậu đậm đà và Pepsi M mát lạnh.
Voucher chính hãng, dễ dàng mua và sử dụng thông qua LifeLink.
Phù hợp cho bữa trưa, bữa tối hoặc những bữa ăn nhanh đầy đủ dinh dưỡng.
Lotteria là thương hiệu thức ăn nhanh nổi tiếng với chất lượng được đông đảo khách hàng tin tưởng.
Thao tác mua voucher đơn giản, tiết kiệm thời gian và chi phí.
Thích hợp để sử dụng cá nhân hoặc làm quà tặng cho bạn bè, người thân.",59000.00,55000.00,"Voucher không áp dụng hình thức đổi trả/ hủy/ hoàn tiền.
Được sử dụng tối đa 5 voucher/ ngày/ hóa đơn.
Không áp dụng đổi hàng cho đơn hàng số lượng lớn (theo quy định của Lotteria).
Mỗi voucher chỉ được sử dụng 01 lần.
Chỉ áp dụng cho một số sản phẩm nhất định.
Trong trường hợp sản phẩm được chỉ định không có sẵn, khách hàng có thể lựa chọn các sản phẩm có cùng giá t.rị.
Không đổi được ra tiền mặt một phần hoặc toàn bộ.
Không hoàn trả hoặc bán lại được.
Nếu giá tiền đơn đặt hàng của khách hàng vượt quá giá trị của voucher thì khách hàng phải thanh toán thêm số tiền chênh lệch đó.
Voucher không áp dụng cho các chương trình khuyến mãi khác.
Khách hàng có trách nhiệm bảo mật thông tin mã thẻ quà tặng sau khi đặt mua. LifeLink sẽ không chịu trách nhiệm hoàn trả các mã thẻ bị mất hoặc ở trạng thái ""đã sử dụng"" với bất kỳ lý do gì.
LifeLink sẽ không chịu trách nhiệm đối với chất lượng của sản phẩm được cung cấp cũng như đối với các tranh chấp về sau giữa khách hàng và nhà cung cấp.
LifeLink có quyền sửa chữa hoặc thay đổi điều khoản và điều kiện sử dụng mà không thông báo trước.
Hotline LifeLink: 1900 2065",100,2026-08-23 00:00:00+00,2026-11-21 00:00:00+00,Dang ban,Không quy đổi thành tiền mặt. Hỗ trợ hoàn tiền nếu hủy trước 24h.,//cdn.lifelink.vn/img/c280x280/Soy-Bean-Chicken-Set_28072026091613.jpg?sign=AeDk9wGODzAO4LPpivYaVw,0,40000000-0000-0000-0000-000000000001
70c45de1-32d2-4d58-aaca-c8b941f6f05a,Tour Đêm City Sightseeing 1 vòng tham quan Hồ Chí Minh vé người lớn bao gồm Lễ Tết,"Voucher áp dụng ""Tour Đêm City Sightseeing 1 vòng tham quan Hồ Chí Minh vé người lớn bao gồm Lễ Tết"" mang đến
dịch vụ chất lượng cao mang đến một chuyến du lịch sáng tạo, thú vị và linh hoạt.
Xe buýt hai tầng Vietnam Sightseeing tại thành phố Hồ Chí Minh độc đáo, sạch sẽ.
Tham quan, ngắm cảnh vẻ đẹp của thành phố Hồ Chí Minh về đêm.
Nhân viên phục vụ chu đáo, nhiệt tình.
Nhân viên lái xe chuyên nghiệp.",145000.00,137000.00,"Khách hàng áp dụng
: Người lớn từ 12 tuổi trở lên
Thời gian hoạt động
Các ngày trong tuần: Từ 16h30 - 21h00
Tần suất: 30 phút /1 chuyến
Thời gian lộ trình: 45 phút/ lộ trình
Lộ trình khởi hành
1. Địa điểm khởi hành: Nhà Hát Thành Phố
2. Phố đi bộ Nguyễn Huệ
3. Bến Nhà Rồng
4. Tượng Đài Trần Hưng Đạo /Bến Bạch Đằng
5. Cầu Thủ Thiêm 1
6. Cầu Ba Son
7. Trung tâm thương mại Diamond Plaza
8. Hồ Con Rùa
9. Dinh Thống Nhất
10. Bưu Điện Thành Phố - Nhà Thờ Đức Bà
11. Nhà hát Thành phố
Phương tiện di chuyển
: Có 2 loại xe đang vận hành tại Sài Gòn
Xe Thoáng Nóc: 10 xe
Tầng 1: 12 ghế + 4 chỗ đứng và xe lăn
Tầng 2: 42 ghế
Xe Có Mái: 2 xe
Tầng 1: 12 ghế mềm + 4 chỗ đứng và xe lăn
Tầng 2: 40 ghế (20 bên ngoài, 20 bên trong)
Xe 1 Tầng: 3 xe
Tầng dưới: 6 ghế và xe lăn
Tầng trên: 29 ghế
Địa điểm đón khách
: Quầy kiosk màu đỏ với logo City Sightseeing Sài Gòn tại Nhà hát Thành Phố - Số 7 Công Trường Lam Sơn, Phường Sài Gòn, TP. Hồ Chí Minh
Dịch vụ không bao gồm
Phí vào cửa
Thức ăn và đồ uống khác
Đón và trả khách sạn
Tiền tips (không bắt buộc)
Dịch vụ tiện ích bao gồm
Áo mưa phương tiện miễn phí khi trời mưa.
Trên xe có nhân viên hỗ trợ và giải đáp thông tin cho khách
Ngôn ngữ thuyết minh qua audio (9 ngôn ngữ): KHÔNG HỖ TRỢ AUDIO THUYẾT MINH
Lưu ý
:
Vé chỉ có giá trị sử dụng để đi 1 vòng, tính từ địa điểm khách lên đầu tiên & trả về đúng địa điểm đó. Vé không có giá trị lên xuống tại điểm, khi khách xuống vé sẽ hết hiệu lực.
Trẻ em từ 6- 11 tuổi sẽ tính vé theo bảng giá vé.
Trẻ em dưới 6 tuổi sẽ miễn phí, ngồi trên lòng người lớn. 1 người lớn sẽ kèm theo 1 bé dưới 6 tuổi.
Khách hàng phải làm thủ tục check in hoặc đổi vé điện tử/voucher tại bến xe trước khi sử dụng vé.
Hotline đặt tour & tư vấn
: 19002065
Điều kiện hoãn/huỷ tour
: Voucher không hoàn hủy
Điều kiện khác
Áp dụng 01 E-Voucher/E-Coupon cho 01 khách
Một khách hàng được mua nhiều E-Voucher/E-Coupon
E-Voucher/E-Coupon không có giá trị quy đổi thành tiền mặt, không trả lại tiền thừa.
Không áp dụng đồng thời với chương trình khuyến mại khác",100,2026-08-23 00:00:00+00,2026-11-21 00:00:00+00,Dang ban,Không quy đổi thành tiền mặt. Hỗ trợ hoàn tiền nếu hủy trước 24h.,//cdn.lifelink.vn/img/c280x280/ADD-City-Sightseeing-17_15062026113114.jpg?sign=mOwKjBr6agYGX1lnRVBrcw,0,40000000-0000-0000-0000-000000000003
730dc07c-66a8-4873-bf6e-817163636780,Evoucher Hộp quà trung thu Thanh Liên Thưởng Lãm II 2026 phiên bản hộp xếp 2 cánh cửa cao cấp - Combo 6 bánh,"Evoucher Hộp quà trung thu Thanh Liên Thưởng Lãm II 2026 phiên bản hộp xếp 2 cánh cửa cao cấp - Combo 6 bánh sở hữu thiết kế hộp cánh mở hiện đại, sang trọng.
Hộp quà được ép kim vàng 9999 tinh xảo, kích thước 36 x 28 x 8 cm, tạo ấn tượng cao cấp khi trao tặng.
Khách hàng được lựa chọn 1 trong 2 combo GVS, mỗi combo gồm 6 bánh với sự kết hợp giữa hương vị truyền thống và hiện đại.
Thiết kế lấy cảm hứng từ đầm sen, núi non, dòng nước và khung cảnh thưởng trà, gửi gắm thông điệp về sự an yên, hòa hợp và viên mãn.
Hộp quà đi kèm túi giấy Ivory sang trọng, thiệp Trung Thu và bộ dao nĩa, hoàn thiện một set quà chỉn chu.
Sản phẩm đặc biệt phù hợp làm quà tặng doanh nghiệp, khách hàng, đối tác và người thân trong dịp Trung Thu 2026.
Đây là lựa chọn giúp người tặng thể hiện sự trân trọng, lời tri ân và mong muốn gắn kết những mối quan hệ bền lâu.",839000.00,710000.00,"Khách hàng áp dụng: Tất cả khách hàng
Ngày áp dụng: Thứ 2 - Thứ 6
Giờ áp dụng: 9:00 - 17:00
Số lượng E-Voucher áp dụng: Sử dụng 01 voucher/01 hộp quà. Không giới hạn số lượng voucher/ hóa đơn.
Thông tin cách mua hàng HƯỚNG DẪN ĐỔI VOUCHER
Bước 1. Khách hàng nhận voucher liên hệ GIVISTA để đổi hộp quà Trung Thu 2026
Hotline/Zalo: 0969117926
Facebook:
Tại đây
Bước 2. Cung cấp mã voucher để đổi hộp quà
Bước 3. Khách hàng thanh toán phí vận chuyển trực tiếp cho đơn vị vận chuyển
Lưu ý: Không hỗ trợ khách hàng đổi quà trực tiếp tại cửa hàng
Điều kiện khác
Một khách hàng được mua nhiều E-Voucher/E-Coupon
E-Voucher/E-Coupon không có giá trị quy đổi thành tiền mặt, không trả lại tiền thừa.
Không áp dụng đồng thời với chương trình khuyến mại khác
Voucher chưa bao gồm phí vận chuyển Hộp quà tặng đến khách hàng.",100,2026-08-23 00:00:00+00,2026-11-21 00:00:00+00,Dang ban,Không quy đổi thành tiền mặt. Hỗ trợ hoàn tiền nếu hủy trước 24h.,//cdn.lifelink.vn/img/c280x280/ADD-Thanh-Lien-Thuong-Lam-II-6banh_12082026095120.jpg?sign=qhKdPgegiTa-gnU57udeOw,0,40000000-0000-0000-0000-000000000001
7548306e-875e-4cc7-b819-47abecb4e996,Lotteria - Voucher L-Chicken Burger,"Thưởng thức 1 phần L-Chicken Burger nổi bật, phù hợp cho bữa ăn nhẹ đầy dinh dưỡng và tiện lợi.
Món ăn dễ dàng gọi món, tiết kiệm thời gian, phù hợp cho dân văn phòng, sinh viên và mọi đối tượng yêu fast food.
Không gian Lotteria thoáng mát, sạch sẽ, thiết kế tiện nghi để bạn thư giãn hoặc trò chuyện cùng bạn bè, người thân.
Thái độ phục vụ nhiệt tình, thân thiện từ đội ngũ nhân viên đảm bảo mang lại trải nghiệm hài lòng cho thực khách.
Cơ hội nhận ưu đãi tốt khi đặt 1 L-Chicken Burger qua LifeLink, tối ưu chi phí khi ăn uống ngoài hàng.
Món ăn đóng gói chỉn chu, đảm bảo vệ sinh an toàn thực phẩm trong mọi khâu chế biến và phục vụ tại Lotteria.
Deal phù hợp cho bữa ăn một mình, nghỉ trưa nhanh chóng hoặc hẹn hò nhẹ nhàng mà vẫn no trọn vị, tiện lợi tuyệt đối.
Đặt hàng trước dễ dàng, nhận ngay ưu đãi, không lo hết suất giờ cao điểm với LifeLink.",50000.00,47000.00,"Voucher không áp dụng hình thức đổi trả/ hủy/ hoàn tiền.
Được sử dụng tối đa 5 voucher/ ngày/ hóa đơn.
Không áp dụng đổi hàng cho đơn hàng số lượng lớn (theo quy định của Lotteria).
Mỗi voucher chỉ được sử dụng 01 lần.
Chỉ áp dụng cho một số sản phẩm nhất định.
Trong trường hợp sản phẩm được chỉ định không có sẵn, khách hàng có thể lựa chọn các sản phẩm có cùng giá trị.
Không đổi được ra tiền mặt một phần hoặc toàn bộ.
Không hoàn trả hoặc bán lại được.
Nếu giá tiền đơn đặt hàng của khách hàng vượt quá giá trị của voucher thì khách hàng phải thanh toán thêm số tiền chênh lệch đó.
Voucher không áp dụng cho các chương trình khuyến mãi khác.
Khách hàng có trách nhiệm bảo mật thông tin mã thẻ quà tặng sau khi đặt mua. LifeLink sẽ không chịu trách nhiệm hoàn trả các mã thẻ bị mất hoặc ở trạng thái ""đã sử dụng"" với bất kỳ lý do gì.
LifeLink sẽ không chịu trách nhiệm đối với chất lượng của sản phẩm được cung cấp cũng như đối với các tranh chấp về sau giữa khách hàng và nhà cung cấp.
LifeLink có quyền sửa chữa hoặc thay đổi điều khoản và điều kiện sử dụng mà không thông báo trước.
Hotline LifeLink:
1900.2065
Địa điểm sử dụng:
https://docs.google.com/spreadsheets/d/1-_9RU3u65LJRM1-rEKloOzzFp3AkzyAs/edit?gid=1161866668#gid=1161866668",100,2026-08-23 00:00:00+00,2026-11-21 00:00:00+00,Dang ban,Không quy đổi thành tiền mặt. Hỗ trợ hoàn tiền nếu hủy trước 24h.,//cdn.lifelink.vn/img/c280x280/ADD-Lotteria-Voucher-L-Chicken-Burger_11062026154507.jpg?sign=WUD7Hoo5H9oMiMQQMxE2ig,0,40000000-0000-0000-0000-000000000001
7584f40a-a7eb-404d-a358-7fbd215e44c1,Evoucher Hộp quà Trung Thu Đoàn Viên II 2026 phiên bản nam châm cao cấp - Combo 4 bánh và trà,"Hộp quà cao cấp gồm 4 bánh trung thu thượng hạng kết hợp trà lài thơm dịu.
Thiết kế hộp nam châm ép kim vàng 9999 sang trọng, tinh tế và đẳng cấp.
Lấy cảm hứng từ không khí đoàn viên truyền thống của đêm Trung Thu Việt Nam.
Phù hợp làm quà tặng khách hàng, đối tác, nhân viên và người thân.
Bao gồm đầy đủ túi giấy, thiệp Trung Thu và bộ dao nĩa tiện dụng.
Evoucher tiện lợi, dễ dàng đặt mua và gửi tặng ngay trên LifeLink.",569000.00,480000.00,"Khách hàng áp dụng: Tất cả khách hàng
Ngày áp dụng: Thứ 2 - Thứ 6
Giờ áp dụng: 9:00 - 17:00
Số lượng E-Voucher áp dụng: Sử dụng 01 voucher/01 hộp quà. Không giới hạn số lượng voucher/ hóa đơn.
Thông tin cách mua hàng HƯỚNG DẪN ĐỔI VOUCHER
Bước 1. Khách hàng nhận voucher liên hệ GIVISTA để đổi hộp quà Trung Thu 2026
Hotline/Zalo: 0969117926
Facebook:
Tại đây
Bước 2. Cung cấp mã voucher để đổi hộp quà
Bước 3. Khách hàng thanh toán phí vận chuyển trực tiếp cho đơn vị vận chuyển
Lưu ý: Không hỗ trợ khách hàng đổi quà trực tiếp tại cửa hàng
Điều kiện khác
Một khách hàng được mua nhiều E-Voucher/E-Coupon
E-Voucher/E-Coupon không có giá trị quy đổi thành tiền mặt, không trả lại tiền thừa.
Không áp dụng đồng thời với chương trình khuyến mại khác
Voucher chưa bao gồm phí vận chuyển Hộp quà tặng đến khách hàng.",100,2026-08-23 00:00:00+00,2026-11-21 00:00:00+00,Dang ban,Không quy đổi thành tiền mặt. Hỗ trợ hoàn tiền nếu hủy trước 24h.,//cdn.lifelink.vn/img/c280x280/ADD-Trung-Thu-Doan-Vien-II_11082026102902.jpg?sign=vfnpUSH6mGOBvIbYQmfaYw,0,40000000-0000-0000-0000-000000000001
761b28de-4926-4f55-9659-c4a0c326baa6,Kid's Box Vincom Royal Island Hải Phòng - Vé vào cổng khu vui chơi bao gồm Lễ Tết,"Đưa bé đến không gian vui chơi hiện đại, sắc màu, đầy cảm hứng tại Kid's Box Vincom Royal Island Hải Phòng.
Thích hợp cho các gia đình có con nhỏ, nhóm bạn, cho bé trải nghiệm vui chơi chủ động mỗi ngày.
Không gian rộng rãi, an toàn với thiết kế thân thiện, nhiều góc check-in cho bố mẹ lưu giữ khoảnh khắc đáng nhớ của con.
Kid's Box nổi bật giữa lòng thành phố trẻ trung, mang đến lựa chọn giải trí lý tưởng cho các ngày cuối tuần, lễ Tết hoặc dịp sinh nhật bé.
Vé vào cổng linh hoạt, dễ dàng sử dụng, vừa tiết kiệm thời gian vừa bảo đảm trải nghiệm trọn vẹn cho các bé.
Nhiều hoạt động vận động phù hợp từng độ tuổi, giúp bé phát triển thể chất lẫn trí tuệ trong môi trường an toàn.
Đặt vé qua LifeLink để nhận thêm ưu đãi hấp dẫn và tiện ích xác nhận điện tử nhanh chóng, an toàn mỗi lần vui chơi.
Hãy chọn Kid's Box Vincom Royal Island Hải Phòng cùng LifeLink để tận hưởng ngày vui bùng nổ cho cả gia đình!",120000.00,96000.00,"Voucher áp dụng cho Vé vào cổng dành cho 1 bé và 1 người lớn tại Kid's Box Vincom Royal Island Hải Phòng bao gồm Lễ Tết
Voucher không bao gồm vớ/tất.
Khu vui chơi quy định luôn sử dụng vớ/tất, Quý khách vui lòng chuẩn bị vớ/tất trước khi vào khu vui chơi hoặc mua vớ/tất tại quầy.
Nhằm đảm bảo vệ sinh, khu vui chơi yêu cầu luôn mang tất trong suốt thời gian vui chơi.
Lưu ý: Luôn giữ vòng tay cẩn thận để được ra vào nhiều lần trong ngày nhé
Khách hàng áp dụng: Trẻ em từ 1 tuổi đến dưới 12 tuổi, 01 vé áp dụng cho 01 trẻ + 01 người lớn
Ngày áp dụng: Tất cả các ngày trong tuần, bao gồm Lễ Tết
Giờ áp dụng: 09:00 - 21:00
Số lượng E-Voucher áp dụng: 01 voucher/ 01 bé kèm 01 phụ huynh
Phụ thu (nếu có) 1 bé kèm 1 phụ huynh nếu phát sinh thêm các phụ huynh khác thì phụ thu 20.000đ/Phụ huynh
Thông tin liên hệ đặt dịch vụ
Hotline hỗ trợ: 1900 2065
Địa chỉ: Lô L3-16, tầng L3, Tòa nhà Vincom Mega Mall Royal Island thuộc lô CCĐT-01, Khu B1, Khu vui chơi giải trí, nhà ở và công viên sinh thái đảo Vũ Yên, Phường Thủy Nguyên, TP. Hải Phòng
Điều kiện khác
E-Voucher/E-Coupon không có giá trị quy đổi thành tiền mặt, không trả lại tiền thừa.
Không áp dụng đồng thời với chương trình khuyến mại khác",100,2026-08-23 00:00:00+00,2026-11-21 00:00:00+00,Dang ban,Không quy đổi thành tiền mặt. Hỗ trợ hoàn tiền nếu hủy trước 24h.,//cdn.lifelink.vn/img/c280x280/ADD-Kidzooona-2_07072026090658.jpg?sign=iZhpYcVAdS5bVfcpVvHDVg,0,40000000-0000-0000-0000-000000000003
7660c98f-c7a9-4bf6-950a-d949f35a641a,Show thực cảnh Anh Hùng Cờ Lau - Hoa Lư Ninh Bình - Hạng CL500 Màu vàng - Người lớn,"Trải nghiệm show thực cảnh đặc sắc, tái hiện lịch sử Việt Nam qua hành trình Đinh Bộ Lĩnh.
Không gian sân khấu nhập vai sống động, đưa khán giả bước vào thời kỳ khai sinh độc lập.
Kết hợp nghệ thuật đa loại hình: xiếc, võ thuật, múa và âm nhạc truyền thống Bắc Bộ lôi cuốn.
Lý tưởng cho gia đình, nhóm bạn, các tín đồ khám phá văn hóa Việt Nam và lịch sử dân tộc.
Thông điệp tự hào, truyền cảm hứng mạnh mẽ về giá trị bản sắc dân tộc Việt.
Du lịch đêm độc đáo tại Ninh Bình, hòa mình cùng nghệ thuật và cảm xúc khó quên.
Show diễn được đánh giá cao về dàn dựng, nghệ thuật trình diễn, mang lại trải nghiệm mãn nhãn.
Đặt vé trực tuyến qua LifeLink, nhanh chóng, dễ dàng, nhận ưu đãi hấp dẫn ngay hôm nay!",500000.00,300000.00,"Khách hàng áp dụng: NL (người lớn) từ 1.3m trở lên (thường từ 8 tuổi trở lên)
Ngày áp dụng:
Tháng 7: 9, 10, 11, 16, 17, 18, 23, 24, 25, 26, 30, 31
Tháng 8: 01, 6, 7, 8, 9, 13, 14, 15, 20, 21, 22, 23, 27, 28, 29, 30
Giờ áp dụng: 20h45 - 21h45
Lưu ý:
Khách hàng vui lòng liên hệ check thông tin trước khi thanh toán, đơn hàng được xử lý booking lấy vé QR code gửi cho khách hàng sau khi thanh toán, nếu không liên hệ lấy vé sẽ không sử dụng được dịch vụ.
Vé đã mua không hoàn hủy
Số lượng E-Voucher áp dụng: 01 E-Voucher/ 1 người
Khách hàng liên hệ đăng ký dịch vụ trước khi đến để được phục vụ tốt nhất
Điện thoại: 19002065
Địa chỉ: Thủy Đình, Phố Cổ Hoa Lư, Ninh Bình
Điều kiện khác
E-Voucher/E-Coupon không có giá trị quy đổi thành tiền mặt, không trả lại tiền thừa.
Không áp dụng đồng thời với chương trình khuyến mại khác",100,2026-08-23 00:00:00+00,2026-11-21 00:00:00+00,Dang ban,Không quy đổi thành tiền mặt. Hỗ trợ hoàn tiền nếu hủy trước 24h.,//cdn.lifelink.vn/img/c280x280/ADD-Anh-hung-co-lau-01_09072026113202.jpg?sign=4KDlzuWYSeA2LeMGvoKmJA,0,40000000-0000-0000-0000-000000000003
784622c4-7150-4ced-8d8d-950c0f81e4fd,Vé vui chơi trẻ em tại Sâu Kid Playground trước 16h từ Thứ 2 - Thứ 6,"Sâu Kid Playground là khu vui chơi trẻ em trong nhà hiện đại dành cho nhiều độ tuổi.
Không gian được thiết kế an toàn, sạch sẽ và thân thiện với trẻ nhỏ.
Đa dạng trò chơi vận động, sáng tạo và nhập vai giúp bé phát triển toàn diện.
Phù hợp cho hoạt động vui chơi hằng ngày, sinh nhật và các sự kiện dành cho trẻ em.
Tọa lạc tại Tầng 3, ROX Center Goldmark City, thuận tiện cho các gia đình tại Hà Nội.
LifeLink mang đến thông tin và trải nghiệm kết nối giúp phụ huynh dễ dàng lựa chọn điểm vui chơi phù hợp.",120000.00,108000.00,"Khách hàng áp dụng: Bé từ 80cm trở lên
Ngày áp dụng: Thứ 2 - Thứ 6
Giờ áp dụng: 8h00 - Trước 16h00
Số lượng E-Voucher áp dụng: 01 voucher/1 bé
Phụ thu (nếu có) Lễ, Tết: Không áp dụng
Lưu ý: 01 vé đi kèm 1 người lớn, từ người lớn thứ 2 phụ thu 50.000VNĐ/ 1 người
Khách hàng liên hệ đăng ký dịch vụ trước khi đến để được phục vụ tốt nhất
Hotline: 037 497 0677
Hotline LifeLink: 1900 2065
Địa chỉ: Tầng 3, Lô 05-06-07 toà ROX Center Goldmark City, 136 Hồ Tùng Mậu, Bắc Từ Liêm, Hà Nội
Điều kiện khác
E-Voucher/E-Coupon không có giá trị quy đổi thành tiền mặt, không trả lại tiền thừa.
Không áp dụng đồng thời với chương trình khuyến mại khác",100,2026-08-23 00:00:00+00,2026-11-21 00:00:00+00,Dang ban,Không quy đổi thành tiền mặt. Hỗ trợ hoàn tiền nếu hủy trước 24h.,//cdn.lifelink.vn/img/c280x280/ADD-Sau-kid-Playground-2_14072026105244.jpg?sign=tEqpkAhovxPH1Wr0VdIsMg,0,40000000-0000-0000-0000-000000000003
7a7df490-efe1-4e34-a073-929e8117cef2,Ngự thuyền Hueritage – Thưởng thức bữa trưa Minh Yến hương cố đô,"Ngự Thuyền Hueritage – Minh Yến mang đến trải nghiệm bữa trưa tròn vị hương Cố đô giữa không gian sông Hương thơ mộng.
Thực đơn tinh tuyển kết hợp ẩm thực Huế truyền thống và phong cách hiện đại, nổi bật với Bánh Hến ruốc Huế, Tré Huế chanh ngón tay, Gỏi tôm thanh trà, Sorbet Me xanh, món chính lựa chọn Cá Bớp nướng dầu củ nén hoặc Ức vịt phơi gió nướng, kết thúc bằng tráng miệng theo ngày.
Giá trải nghiệm đã bao gồm nước uống chào đón và người kể chuyện văn hóa Cố đô (chưa bao gồm các loại thức uống khác).
Du khách được thưởng thức Ca Huế và các giá trị nghệ thuật truyền thống trong không gian thuyền di sản sang trọng, hòa quyện cùng cảnh sắc sông Hương êm đềm.
Hành trình khởi hành 11:30 – 14:00, đón khách từ 11:00 tại Nghinh Lương Đình, lộ trình qua cầu Trường Tiền, chợ Đông Ba, phố cổ Bao Vinh, làng Sình, làng hoa giấy Thanh Tiên.
Ưu đãi hấp dẫn khi đặt voucher qua LifeLink – đặt chỗ nhanh chóng, giá tốt, thuận tiện cho hành trình khám phá ẩm thực và văn hóa Huế.",1675000.00,1375000.00,"Ngày áp dụng: Tất cả các ngày trong tuần
Giờ áp dụng: 11:00 – 14:00
Số lượng e-Voucher áp dụng:
01 e-
V
oucher/01 khách
01 khách có thể mua nhiều e-
V
oucher
Phụ thu:
Phụ thu 20% sẽ được áp dụng vào các ngày lễ quốc gia và các sự kiện lớn tại địa phương, bao gồm:
Tết Nguyên Đán: Từ ngày 16/02/2026 – 20/02/2026 (nhằm ngày 29/12/2025 AL đến 04/01/2026 AL)
Giỗ Tổ Hùng Vương: Ngày 26/04/2026 (nhằm ngày 10/03/2026 AL)
Ngày Giải phóng miền Nam, Thống nhất đất nước và Ngày Quốc tế Lao động: 30/04/2026 – 01/05/2026
Lễ Quốc Khánh: 02/09/2026
Giáng sinh: 24/12 và Tết Dương lịch: 31/12
Thông tin liên hệ đặt dịch vụ:
Khách hàng vui lòng liên hệ đăng ký dịch vụ trước khi đến để được phục vụ tốt nhất.
Hotline đặt vé & tư vấn (09:00 – 20:00): 1900 2065 / 0934 661 016
Điều kiện:
e-Voucher không có giá trị quy đổi thành tiền mặt, không trả lại tiền thừa.
Không áp dụng đồng thời với các chương trình khuyến mại khác.
Mức giá trên đã bao gồm thuế VAT và phí phục vụ.
Không hoàn/hủy khi đã mua vé.
Để đảm bảo an toàn cho du khách khi trải nghiệm dịch vụ, Ngự thuyền Hueritage từ chối nhận khách dưới 06 tuổi.
Đặt dịch vụ ít nhất 03 ngày trước ngày sử dụng.
Điều kiện lưu ý bắt buộc:
Để đảm bảo quyền lợi, quý khách vui lòng liên hệ với chúng tôi để kiểm tra tình trạng chỗ trống trên tàu và các khoản phụ thu (nếu có) trước khi đặt dịch vụ và thanh toán. Mọi trường hợp khách hàng đã thanh toán nhưng chưa liên hệ trước với LifeLink, chúng tôi hoàn toàn không chịu trách nhiệm.",100,2026-08-23 00:00:00+00,2026-11-21 00:00:00+00,Dang ban,Không quy đổi thành tiền mặt. Hỗ trợ hoàn tiền nếu hủy trước 24h.,//cdn.lifelink.vn/img/c280x280/Ngu-thuyen-Hueritage-3_18052026163045.jpg?sign=9pslLRUwY-rItVj90Ps9mw,0,40000000-0000-0000-0000-000000000001
7cacdc0e-6015-4472-bcb6-a3664900e3e8,KDL Thúy Thuận Đà Lạt - Combo Vé tham quan gồm ăn sáng và 1 phần nước dành cho Người lớn,"Voucher giảm giá, đặt dịch vụ tiện lợi cho Combo Vé tham quan gồm ăn sáng và 1 phần nước dành cho Người lớn.
Khám phá không gian xanh mát, tiểu cảnh đẹp mắt và kiến trúc châu Âu lãng mạn.
Tham quan xưởng sản xuất cà phê đặc sắc.
Vị trí gần Thác Vọng, đèo Tà Nung – dễ dàng kết hợp lịch trình du lịch.
Nhiều hoạt động vui chơi, giải trí đa dạng cho mọi lứa tuổi.
Không khí trong lành của cao nguyên, lý tưởng cho nghỉ dưỡng.
Đặt vé nhanh, nhận ưu đãi ngay trên LifeLink.",200000.00,160000.00,"Khách hàng áp dụng: Khách hàng từ 130cm trở lên
Bao gồm:
MIỄN PHÍ
đi kèm các dịch vụ:
Xe điện đưa đón 2 chiều,
Trò chơi trải nghiệm đạp xe trên mặt hồ
Bắn cung
Bắn nỏ
Đạp thuyền SUP
Phi tiêu
Xích đu bay
Bumper Boats
Thông tin đặt tour: Voucher ưu đãi chỉ hiệu lực sử dụng khi Quý khách Đăng ký Ngày tham quan qua Hotline LifeLink: 1900 2065
Phụ thu: Đối với các ngày Lễ - Tết, bù Lễ (theo quy định Nhà Nước), Khu du lịch Thuý Thuận Đà Lạt xin phép phụ thu 20.000 vnđ đối với các loại vé có kèm ăn sáng và  buffet, phụ thu 20% đối với set ăn theo menu.
Điều kiện hoãn/huỷ tour: Voucher không hoàn hủy
Hướng dẫn các bước sử dụng voucher:
Bước 1: Quý khách mua vé tham quan ưu đãi
Bước 2: Quý khách cần liên hệ LifeLink trước ít nhất 24h để đặt lịch và đổi Voucher sang vé vào cổng cho ngày tham quan
Bước 3: LifeLink xuất Vé QR vào zalo/ sms cho Quý khách (Ngày khởi hành, Địa điểm, quy định chung...)
Bước 4: Quý khách sử dụng dịch vụ
Điều kiện khác:
Áp dụng 01 e-Voucher/e-Coupon cho 01 khách
Một khách hàng được mua nhiều e-Voucher/e-Coupon
e-Voucher/e-Coupon không có giá trị quy đổi thành tiền mặt, không trả lại tiền thừa
Không áp dụng đồng thời với chương trình khuyến mại khác.",100,2026-08-23 00:00:00+00,2026-11-21 00:00:00+00,Dang ban,Không quy đổi thành tiền mặt. Hỗ trợ hoàn tiền nếu hủy trước 24h.,//cdn.lifelink.vn/img/c280x280/4_11052026153732.jpg?sign=PSd_iSKxGV-By0UImJboyg,0,40000000-0000-0000-0000-000000000003
7dad884f-b4c9-4321-997d-3b3e2191012e,kidzooona Sora Gardens Bình Dương - Vé vào cổng khu vui chơi bao gồm Lễ Tết,"Khu vui chơi kidzooona Sora Gardens Bình Dương rộng 1.200m2, không gian hiện đại chuẩn Nhật Bản cho cả gia đình thoả sức khám phá.
Vé vào cổng áp dụng cho nhiều nhóm khách: gia đình có trẻ nhỏ, nhóm bạn, cặp đôi muốn cùng trải nghiệm niềm vui bất tận.
Trung tâm vui chơi với thiết kế năng động, an toàn, tạo môi trường giải trí bổ ích cho trẻ phát triển kỹ năng.
Toạ lạc tại tầng 2, Trung tâm thương mại SORA gardens SC, thuận tiện di chuyển, dễ dàng check-in sống ảo cùng bạn bè.
Sở hữu nhiều khu vực vui chơi, hệ thống trò chơi đồ sộ, tương tác không giới hạn cho bé vui hết mình suốt ngày dài.
Một điểm đến lý tưởng kết nối gia đình – giúp gắn kết tình thân qua các hoạt động vận động, khám phá mới lạ.
Ưu đãi đặc biệt khi đặt vé qua LifeLink – nhận vé nhanh chóng, tiết kiệm chi phí du lịch, an tâm trải nghiệm mọi lúc.
Đặt vé kidzooona Sora Gardens Bình Dương trên LifeLink và thỏa sức vui chơi với nhiều ưu đãi hấp dẫn!",160000.00,128000.00,"Voucher áp dụng cho Vé vào cổng dành cho 1 bé và 1 người lớn tại kidzooona SORA Gardens SC bao gồm Lễ Tết
Voucher không bao gồm vớ/tất.
Khu vui chơi quy định luôn sử dụng vớ/tất, Quý khách vui lòng chuẩn bị vớ/tất trước khi vào khu vui chơi hoặc mua vớ/tất tại quầy.
Nhằm đảm bảo vệ sinh, khu vui chơi yêu cầu luôn mang tất trong suốt thời gian vui chơi.
Lưu ý: Luôn giữ vòng tay cẩn thận để được ra vào nhiều lần trong ngày nhé
Khách hàng áp dụng: Trẻ em từ 1 tuổi đến dưới 12 tuổi, 01 vé áp dụng cho 01 trẻ + 01 người lớn
Ngày áp dụng: Tất cả các ngày trong tuần, bao gồm Lễ Tết
Giờ áp dụng: Từ 09:00 - 21:00
Số lượng E-Voucher áp dụng: 01 voucher/ 01 bé kèm 01 phụ huynh
Phụ thu (nếu có) 1 bé kèm 1 phụ huynh nếu phát sinh thêm các phụ huynh khác thì phụ thu 20.000đ/Phụ huynh
Thông tin liên hệ đặt dịch vụ
Hotline hỗ trợ: 1900 2065
Địa chỉ: Lô số 203, Tầng 2, Tòa nhà Sora Gardens SC, Lô C19, Đại lộ Hùng Vương, Phường Bình Dương.
Điều kiện khác
E-Voucher/E-Coupon không có giá trị quy đổi thành tiền mặt, không trả lại tiền thừa.
Không áp dụng đồng thời với chương trình khuyến mại khác",100,2026-08-23 00:00:00+00,2026-11-21 00:00:00+00,Dang ban,Không quy đổi thành tiền mặt. Hỗ trợ hoàn tiền nếu hủy trước 24h.,//cdn.lifelink.vn/img/c280x280/ADD-Kizooona-12_06072026135049.jpg?sign=lkTuBuXBuhFtqYBynWfIEw,0,40000000-0000-0000-0000-000000000003
7dbf7f1f-1752-4666-bca4-533db403096a,Đài Quan Sát Lotte Hà Nội Sky - Combo ảnh và Quà lưu niệm cho Người lớn,"Trải nghiệm ngắm toàn cảnh 360 độ Hà Nội từ vị trí cao thứ 3 Việt Nam, cảm nhận thành phố lung linh từ trên cao.
Điểm check-in “ứng dụng sống ảo” cực hot với sàn kính Sky Walk độc đáo, mang lại cảm giác thú vị, thử thách nhẹ nhàng.
Phù hợp cho gia đình, nhóm bạn trẻ, couple yêu thích khám phá, chụp ảnh và tận hưởng không gian hiện đại.
Sở hữu kính viễn vọng giúp ngắm nhìn Hà Nội rõ nét hơn, tăng trải nghiệm quan sát cả ban ngày và ban đêm.
Khu vực phục vụ đồ uống và dịch vụ chụp hình chuyên nghiệp ngay tại đài quan sát - tiện lợi cho trải nghiệm trọn vẹn.
Không gian rộng rãi, hiện đại, an toàn, đáp ứng nhu cầu giải trí - thư giãn - lưu giữ kỷ niệm ấn tượng cho mọi độ tuổi.
Vé vào cổng linh hoạt, giúp dễ dàng lên kế hoạch vui chơi, tận hưởng khoảnh khắc bên người thân bạn bè.
Đặt vé Đài Quan Sát Lotte Hà Nội Sky trực tuyến qua LifeLink để nhận ưu đãi nhanh, tiết kiệm thời gian xếp hàng.",380000.00,340000.00,"Khách hàng áp dụng:
Dành cho khách hàng trên 12 tuổi
Số lượng E-voucher áp dụng:
01 voucher/01 người/01 lần sử dụng.
Mỗi khách hàng được mua nhiều E-Voucher/E-Coupon.
Phạm vi sử dụng:
Áp dụng vào các ngày trong tuần, bao gồm cả ngày Lễ.
Thời gian mua vé combo: 9:30 - 22:30 hàng ngày.
Đổi vé tại quầy B1 đài quan sát LOTTE Hanoi Sky trước 22:30 mỗi ngày.
Lưu ý:
Vé không bao gồm thuê trang phục, chụp ảnh Life4cuts, Trò chơi VR Gliding, đồ uống
Khi đổi vé online sang vé cứng, vé cứng phải được sử dụng cùng ngày.
Đổi vé cứng tại quầy vé trước 22:30 mỗi ngày.
Giá vé thay đổi theo ngày thường, cuối tuần và ngày lễ.
Phụ thu:
Không phụ thu.
Thông tin liên hệ:
Hotline: 024 33336565
Điều kiện khác:
E-Voucher/E-Coupon không có giá trị quy đổi thành tiền mặt, không trả lại tiền thừa.
Không áp dụng đồng thời với chương trình khuyến mại khác.",100,2026-08-23 00:00:00+00,2026-11-21 00:00:00+00,Dang ban,Không quy đổi thành tiền mặt. Hỗ trợ hoàn tiền nếu hủy trước 24h.,//cdn.lifelink.vn/img/c280x280/11_08052026150907.jpg?sign=-bJbpWxoXcUzQmAL4acauw,0,40000000-0000-0000-0000-000000000003
7e8060b9-7346-48bf-bb36-21908b05f48a,"Vé vào cổng khu vui chơi Ccomaya Kids Thảo Điền - Áp dụng T7, CN và Lễ","Voucher áp dụng cho ""Vé vào cổng khu vui chơi Ccomaya Kids Thảo Điền - Áp dụng T7, CN và Lễ"" quý khách sẽ được
tận hưởng không gian vui chơi rộng lớn cùng hàng loạt trò chơi hấp dẫn.
Có hơn 30 trò chơi đa dạng, được chia thành nhiều khu như khu chơi nhà bóng, khu trang điểm, khu hoa quả, lắp ghép và phòng game… Đặc biệt tại chi nhánh Thảo Điền có hồ bơi và trò chơi leo núi tại hồ bơi.
Từ những trò chơi nhẹ nhàng đến các hoạt động thể chất đều được thiết kế phù hợp với độ tuổi của bé,
đảm bảo
an toàn
tuyệt đối
cho bé.
Mỗi khu vực riêng biệt đều có nhân viên túc trực theo sát hoạt động vui chơi của các bé.
Ccomaya còn sở hữu thực đơn Âu Á chuẩn vị có hơn 50 món do các đầu bếp giàu kinh nghiệm lựa chọn và chế biến.
Ccomaya Kids tổ chức các gói tiệc sinh nhật trọn gói cho bé, rất thích hợp để phụ huynh lựa chọn tổ chức tiệc cho bé yêu nhà mình.
Đội ngũ nhân viên chu đáo, nhiệt tình, Ccomaya Kids hứa hẹn sẽ làm hài lòng mọi quý khách hàng.",200000.00,160000.00,"Khách hàng áp dụng: Các bé từ 1 tuổi đến 11 tuổi
Ngày áp dụng: Thứ 7, chủ nhật và Lễ
Giờ áp dụng: 9h00 - 21h00
Số lượng E-Voucher áp dụng:
01 voucher/ 1 vé (Không bù thêm tiền)
01 bé đi kèm 01 người lớn bố hoặc mẹ đi cùng
Bắt buộc oder 1 món bất kì trong menu để tránh phụ thu 50k
Không giới hạn số lượng voucher/ hóa đơn
Khách đoàn liên hệ đăng ký dịch vụ trước khi đến để được phục vụ tốt nhất:
Địa chỉ: Địa chỉ: Ccomaya Kids Thảo Điền, Số 9 đường số 6, Phường Thảo Điền, Thành phố Thủ Đức, Thành phố Hồ Chí Minh
Hotline:
0707 382 513
Một khách hàng được mua nhiều E-Voucher/E-Coupon
E-Voucher/E-Coupon không có giá trị quy đổi thành tiền mặt, không trả lại tiền thừa
Không áp dụng đồng thời với chương trình khuyến mại khác.",100,2026-08-23 00:00:00+00,2026-11-21 00:00:00+00,Dang ban,Không quy đổi thành tiền mặt. Hỗ trợ hoàn tiền nếu hủy trước 24h.,//cdn.lifelink.vn/img/c280x280/Ccomaya-Kids-Cafe--2-_08052026102101.jpg?sign=qeo4ilPjLHH8fdZu7r65PA,0,40000000-0000-0000-0000-000000000003
7ee0406b-f97b-4d5a-86a6-c3a6fc3b3386,E-voucher - Hộp bánh trung thu Giao Hảo Hữu,"E-voucher - Hộp bánh trung thu Giao Hảo Hữu quy tụ nhiều hương vị bánh đặc sắc, đáp ứng đa dạng sở thích thưởng thức.
Hộp bánh kết hợp bánh nướng và bánh dẻo, tạo nên trải nghiệm Trung thu phong phú.
Các lựa chọn gồm bánh nướng thập cẩm đặc biệt trứng, sen trà ô long trứng và mơ tây.
Bánh dẻo cốm dừa mang đến hương vị nhẹ nhàng, gợi nét truyền thống của mùa đoàn viên.
Sản phẩm đi kèm chai Rượu Đông Trùng Hạ Thảo 700ml Standard, góp phần nâng tầm giá trị hộp quà.
Bao bì hộp và khay định hình được thiết kế đồng bộ, giúp món quà thêm trang trọng và chuyên nghiệp.",1522800.00,1370000.00,"Ngày áp dụng: Thứ 2 - Thứ 6
Giờ áp dụng: 9h00 -17h00
Thông tin liên hệ đặt dịch vụ
Hotline lifelink (9h00-20h00): 1900 2065
Hotline BioFun: 0355983628
Địa chỉ lấy bánh Số 10 ngõ 102 Trần Phú,Mỗ Lao, Hà Đông, Hà Nội
Điều kiện áp dụng:
Áp dụng 01 E-Voucher cho 01 hộp
Một khách hàng được mua nhiều E-Voucher
E-Voucher không có giá trị quy đổi thành tiền mặt, không trả lại tiền thừa.
Không áp dụng đồng thời với chương trình khuyến mại khác
Giá đã bao gồm VAT, chưa bao gồm phí ship",100,2026-08-23 00:00:00+00,2026-11-21 00:00:00+00,Dang ban,Không quy đổi thành tiền mặt. Hỗ trợ hoàn tiền nếu hủy trước 24h.,//cdn.lifelink.vn/img/c280x280/ADD-Giao-Hao-Huu_21082026113751.jpg?sign=wy0fkH9NJ7EGVP29dUXfyQ,0,40000000-0000-0000-0000-000000000001
7ef97b2b-2e8b-40c9-bec9-3a10717e1a77,kidzooona AEON MALL Tân Phú Celadon - Vé vào cổng khu vui chơi bao gồm Lễ Tết,"Trải nghiệm thế giới vui chơi năng động và sáng tạo tại kidzooona AEON MALL Tân Phú Celadon.
Không gian giải trí rộng rãi, ngập tràn sắc màu, mang đến cảm hứng tươi vui cho mọi lứa tuổi.
Điểm đến lý tưởng dành cho gia đình có con nhỏ, nhóm bạn hoặc các cặp đôi cần đổi gió vui chơi cuối tuần.
Được thiết kế đảm bảo an toàn, vệ sinh sạch sẽ, nhân viên nhiệt tình hỗ trợ khách hàng tận tình.
Bé thỏa sức khám phá các khu chủ đề đa dạng, thoải mái vận động, học hỏi và gắn kết bạn bè.
Check-in cùng không gian hiện đại, nhiều góc chụp ảnh đẹp, lưu giữ kỷ niệm trọn vẹn bên người thân.
Ưu đãi hấp dẫn khi đặt vé trước qua LifeLink, chủ động lựa chọn thời gian vui chơi linh hoạt.
Đặt vé kidzooona AEON MALL Tân Phú Celadon trên LifeLink – Cách thông minh để cùng cả gia đình tận hưởng thế giới giải trí vui nhộn!",150000.00,120000.00,"Voucher áp dụng cho Vé vào cổng dành cho 1 bé và 1 người lớn tại kidzooona AEON MALL Tân Phú Celadon bao gồm Lễ Tết
Voucher không bao gồm vớ/tất.
Khu vui chơi quy định luôn sử dụng vớ/tất, Quý khách vui lòng chuẩn bị vớ/tất trước khi vào khu vui chơi hoặc mua vớ/tất tại quầy.
Nhằm đảm bảo vệ sinh, khu vui chơi yêu cầu luôn mang tất trong suốt thời gian vui chơi.
Lưu ý: Luôn giữ vòng tay cẩn thận để được ra vào nhiều lần trong ngày nhé
Khách hàng áp dụng: Trẻ em từ 1 tuổi đến dưới 12 tuổi, 01 vé áp dụng cho 01 trẻ + 01 người lớn
Ngày áp dụng: Tất cả các ngày trong tuần, bao gồm Lễ Tết
Giờ áp dụng: 09:00 - 21:00
Số lượng E-Voucher áp dụng: 01 voucher/ 01 bé kèm 01 phụ huynh
Phụ thu (nếu có): 1 bé kèm 1 phụ huynh nếu phát sinh thêm các phụ huynh khác thì phụ thu 20.000đ/Phụ huynh
Thông tin liên hệ đặt dịch vụ
Hotline hỗ trợ: 1900 2065
Địa chỉ: Lô S19, Tầng 2, AEON Mall Tân Phú Celadon, Số 30, Bờ Bao Tân Thắng, Phường Tân Sơn Nhì, Tp.Hồ Chí Minh.
Điều kiện khác
E-Voucher/E-Coupon không có giá trị quy đổi thành tiền mặt, không trả lại tiền thừa.
Không áp dụng đồng thời với chương trình khuyến mại khác",100,2026-08-23 00:00:00+00,2026-11-21 00:00:00+00,Dang ban,Không quy đổi thành tiền mặt. Hỗ trợ hoàn tiền nếu hủy trước 24h.,//cdn.lifelink.vn/img/c280x280/ADD-Kidzooona-1_06072026154902.jpg?sign=CkR-bMmWjwBEJgipjwQlyQ,0,40000000-0000-0000-0000-000000000003
8017d0fb-3131-4fa2-8bc2-7a2ff53311fe,Tour City Sightseeing Ngắm cảnh Đêm 1 vòng Huế vé trẻ em bao gồm Lễ Tết,"Khám phá các điểm tham quan nổi tiếng của thành phố Huế trong tour xe buýt hai tầng như bến thuyền Toà Khâm, chợ Đông Ba, Phu Văn Lâu, Quốc Học Huế...
Dịch vụ xe buýt vô cùng tiện lợi khi bạn có thể tùy chọn điểm xuống.
Miễn phí sách hướng dẫn với bản đồ, lịch trình và các điểm tham quan phổ biến.",95000.00,89000.00,"Khách hàng áp dụng
: Trẻ em từ 6 - 11 tuổi
Thời gian hoạt động
:
Trong tuần: từ thứ 2 đến thứ 5:
Thời gian: 17h20, 18h20, 19h10, 20h10
Thời gian 1 lộ trình: 45 - 55 phút/ lộ trình
Cuối tuần: Thứ 6 - Chủ Nhật:
Thời gian: 17h20, 18h00, 18h40, 19h20, 20h00, 20h40
Thời gian 1 lộ trình: 45 - 55 phút/ lộ trình
Lộ trình khởi hành
1. Địa điểm khởi hành: Bến Thuyền Tòa Khâm
2. Chợ Đông Ba
3. Đại Nội – Phu Văn Lâu
4. Cầu Nguyễn Hoàng
5. Cầu Dã Viên
6. Ga Huế
7. Trường THPT Quốc Học Huế
8. Công viên Lý Tự Trọng
9. Nhà Văn Hóa Trung Tâm
10. Bưu Điện Tỉnh
11. Bến Thuyền Tòa Khâm
Phương tiện di chuyển:
Loại xe đang vận hành tại Huế
Xe Thoáng Nóc: (2 xe)
Tầng 1: 12 ghế + 2 chỗ đứng và xe lăn
Tầng 2: 42 ghế
Địa điểm đón khách
: Quầy kiosk màu đỏ với logo City Sightseeing: 49 Lê Lợi – Bến Thuyền Tòa Khâm
Dịch vụ không bao gồm
Phí vào cửa
Thức ăn và đồ uống khác
Đón và trả khách sạn
Tiền tips (không bắt buộc)
Ngôn ngữ thuyết minh qua audio Tour đêm sẽ ngắm cảnh và không sử dụng tai nghe nghe thuyết minh auto guide.
Dịch vụ tiện ích bao gồm
Trên xe có nhân viên hỗ trợ và giải đáp thông tin cho khách
Lưu ý
:
Vé chỉ có giá trị sử dụng để đi 1 vòng, tính từ địa điểm khách lên đầu tiên & trả về đúng địa điểm đó. Vé không có giá trị lên xuống tại điểm, khi khách xuống vé sẽ hết hiệu lực.
Trẻ em từ 6- 11 tuổi sẽ tính vé theo bảng giá vé.
Trẻ em dưới 6 tuổi sẽ miễn phí, ngồi trên lòng người lớn. 1 người lớn sẽ kèm theo 1 bé dưới 6 tuổi.
Khách hàng phải làm thủ tục check in hoặc đổi vé điện tử/voucher tại bến xe trước khi sử dụng vé.
Thông tin đặt tour
Hotline đặt tour & tư vấn: 19002065
Điều kiện hoãn/huỷ tour: Voucher không hoàn hủy
Điều kiện khác
Áp dụng 01 E-Voucher/E-Coupon cho 01 khách
Một khách hàng được mua nhiều E-Voucher/E-Coupon
E-Voucher/E-Coupon không có giá trị quy đổi thành tiền mặt, không trả lại tiền thừa.
Không áp dụng đồng thời với chương trình khuyến mại khác",100,2026-08-23 00:00:00+00,2026-11-21 00:00:00+00,Dang ban,Không quy đổi thành tiền mặt. Hỗ trợ hoàn tiền nếu hủy trước 24h.,//cdn.lifelink.vn/img/c280x280/ADD-City-Sightseeing-14_15062026112950.jpg?sign=_Cfqaxs9kkntfipHuU73XQ,0,40000000-0000-0000-0000-000000000003
801fc366-c5bb-4935-99d2-914c9aed4ccf,X Space Immersive - Vé trẻ em khách Việt tham quan toàn bộ khu Trải nghiệm công nghệ nhập vai,"Trải nghiệm công nghệ ánh sáng mới lạ, hòa mình vào thế giới nghệ thuật số tương tác đầy màu sắc.
Thiết kế dành riêng cho trẻ em dưới 1m4, đảm bảo an toàn và thú vị với hành trình tham quan sáng tạo.
Chiêm ngưỡng Dome 360 độ, Tunnel LED 3D Mapping, Rừng ánh sáng vô cực và nhiều không gian đậm chất nghệ thuật.
Khám phá 8 phòng chủ đề đa dạng: Rừng ánh sáng vô cực, khu rừng nguyên sinh, hầm ma thuật, đại dương bao la, xứ sở thần tiên, dome vũ trụ, neo art, tunnel ned.
Không gian check-in mãn nhãn, lý tưởng cho các bạn nhỏ đam mê khám phá và chụp ảnh.
Địa điểm lý tưởng tại Vincom Mega Mall Royal City – trung tâm giải trí, mua sắm sôi động ở Hà Nội.
Là lựa chọn lý tưởng cho hoạt động cuối tuần của gia đình có con nhỏ, nhóm bạn nhỏ tuổi ưa khám phá.
Đặt vé đơn giản – nhanh chóng ngay trên LifeLink để nhận ưu đãi hấp dẫn và lực chọn ngày linh hoạt.",200000.00,180000.00,"Thông báo nghỉ Tết:
Từ 16/2 đến hết 19/2
Khách hàng áp dụng:
Dành cho khách cao dưới 1m4
Số lượng e-Voucher áp dụng:
Áp dụng 01 e-Voucher/e-Coupon cho 01 khách
Mỗi khách hàng được mua nhiều e-Voucher/e-Coupon
Phạm vi sử dụng:
Thời gian áp dụng:
Thứ 2 - Thứ 6: 10h00 - 22h00
Thứ 7, Chủ nhật & Lễ Tết: 9h30 - 22h00
Số lần sử dụng dịch vụ: 1 lần
Thời gian 1 lần sử dụng dịch vụ: 80 phút
Thông tin liên hệ:
Hotline đặt tour & tư vấn (9h00 - 20h00): 1900 2065
Văn phòng HCM: 028.6680 8757
Điều kiện khác:
Áp dụng 01 e-Voucher/e-Coupon cho 01 khách
e-Voucher/e-Coupon không có giá trị quy đổi thành tiền mặt, không trả lại tiền thừa.
Không áp dụng đồng thời với chương trình khuyến mại khác",100,2026-08-23 00:00:00+00,2026-11-21 00:00:00+00,Dang ban,Không quy đổi thành tiền mặt. Hỗ trợ hoàn tiền nếu hủy trước 24h.,//cdn.lifelink.vn/img/c280x280/ADD-X-Space-Immersive-3_15062026134412.jpg?sign=46BuCHXPfcGTEIsc9J24Xw,0,40000000-0000-0000-0000-000000000003
80e81a45-5fdb-4f96-a6d8-e64968cbb0da,Voucher Burger Set tại Lotteria,"Voucher Burger Set tại Lotteria bao gồm 01 Burger Tôm, 01 Burger Bulgogi, 01 Khoai Tây Lắc và 02 Pepsi (M).
Thưởng thức cùng lúc hai hương vị burger được yêu thích nhất tại Lotteria.
Khoai Tây Lắc giòn thơm kết hợp Pepsi (M) mát lạnh giúp bữa ăn thêm trọn vẹn.
Combo phù hợp cho 2 người, thích hợp cho những buổi gặp gỡ bạn bè hoặc người thân.
Voucher chính hãng, dễ dàng sử dụng tại hệ thống Lotteria trên toàn quốc.
Đặt mua nhanh trên LifeLink để tận hưởng nhiều chương trình ưu đãi hấp dẫn.",163000.00,153000.00,"Voucher không áp dụng hình thức đổi trả/ hủy/ hoàn tiền.
Được sử dụng tối đa 5 voucher/ ngày/ hóa đơn.
Không áp dụng đổi hàng cho đơn hàng số lượng lớn (theo quy định của Lotteria).
Mỗi voucher chỉ được sử dụng 01 lần.
Chỉ áp dụng cho một số sản phẩm nhất định.
Trong trường hợp sản phẩm được chỉ định không có sẵn, khách hàng có thể lựa chọn các sản phẩm có cùng giá t.rị.
Không đổi được ra tiền mặt một phần hoặc toàn bộ.
Không hoàn trả hoặc bán lại được.
Nếu giá tiền đơn đặt hàng của khách hàng vượt quá giá trị của voucher thì khách hàng phải thanh toán thêm số tiền chênh lệch đó.
Voucher không áp dụng cho các chương trình khuyến mãi khác.
Khách hàng có trách nhiệm bảo mật thông tin mã thẻ quà tặng sau khi đặt mua. LifeLink sẽ không chịu trách nhiệm hoàn trả các mã thẻ bị mất hoặc ở trạng thái ""đã sử dụng"" với bất kỳ lý do gì.
LifeLink sẽ không chịu trách nhiệm đối với chất lượng của sản phẩm được cung cấp cũng như đối với các tranh chấp về sau giữa khách hàng và nhà cung cấp.
LifeLink có quyền sửa chữa hoặc thay đổi điều khoản và điều kiện sử dụng mà không thông báo trước.
Hotline LifeLink: 1900 2065",100,2026-08-23 00:00:00+00,2026-11-21 00:00:00+00,Dang ban,Không quy đổi thành tiền mặt. Hỗ trợ hoàn tiền nếu hủy trước 24h.,//cdn.lifelink.vn/img/c280x280/Burger-Set_27072026112400.jpg?sign=pp-KJzErdhqO4xvPZNmItg,0,40000000-0000-0000-0000-000000000001
820e5b4f-c511-4004-a59f-64b82ac305ac,Tour Đêm Văn Miếu - Combo vé vào cửa và 1 show 3D Mapping cho khách hàng từ 1m00 đến 1m29,"Tour đêm Văn Miếu nổi bật với sự kết hợp giữa di tích lịch sử và công nghệ hiện đại, mang lại trải nghiệm văn hóa độc đáo.
Show 3D Mapping ""Tinh hoa đạo học"": Trình chiếu trên mặt tiền Nhà Tiền Đường, tái hiện lịch sử và tinh hoa đạo học Việt Nam qua các hình ảnh sống động.
Trải nghiệm không gian thực tế ảo: Tham gia các hoạt động tương tác như viết thư pháp, học với thầy đồ, tập làm nho sinh.
Hệ thống ánh sáng và âm thanh: Tạo không gian lung linh, huyền ảo và sống động cho từng khu vực trải nghiệm.
Tham quan di tích: Đi dạo trong khuôn viên, ngắm nhìn các công trình kiến trúc, bia đá tiến sĩ.
Hoạt động văn hóa truyền thống: Nghe nhạc dân gian, chơi trò chơi cổ truyền, tham gia các chương trình biểu diễn nghệ thuật.
Ứng dụng công nghệ: Thuyết minh bằng ứng dụng trên thiết bị cầm tay, công nghệ hỏi đáp AI.",149000.00,134000.00,"Khách hàng áp dụng:
Tất cả khách hàng Việt Nam và Nước ngoài
Áp dụng cho khách hàng từ 1m00 đến 1m29
Trẻ em dưới 1m được miễn phí
Khách hàng phải làm thủ tục check in hoặc đổi vé điện tử/voucher cổng Văn Miếu Quốc Tử Giám
Thời gian tham quan: 18h30 - 21h30 các ngày Thứ 4, Thứ 7, Chủ Nhật hằng tuần
Trải nghiệm 3D Mapping: 19h45 và 20h45
19h45: Tinh hoa đạo học
20h45: Sử đá lưu danh
Thông tin đặt tour:
Trong trường hợp phải hoãn chương trình vì lý do bất khả kháng (thời tiết xấu hay lý do khác), quý khách vui lòng liên hệ Ban Tổ Chức để sắp xếp Quý khách tham gia một buổi khác tuỳ theo thời gian phù hợp. Vé đã mua sẽ không được huỷ bỏ hay hoàn trả lại vì bất cứ lý do nào.
Thông tin liên hệ:
0336 441 838 - 0336 441 839
contact@vanmieunighttour.com
Địa chỉ: 58 P. Quốc Tử Giám, Văn Miếu, Đống Đa, Hà Nội
Điều kiện hoãn/huỷ tour: Voucher không hoàn dưới bất cứ lý do nào
Điều kiện khác:
Áp dụng 01 e-Voucher/e-Coupon cho 01 khách
Một khách hàng được mua nhiều e-Voucher/e-Coupon
e-Voucher/e-Coupon không có giá trị quy đổi thành tiền mặt, không trả lại tiền thừa
Không áp dụng đồng thời với chương trình khuyến mại khác.",100,2026-08-23 00:00:00+00,2026-11-21 00:00:00+00,Dang ban,Không quy đổi thành tiền mặt. Hỗ trợ hoàn tiền nếu hủy trước 24h.,//cdn.lifelink.vn/img/c280x280/ADD-Tour-dem-van-mieu_09062026165607.jpg?sign=3SOVnGqiVVbgVl9vPDaKVw,0,40000000-0000-0000-0000-000000000003
8270133a-ef80-4ea5-a716-cc226ce72391,Show thực cảnh Anh Hùng Cờ Lau - Hoa Lư Ninh Bình - Hạng CL350 Xanh đậm - Người lớn,"Đắm chìm vào show thực cảnh tái hiện hào hùng lịch sử Đinh Bộ Lĩnh và thời kỳ đầu của Đại Cồ Việt.
Không gian nghệ thuật sống động kết hợp võ thuật, xiếc, múa và âm nhạc truyền thống ấn tượng ngay giữa lòng Cố đô Ninh Bình.
Trải nghiệm nhập vai trong bối cảnh Bắc Bộ xưa, lý tưởng để check-in và ghi lại những khoảnh khắc đẹp khó quên.
Hoàn hảo cho gia đình, nhóm bạn hoặc khách yêu văn hóa, mong muốn cảm nhận tinh hoa lịch sử Việt Nam.
Nghệ thuật đa loại hình giúp khán giả mọi lứa tuổi hòa nhịp, lĩnh hội tinh thần tự hào dân tộc.
Show diễn đặc biệt về đêm, tạo nên sản phẩm du lịch hấp dẫn dành cho du khách khi đến Ninh Bình.
Tiết kiệm tối đa khi đặt vé qua LifeLink, xác nhận nhanh chóng, thuận tiện tận hưởng dịch vụ chất lượng.
Đừng bỏ lỡ – đặt vé trên LifeLink để khám phá Bản Hùng Ca Giữa Lòng Cố Đô và hòa mình vào dòng chảy lịch sử!",350000.00,210000.00,"Khách hàng áp dụng: NL (người lớn) từ 1.3m trở lên (thường từ 8 tuổi trở lên)
Ngày áp dụng:
Tháng 7: 9, 10, 11, 16, 17, 18, 23, 24, 25, 26, 30, 31
Tháng 8: 01, 6, 7, 8, 9, 13, 14, 15, 20, 21, 22, 23, 27, 28, 29, 30
Giờ áp dụng: 20h45 - 21h45
Lưu ý:
Khách hàng vui lòng liên hệ check thông tin trước khi thanh toán, đơn hàng được xử lý booking lấy vé QR code gửi cho khách hàng sau khi thanh toán, nếu không liên hệ lấy vé sẽ không sử dụng được dịch vụ.
Vé đã mua không hoàn hủy
Số lượng E-Voucher áp dụng: 01 E-Voucher/ 1 người
Khách hàng liên hệ đăng ký dịch vụ trước khi đến để được phục vụ tốt nhất
Điện thoại: 19002065
Địa chỉ: Thủy Đình, Phố Cổ Hoa Lư, Ninh Bình
Điều kiện khác
E-Voucher/E-Coupon không có giá trị quy đổi thành tiền mặt, không trả lại tiền thừa.
Không áp dụng đồng thời với chương trình khuyến mại khác",100,2026-08-23 00:00:00+00,2026-11-21 00:00:00+00,Dang ban,Không quy đổi thành tiền mặt. Hỗ trợ hoàn tiền nếu hủy trước 24h.,//cdn.lifelink.vn/img/c280x280/ADD-Anh-hung-co-lau-03_09072026140103.jpg?sign=uHDd324J3DvYGcjMnXdzpg,0,40000000-0000-0000-0000-000000000003
82e65301-9fe0-4cf6-b866-48a82c5250f5,E-voucher - Hộp bánh trung thu Trăng Trường Thọ,"E-voucher - Hộp bánh trung thu Trăng Trường Thọ sở hữu 4 hương vị bánh đa dạng, từ thanh tao đến đậm đà, phù hợp nhiều khẩu vị.
Bánh nướng sen Đông Trùng Hạ Thảo tạo điểm nhấn đặc biệt với sự kết hợp giữa vị sen và Đông Trùng Hạ Thảo.
Bánh nướng sen yến kỳ tử mè đen mang đến hương vị hài hòa, lạ miệng và tinh tế.
Bánh nướng matira cafe đem lại sắc vị hiện đại, phù hợp với người yêu thích hương cà phê.
Bánh dẻo thập cẩm cao cấp gợi nét truyền thống quen thuộc của mùa đoàn viên.
Hộp quà còn kết hợp Đông Trùng Hạ Thảo Sinh Khối Khô 5g và nước uống Đông Trùng Hạ Thảo BIOK hộp 10 gói, tạo nên món quà đa dạng và ý nghĩa.",1760400.00,1584000.00,"Ngày áp dụng: Thứ 2 - Thứ 6
Giờ áp dụng: 9h00 -17h00
Thông tin liên hệ đặt dịch vụ
Hotline lifelink (9h00-20h00): 1900 2065
Hotline BioFun: 0355983628
Địa chỉ lấy bánh Số 10 ngõ 102 Trần Phú,Mỗ Lao, Hà Đông, Hà Nội
Điều kiện áp dụng:
Áp dụng 01 E-Voucher cho 01 hộp
Một khách hàng được mua nhiều E-Voucher
E-Voucher không có giá trị quy đổi thành tiền mặt, không trả lại tiền thừa.
Không áp dụng đồng thời với chương trình khuyến mại khác
Giá đã bao gồm VAT, chưa bao gồm phí ship",100,2026-08-23 00:00:00+00,2026-11-21 00:00:00+00,Dang ban,Không quy đổi thành tiền mặt. Hỗ trợ hoàn tiền nếu hủy trước 24h.,//cdn.lifelink.vn/img/c280x280/ADD-Trung-Thu-Trang-Truong-Tho_21082026114325.jpg?sign=dWd4PufgVftfcD5bQJQvdA,1,40000000-0000-0000-0000-000000000001
8321f92b-0f5e-4a28-a641-70dccbdc00a7,Voucher Fried chicken tại Lotteria,"Voucher Fried chicken tại Lotteria mang đến cơ hội thưởng thức 01 miếng gà rán thơm ngon với mức giá tiết kiệm.
Gà rán được chế biến với lớp vỏ vàng giòn hấp dẫn, thịt gà mềm mọng và đậm đà hương vị.
Voucher điện tử chính hãng, dễ dàng mua và sử dụng thông qua LifeLink.
Phù hợp cho bữa ăn nhanh, bữa xế hoặc những lúc muốn thưởng thức món gà rán yêu thích.
Lotteria là thương hiệu thức ăn nhanh được nhiều khách hàng Việt Nam tin tưởng suốt nhiều năm.
LifeLink giúp bạn mua voucher nhanh chóng, tiện lợi và an tâm khi sử dụng.",35000.00,33000.00,"Voucher không áp dụng hình thức đổi trả/ hủy/ hoàn tiền.
Được sử dụng tối đa 5 voucher/ ngày/ hóa đơn.
Không áp dụng đổi hàng cho đơn hàng số lượng lớn (theo quy định của Lotteria).
Mỗi voucher chỉ được sử dụng 01 lần.
Chỉ áp dụng cho một số sản phẩm nhất định.
Trong trường hợp sản phẩm được chỉ định không có sẵn, khách hàng có thể lựa chọn các sản phẩm có cùng giá t.rị.
Không đổi được ra tiền mặt một phần hoặc toàn bộ.
Không hoàn trả hoặc bán lại được.
Nếu giá tiền đơn đặt hàng của khách hàng vượt quá giá trị của voucher thì khách hàng phải thanh toán thêm số tiền chênh lệch đó.
Voucher không áp dụng cho các chương trình khuyến mãi khác.
Khách hàng có trách nhiệm bảo mật thông tin mã thẻ quà tặng sau khi đặt mua. LifeLink sẽ không chịu trách nhiệm hoàn trả các mã thẻ bị mất hoặc ở trạng thái ""đã sử dụng"" với bất kỳ lý do gì.
LifeLink sẽ không chịu trách nhiệm đối với chất lượng của sản phẩm được cung cấp cũng như đối với các tranh chấp về sau giữa khách hàng và nhà cung cấp.
LifeLink có quyền sửa chữa hoặc thay đổi điều khoản và điều kiện sử dụng mà không thông báo trước.
Hotline LifeLink: 1900 2065",100,2026-08-23 00:00:00+00,2026-11-21 00:00:00+00,Dang ban,Không quy đổi thành tiền mặt. Hỗ trợ hoàn tiền nếu hủy trước 24h.,//cdn.lifelink.vn/img/c280x280/Fried-chicken_28072026092515.jpg?sign=kPlLDRaZ2I7zDJltBlpGpw,0,40000000-0000-0000-0000-000000000001
840f433c-6a5c-4f8d-be26-4768ca5b23b1,Tour City Sightseeing tham quan 1 vòng Hạ Long vé trẻ em bao gồm Lễ Tết,"Đi qua các địa danh mang tính biểu tượng của vùng đất của rồng, bao gồm Công viên Sun World, Chợ Hạ Long, Bảo tàng Quảng Ninh, Cảng tàu Tuần Châu.. và chiêm ngưỡng khung cảnh ngoạn mục của đại dương mênh mông và núi đá vôi từ xa.
Tạo riêng lịch trình của bạn, đi những điểm bạn muốn khám phá vì xe sẽ đưa bạn vào hành trình khám phá thành phố biển Hạ Long luôn biến đổi và phát triển.
Tham quan bảo tàng Quảng Ninh tuyệt đẹp nơi bạn sẽ tìm thấy các triển lãm về lịch sử, văn hóa và thiên nhiên Việt Nam trong không gian đương đại.
Đi một vòng quanh thành phố trong chuyến đi 60 phút hoặc quay lại xe buýt tại bất kỳ điểm dừng nào với vé xe bus 2 tầng City Sightseeing Hạ Long.",120000.00,111000.00,"Khách hàng áp dụng
: Trẻ em từ 6 - 11 tuổi
Thời gian hoạt động
: Thứ 2- Chủ nhật
Thời gian
: 8h00 - 22h00
Thời gian 1 lộ trình
: 60 phút/ lộ trình
Tần suất chạy
: 60’ có 1 chuyến
Lộ trình khởi hành
1. Công viên Sun World
2. Chợ Hạ Long
3. Khách sạn sapphie
4. Vincom hạ long
5. Bảo tàng Quảng Ninh
6. Cung quy hoạch - hội trợ triển lãm tỉnh Quảng Ninh
7. Bãi biển cột 8
8.Công viên hoa
9. Công viên Sun World
Phương tiện di chuyển
: Loại xe đang vận hành tại Hạ Long
Xe Thoáng Nóc: (2 xe)
Tầng 1 : 12 ghế + 2 chỗ đứng và xe lăn
Tầng 2 : 42 ghế
Địa điểm đón khách
: Quầy kiosk màu đỏ với logo City Sightseeing: Cổng công viên Sunworld Hạ Long
Dịch vụ không bao gồm
Phí vào cửa
Thức ăn và đồ uống khác
Đón và trả khách sạn
Tiền tips (không bắt buộc)
Dịch vụ tiện ích bao gồm
Khách lên xe được phát 01 tai nghe (sử dụng cho máy thuyết minh tự động), 01 tờ bản đồ lộ trình
Khách được mượn nón khi nắng.
Ngôn ngữ thuyết minh qua audio 6 ngôn ngữ):Tiếng Việt, Anh, Pháp, Trung, Hàn, Nhật
Lưu ý
:
Vé chỉ có giá trị sử dụng để đi 1 vòng, tính từ địa điểm khách lên đầu tiên & trả về đúng địa điểm đó. Vé không có giá trị lên xuống tại điểm, khi khách xuống vé sẽ hết hiệu lực.
Trẻ em từ 1m2 - 1m4 sẽ tính vé theo bảng giá vé.
Trẻ em dưới 1m2 sẽ miễn phí, ngồi trên lòng người lớn (1 người lớn sẽ kèm theo 1 bé dưới 6 tuổi).
Khách hàng phải làm thủ tục check in hoặc đổi vé điện tử/voucher tại bến xe trước khi sử dụng vé.
Hotline đặt tour & tư vấn
: 19002065
Điều kiện hoãn/huỷ tour
: Voucher không hoàn hủy
Điều kiện khác
Áp dụng 01 E-Voucher/E-Coupon cho 01 khách
Một khách hàng được mua nhiều E-Voucher/E-Coupon
E-Voucher/E-Coupon không có giá trị quy đổi thành tiền mặt, không trả lại tiền thừa.
Không áp dụng đồng thời với chương trình khuyến mại khác",100,2026-08-23 00:00:00+00,2026-11-21 00:00:00+00,Dang ban,Không quy đổi thành tiền mặt. Hỗ trợ hoàn tiền nếu hủy trước 24h.,//cdn.lifelink.vn/img/c280x280/ADD-CitySightseeing-Ha-Long-Bay-1_10072026140347.jpg?sign=5nkEDtat2hWXGTEtcHc4Mw,0,40000000-0000-0000-0000-000000000003
847bb218-f3b5-4880-b88f-c5230feeba32,Voucher Gà không xương sốt Creamy Onion lớn tại Chicken Plus,"Voucher Gà không xương sốt Creamy Onion lớn tại Chicken Plus gồm 400g gà không xương thơm ngon, tiện lợi khi thưởng thức.
Gà được phủ sốt Creamy Onion béo thơm, hòa quyện cùng lớp vỏ giòn rụm chuẩn vị Hàn Quốc.
Combo đi kèm cơm nắm, đu đủ ngâm, xà lách, sốt chua ngọt và sốt ngũ vị giúp bữa ăn thêm trọn vẹn.
Voucher điện tử chính hãng, dễ dàng mua và sử dụng tại Chicken Plus.
Chicken Plus nổi tiếng với công thức gà chiên độc quyền và các loại sốt đặc sắc.
LifeLink mang đến trải nghiệm mua voucher nhanh chóng, tiện lợi và tiết kiệm.",159000.00,155000.00,"Mỗi voucher chỉ được sử dụng 01 lần có thể áp dụng được nhiều voucher cho 01 đơn hàng.
Không có giá trị quy đổi thành tiền mặt, không được hoàn trả tiền thừa.
Chỉ áp dụng cho một số sản phẩm nhất định.
Không hoàn trả hoặc bán lại được.
Nếu giá tiền đơn đặt hàng của khách hàng vượt quá giá trị của voucher thì khách hàng phải thanh toán thêm số tiền chênh lệch đó.
LifeLink không xuất hoá đơn VAT cho khách hàng.
Khách hàng có trách nhiệm bảo mật thông tin mã thẻ quà tặng sau khi đặt mua. LifeLink sẽ không chịu trách nhiệm hoàn trả các mã thẻ bị mất hoặc ở trạng thái ""Đã sử dụng"" với bất kỳ lý do gì.
LifeLink sẽ không chịu trách nhiệm đối với chất lượng sản phẩm hoặc dịch vụ được cung cấp cũng như đối với các tranh chấp về sau giữa khách hàng và nhà cung cấp.
LifeLink có quyền sửa chữa hoặc thay đổi điều khoản và điều kiện sử dụng mà không thông báo trước.
Hotline
LifeLink
: 1900 2065
Địa điểm sử dụng:
https://docs.google.com/spreadsheets/d/1ErdtQi5FCClFIjOWs27EIjhuq0tAGmsG/edit?gid=829289209#gid=829289209",100,2026-08-23 00:00:00+00,2026-11-21 00:00:00+00,Dang ban,Không quy đổi thành tiền mặt. Hỗ trợ hoàn tiền nếu hủy trước 24h.,//cdn.lifelink.vn/img/c280x280/Voucher-Ga-khong-xuong-sot-Creamy-Onion-lon_29072026083343.jpg?sign=HbHg9J1KpXJ-6pP0ZpVgZQ,0,40000000-0000-0000-0000-000000000001
876fb327-21c3-42f6-b939-c5497b478915,"Đài Quan Sát Lotte Hà Nội Sky - Combo Đồ uống, Ảnh, Quà lưu niệm cho Trẻ em","Khám phá Đài Quan Sát Lotte Hà Nội Sky, nơi ngắm trọn vẹn toàn cảnh Hà Nội lung linh từ tầng 65 Lotte Center.
Không gian hiện đại, thoáng đãng, lý tưởng cho mọi đối tượng: Gia đình, nhóm bạn, cặp đôi hay khách du lịch.
Sàn kính Sky Walk độc đáo, trải nghiệm cảm giác mạnh trên độ cao hàng trăm mét giữa lòng thủ đô.
Thỏa sức sống ảo cùng góc check-in 360 độ, background thành phố lộng lẫy - điểm đến ”must-visit” với giới trẻ.
Trang bị kính viễn vọng chất lượng cao, giúp ngắm nhìn Hà Nội chuyển động từ những góc nhìn cực thú vị.
Dịch vụ đa dạng: quầy đồ uống, chụp ảnh lưu niệm, không gian nghỉ chân thoải mái cho chuyến vui chơi trọn vẹn.
Tiết kiệm tối đa khi đặt vé trước qua LifeLink - nhận ưu đãi hấp dẫn, xác nhận nhanh, tiện lợi mọi lúc mọi nơi.
Đặt vé Đài Quan Sát Lotte Hà Nội Sky trên LifeLink ngay hôm nay để không bỏ lỡ trải nghiệm thành phố trên mây cực ”đỉnh”.",420000.00,320000.00,"Khách hàng áp dụng:
Dành cho khách hàng từ 3 tuổi đến 12 tuổi.
Số lượng E-voucher áp dụng:
01 voucher/01 người/01 lần sử dụng.
Mỗi khách hàng được mua nhiều E-Voucher/E-Coupon.
Phạm vi sử dụng:
Áp dụng vào các ngày trong tuần, bao gồm cả ngày Lễ.
Thời gian mua vé combo: 9:30 - 22:30 hàng ngày.
Đổi vé tại quầy B1 đài quan sát LOTTE Hanoi Sky trước 22:30 mỗi ngày.
Lưu ý:
Vé không bao gồm thuê trang phục, chụp ảnh Life4cuts, Trò chơi VR Gliding
Khi đổi vé online sang vé cứng, vé cứng phải được sử dụng cùng ngày.
Đổi vé cứng tại quầy vé trước 22:30 mỗi ngày.
Giá vé thay đổi theo ngày thường, cuối tuần và ngày lễ.
Phụ thu:
Không phụ thu.
Thông tin liên hệ:
Hotline: 024 33336565
Điều kiện khác:
E-Voucher/E-Coupon không có giá trị quy đổi thành tiền mặt, không trả lại tiền thừa.
Không áp dụng đồng thời với chương trình khuyến mại khác.",100,2026-08-23 00:00:00+00,2026-11-21 00:00:00+00,Dang ban,Không quy đổi thành tiền mặt. Hỗ trợ hoàn tiền nếu hủy trước 24h.,//cdn.lifelink.vn/img/c280x280/13_08052026150858.jpg?sign=fkw1zK9_D69j4IJlGrchLA,0,40000000-0000-0000-0000-000000000003
881a2052-57f6-49a6-a639-d958de6a45b9,Vé tham quan Bảo tàng nước mắm Làng Chài Xưa - Mũi Né,"Khám phá không gian bảo tàng nước mắm truyền thống lớn nhất Phan Thiết với diện tích hơn 2.000m², tái hiện lịch sử làng nghề trăm năm.
Hành trình trở về nguồn cội: trải nghiệm văn hóa, lịch sử đậm đà bản sắc Việt Nam theo từng chủ đề hấp dẫn qua 14 không gian đặc sắc.
Phù hợp cho gia đình, nhóm bạn, trẻ em, cặp đôi muốn tìm hiểu về ẩm thực và văn hóa truyền thống Việt Nam.
Thưởng thức các màn trình diễn nghệ thuật, nghe kể chuyện về nghề làm nước mắm và cuộc sống làng chài xưa.
Check-in sống động tại các không gian Chăm Pa cổ, làng chài cách đây 300 năm và phố cổ Phan Thiết độc đáo.
Cơ hội trải nghiệm thực tế thử tài gánh muối, làm dân chài, tham gia các hoạt động tương tác chân thực.
Vé vào cổng linh hoạt, tiết kiệm chi phí với nhiều trải nghiệm văn hóa hấp dẫn không thể bỏ lỡ.
Đặt vé vui chơi qua Lifelink nhận ưu đãi riêng cùng dịch vụ hỗ trợ tận tình, xác nhận nhanh chóng.",110000.00,90000.00,"Khách hàng áp dụng:
Tất cả khách hàng
Số lượng E-voucher áp dụng:
Mỗi khách hàng được mua nhiều phiếu
Sử dụng 01 phiếu/01 khách
Phạm vi sử dụng:
Ngày áp dụng: Tất cả các ngày
Giờ áp dụng: 8h - 18h
Lưu ý:
Voucher ưu đãi chỉ hiệu lực sử dụng khi Quý khách Đăng ký Ngày tham quan qua Hotline.
Điều kiện khác:
E-Voucher/E-Coupon không có giá trị quy đổi thành tiền mặt, không trả lại tiền thừa.
Không áp dụng đồng thời với chương trình khuyến mại khác
Giá đã bao gồm VAT",100,2026-08-23 00:00:00+00,2026-11-21 00:00:00+00,Dang ban,Không quy đổi thành tiền mặt. Hỗ trợ hoàn tiền nếu hủy trước 24h.,//cdn.lifelink.vn/img/c280x280/ADD-Bao-tang-nuoc-mam-Lang-Chai-Xua_26052026160455.jpg?sign=rjUxMgh4aGGDZOBqqrqc9w,0,40000000-0000-0000-0000-000000000003
8ac1fc43-46d0-4196-9038-f706260020f6,E-voucher - Hộp bánh trung thu Trăng Cát Tường,"Thương hiệu BioFun, phù hợp với nhu cầu quà tặng Trung Thu chỉn chu.
Gồm bánh dẻo thập cẩm cao cấp với hương vị đậm đà, hấp dẫn.
Bánh dẻo cốm dừa mang vị thơm dịu, mềm mịn và đặc trưng.
Kèm 1 hộp Đông Trùng Hạ Thảo Sinh Khối Tươi Ngâm Mật Ong BioFun.
Bao bì hộp và khay định hình được thiết kế đồng bộ, sang trọng.
Sự kết hợp giữa bánh và sản phẩm BioFun tạo nên hộp quà đa dạng, giàu ý nghĩa.
Phù hợp làm quà biếu gia đình, quà tặng khách hàng, đối tác và doanh nghiệp.",669600.00,603000.00,"Ngày áp dụng: Thứ 2 - Thứ 6
Giờ áp dụng: 9h00 -17h00
Thông tin liên hệ đặt dịch vụ
Hotline lifelink (9h00-20h00): 1900 2065
Hotline BioFun: 0355983628
Địa chỉ lấy bánh Số 10 ngõ 102 Trần Phú,Mỗ Lao, Hà Đông, Hà Nội
Điều kiện áp dụng:
Áp dụng 01 E-Voucher cho 01 hộp
Một khách hàng được mua nhiều E-Voucher
E-Voucher không có giá trị quy đổi thành tiền mặt, không trả lại tiền thừa.
Không áp dụng đồng thời với chương trình khuyến mại khác
Giá đã bao gồm VAT, chưa bao gồm phí ship",100,2026-08-23 00:00:00+00,2026-11-21 00:00:00+00,Dang ban,Không quy đổi thành tiền mặt. Hỗ trợ hoàn tiền nếu hủy trước 24h.,//cdn.lifelink.vn/img/c280x280/Set-Trang-Cat-Tuong_21082026104056.jpg?sign=Y5F3llhje1bRmLcBqFEIRg,0,40000000-0000-0000-0000-000000000001
8ac89802-a52a-4b44-8d33-bda582142369,kidzooona Sense City GigaMall - Vé vào cổng khu vui chơi bao gồm Lễ Tết,"Thỏa sức khám phá không gian vui chơi hiện đại, giàu màu sắc tại kidzooona Sense City GigaMall siêu hấp dẫn.
Phù hợp cho gia đình có trẻ nhỏ, nhóm bạn hoặc cặp đôi muốn tận hưởng ngày cuối tuần sôi động.
Thiết kế an toàn, chuyên biệt để trẻ phát triển kỹ năng vui chơi thông minh, sáng tạo, tăng gắn kết gia đình.
Không gian mở, rộng rãi với chủ đề vui nhộn, trang trí bắt mắt cho hàng ngàn góc check-in sống động.
Dịch vụ thân thiện, chuyên nghiệp với đội ngũ nhân viên tận tình hỗ trợ mọi nhu cầu khách hàng.
Sự lựa chọn lý tưởng để tổ chức sinh nhật, tiệc nhóm hay đơn giản là không gian giải trí cuối tuần.
Đặt vé trên Dealtoday tiết kiệm chi phí, nhận ưu đãi hấp dẫn dễ dàng chỉ trong vài phút thao tác.
Đảm bảo quyền lợi khách hàng với các chính sách mua vé linh hoạt, xử lý nhanh chóng và thanh toán tiện lợi.",160000.00,128000.00,"Voucher áp dụng cho Vé vào cổng dành cho 1 bé và 1 người lớn tại kidzooona Sense City Phạm Văn Đồng - GigaMall bao gồm Lễ Tết
Voucher không bao gồm vớ/tất.
Khu vui chơi quy định luôn sử dụng vớ/tất, Quý khách vui lòng chuẩn bị vớ/tất trước khi vào khu vui chơi hoặc mua vớ/tất tại quầy.
Nhằm đảm bảo vệ sinh, khu vui chơi yêu cầu luôn mang tất trong suốt thời gian vui chơi.
Lưu ý: Luôn giữ vòng tay cẩn thận để được ra vào nhiều lần trong ngày nhé
Khách hàng áp dụng: Trẻ em từ 1 tuổi đến dưới 12 tuổi, 01 vé áp dụng cho 01 trẻ + 01 người lớn
Ngày áp dụng Tất cả các ngày trong tuần, bao gồm Lễ Tết
Giờ áp dụng: 09:00 đến 21:00
Số lượng E-Voucher áp dụng: 01 voucher/ 01 bé kèm 01 phụ huynh
Phụ thu (nếu có) 1 bé kèm 1 phụ huynh nếu phát sinh thêm các phụ huynh khác thì phụ thu 20.000đ/Phụ huynh
Thông tin liên hệ đặt dịch vụ
Hotline hỗ trợ: 1900 2065
Địa chỉ: L2-04, Tầng 3,TTTM Giga Mall, 240 - 242 Phạm Văn Đồng, P. Hiệp Bình
Điều kiện khác
E-Voucher/E-Coupon không có giá trị quy đổi thành tiền mặt, không trả lại tiền thừa.
Không áp dụng đồng thời với chương trình khuyến mại khác",100,2026-08-23 00:00:00+00,2026-11-21 00:00:00+00,Dang ban,Không quy đổi thành tiền mặt. Hỗ trợ hoàn tiền nếu hủy trước 24h.,//cdn.lifelink.vn/img/c280x280/ADD-Kizooona-9_06072026141545.jpg?sign=0gXuOt5e55f7gqWwPa7tLQ,0,40000000-0000-0000-0000-000000000003
8bd8f518-c4d3-4558-a853-235684533943,Evoucher - Hộp quà trung thu Du Nhiên 2026 phiên bản Nam Châm Cao Cấp - Combo 2 bánh,"Evoucher - Hộp quà trung thu ""Du Nhiên"" 2026 phiên bản Nam Châm Cao Cấp - Combo 2 bánh là lựa chọn quà tặng Trung Thu doanh nghiệp sang trọng và tinh tế.
Thiết kế hộp nam châm cao cấp ép kim vàng 9999 lấy cảm hứng từ vẻ đẹp thiên nhiên thanh bình.
Bao gồm 2 bánh Trung Thu cao cấp cùng đầy đủ phụ kiện như túi giấy, thiệp Trung Thu và bộ dao nĩa.
Truyền tải thông điệp bình an, thịnh vượng và gắn kết bền lâu đến người nhận.
Phù hợp dành tặng đối tác, khách hàng và đội ngũ nhân sự trong mùa đoàn viên 2026.
Mua Evoucher nhanh chóng trên LifeLink với quy trình tiện lợi và nhiều ưu đãi hấp dẫn.",289000.00,245000.00,"Khách hàng áp dụng: Tất cả khách hàng
Ngày áp dụng: Thứ 2 - Thứ 6
Giờ áp dụng: 9:00 - 17:00
Số lượng E-Voucher áp dụng: Sử dụng 01 voucher/01 hộp quà. Không giới hạn số lượng voucher/ hóa đơn.
Thông tin cách mua hàng HƯỚNG DẪN ĐỔI VOUCHER
Bước 1. Khách hàng nhận voucher liên hệ GIVISTA để đổi hộp quà Trung Thu 2026
Hotline/Zalo: 0969117926
Facebook:
Tại đây
Bước 2. Cung cấp mã voucher để đổi hộp quà
Bước 3. Khách hàng thanh toán phí vận chuyển trực tiếp cho đơn vị vận chuyển
Lưu ý: Không hỗ trợ khách hàng đổi quà trực tiếp tại cửa hàng
Điều kiện khác
Một khách hàng được mua nhiều E-Voucher/E-Coupon
E-Voucher/E-Coupon không có giá trị quy đổi thành tiền mặt, không trả lại tiền thừa.
Không áp dụng đồng thời với chương trình khuyến mại khác
Voucher chưa bao gồm phí vận chuyển Hộp quà tặng đến khách hàng.",100,2026-08-23 00:00:00+00,2026-11-21 00:00:00+00,Dang ban,Không quy đổi thành tiền mặt. Hỗ trợ hoàn tiền nếu hủy trước 24h.,//cdn.lifelink.vn/img/c280x280/ADD-Du-Nhien-2banh_10082026164655.jpg?sign=Ddc5u33AMICrRNxJuBgKmw,0,40000000-0000-0000-0000-000000000001
8cd00220-82f0-4099-8d85-329ac748ae31,SH Premium Lounge Tuy Hoa tại Sân bay Tuy Hòa - Vé trẻ em,"Voucher áp dụng cho ""SH Premium Lounge Tuy Hoa tại Sân bay Tuy Hòa - Vé trẻ em""
mang đến cho quý khách một không gian yên tĩnh, cùng dịch vụ đẳng cấp.
Phòng chờ thương gia Tuy Hoà Business Lounge sở hữu không gian kiến trúc hiện đại, có bố cục và nội thất được thiết kế tỉ mỉ, mang dấu ấn riêng biệt, cùng dịch vụ định hướng 5 sao.
Phòng chờ được chia thành nhiều khu vực chức năng như: chỗ nghỉ ngơi, quầy bar/ buffet, phòng hút thuốc... luôn đáp ứng một các tốt nhất nhu cầu đa dạng của hành khách.
Đặc biệt, menu đa dạng, chế biến khéo léo và bày trí đẹp mắt từ các món đặc sản địa phương đến những món khai vị/ đồ uống/ đồ tráng miệng Á - Âu đặc sắc.
Với đội ngũ nhân viên chuyên nghiệp, chu đáo, nhiệt tình cùng phong cách phục vụ cởi mở, chân thành, hiếu khách, Phòng chờ thương gia Tuy Hoà Business Lounge hứa hẹn làm hài lòng mọi quý khách hàng.",200000.00,190000.00,"Voucher bao gồm:
Mã ưu đãi 1 lượt sử dụng dịch vụ phòng chờ SH Premium Lounge Tuy Hoa tại Sân bay Tuy Hòa - Vé trẻ em
Thời gian sử dụng tại Phòng khách là tối đa 03 giờ trước giờ khởi hành ban đầu
Địa điểm áp dụng: Tầng 1, Khu cách ly Quốc nội, Cảng HK Tuy Hoà (gần cửa ra máy bay ưu tiên)
Vị trí: Ga đi Quốc nội - Sân Bay Tuy Hòa - Tuy Hoà
Khách hàng được sử dụng mọi dịch vụ tại phòng chờ theo quy định của phòng chờ.
Mã ưu đãi chỉ có giá trị sử dụng một lần. Không chấp nhận Voucher ưu đãi quá hạn sử dụng hoặc trạng thái “Đã sử dụng”.
Vui lòng xuất trình mã ưu đãi cho nhân viên tại quầy để được áp dụng ưu đãi.
Khách hàng có thể được yêu cầu trả thêm tiền nếu sử dụng quá giá trị của Mã ưu đãi.
Lưu ý:
Khách hàng sẽ thanh toán trực tiếp tại quầy lễ tân theo bảng giá công bố cho khách lẻ tại mỗi phòng chờ khi:
Khách hàng sử dụng quá thời gian quy định của phòng chờ.
Khách hàng có phát sinh các dịch vụ khác thêm tại phòng chờ
Khách hàng có trẻ em đi kèm mà chưa đăng ký dịch vụ trước qua LifeLink 1900 2065. Thời gian thông báo tối thiểu với LifeLink trước 1 ngày sử dụng dịch vụ LifeLink hoàn toàn không chịu trách nhiệm khi có các phát sinh thêm bên trên.""
Khách hàng áp dụng: Khách từ 5 đến 12 tuổi
Ngày áp dụng: Tất cả các ngày trong tuần, bao gồm Lễ Tết
Giờ áp dụng: 5.30 - 16.00
Số lượng E-Voucher áp dụng:
01 voucher/khách/1 lượt sử dụng
Áp dụng nhiều voucher trên 1 hóa đơn""
Dịch vụ bao gồm: Các dịch vụ theo tiêu chuẩn tại phòng chờ
Dịch vụ không bao gồm: Chi phí cá nhân và các chi phí phát sinh khác
Chính sách phụ thu trẻ em
Miễn phí tối đa cho 02 trẻ em dưới 5 tuổi đi kèm cùng mỗi người lớn sử dụng dịch vụ Phòng khách.
Trẻ em dưới 5 tuổi thứ ba trở đi và Trẻ em từ 5 tuổi đến 12 tuổi mức phí bằng 50% đơn giá niêm yết/trẻ em.
Hành khách trên 12 tuổi được tính như quy định đối với người lớn.
Các trường hợp người đi kèm, nếu không được thông báo trước, dịch vụ gia tăng sẽ do Khách hàng tự thanh toán tại quầy lễ tân theo bảng giá công bố cho khách lẻ tại Phòng khách.
Chính sách phụ thu sử dụng thêm giờ
Thời gian sử dụng tại Phòng khách là tối đa 03 giờ trước giờ khởi hành ban đầu.
Cứ mỗi 03 (ba) tiếng thêm giờ phát sinh được xác định là 01 (một) khung thêm giờ (Block). Thời gian thêm giờ phát sinh dưới 3 (ba) tiếng được tính tròn là 01 (một) Block.
Đơn giá thêm giờ là: 50% phí dịch vụ /khách/ block (thêm giờ).
Hành khách tự thanh toán chi phí thêm giờ trực tiếp tại quầy lễ tân theo giá công bố tại phòng khách.""
Quy trình sử dụng dịch vụ
Bước 1: Khách hàng Xuất trình xuất trình mã ưu đãi/ mã QR trên ứng dụng LifeLink/ hoặc email/ hoặc Zalo cùng Thẻ lên tàu bay tại quầy lễ tân Phòng khách.
Bước 2: Nhân viên Phòng khách xác thực mã QR trên hệ thống.
Trường hợp 1: Xác thực không thành công: Nhân viên Lễ tân Phòng khách từ chối phục vụ khách đồng thời Nhờ khách hàng liên hệ lại Hotline LifeLink 1900 2065 để được hỗ trợ nhanh chóng.
Trường hợp 2: Xác thực thành công: Nhân viên Lễ tân Phòng khách hoàn tất trên hệ thống.
Bước 3: Nhân viên Lễ tân Phòng khách mời Hành khách sử dụng Dịch vụ Phòng chờ Thương gia.
Điều kiện lưu ý bắt buộc
Các trường hợp phát sinh không thông báo trước như: Có vé trẻ em đi kèm,... sẽ do Khách hàng tự thanh toán tại quầy lễ tân theo bảng giá công bố cho khách lẻ tại Phòng khách, LifeLink hoàn toàn không chịu trách nhiệm.
Thời gian thông báo tối thiểu trước 1 ngày sử dụng dịch vụ
Hotline hỗ trợ tư vấn (9h-20h): 1900 2065
Điều kiện khác
Áp dụng 01 E-Voucher/E-Coupon cho 01 khách
Một khách hàng được mua nhiều E-Voucher/E-Coupon
E-Voucher/E-Coupon không có giá trị quy đổi thành tiền mặt, không trả lại tiền thừa.
Không áp dụng đồng thời với chương trình khuyến mại khác
Mã ưu đãi được xuất ra sẽ không được đổi trả dưới mọi hình thức.
Giá trên đã bao gồm phí phục vụ và thuế GTGT",100,2026-08-23 00:00:00+00,2026-11-21 00:00:00+00,Dang ban,Không quy đổi thành tiền mặt. Hỗ trợ hoàn tiền nếu hủy trước 24h.,//cdn.lifelink.vn/img/c280x280/2_14052026090612.jpg?sign=CIUZsaoFI88cnu7Y-0HpMg,0,40000000-0000-0000-0000-000000000004
8d13098f-50f1-45b4-ad34-aaedf8eb7fc6,Aurora Halong Cruises - Tour trải nghiệm hoàng hôn trên vịnh Hạ Long,"Du thuyền Aurora Halong Cruises 5 sao, tour hoàng hôn trên Vịnh Hạ Long.
Trải nghiệm riêng tư, sang trọng, thoải mái cho mọi du khách.
Thưởng thức bữa tối Á - Âu thượng hạng, hải sản tươi sống.
Hòa mình vào nhạc Acoustic, Karaoke hoặc trải nghiệm câu mực đêm.
Nhà hàng view vịnh, sức chứa 120 khách, hệ thống âm thanh - ánh sáng hiện đại.
Lịch trình tham quan hấp dẫn qua các biểu tượng nổi tiếng: Núi Bài Thơ, Cầu Bãi Cháy, Cung Cá Heo.
Đội ngũ nhân viên 5 sao, chuyên nghiệp, tận tâm.",950000.00,850000.00,"Ngày áp dụng
: Thứ 2 - chủ nhật
Thời gian áp dụng theo lịch trình:
18h00 - 22h00
Số lượng E-Voucher áp dụng
: 01 E-voucher/ 1 người
Dịch vụ bao gồm:
Lịch trình 4 tiếng trên tàu thăm quan Vịnh + tiệc tối 5 sao
Du thuyền sang trọng, tiêu chuẩn 5 sao
Điều hòa suốt hành trình trên du thuyền
01 Bữa trưa Buffet Âu- Á thượng hạng trên du thuyền
01 Bữa Brunch/ 01 bữa tối đối với chương trình tour sáng/ tối
Đồ uống chào mừng. khăn lạnh trên du thuyền
Tour tham quan 6 tiếng: Tham quan hang Sửng Sốt; Tắm biển, leo núi tại Đảo Titop;
Chèo thuyền Kayak hoặc ngồi thuyền nan tham quan hang Luồn. Tiệc hoàng hôn:
Nước ép trái cây, trái cây và bánh ngọt.
Bể sục Jacuzzi
Khăn tắm phục vụ miễn phí
Phí tham quan và vé thắng cảnh theo chương trình
Bảo hiểm theo vé tham quan
Chụp ảnh bằng flycam hoặc máy cơ
Dịch vụ không bao gồm:
Đồ uống order tại quầy bar, tiền Tip và chi phí cá nhân khác
Xe limousine hiện đại hai chiều cao tốc từ Phố Cổ Hà Nội - Tuần Châu - Hà Nội: 17 - 22 ghế (phụ thu 400.000 Vnđ/ 2 chiều, Xe shuttle bus 30 ghế: 300.000 vnd/ khách/ 2 chiều)
Nước khoáng trên xe Limousine: 2 chai/2 chiều/khách
Thuế VAT 8% và phụ phí
Thanh toán bằng thẻ trên tàu: 4-5% phí ngân hàng
Phụ thu:
Trẻ từ 1 đến 4 tuổi: Miễn phí cho 1 trẻ đi cùng đoàn 20 người lớn; trẻ thứ 2 phụ thu 200.000 vnđ. Nếu trẻ cao trên 1,2m, phụ huynh tự chi trả phát sinh vé tham quan nếu có.
Trẻ từ 5 đến 8 tuổi: Tính 75% giá người lớn.
Trẻ từ 9 tuổi trở lên: Tính 100% giá người lớn.
Phụ thu lễ 30/4, 1/5, 2/9: 100.000 vnđ/khách.
Thông tin liên hệ:
Hotline: 19002065
Điều kiện khác:
Khách hàng cần liên hệ đăng ký dịch vụ trước khi đến để được phục vụ tốt nhất.
E-voucher không có giá trị quy đổi thành tiền mặt.
Không trả lại tiền thừa khi sử dụng dịch vụ.
Không áp dụng đồng thời với chương trình khuyến mại khác.
Không hoàn/hủy booking sau khi xác nhận.",100,2026-08-23 00:00:00+00,2026-11-21 00:00:00+00,Dang ban,Không quy đổi thành tiền mặt. Hỗ trợ hoàn tiền nếu hủy trước 24h.,//cdn.lifelink.vn/img/c280x280/2_27052026115342.jpg?sign=PQKu08cU_oy9sPPC_bG6IQ,3,40000000-0000-0000-0000-000000000004
8d4a3b75-ff3f-4288-8800-2ce9cd014380,"Hệ thống Thẩm mỹ viện Ngọc Dung - E-Coupon ưu đãi Xóa nhăn Super Hifu một trong các vùng mắt, cằm, cổ, tay","Liệu trình giúp xóa mờ 90% nếp nhăn, giảm bọng mỡ, mang lại vùng mắt tươi trẻ rạng rỡ.
Khách hàng sẽ trải nghiệm cảm giác thư giãn nhẹ nhàng, chăm sóc chuyên sâu cho vùng mắt nhạy cảm.
Ứng dụng công nghệ Super Hifu được các chuyên gia thẩm mỹ hàng đầu thế giới công nhận độ an toàn.
Không gian Thẩm mỹ viện Ngọc Dung hiện đại, ấm áp, tạo cảm giác thư thái cho khách hàng.
Đội ngũ chuyên viên giàu kinh nghiệm, nhẹ nhàng và tận tâm trong từng khâu chăm sóc khách hàng.
Tất cả kỹ thuật viên đều được đào tạo bài bản, sở hữu chứng chỉ hành nghề và hiểu rõ về công nghệ làm đẹp.
Khi đặt qua LifeLink, khách hàng được nhận ưu đãi hấp dẫn và quy trình đặt lịch cực nhanh, tiện lợi.
Đặt lịch ngay hôm nay trên LifeLink để tận hưởng dịch vụ chất lượng, giá tốt, cân bằng sắc đẹp và thư giãn vượt trội.",350000.00,9000.00,"E-Coupon ưu đãi Xóa nhăn Super Hifu vùng mắt/cằm/cổ/tay tại Hệ thống Thẩm mỹ viện Ngọc Dung
Khách hàng áp dụng:
Nữ trên 22 tuổi (quốc tịch Việt Nam)
Áp dụng cho khách hàng lần đầu tiên sử dụng dịch vụ tại hệ thống Thẩm mỹ viện Ngọc Dung
Không áp dụng cho phụ nữ đang mang thai và trên 25 tuổi
Số lượng sử dụng:
Mỗi khách hàng chỉ được sử dụng 01 voucher/01 lần sử dụng
Mỗi khách hàng được mua tối đa 02 E-Voucher/E-Coupon trong số các dịch vụ ưu đãi tại LifeLink
Phạm vi sử dụng:
Ngày áp dụng: Thứ hai - Chủ nhật (trừ các ngày Lễ, Tết, bù Lễ theo lịch nhà nước)
Giờ áp dụng: 9h00 - 19h00
Thời hạn sử dụng sau khi kích hoạt: 15 ngày
Lưu ý:
Quý khách phải kích hoạt mã ưu đãi ít nhất 60 phút trước khi đến để được phục vụ tốt nhất.
Vui lòng liên hệ đặt lịch tối thiểu 24 tiếng trước khi đến. Hệ thống không nhận khách đến trực tiếp chưa đăng ký trước. Mong quý khách thông cảm.
Thông tin liên hệ:
Hotline: *3232 hoặc 1800 6377
Zalo: 0902 641 922
Kích hoạt mã:
Tại đây
Điều kiện bắt buộc:
Không áp dụng đồng thời với các chương trình khuyến mãi khác
Mỗi khách hàng chỉ được dùng một mã ưu đãi cho mỗi chương trình khuyến mãi trong suốt thời gian diễn ra chương trình
E-Voucher/E-Coupon không có giá trị quy đổi thành tiền mặt, không trả lại tiền thừa
Không áp dụng đồng thời với chương trình khuyến mại khác",100,2026-08-23 00:00:00+00,2026-11-21 00:00:00+00,Dang ban,Không quy đổi thành tiền mặt. Hỗ trợ hoàn tiền nếu hủy trước 24h.,//cdn.lifelink.vn/img/c280x280/ADD-TMV-Ngoc-Dung-3_27052026142732.jpg?sign=IUjFK3_OvLuHMdnxdrvmGQ,0,40000000-0000-0000-0000-000000000002
8d66656a-99cf-4ffa-90cc-d5dccd1ffc4a,Nhà hàng Shacha Níu - Buffet lẩu bò Triều Châu menu 428K áp dụng cuối tuần,"Trọn bộ buffet bò tươi thái tay gồm thăn bò, dẻ sườn, gầu bò, gù hoa cùng hơn 150 món ăn kèm.
Nguyên liệu bò tươi được thái tay trực tiếp giữ trọn độ ngọt mọng tự nhiên đậm đà hương vị.
Không gian được thiết kế theo phong cách Trung Hoa cổ điển, rộng rãi, phù hợp nhóm lớn và tiệc liên hoan.
Phù hợp cho gia đình, nhóm bạn, công ty tìm kiếm trải nghiệm buffet lẩu phong cách Quảng Đông – Triều Châu đặc sắc.
Nhiều lựa chọn nước lẩu: Mala cay nồng, lẩu nấm thanh ngọt,...
Các quầy line đa dạng cùng quầy sốt Shacha trứ danh giúp thực khách tự pha chế theo khẩu vị riêng biệt.
Tráng miệng chọn lọc: chè, kem, thạch 7 màu và tào phớ thanh mát.
Đặt bàn dễ dàng qua LifeLink để được giữ chỗ và nhận mức ưu đãi hấp dẫn cho bữa tiệc lẩu trọn vị.",462240.00,417000.00,"Khách hàng áp dụng:
Tất cả khách hàng
Trẻ em dưới 1m00: Miễn phí
Trẻ em từ 1m00 - 1m30: Tính 50% giá người lớn
Trẻ em từ 1m30 trở lên: Tính giá như người lớn
Số lượng e-Voucher áp dụng:
01 voucher áp dụng cho 01 suất buffet người lớn
01 khách hàng có thể mua nhiều voucher
Quý khách tham khảo menu:
Tại đây
Phạm vi sử dụng:
Ngày áp dụng: Tối thứ 6, ngày thứ 7 - chủ nhật
Không áp dụng các ngày lễ Tết theo quy định của nhà hàng
Giờ áp dụng:
11h00 - 14h00 (1h30 đóng quầy line)
18h00 - 22h00 (21h30 đóng quầy line)
Phụ thu:
Phụ thu áp dụng vào Tối thứ 6, Thứ 7 và Chủ nhật (cuối tuần), thanh toán tại nhà hàng
Thông tin liên hệ:
Địa chỉ: 26 Lương Định Của, Phường Kim Liên, Hà Nội
Hotline: 0888 113 355
Điều kiện khác:
Mỗi khách hàng được mua nhiều e-Voucher
e-Voucher không có giá trị quy đổi thành tiền mặt, không hoàn trả tiền thừa
Không áp dụng song song với các ưu đãi khác
Giá đã bao gồm VAT",100,2026-08-23 00:00:00+00,2026-11-21 00:00:00+00,Dang ban,Không quy đổi thành tiền mặt. Hỗ trợ hoàn tiền nếu hủy trước 24h.,//cdn.lifelink.vn/img/c280x280/Shacha-Niu-2_08052026103334.jpg?sign=46024p7cCc45AgivbLbCnQ,0,40000000-0000-0000-0000-000000000001
8db953ba-aaee-49da-bf25-2019dd1a0157,kidzooona GO Buôn Ma Thuột - Vé vào cổng khu vui chơi bao gồm Lễ Tết,"Khám phá không gian vui chơi năng động của kidzooona GO Buôn Ma Thuột, nơi tràn ngập tiếng cười và sắc màu sáng tạo.
Lý tưởng cho gia đình có trẻ em, nhóm bạn nhỏ hay các cặp đôi muốn thư giãn cuối tuần năng động và an toàn.
Khu vui chơi với cách bài trí hiện đại, đa dạng hoạt động giúp phát triển thể chất và trí tuệ dành cho các em nhỏ.
Môi trường thoáng mát, đảm bảo vệ sinh và an toàn tuyệt đối cho trẻ, luôn có nhân viên sẵn sàng hỗ trợ.
Kidzooona luôn chú trọng trải nghiệm check-in sống động cho bé và gia đình, tạo nên nhiều kỷ niệm khó quên.
Giá vé hợp lý giúp bạn chủ động lựa chọn theo nhu cầu, linh hoạt giờ giấc tham gia.
Mua vé tại LifeLink để nhận ưu đãi hấp dẫn, giao dịch nhanh chóng, thủ tục đơn giản.
Đặt vé kidzooona GO Buôn Ma Thuột qua LifeLink để cả nhà thêm gắn kết và trải nghiệm trọn vẹn.",98000.00,79000.00,"Voucher áp dụng cho Vé vào cổng dành cho 1 bé và 1 người lớn tại kidzooona GO Buôn Ma Thuột bao gồm Lễ Tết
Voucher không bao gồm vớ/tất.
Khu vui chơi quy định luôn sử dụng vớ/tất, Quý khách vui lòng chuẩn bị vớ/tất trước khi vào khu vui chơi hoặc mua vớ/tất tại quầy.
Nhằm đảm bảo vệ sinh, khu vui chơi yêu cầu luôn mang tất trong suốt thời gian vui chơi.
Lưu ý: Luôn giữ vòng tay cẩn thận để được ra vào nhiều lần trong ngày nhé.
Khách hàng áp dụng: Trẻ em từ 1 tuổi đến dưới 12 tuổi, 01 vé áp dụng cho 01 trẻ + 01 người lớn
Ngày áp dụng Tất cả các ngày trong tuần, bao gồm Lễ Tết
Giờ áp dụng: 09:00 đến 21:00
Số lượng E-Voucher áp dụng: 01 voucher/ 01 bé kèm 01 phụ huynh
Phụ thu (nếu có) 1 bé kèm 1 phụ huynh nếu phát sinh thêm các phụ huynh khác thì phụ thu 50.000đ/Phụ huynh
Thông tin LH đặt dịch vụ
Hotline hỗ trợ: 1900 2065
Địa chỉ: Lô 2S22-B, TTTM Go! Buôn Ma Thuột, Góc đường Nguyễn Thị Định và đường Vành đai Phía Tây, Phường Thành Nhất, Tỉnh Đắk Lắk
Điều kiện khác
E-Voucher/E-Coupon không có giá trị quy đổi thành tiền mặt, không trả lại tiền thừa.
Không áp dụng đồng thời với chương trình khuyến mại khác",100,2026-08-23 00:00:00+00,2026-11-21 00:00:00+00,Dang ban,Không quy đổi thành tiền mặt. Hỗ trợ hoàn tiền nếu hủy trước 24h.,//cdn.lifelink.vn/img/c280x280/ADD-Kidzooona-3_06072026160832.jpg?sign=KF5EVS8-miOznWH8E82sYw,0,40000000-0000-0000-0000-000000000003
8e57704b-a17f-4c27-9891-7e414265b9b0,Evoucher hộp quà Trung Thu Đoàn Viên I 2026 phiên bản nam châm cao cấp - Combo 4 bánh và trà,"Hộp quà gồm 4 bánh trung thu cao cấp kết hợp trà lài thượng hạng thanh tao.
Thiết kế hộp nam châm ép kim vàng 9999 sang trọng, tinh tế và bền đẹp.
Gam xanh dương hoàng gia nổi bật, tái hiện không gian đêm hội trăng rằm truyền thống.
Thích hợp làm quà tặng đối tác, khách hàng, nhân viên và người thân dịp Trung Thu.
Bao gồm đầy đủ túi giấy Ivory, thiệp Trung Thu và bộ dao nĩa tiện lợi.
Evoucher dễ dàng đặt mua và gửi tặng nhanh chóng trên LifeLink.",569000.00,480000.00,"Khách hàng áp dụng: Tất cả khách hàng
Ngày áp dụng: Thứ 2 - Thứ 6
Giờ áp dụng: 9:00 - 17:00
Số lượng E-Voucher áp dụng: Sử dụng 01 voucher/01 hộp quà. Không giới hạn số lượng voucher/ hóa đơn.
Thông tin cách mua hàng HƯỚNG DẪN ĐỔI VOUCHER
Bước 1. Khách hàng nhận voucher liên hệ GIVISTA để đổi hộp quà Trung Thu 2026
Hotline/Zalo: 0969117926
Facebook:
Tại đây
Bước 2. Cung cấp mã voucher để đổi hộp quà
Bước 3. Khách hàng thanh toán phí vận chuyển trực tiếp cho đơn vị vận chuyển
Lưu ý: Không hỗ trợ khách hàng đổi quà trực tiếp tại cửa hàng
Điều kiện khác
Một khách hàng được mua nhiều E-Voucher/E-Coupon
E-Voucher/E-Coupon không có giá trị quy đổi thành tiền mặt, không trả lại tiền thừa.
Không áp dụng đồng thời với chương trình khuyến mại khác
Voucher chưa bao gồm phí vận chuyển Hộp quà tặng đến khách hàng.",100,2026-08-23 00:00:00+00,2026-11-21 00:00:00+00,Dang ban,Không quy đổi thành tiền mặt. Hỗ trợ hoàn tiền nếu hủy trước 24h.,//cdn.lifelink.vn/img/c280x280/ADD-Trung-Thu-Doan-Vien-I_11082026111000.jpg?sign=E1EUnKUDC3VW6T8CldlXnQ,0,40000000-0000-0000-0000-000000000001
90a83a44-00f7-4599-b6dc-3e14c8786ff9,Tour City Sightseeing 1 tiếng tham quan Hồ Chí Minh vé người lớn bao gồm Lễ Tết,"Khám phá các điểm tham quan nổi tiếng của thành phố Hồ Chí Minh trong tour xe buýt hai tầng như Dinh Độc Lập, Nhà Thờ Đức Bà, Chợ Bến Thành, Phố Đi Bộ Nguyễn Huệ, Bitexco.
Dịch vụ xe buýt vô cùng tiện lợi khi bạn có thể tùy chọn điểm xuống.
Miễn phí sách hướng dẫn với bản đồ, lịch trình và các điểm tham quan phổ biến.
Hỗ trợ thuyết minh nhiều ngôn ngữ: tiếng Anh, Trung Quốc, Nhật Bản, Hàn Quốc, Pháp, Đức, Nga, Tây Ban Nha và tiếng Việt.",150000.00,141000.00,"Khách hàng áp dụng
: Người lớn từ 12 tuổi trở lên
Thời gian hoạt động
Các ngày trong tuần: 9h00 - 16h00
Tần suất: 30 phút /1 chuyến
Thời gian lộ trình: 75 phút/ lộ trình
Lộ trình khởi hành LINE 1 : SÀI GÒN - GIA ĐỊNH
1. Địa điểm khởi hành: Nhà Hát Thành Phố
2. Phố đi bộ Nguyễn Huệ
3. Bến Nhà Rồng
4. Tượng Đài Trần Hưng Đạo/ Bến Bạch Đằng
5. Bảo tàng Lịch sử Thành phố Hồ Chí Minh
6. Bảo tàng Chứng tích Chiến tranh
7. Phố Tây Phạm Ngũ Lão
8. Chợ Bến Thành
9. Dinh Thống Nhất
10.Bưu Điện Thành Phố - Nhà Thờ Đức Bà
11. Nhà hát Thành phố
Phương tiện di chuyển
: Có 2 loại xe đang vận hành tại Sài Gòn
Xe Thoáng Nóc: (10 xe)
Tầng 1: 12 ghế + 4 chỗ đứng và xe lăn
Tầng 2: 42 ghế
Xe Có Mái: (2 xe)
Tầng 1: 12 ghế mềm + 4 chỗ đứng và xe lăn
Tầng 2: 40 ghế (20 bên ngoài, 20 bên trong)
Xe 1 Tầng: (3 xe)
Tầng dưới: 6 ghế và xe lăn
Tầng trên: 29 ghế
Địa điểm đón khách
: Quầy kiosk màu đỏ với logo City Sightseeing Sài Gòn tại Nhà hát Thành Phố - Số 7 Công Trường Lam Sơn, Phường Sài Gòn, TP. Hồ Chí Minh
Các trạm dừng liên kết giữa hai tuyến, khách hàng có thể chuyển đổi sử dụng tuyến tại các trạm dừng được đánh dấu.
Dịch vụ không bao gồm
Phí vào cửa
Thức ăn và đồ uống khác
Đón và trả khách sạn
Tiền tips (không bắt buộc)
Dịch vụ tiện ích bao gồm
Khách lên xe được tặng miễn phí 01 tai nghe (sử dụng cho máy thuyết minh tự động),
01 tờ bản đồ lộ trình.
Khách được mượn nón khi nắng.
Trên xe có nhân viên hỗ trợ và giải đáp thông tin cho khách
Ngôn ngữ thuyết minh qua audio (8 ngôn ngữ): Tiếng Việt, Anh, Pháp, Trung, Hàn, Nhật, Tây Ban Nha, Đức.
Lưu ý
Vé chỉ có giá trị sử dụng để đi 1 vòng, tính từ địa điểm khách lên đầu tiên & trả về đúng địa điểm đó. Vé không có giá trị lên xuống tại điểm, khi khách xuống vé sẽ hết hiệu lực.
Trẻ em từ 6- 11 tuổi sẽ tính vé theo bảng giá vé.
Trẻ em dưới 6 tuổi sẽ miễn phí, ngồi trên lòng người lớn. 1 người lớn sẽ kèm theo 1 bé dưới 6 tuổi.
Khách hàng phải làm thủ tục check in hoặc đổi vé điện tử/voucher tại bến xe trước khi sử dụng vé.
Hotline đặt tour & tư vấn
: 19002065
Điều kiện hoãn/huỷ tour
: Voucher không hoàn hủy
Điều kiện khác
Áp dụng 01 E-Voucher/E-Coupon cho 01 khách
Một khách hàng được mua nhiều E-Voucher/E-Coupon
E-Voucher/E-Coupon không có giá trị quy đổi thành tiền mặt, không trả lại tiền thừa.
Không áp dụng đồng thời với chương trình khuyến mại khác",100,2026-08-23 00:00:00+00,2026-11-21 00:00:00+00,Dang ban,Không quy đổi thành tiền mặt. Hỗ trợ hoàn tiền nếu hủy trước 24h.,//cdn.lifelink.vn/img/c280x280/ADD-City-Sightseeing-2_10072026161546.jpg?sign=VQGiqdbNuOKF4npcc8NuMA,0,40000000-0000-0000-0000-000000000003
9171193c-e60a-4c4e-b06e-c1b4af574678,Evoucher Hộp quà trung thu Hạc Vũ Triều Dương 2026 phiên bản nam châm cao cấp - Combo 4 bánh và trà,"Evoucher Hộp quà trung thu Hạc Vũ Triều Dương 2026 phiên bản nam châm cao cấp - Combo 4 bánh và trà là món quà Trung Thu cao cấp dành cho doanh nghiệp.
Thiết kế lấy cảm hứng từ chim hạc, rừng tùng và ánh dương, mang ý nghĩa thịnh vượng, trường tồn và phát triển.
Bao gồm 4 bánh Trung Thu cao cấp kết hợp trà lài thượng hạng, mang đến trải nghiệm thưởng thức trọn vẹn.
Hộp nam châm ép kim vàng 9999 cùng túi giấy Ivory tạo nên vẻ đẹp sang trọng, tinh tế.
Phù hợp làm quà tặng đối tác, khách hàng, nhân viên và người thân trong dịp Trung Thu.
Đặt Evoucher nhanh chóng, thuận tiện và an toàn trên LifeLink.",569000.00,480000.00,"Khách hàng áp dụng: Tất cả khách hàng
Ngày áp dụng: Thứ 2 - Thứ 6
Giờ áp dụng: 9:00 - 17:00
Số lượng E-Voucher áp dụng: Sử dụng 01 voucher/01 hộp quà. Không giới hạn số lượng voucher/ hóa đơn.
Thông tin cách mua hàng HƯỚNG DẪN ĐỔI VOUCHER
Bước 1. Khách hàng nhận voucher liên hệ GIVISTA để đổi hộp quà Trung Thu 2026
Hotline/Zalo: 0969117926
Facebook:
Tại đây
Bước 2. Cung cấp mã voucher để đổi hộp quà
Bước 3. Khách hàng thanh toán phí vận chuyển trực tiếp cho đơn vị vận chuyển
Lưu ý: Không hỗ trợ khách hàng đổi quà trực tiếp tại cửa hàng
Điều kiện khác
Một khách hàng được mua nhiều E-Voucher/E-Coupon
E-Voucher/E-Coupon không có giá trị quy đổi thành tiền mặt, không trả lại tiền thừa.
Không áp dụng đồng thời với chương trình khuyến mại khác
Voucher chưa bao gồm phí vận chuyển Hộp quà tặng đến khách hàng.",100,2026-08-23 00:00:00+00,2026-11-21 00:00:00+00,Dang ban,Không quy đổi thành tiền mặt. Hỗ trợ hoàn tiền nếu hủy trước 24h.,//cdn.lifelink.vn/img/c280x280/ADD-Hac-Vu-Trieu-Duong-4banh_11082026102609.jpg?sign=2RfRpKDMLaP8xCkVIJ58Pw,0,40000000-0000-0000-0000-000000000001
9234b4eb-46f0-4ddf-8a83-8e1456c482f7,Tour Đêm City Sightseeing 1 vòng tham quan Hồ Chí Minh vé trẻ em bao gồm Lễ Tết,"Voucher áp dụng ""Tham quan tour đêm City Sightseeing thành phố Hồ Chí Minh 1 vòng - Vé trẻ em"" mang đến
dịch vụ chất lượng cao mang đến một chuyến du lịch sáng tạo, thú vị và linh hoạt.
Xe buýt hai tầng Vietnam Sightseeing tại thành phố Hồ Chí Minh độc đáo, sạch sẽ.
Tham quan, ngắm cảnh vẻ đẹp của thành phố Hồ Chí Minh về đêm.
Nhân viên phục vụ chu đáo, nhiệt tình.
Nhân viên lái xe chuyên nghiệp.",105000.00,99000.00,"Khách hàng áp dụng
: Trẻ em từ 6 - 11 tuổi
Thời gian hoạt động
Các ngày trong tuần: Từ 16h30 - 21h00
Tần suất: 30 phút /1 chuyến
Thời gian lộ trình: 45 phút/ lộ trình
Lộ trình khởi hành
1. Địa điểm khởi hành: Nhà Hát Thành Phố
2. Phố đi bộ Nguyễn Huệ
3. Bến Nhà Rồng
4. Tượng Đài Trần Hưng Đạo /Bến Bạch Đằng
5. Cầu Thủ Thiêm 1
6. Cầu Ba Son
7. Trung tâm thương mại Diamond Plaza
8. Hồ Con Rùa
9. Dinh Thống Nhất
10. Bưu Điện Thành Phố - Nhà Thờ Đức Bà
11. Nhà hát Thành phố
Phương tiện di chuyển
: Có 2 loại xe đang vận hành tại Sài Gòn
Xe Thoáng Nóc: 10 xe
Tầng 1: 12 ghế + 4 chỗ đứng và xe lăn
Tầng 2: 42 ghế
Xe Có Mái: 2 xe
Tầng 1: 12 ghế mềm + 4 chỗ đứng và xe lăn
Tầng 2: 40 ghế (20 bên ngoài, 20 bên trong)
Xe 1 Tầng: 3 xe
Tầng dưới: 6 ghế và xe lăn
Tầng trên: 29 ghế
Địa điểm đón khách
: Quầy kiosk màu đỏ với logo City Sightseeing Sài Gòn tại Nhà hát Thành Phố - Số 7 Công Trường Lam Sơn, Phường Sài Gòn, TP. Hồ Chí Minh
Dịch vụ không bao gồm
Phí vào cửa
Thức ăn và đồ uống khác
Đón và trả khách sạn
Tiền tips (không bắt buộc)
Dịch vụ tiện ích bao gồm
Áo mưa phương tiện miễn phí khi trời mưa.
Trên xe có nhân viên hỗ trợ và giải đáp thông tin cho khách
Ngôn ngữ thuyết minh qua audio (9 ngôn ngữ): KHÔNG HỖ TRỢ AUDIO THUYẾT MINH
Lưu ý
:
Vé chỉ có giá trị sử dụng để đi 1 vòng, tính từ địa điểm khách lên đầu tiên & trả về đúng địa điểm đó. Vé không có giá trị lên xuống tại điểm, khi khách xuống vé sẽ hết hiệu lực.
Trẻ em từ 6- 11 tuổi sẽ tính vé theo bảng giá vé.
Trẻ em dưới 6 tuổi sẽ miễn phí, ngồi trên lòng người lớn. 1 người lớn sẽ kèm theo 1 bé dưới 6 tuổi.
Khách hàng phải làm thủ tục check in hoặc đổi vé điện tử/voucher tại bến xe trước khi sử dụng vé.
Hotline đặt tour & tư vấn
: 19002065
Điều kiện hoãn/huỷ tour
: Voucher không hoàn hủy
Điều kiện khác
Áp dụng 01 E-Voucher/E-Coupon cho 01 khách
Một khách hàng được mua nhiều E-Voucher/E-Coupon
E-Voucher/E-Coupon không có giá trị quy đổi thành tiền mặt, không trả lại tiền thừa.
Không áp dụng đồng thời với chương trình khuyến mại khác",100,2026-08-23 00:00:00+00,2026-11-21 00:00:00+00,Dang ban,Không quy đổi thành tiền mặt. Hỗ trợ hoàn tiền nếu hủy trước 24h.,//cdn.lifelink.vn/img/c280x280/ADD-City-Sightseeing-1_15062026112207.jpg?sign=v_7q2yBHtlesES45KE65qQ,0,40000000-0000-0000-0000-000000000003
92c6605e-3bcf-452a-9c95-d955fdf036fc,Voucher Beef Teriyaki Burger tại Lotteria,"Voucher Beef Teriyaki Burger tại Lotteria bao gồm 01 Beef Teriyaki Burger.
Thịt bò mềm thơm kết hợp cùng sốt Teriyaki đậm đà, chuẩn vị.
Bánh burger mềm mịn hòa quyện với rau tươi và nước sốt đặc trưng.
Phù hợp cho bữa sáng, bữa trưa hoặc bữa ăn nhẹ tiện lợi.
Voucher chính hãng, dễ dàng sử dụng tại hệ thống Lotteria trên toàn quốc.
Đặt mua nhanh trên LifeLink để tận hưởng nhiều ưu đãi hấp dẫn.",43000.00,40000.00,"Voucher không áp dụng hình thức đổi trả/ hủy/ hoàn tiền.
Được sử dụng tối đa 5 voucher/ ngày/ hóa đơn.
Không áp dụng đổi hàng cho đơn hàng số lượng lớn (theo quy định của Lotteria).
Mỗi voucher chỉ được sử dụng 01 lần.
Chỉ áp dụng cho một số sản phẩm nhất định.
Trong trường hợp sản phẩm được chỉ định không có sẵn, khách hàng có thể lựa chọn các sản phẩm có cùng giá t.rị.
Không đổi được ra tiền mặt một phần hoặc toàn bộ.
Không hoàn trả hoặc bán lại được.
Nếu giá tiền đơn đặt hàng của khách hàng vượt quá giá trị của voucher thì khách hàng phải thanh toán thêm số tiền chênh lệch đó.
Voucher không áp dụng cho các chương trình khuyến mãi khác.
Khách hàng có trách nhiệm bảo mật thông tin mã thẻ quà tặng sau khi đặt mua. LifeLink sẽ không chịu trách nhiệm hoàn trả các mã thẻ bị mất hoặc ở trạng thái ""đã sử dụng"" với bất kỳ lý do gì.
LifeLink sẽ không chịu trách nhiệm đối với chất lượng của sản phẩm được cung cấp cũng như đối với các tranh chấp về sau giữa khách hàng và nhà cung cấp.
LifeLink có quyền sửa chữa hoặc thay đổi điều khoản và điều kiện sử dụng mà không thông báo trước.
Hotline LifeLink: 1900 2065",100,2026-08-23 00:00:00+00,2026-11-21 00:00:00+00,Dang ban,Không quy đổi thành tiền mặt. Hỗ trợ hoàn tiền nếu hủy trước 24h.,//cdn.lifelink.vn/img/c280x280/Beef-Teriyaki-Burger_27072026161038.jpg?sign=6TAQH2HIJrV6nKYOl0EuMQ,0,40000000-0000-0000-0000-000000000001
93d80fd1-dea6-4d7c-a314-732b3145ac70,Vé vào cổng KidZania Lotte Mall Tây Hồ dành cho Trẻ em cả ngày - Áp dụng Thứ 2 - Thứ 6,"Vé KidZania Lotte Mall Tây Hồ mang đến cơ hội để trẻ hóa thân thành nhiều ngành nghề yêu thích trong môi trường mô phỏng chân thực.
Không gian rộng hơn 5.300m² với hàng chục khu trải nghiệm hiện đại và an toàn.
Bé được học hỏi kỹ năng sống, tư duy tài chính và tinh thần làm việc nhóm thông qua các hoạt động nhập vai.
Phù hợp cho trẻ từ 4 đến 15 tuổi với đa dạng chủ đề nghề nghiệp hấp dẫn.
Đặt vé nhanh chóng tại LifeLink với quy trình đơn giản, hỗ trợ tận tình.
Lựa chọn lý tưởng cho các gia đình muốn kết hợp vui chơi và giáo dục cuối tuần.",450000.00,450000.00,"Tổng thời gian gói dịch vụ: 1 lần
Thời gian một lần dịch vụ: Cả ngày.
Ngày áp dụng: Thứ 2 - Thứ 6
Giờ áp dụng: 09:00 - 20:00
Khách hàng áp dụng: Trẻ em từ 4 - 15 tuổi.
Số lượng E-Voucher áp dụng:
Một khách hàng được mua nhiều phiếu.
Sử dụng 01 vé/ 01 khách hàng/ 1 lần
Không giới hạn số E-voucher trên 1 hoá đơn
Lưu ý: Vui lòng không mang đồ ăn uống (trừ sữa công thức và thuốc kê đơn) từ bên ngoài vào để đảm bảo môi truong vui chơi an toàn và thoải mái cho trẻ.
Thông tin liên hệ đặt dịch vụ:
Địa chỉ: Khu trải nghiệm KidZania Hà Nội (Tầng 5, Trung tâm thương mại Lotte Mall Hà Nội, số 272 đường Võ Chí Công, phường Tây Hồ, thành phố Hà Nội
Hotline Kidzania: 1900 0114
Hotline Lifelink: 1900 2065
Điều kiện khác
E-Voucher/E-Coupon không có giá trị quy đổi thành tiền mặt, không trả lại tiền thừa.
Không áp dụng đồng thời với chương trình khuyến mại khác
Giá đã bao gồm VAT
Vé đã mua không hoàn hủy, đặt trước tối thiểu 1 ngày",100,2026-08-23 00:00:00+00,2026-11-21 00:00:00+00,Dang ban,Không quy đổi thành tiền mặt. Hỗ trợ hoàn tiền nếu hủy trước 24h.,//cdn.lifelink.vn/img/c280x280/ADD-KidZania-Ha-Noi-2_21072026171922.jpg?sign=SS-XdJkfzWpgccljfGP79w,0,40000000-0000-0000-0000-000000000003
94f9a34b-56c5-496d-9f43-0d87cd0e395f,Ngự thuyền Hueritage - Thưởng thức bữa lỡ thanh nhã trong nắng mới - Nhã Yến,"Nhã Y
ến tr
ên Ng
ự thuyền Hueritage mang tinh thần “chiếc thuyền di sản tr
ên dòng ch
ảy
đương đ
ại”.
Trải nghiệm ẩm thực
đa gi
ác quan: V
ị gi
ác, th
ị gi
ác và c
ảm x
úc v
ăn h
óa hòa quy
ện.
Th
ực
đơn thanh nh
ã: G
ỏi cuốn, B
ánh khoái, Bánh bèo, Xôi Sen Cùng Chim B
ồ C
âu,
Đ
ậu h
ũ.
H
ành trình “Xuôi Dòng H
ương Ng
ắm Huế Th
ương Huy
ền Mộng” g
ói tr
ọn chiều s
âu C
ố
Đ
ô.
LifeLink cung c
ấp sản phẩm, hỗ trợ
đ
ặt chỗ thuận tiện k
èm voucher
ưu đ
ãi.
N
ắng mới, kh
ông gian an lành, tôn vinh giá tr
ị do c
ác ngh
ệ nh
ân và ngh
ệ s
ĩ g
ìn gi
ữ.
Tận h
ư
ởng bữa lỡ thanh tao, chạm v
ào b
ản sắc v
ăn h
óa Hu
ế.",589000.00,566000.00,"Khách hàng
áp d
ụng: Tất cả kh
ách hàng
Gi
ờ
áp d
ụng: 9:00 - 10:30
Chi ti
ết dịch vụ
đư
ợc cung cấp
Menu: G
ỏi cuốn, B
ánh khoái, Bánh bèo, Xôi Sen Cùng Chim B
ồ C
âu,
Đ
ậu h
ũ.
Ph
ục vụ kh
ông gi
ới hạn bao gồm Tr
à hoa và Cà phê.
Gi
ờ
đ
ón khách: 09:00
Đ
ón khách t
ại Nghinh L
ương Đ
ình.
Thuy
ền khởi h
ành: 09:30
10:30: K
ết th
úc ch
ương tr
ình và chào t
ạm biệt qu
ý khách
L
ộ tr
ình thuy
ền chạy: Nghinh L
ương Đ
ình, c
ầu Tr
ư
ờng Tiền, chợ
Đ
ông Ba, C
ồn Hến, Nghinh L
ương Đ
ình.
Số l
ư
ợng E-Voucher
áp d
ụng: 01 E-voucher/1 kh
ách
1 khách có th
ể mua nhiều E-voucher
Phụ thu:
L
ễ tết:
Phụ thu 20% sẽ
đư
ợc
áp d
ụng v
ào các ngày l
ễ quốc gia v
à các s
ự kiện lớn tại
đ
ịa ph
ương
T
ết Nguy
ên
Đ
án T
ừ ng
ày 16/02/2026
– 20/02/2026 (nh
ằm ng
ày 29/2/2025 âm lịch
đ
ến 04/01/2026 âm lịch)
Giỗ tổ H
ùng V
ương 26/04/2026 (nh
ằm ng
ày 10/03/2026 âm lịch)
Ngày gi
ải ph
óng mi
ền Nam, thống nhất
đ
ất n
ư
ớc
v
à Ngày Qu
ốc tế Lao
đ
ộng 30/04/2026 - 01/05/2026
Lễ Quốc Kh
ánh 02/09/2026
Giáng sinh 24/12 và T
ết D
ương l
ịch 31/12.
Trẻ em:
Đ
ể
đ
ảm bảo an to
àn cho du khách khi tr
ải nghiệm dịch vụ của Ngự thuyền Hueritage từ chối nhận kh
ách d
ư
ới 6 tuổi.
Trẻ em từ 6 tuổi
đ
ến d
ư
ới 10 tuổi t
ính b
ằng 80% gi
á ng
ư
ời lớn.
Trẻ em từ 10 tuổi trở l
ên tính giá nh
ư ngư
ời lớn.
Kh
ách hàng liên h
ệ
đăng k
ý d
ịch vụ tr
ư
ớc khi
đ
ến
đ
ể
đư
ợc phục vụ tốt nhất:
Hotline
đ
ặt v
é & t
ư v
ấn (9h00 - 20h00): 1900 2065 / 0934 661 016
Đ
ặt
ít nh
ất 5 ng
ày tr
ư
ớc ng
ày s
ử dụng dịch vụ
Đi
ều kiện l
ưu
ý b
ắt buộc:
Đ
ể
đ
ảm bảo quyền lợi vui l
òng liên h
ệ với ch
úng tôi
đ
ể kiểm tra về t
ình tr
ạng chỗ trống tr
ên tàu, các kho
ản phụ thu (nếu c
ó) tr
ư
ớc khi
đ
ặt dịch vụ v
à thanh toán. M
ọi tr
ư
ờng hợp kh
ách hàng
đ
ã thanh toán nh
ưng chưa li
ên h
ệ tr
ư
ớc với LifeLink, ch
úng tôi hoàn toàn không ch
ịu tr
ách nhi
ệm
E-voucher kh
ông có giá tr
ị quy
đ
ổi th
ành ti
ền mặt, kh
ông tr
ả lại tiền thừa.
Kh
ông áp d
ụng
đ
ồng thời với ch
ương tr
ình khuy
ến mại kh
ác
M
ức gi
á trên
đ
ã bao g
ồm thuế VAT, ph
í ph
ục vụ
Kh
ông hoàn/h
ủy khi
đ
ã mua vé",100,2026-08-23 00:00:00+00,2026-11-21 00:00:00+00,Dang ban,Không quy đổi thành tiền mặt. Hỗ trợ hoàn tiền nếu hủy trước 24h.,//cdn.lifelink.vn/img/c280x280/Ngu-thuyen-Hueritage-Nha-Yen_18052026163100.jpg?sign=tt9bTKtj6mAVk8lAf5roMg,0,40000000-0000-0000-0000-000000000001
9800abae-0f8b-4b0c-95d5-e166436a0ab3,kidzooona AEON MALL Long Biên - Vé vào cổng khu vui chơi bao gồm Lễ Tết,"Thỏa sức khám phá không gian vui chơi sống động, an toàn tại Kid's Box LOTTE MART Vinh.
Lý tưởng cho gia đình có trẻ nhỏ, nhóm bạn, các em thiếu nhi thỏa đam mê vận động, sáng tạo.
Khu vui chơi thiết kế hiện đại, mang đến trải nghiệm giải trí đa dạng, phù hợp nhiều lứa tuổi.
Địa điểm check-in lý tưởng, giúp các bé lưu giữ những khoảnh khắc tuổi thơ hồn nhiên, rực rỡ.
Môi trường sạch sẽ, thân thiện, chuyên nghiệp với đội ngũ nhân viên hỗ trợ tận tình, chu đáo.
Giá vé ưu đãi đặc biệt chỉ khi đặt qua LifeLink, giúp bố mẹ tiết kiệm chi phí vui chơi cho con.
Đem lại cảm giác an tâm về an ninh, tuyệt đối an toàn để trẻ thỏa sức khám phá, vận động.
Đặt vé trực tuyến qua LifeLink nhanh chóng, linh hoạt – săn deal giá tốt cho ngày trải nghiệm tuyệt vời!",190000.00,152000.00,"Voucher áp dụng cho Vé vào cổng dành cho 1 bé và 1 người lớn tại kidzooona AEON MALL Long Biên bao gồm Lễ Tết
Voucher không bao gồm vớ/tất.
Khu vui chơi quy định luôn sử dụng vớ/tất, Quý khách vui lòng chuẩn bị vớ/tất trước khi vào khu vui chơi hoặc mua vớ/tất tại quầy.
Nhằm đảm bảo vệ sinh, khu vui chơi yêu cầu luôn mang tất trong suốt thời gian vui chơi.
Lưu ý: Luôn giữ vòng tay cẩn thận để được ra vào nhiều lần trong ngày nhé
Khách hàng áp dụng: Trẻ em từ 1 tuổi đến dưới 12 tuổi, 01 vé áp dụng cho 01 trẻ + 01 người lớn
Ngày áp dụng: Tất cả các ngày trong tuần, bao gồm Lễ Tết
Giờ áp dụng: 09:00 đến 21:00
Số lượng E-Voucher áp dụng: 01 voucher/ 01 bé kèm 01 phụ huynh
Phụ thu (nếu có) 1 bé kèm 1 phụ huynh nếu phát sinh thêm các phụ huynh khác thì phụ thu 20.000đ/Phụ huynh
Thông tin liên hệ đặt dịch vụ
Hotline hỗ trợ: 1900 2065
Địa chỉ: Lô T334-1, tầng 3, Aeon Mall Long Biên, Số 27 đường Cổ Linh, Phường Long Biên, Thành phố Hà Nội.
Điều kiện khác
E-Voucher/E-Coupon không có giá trị quy đổi thành tiền mặt, không trả lại tiền thừa.
Không áp dụng đồng thời với chương trình khuyến mại khác",100,2026-08-23 00:00:00+00,2026-11-21 00:00:00+00,Dang ban,Không quy đổi thành tiền mặt. Hỗ trợ hoàn tiền nếu hủy trước 24h.,//cdn.lifelink.vn/img/c280x280/ADD-Kidzooona-7_06072026163043.jpg?sign=Rx5hKRvQQyz0jnQDCylKwA,0,40000000-0000-0000-0000-000000000003
982dcfc5-2172-4dae-b999-6e73c7a09c12,"Đài Quan Sát Lotte Hà Nội Sky - Combo Đồ uống, Ảnh, Trò chơi VR Gliding và Quà lưu niệm cho trẻ em","Khám phá Đài Quan Sát Lotte Hà Nội Sky với góc nhìn toàn cảnh 360 độ thủ đô từ độ cao 272m đầy mê hoặc.
Chinh phục sàn kính Skywalk trong suốt, thử thách cảm giác mạnh và lưu lại những khoảnh khắc check-in khó quên.
Trải nghiệm hiếm có với trò chơi thực tế ảo VR Icarus Gliding, khám phá các điểm đẹp nhất Hà Nội qua công nghệ tân tiến.
Tham gia game Đấu rồng MR, hóa thân anh hùng phiêu lưu tại Lăng Bác, Hoàng thành Thăng Long, Chùa Trấn Quốc.
Phù hợp cho nhóm bạn trẻ, gia đình nhiều thế hệ, các cặp đôi muốn tìm cảm giác mới lạ, trẻ em yêu thích trải nghiệm công nghệ.
Trang bị kính viễn vọng, chụp ảnh chuyên nghiệp, đồ uống đa dạng phục vụ trọn vẹn cho trải nghiệm giải trí tại chỗ.
Đặt vé qua LifeLink nhận ưu đãi tiết kiệm chi phí, xác nhận nhanh, hỗ trợ nhiệt tình cùng nhiều cơ hội tích điểm, nhận quà hấp dẫn.
Đừng bỏ lỡ cơ hội chinh phục một trong những điểm cao nhất Việt Nam, trải nghiệm giải trí độc đáo chỉ có tại LOTTE Hanoi Sky!",580000.00,420000.00,"Khách hàng áp dụng:
Dành cho khách hàng từ 3 tuổi đến 12 tuổi.
Số lượng E-voucher áp dụng:
01 voucher/01 người/01 lần sử dụng.
Mỗi khách hàng được mua nhiều E-Voucher/E-Coupon.
Phạm vi sử dụng:
Áp dụng vào các ngày trong tuần, bao gồm cả ngày Lễ.
Thời gian mua vé combo: 9:30 - 22:30 hàng ngày.
Đổi vé tại quầy B1 đài quan sát LOTTE Hanoi Sky trước 22:30 mỗi ngày.
Lưu ý:
Trò chơi VR Icarus Gliding chỉ dành cho người trên 10 tuổi và không có triệu chứng say tàu xe.
Vé không bao gồm thuê trang phục, chụp ảnh Life4cuts.
Khi đổi vé online sang vé cứng, vé cứng phải được sử dụng cùng ngày.
Đổi vé cứng tại quầy vé trước 22:30 mỗi ngày.
Giá vé thay đổi theo ngày thường, cuối tuần và ngày lễ.
Phụ thu:
Không phụ thu.
Thông tin liên hệ:
Hotline: 024 33336565
Điều kiện khác:
E-Voucher/E-Coupon không có giá trị quy đổi thành tiền mặt, không trả lại tiền thừa.
Không áp dụng đồng thời với chương trình khuyến mại khác.",100,2026-08-23 00:00:00+00,2026-11-21 00:00:00+00,Dang ban,Không quy đổi thành tiền mặt. Hỗ trợ hoàn tiền nếu hủy trước 24h.,//cdn.lifelink.vn/img/c280x280/17_08052026150925.jpg?sign=6sZnF415YwHTc-MeN8Q-UA,0,40000000-0000-0000-0000-000000000003
98b8e1e9-11f1-4669-9b4d-9ca03486bb75,Hệ thống Thẩm mỹ viện Ngọc Dung - E-Coupon ưu đãi Chăm sóc dưỡng trẻ hóa da PL,"Liệu trình giúp trẻ hóa da, tăng sinh collagen tự nhiên, nâng cơ, làm mờ nếp nhăn và cải thiện sắc tố hiệu quả toàn diện.
Quy trình nhẹ nhàng, kết hợp công nghệ cao và thẩm mỹ nội khoa, mang lại cảm giác thư giãn xuyên suốt từng bước.
Áp dụng các công nghệ hiện đại đã được kiểm định chất lượng, an toàn, phù hợp với từng làn da và mục đích sử dụng.
Không gian spa sang trọng, ấm áp, đảm bảo riêng tư, giúp khách hàng cảm nhận trọn vẹn sự tinh tế và thư giãn.
Sở hữu đội ngũ chuyên gia giàu kinh nghiệm, đào tạo bài bản, am hiểu chuyên sâu về công nghệ làm đẹp hiện đại.
Tất cả chuyên viên đều có chứng chỉ hành nghề, đảm bảo các tiêu chuẩn an toàn và chất lượng dịch vụ vượt trội.
Ưu đãi hấp dẫn khi đặt lịch qua LifeLink, đi kèm quy trình hỗ trợ đặt hẹn linh hoạt, nhanh chóng và tiện lợi.
Đặt dịch vụ trên LifeLink, tận hưởng trải nghiệm làm đẹp tại Thẩm mỹ viện Ngọc Dung với mức giá ưu đãi nhất thị trường.",350000.00,9000.00,"E-Coupon ưu đãi Chăm sóc dưỡng trẻ hóa da PL (Ultra White) mặt/cổ/tay/mông tại Hệ thống Thẩm mỹ viện Ngọc Dung
Khách hàng áp dụng:
Nữ, quốc tịch Việt Nam, trên 22 tuổi.
Áp dụng cho khách hàng lần đầu tiên sử dụng dịch vụ tại Ngọc Dung.
Không áp dụng cho phụ nữ đang mang thai và trên 25 tuổi.
Số lượng E-voucher áp dụng:
Mỗi khách hàng chỉ được sử dụng 01 voucher cho mỗi lần và mỗi chương trình khuyến mãi.
Mỗi khách hàng được mua tối đa 02 E-Voucher/E-Coupon trong số các dịch vụ ưu đãi của Hệ Thống Thẩm mỹ viện Ngọc Dung tại LifeLink.
Phạm vi sử dụng:
Ngày áp dụng: Thứ hai - Chủ nhật (trừ các ngày Lễ, Tết, Bù Lễ theo lịch nghỉ của nhà nước).
Giờ áp dụng: 9h00 - 19h00.
Thời hạn sử dụng sau khi kích hoạt: 15 ngày.
01 voucher/01 khách/01 lần sử dụng.
Lưu ý:
Quý khách cần kích hoạt mã ưu đãi ít nhất 60 phút trước khi đến để được phục vụ tốt nhất.
Vui lòng liên hệ đặt lịch trước khi đến tối thiểu 24 tiếng qua Hotline hoặc Zalo để đảm bảo được phục vụ.
Hệ thống Thẩm mỹ viện Ngọc Dung không nhận khách hàng đến trực tiếp nếu chưa đăng ký đặt chỗ trước.
Thông tin liên hệ:
Hotline: *3232 hoặc 1800 6377
Zalo hỗ trợ: 0902 641 922
Kích hoạt mã ưu đãi:
Tại đây
Điều kiện khác:
E-Voucher/E-Coupon không có giá trị quy đổi thành tiền mặt, không trả lại tiền thừa.
Không áp dụng đồng thời với các chương trình khuyến mãi khác.",100,2026-08-23 00:00:00+00,2026-11-21 00:00:00+00,Dang ban,Không quy đổi thành tiền mặt. Hỗ trợ hoàn tiền nếu hủy trước 24h.,//cdn.lifelink.vn/img/c280x280/ADD-TMV-Ngoc-Dung-2_27052026142724.jpg?sign=bqiGHg9B-tDthJw4iTjzGg,0,40000000-0000-0000-0000-000000000002
9a73686e-229b-43ec-b34a-77def3d1b091,kidzooona Hanoi Centre - Vé vào cổng khu vui chơi bao gồm Lễ Tết,"Đắm chìm trong không gian giải trí đầy màu sắc tại Kidzooona Hanoi Centre, nơi trẻ nhỏ tha hồ khám phá sáng tạo.
Phù hợp cho gia đình có con nhỏ, nhóm bạn nhỏ, các cặp đôi yêu cuộc sống năng động và sáng tạo.
Khu vui chơi theo phong cách hiện đại, an toàn và thân thiện, mang đến trải nghiệm vui tươi khó quên cho các bé.
Nhiều hoạt động tương tác, gắn kết các thành viên trong gia đình, giúp bé phát triển kỹ năng vận động.
Không gian rộng rãi, sạch sẽ, được thiết kế sáng tạo tạo cảm hứng cho mọi lứa tuổi khi tham gia trải nghiệm.
Ưu đãi hấp dẫn, linh hoạt thời gian vui chơi giúp khách hàng chủ động lựa chọn cho các dịp cuối tuần hoặc ngày lễ.
LifeLink mang đến giải pháp đặt vé nhanh chóng, an toàn, nhiều ưu đãi đặc biệt dành riêng cho khách hàng.
Đặt vé ngay trên LifeLink để tiết kiệm thời gian, nhận mức giá tốt và tận hưởng mùa vui bất tận tại Kidzooona!",200000.00,160000.00,"Voucher áp dụng cho Vé vào cổng dành cho 1 bé và 1 người lớn tại kidzooona Hanoi Centre bao gồm Lễ Tết
Voucher không bao gồm vớ/tất.
Khu vui chơi quy định luôn sử dụng vớ/tất, Quý khách vui lòng chuẩn bị vớ/tất trước khi vào khu vui chơi hoặc mua vớ/tất tại quầy.
Nhằm đảm bảo vệ sinh, khu vui chơi yêu cầu luôn mang tất trong suốt thời gian vui chơi.
Lưu ý: Luôn giữ vòng tay cẩn thận để được ra vào nhiều lần trong ngày nhé
Khách hàng áp dụng: Trẻ em từ 1 tuổi đến dưới 12 tuổi, 01 vé áp dụng cho 01 trẻ + 01 người lớn
Ngày áp dụng: Tất cả các ngày trong tuần, bao gồm Lễ Tết
Giờ áp dụng: 09:00 đến 21:00
Số lượng E-Voucher áp dụng: 01 voucher/ 01 bé kèm 01 phụ huynh
Phụ thu (nếu có): 1 bé kèm 1 phụ huynh nếu phát sinh thêm các phụ huynh khác thì phụ thu 20.000đ/Phụ huynh
Thông tin liên hệ đặt dịch vụ
Hotline hỗ trợ: 1900 2065
Địa chỉ: L2-C10, Tầng 2, Tiến Bộ Plaza, 175 đường Nguyễn Thái Học, Phường Ô Chợ Dừa, TP. Hà Nội.
Điều kiện khác
E-Voucher/E-Coupon không có giá trị quy đổi thành tiền mặt, không trả lại tiền thừa.
Không áp dụng đồng thời với chương trình khuyến mại khác",100,2026-08-23 00:00:00+00,2026-11-21 00:00:00+00,Dang ban,Không quy đổi thành tiền mặt. Hỗ trợ hoàn tiền nếu hủy trước 24h.,//cdn.lifelink.vn/img/c280x280/ADD-Kidzooona-6_07072026085006.jpg?sign=uqAO43sJUYhZ-85GUfLmrQ,0,40000000-0000-0000-0000-000000000003
9aa78fea-6fdb-4f05-b232-9e7884565249,Đài Quan Sát Lotte Hà Nội Sky - Combo Đồ uống và Quà lưu niệm cho Trẻ em,"Ngắm trọn vẹn toàn cảnh Hà Nội 360 độ từ tầng 65 Lotte Center, trải nghiệm không gian khác biệt khó quên.
Địa điểm lý tưởng cho gia đình, nhóm bạn, cặp đôi cùng lưu giữ khoảnh khắc khó quên bên nhau.
Sky Walk với sàn kính độc đáo, thử thách cảm giác mạnh, mang lại trải nghiệm check-in cực chất.
Thưởng thức dịch vụ đồ uống và dịch vụ chụp ảnh chuyên nghiệp ngay tại đài quan sát.
Đài Quan Sát Lotte Hà Nội Sky là địa danh biểu tượng với thiết kế hiện đại, view cực đỉnh giữa lòng thủ đô.
Phù hợp đa dạng đối tượng: trẻ em, người lớn, các tâm hồn yêu nhiếp ảnh, khám phá.
Mua vé dễ dàng, linh hoạt, ưu đãi hấp dẫn khi đặt qua LifeLink, tiết kiệm chi phí tối ưu.
Đặt vé ngay trên LifeLink để nhận e-voucher tiện lợi, sẵn sàng cho chuyến “săn mây” cùng bạn bè và người thân!",320000.00,270000.00,"Khách hàng áp dụng:
Dành cho khách hàng từ 3 tuổi đến 12 tuổi.
Số lượng E-voucher áp dụng:
01 voucher/01 người/01 lần sử dụng.
Mỗi khách hàng được mua nhiều E-Voucher/E-Coupon.
Phạm vi sử dụng:
Áp dụng vào các ngày trong tuần, bao gồm cả ngày Lễ.
Thời gian mua vé combo: 9:30 - 22:30 hàng ngày.
Đổi vé tại quầy B1 đài quan sát LOTTE Hanoi Sky trước 22:30 mỗi ngày.
Lưu ý:
Vé không bao gồm thuê trang phục, chụp ảnh Life4cuts, quà lưu niệm, Đấu trường Mission X
Khi đổi vé online sang vé cứng, vé cứng phải được sử dụng cùng ngày.
Đổi vé cứng tại quầy vé trước 22:30 mỗi ngày.
Giá vé thay đổi theo ngày thường, cuối tuần và ngày lễ.
Phụ thu:
Không phụ thu.
Thông tin liên hệ:
Hotline: 024 33336565
Điều kiện khác:
E-Voucher/E-Coupon không có giá trị quy đổi thành tiền mặt, không trả lại tiền thừa.
Không áp dụng đồng thời với chương trình khuyến mại khác.",100,2026-08-23 00:00:00+00,2026-11-21 00:00:00+00,Dang ban,Không quy đổi thành tiền mặt. Hỗ trợ hoàn tiền nếu hủy trước 24h.,//cdn.lifelink.vn/img/c280x280/6_08052026150851.jpg?sign=Z-JXirQuc88m8mprM2xT5w,0,40000000-0000-0000-0000-000000000003
9d144020-c47d-462d-bea1-92451d73ba4b,Evoucher - Hộp quà trung thu Moonlit Harmony 2026 phiên bản nam châm - Combo 4 bánh và trà,"Evoucher - Hộp quà trung thu Moonlit Harmony 2026 phiên bản nam châm - Combo 4 bánh và trà sở hữu thiết kế sang trọng, mang đậm dấu ấn nghệ thuật mùa trăng.
Tông màu đỏ rượu vang kết hợp ép kim vàng 9999 tạo nên vẻ đẹp nổi bật và đẳng cấp.
Bao gồm 4 bánh Trung Thu cao cấp cùng trà lài thượng hạng, mang đến trải nghiệm thưởng thức trọn vẹn.
Hộp quà nam châm chắc chắn, đi kèm túi giấy Ivory, thiệp Trung Thu và bộ dao nĩa tiện lợi.
Thích hợp làm quà tặng đối tác, khách hàng, nhân viên và người thân trong dịp Trung Thu.
Đặt Evoucher nhanh chóng và tiện lợi trên LifeLink.",569000.00,480000.00,"Khách hàng áp dụng: Tất cả khách hàng
Ngày áp dụng: Thứ 2 - Thứ 6
Giờ áp dụng: 9:00 - 17:00
Số lượng E-Voucher áp dụng: Sử dụng 01 voucher/01 hộp quà. Không giới hạn số lượng voucher/ hóa đơn.
Thông tin cách mua hàng HƯỚNG DẪN ĐỔI VOUCHER
Bước 1. Khách hàng nhận voucher liên hệ GIVISTA để đổi hộp quà Trung Thu 2026
Hotline/Zalo: 0969117926
Facebook:
Tại đây
Bước 2. Cung cấp mã voucher để đổi hộp quà
Bước 3. Khách hàng thanh toán phí vận chuyển trực tiếp cho đơn vị vận chuyển
Lưu ý: Không hỗ trợ khách hàng đổi quà trực tiếp tại cửa hàng
Điều kiện khác
Một khách hàng được mua nhiều E-Voucher/E-Coupon
E-Voucher/E-Coupon không có giá trị quy đổi thành tiền mặt, không trả lại tiền thừa.
Không áp dụng đồng thời với chương trình khuyến mại khác
Voucher chưa bao gồm phí vận chuyển Hộp quà tặng đến khách hàng.",100,2026-08-23 00:00:00+00,2026-11-21 00:00:00+00,Dang ban,Không quy đổi thành tiền mặt. Hỗ trợ hoàn tiền nếu hủy trước 24h.,//cdn.lifelink.vn/img/c280x280/ADD-Moonlit-Harmony-4banh_11082026101508.jpg?sign=-gN17MPFZfnwx7p-_PfCHg,0,40000000-0000-0000-0000-000000000001
9d504b4a-984c-4962-822d-d358b9e5baa3,Dookki Việt Nam - Combo 2 Vé Buffet Người Lớn,"Chuỗi nhà hàng buffet lẩu tokbokki đầu tiên và lớn nhất tại Việt Nam, dành cho tín đồ ẩm thực Hàn Quốc.
Thưởng thức tokbokki cay nồng, thịt bò Mỹ mềm, cùng nhiều loại đồ viên chuẩn vị Hàn.
Tự tay pha chế nước lẩu theo nhiều công thức độc đáo, tạo hương vị riêng.
Mô hình buffet tokbokki không giới hạn, thoải mái ăn uống thỏa thích.
Không gian hiện đại, phục vụ chuyên nghiệp, thực đơn phong phú được nhiều khách hàng yêu thích.",300000.00,300000.00,"Voucher chỉ dùng cho gói buffet.
Áp dụng tại các cửa hàng Dookki trên toàn quốc.
Mỗi voucher chỉ được sử dụng 01 lần, có thể áp dụng được nhiều voucher cho 01 đơn hàng.
Voucher không có giá trị quy đổi thành tiền mặt, không được hoàn trả tiền thừa. Nếu trị giá đơn hàng lớn hơn trị giá voucher khách vui lòng thanh toán khoản tiền chênh lệch đó cho nhà hàng.
Mã voucher đã mua không hỗ trợ hoàn hủy đổi trả dưới mọi hình thức.
Voucher được áp dụng cho cả ngày Lễ/Tết .
Voucher không áp dụng đồng thời các chương trình khuyến mãi khác.
Mỗi voucher chỉ được sử dụng trong thời hạn hiển thị trên voucher.
Nhà hàng chịu trách nhiệm xuất hóa đơn VAT cho khách hàng khi có yêu cầu.
Khách hàng có trách nhiệm bảo mật thông tin mã thẻ quà tặng sau khi đặt mua. LifeLink sẽ không chịu trách nhiệm hoàn trả các mã thẻ bị mất hoặc ở trạng thái “đã sử dụng” với bất kì lý do gì.",100,2026-08-23 00:00:00+00,2026-11-21 00:00:00+00,Dang ban,Không quy đổi thành tiền mặt. Hỗ trợ hoàn tiền nếu hủy trước 24h.,//cdn.lifelink.vn/img/c280x280/Dookii-Viet-Nam_22072026143211.jpg?sign=cJZaswdB8SBDPZPP_eFh3g,0,40000000-0000-0000-0000-000000000001
9d7c9947-03b0-4f42-8bdd-239a3c89723f,Flyover Starry Sky Art Museum - Vé tham quan dành cho người lớn,"Khám phá không gian nghệ thuật ánh sáng độc đáo, đậm chất đương đại giữa lòng TP.HCM.
Điểm check-in hút mắt với gương phản chiếu và hiệu ứng 3D ảo giác sống động.
Phù hợp cho nhóm bạn, cặp đôi, gia đình và tín đồ chụp ảnh ""sống ảo"".
Mỗi không gian mang một chủ đề nghệ thuật riêng biệt, đậm tính thị giác.
Thời gian tham quan linh hoạt, không giới hạn khung giờ trong ngày.
Hành trình khám phá vũ trụ ánh sáng và nghệ thuật hiện đại đầy cảm hứng.
Đặt vé trực tuyến nhanh chóng trên LifeLink, xác nhận e-voucher liền tay.",290000.00,278000.00,"Khách hàng áp dụng: Dành cho người lớn
Số lượng e-Voucher áp dụng:
01 voucher/ 01 khách/ 01 vé vào cổng 01 lần (không bù tiền)
Mỗi khách hàng được mua nhiều e-Voucher/e-Coupon
Phạm vi sử dụng:
Ngày áp dụng: Tất cả các ngày trong tuần bao gồm Lễ
Giờ áp dụng: 09h30 - 21h30
Số lần sử dụng dịch vụ: 01 lần
Quy định khi tham quan:
Khách hàng không được mang nước, đồ ăn, thức uống và không hút thuốc trong khu vực tham quan.
Chính sách vé:
Trẻ em dưới 80cm miễn phí
Dưới 1m2 tính vé trẻ em
Trên 1m2 tính vé người lớn
Khách hàng vui lòng liên hệ đăng ký dịch vụ trước khi đến để được phục vụ tốt nhất.
Điện thoại liên hệ: 028 6686 9665
Điều kiện khác:
e-Voucher/e-Coupon không có giá trị quy đổi thành tiền mặt, không trả lại tiền thừa
Không áp dụng đồng thời cùng lúc với các chương trình khuyến mại khác
Voucher không áp dụng hoàn, hủy",100,2026-08-23 00:00:00+00,2026-11-21 00:00:00+00,Dang ban,Không quy đổi thành tiền mặt. Hỗ trợ hoàn tiền nếu hủy trước 24h.,//cdn.lifelink.vn/img/c280x280/1_08052026160130.jpg?sign=SGnQxHjwehQXAlLTHDj60w,0,40000000-0000-0000-0000-000000000003
9e8740fc-f9f8-46fa-8b83-02cdba1b3baf,Lily Cruise - Du ngoạn Vịnh Hạ Long 2 ngày 1 đêm,"Phòng Deluxe Ocean View Cabin rộng 20m2, view biển tầng 1, sức chứa 2 người lớn & 1 trẻ em dưới 5 tuổi.
Tiện nghi phòng gồm tủ lạnh mini, phòng tắm khép kín, áo choàng, máy sấy tóc, két an toàn, hệ thống báo cháy.
Thưởng thức 4 bữa ăn đậm chất ẩm thực Việt và hải sản tươi sống ngay trên du thuyền sang trọng.
Khám phá bất tận Hạ Long với lịch trình thăm hang Sửng Sốt, đảo Titop, hang Luồn cùng trải nghiệm kayak.
Thư giãn tuyệt đối cùng tiệc trà chiều trên boong tàu, lớp học nấu ăn và hoạt động câu mực ban đêm thú vị.
Thiết kế du thuyền phong cách châu Âu cổ điển hòa quyện nét truyền thống Việt, đẳng cấp 4 sao.
Du thuyền trang bị hồ bơi, spa, jacuzzi, nhà hàng, bar và phục vụ thực phẩm Halal có chứng nhận.
Combo ưu đãi bao gồm vé tham quan, hướng dẫn viên tiếng Anh, đưa đón, Wi-Fi và bảo hiểm hành trình.",5900000.00,5400000.00,"Dịch vụ bao gồm:
Hạng phòng
Deluxe Ocean View với chỗ nghỉ tiện nghi, máy lạnh hiện đại
Tiện ích khác
Hướng dẫn viên nói tiếng Anh
Phí tham quan và vé tham quan
Tất cả các bữa ăn trên tàu: sáng, trưa, tối
Chèo thuyền kayak
Wi-Fi trên xe đưa đón và văn phòng chờ
Đồ uống chào mừng
Bảo hiểm và thuế GTGT
Thời gian nhận trả phòng:
Check-in sớm, check-out muộn: Tùy thuộc vào tình trạng phòng và có thể sẽ phụ thu theo quy định của khách sạn
Lưu ý:
Không bao gồm: Đồ uống, tiền thưởng và các chi phí cá nhân khác
Không bao gồm dịch vụ vận chuyển Hà Nội - Hạ Long - Hà Nội
Việc tăng phí vào cửa có thể được áp dụng vào năm 2026 theo Ban quản lý Vịnh Hạ Long
Không áp dụng trong dịp Lễ, Tết
Phụ thu:
Phụ thu dịch vụ xe bus: 200.000vnđ/chiều/người (nếu có đặt xe đón)
Phụ thu dịch vụ xe Limousine: 350.000vnđ/chiều/người (nếu có đặt xe đón)
Phụ thu Dạ tiệc bắt buộc: 700.000vnđ/người lớn và 500.000vnđ/trẻ em với các đêm: Giáng sinh (24/12), Giao thừa (31/12), Tết Nguyên đán (30/12 và 01, 02, 03 tháng Giêng Âm lịch)
Thông tin liên hệ:
Địa chỉ: Nhà chờ G55, Cảng số 2, Cảng tàu Quốc tế Tuần Châu - Quảng Ninh
Hotline: 1900 2065
Điều kiện khác:
01 e-Voucher áp dụng cho 2 người lớn/1 phòng
Khách hàng cần liên hệ đăng ký dịch vụ trước khi đến để được phục vụ tốt nhất
e-Voucher không có giá trị quy đổi thành tiền mặt, không trả lại tiền thừa
Không áp dụng đồng thời với chương trình khuyến mại khác
Không hoàn/hủy booking dưới bất kỳ hình thức nào",100,2026-08-23 00:00:00+00,2026-11-21 00:00:00+00,Dang ban,Không quy đổi thành tiền mặt. Hỗ trợ hoàn tiền nếu hủy trước 24h.,//cdn.lifelink.vn/img/c280x280/Lily-Cruise_27052026143448.jpg?sign=K5f9MTd7cSVawfScSz5Iaw,0,40000000-0000-0000-0000-000000000004
9e8adebf-dd3a-4734-af9f-c52575fd7b93,Evoucher Hộp quà trung thu Hồng Cát Minh Nguyệt 2026 phiên bản hộp xếp 2 cánh cửa cao cấp - Combo 6 bánh,"Hộp quà gồm 6 bánh trung thu cao cấp với 2 lựa chọn combo đa dạng hương vị.
Thiết kế hộp xếp 2 cánh cửa ép kim vàng 9999 sang trọng, kích thước 36 x 28 x 8 cm.
Tông đỏ quyền quý kết hợp họa tiết Hằng Nga, Thỏ Ngọc và cây đa mang đậm bản sắc văn hóa Á Đông.
Khách hàng được lựa chọn giữa Combo GVS 01 hoặc Combo GVS 02 theo sở thích.
Đi kèm túi giấy Ivory, thiệp Trung Thu và bộ dao nĩa cao cấp.
Thích hợp làm quà tặng đối tác, khách hàng, nhân viên và các chương trình tri ân doanh nghiệp.",839000.00,710000.00,"Khách hàng áp dụng: Tất cả khách hàng
Ngày áp dụng: Thứ 2 - Thứ 6
Giờ áp dụng: 9:00 - 17:00
Số lượng E-Voucher áp dụng: Sử dụng 01 voucher/01 hộp quà. Không giới hạn số lượng voucher/ hóa đơn.
Thông tin cách mua hàng HƯỚNG DẪN ĐỔI VOUCHER
Bước 1. Khách hàng nhận voucher liên hệ GIVISTA để đổi hộp quà Trung Thu 2026
Hotline/Zalo: 0969117926
Facebook:
Tại đây
Bước 2. Cung cấp mã voucher để đổi hộp quà
Bước 3. Khách hàng thanh toán phí vận chuyển trực tiếp cho đơn vị vận chuyển
Lưu ý: Không hỗ trợ khách hàng đổi quà trực tiếp tại cửa hàng
Điều kiện khác
Một khách hàng được mua nhiều E-Voucher/E-Coupon
E-Voucher/E-Coupon không có giá trị quy đổi thành tiền mặt, không trả lại tiền thừa.
Không áp dụng đồng thời với chương trình khuyến mại khác
Voucher chưa bao gồm phí vận chuyển Hộp quà tặng đến khách hàng.",100,2026-08-23 00:00:00+00,2026-11-21 00:00:00+00,Dang ban,Không quy đổi thành tiền mặt. Hỗ trợ hoàn tiền nếu hủy trước 24h.,//cdn.lifelink.vn/img/c280x280/ADD-Hong-Cat-Minh-Nguyet_11082026140155.jpg?sign=SlG960eNtWhAx4BZjG3Rxw,0,40000000-0000-0000-0000-000000000001
9fb8d8df-2db3-4a71-a447-bf5ddacf2891,"Saga Kids Playground - Vé khu vui chơi áp dụng Thứ 6, Thứ 7, Chủ Nhật và Lễ tết tại Capital Place","Khu vui chơi chuẩn Châu Âu rộng 1000m² tại tòa nhà 5 sao Capital Place.
Thiết kế theo mô hình giáo trí, giúp trẻ vừa học, vừa chơi, vừa phát triển thể chất.
Hàng loạt trò chơi vận động hấp dẫn: sân bóng ngân hà, cầu trượt, leo núi giả, nhà bóng, siêu thị mini.
Khu café & ẩm thực hiện đại, là nơi thư giãn lý tưởng cho ba mẹ.
Đội ngũ nhân viên chuyên nghiệp - tận tâm - chu đáo.
Vé áp dụng Thứ 6, Thứ 7, Chủ Nhật và Lễ Tết, ưu đãi khi đặt trên LifeLink.",200000.00,175000.00,"Thông báo:
Saga Kids sẽ nghỉ Tết từ 29 tháng Chạp đến hết Mùng 2 tháng Giêng Âm Lịch
Thời gian hoạt động trở lại: Mùng 3 tháng Giêng Âm Lịch
Từ Mùng 3 âm lịch đến hết mùng 6 âm lịch sẽ tính giá vé cuối tuần
Ngày áp dụng: Thứ 6, Thứ 7 - Chủ nhật và Lễ tết.
Giờ áp dụng: 7h30 - 22h00
Tổng thời gian gói dịch vụ: 1 lần
Thời gian 1 lần dịch vụ: Chơi không giới hạn, giá vé chưa bao gồm đồ uống và phần ăn tại Saga Cafe Bistro
Khách hàng áp dụng:
Trẻ em trên 75cm và dưới 15 tuổi
Miễn phí cho trẻ dưới 75cm
Miễn phí cho 1 người lớn đi cùng
Nếu phát sinh thêm các phụ huynh khác thì phụ thu 30.000VNĐ/Phụ huynh.
Lưu ý: Khách hàng có thể ra ngoài khi có nhu cầu, thời gian ra ngoài không quá 30 phút
Voucher không bao gồm vớ/tất, cả bé và phụ huynh bắt buộc mang vớ/tất. Quý khách vui lòng chuẩn bị vớ/tất trước khi vào khu vui chơi hoặc mua vớ/tất tại quầy.
Số lượng E-Voucher áp dụng:
Một khách hàng được mua nhiều phiếu.
Sử dụng 01 vé/ 01 khách hàng / 1 lần
Không giới hạn số voucher trên 1 hoá đơn
Vui lòng không mang đồ ăn uống (trừ sữa công thức và thuốc kê đơn) từ bên ngoài vào để đảm bảo môi trường vui chơi an toàn và thoải mái cho trẻ.
Quý khách vui lòng liên hệ trước khi đến để được tư vấn tốt nhất:
Địa chỉ: Tầng B1, Toà Nhà Capital Place, 29 Liễu Giai, phường Ngọc Hà, Hà Nội.
Hotline: 1900 2065
E-Voucher/E-Coupon không có giá trị quy đổi thành tiền mặt, không trả lại tiền thừa.
Không áp dụng đồng thời với chương trình khuyến mại khác.",100,2026-08-23 00:00:00+00,2026-11-21 00:00:00+00,Dang ban,Không quy đổi thành tiền mặt. Hỗ trợ hoàn tiền nếu hủy trước 24h.,//cdn.lifelink.vn/img/c280x280/1_12052026114246.jpg?sign=8OpnXybKGULbK6UvYrMgVw,0,40000000-0000-0000-0000-000000000003
a3314e92-0ed5-45f1-816e-f73a17c2607c,Sơn Tiên Amazing World - Combo 3 Trọn gói Hành Tinh Lạ của Các Thiên Tài - Dành cho người lớn,"Combo vé vui chơi trọn gói Hành Tinh Lạ dành cho người lớn tại Sơn Tiên Amazing World, trải nghiệm 20 trò chơi hấp dẫn và vé xe lửa tham quan.
Tham gia loạt trò chơi đa dạng: từ Kỳ thú rừng thiêng, Chinh phục đại mộc đến VR Game, phim 5D, phù hợp với mọi độ tuổi yêu thích phiêu lưu.
Khu Hành Tinh Lạ sở hữu không gian trong nhà rộng tới 42.000m2, lấy cảm hứng từ 4 châu lục, là điểm đến giải trí “cực chất” cho bạn và người thân.
Sơn Tiên Amazing World gây ấn tượng bởi loạt kỷ lục độc nhất: công trình cá chép hóa rồng lớn nhất, cầu đi bộ trên không 8,2km, hệ thống hồ cảnh quan đẹp mắt.
Lối chơi an toàn, tổ chức chuyên nghiệp, nhân viên thân thiện giúp bạn an tâm vui chơi hết mình trong một không gian hiện đại, đa dạng trải nghiệm.
Combo đặc biệt phù hợp cho nhóm bạn, gia đình, hội đồng nghiệp muốn tận hưởng trọn vẹn một ngày giải trí, chụp hình, check-in và thử thách bản thân qua hàng loạt trò chơi.
Chỉ với 1 lần đặt, bạn có thể trải nghiệm tất cả các trò chơi trong combo mà không phải lo lắng về chi phí phát sinh, tiết kiệm tối đa cho nhóm đông người.
Đặt vé combo “Hành Tinh Lạ” trên LifeLink dễ dàng, nhận voucher điện tử nhanh chóng – săn ưu đãi giải trí cực HOT dành riêng cho khách hàng LifeLink!",600000.00,540000.00,"Voucher áp dụng cho Combo 3 Trọn gói Hành Tinh Lạ của Các Thiên Tài  - Dành cho người lớn tại Sơn Tiên Amazing World
Dịch vụ Bao gồm:
Vé xe lửa + 20 trò chơi:
Cụm I1(6 trò): Kỳ thú rừng thiêng, Bước chân vua rừng, Chinh phục đại mộc, Nhảy nhót trên mây, Thuyền chiến đại dương, Hành trình thám hiểm địa hình huyền bí.
Cụm 2(4 trò): Hành trình thám hiểm ngọc lục bảo, Siêu thế giới huyền diệu, Thung lũng rồng thần bí, Xoay tròn phiêu lưu
10 trò chơi: Tàu thám hiểm địa hình, Cổng rơi không gian, Vùng đất ảo mộng, Cánh xoay thiên hà, Đụng độ năng lượng, Phi hành gia du hành vũ trụ, Vút bay trên không, Khu vui chơi tuyệt đỉnh, VR Game, phim 5D.
Khách hàng áp dụng:
Người lớn có chiều cao từ 1m4 trở lên
Số lượng E-voucher áp dụng:
01 code/01 vé/01 khách
Mỗi khách hàng được mua nhiều E-Voucher/E-Coupon
Phạm vi sử dụng:
Ngày áp dụng: Áp dụng tất cả các ngày trong tuần, bao gồm cả Lễ Tết
Thời gian sử dụng: 09:00 - 17:00
Lưu ý:
Vui lòng liên hệ đăng ký dịch vụ trước 02 ngày (không tính Thứ 7 và Chủ Nhật) để được sử dụng voucher. LifeLink và quầy soát vé có thể không hỗ trợ nếu chưa đăng ký trước.
Mỗi trò chơi chỉ được tham gia một lần.
Thông tin liên hệ:
Địa chỉ: The Amazing Bay - Vịnh Kỳ Diệu, Quốc Lộ 51, Khu Phố 4, Phường An Hoà, Biên Hoà, Đồng Nai
Hotline: 1900 2065
Điều kiện khác:
E-Voucher/E-Coupon không có giá trị quy đổi thành tiền mặt, không trả lại tiền thừa.
Không áp dụng đồng thời với chương trình khuyến mại khác
Voucher không áp dụng hoàn, hủy.",100,2026-08-23 00:00:00+00,2026-11-21 00:00:00+00,Dang ban,Không quy đổi thành tiền mặt. Hỗ trợ hoàn tiền nếu hủy trước 24h.,//cdn.lifelink.vn/img/c280x280/ADD-Son-Tien-Amazing-World-2_09062026154913.jpg?sign=O7MioQVG5-vSW7oxl4mSeQ,0,40000000-0000-0000-0000-000000000003
a34f152c-d082-41ec-9f80-c1517563866e,SH Premium Lounge Da Nang tại Sân bay quốc tế Đà Nẵng - Vé trẻ em,"Sảnh chờ sang trọng, thiết kế hiện đại với tông nâu gỗ ấm cùng điểm nhấn tranh lớn về Cầu Vàng, Cầu Rồng.
Buffet đa dạng: từ món ăn nhẹ, trái cây tươi đến đặc sản miền Trung như mì Quảng, bánh bèo, bánh bột lọc hấp dẫn.
Ghế bọc da êm ái, mang đến trải nghiệm thư giãn tuyệt đối cho khách trong thời gian chờ bay.
Khu thay đồ riêng dành cho trẻ nhỏ, cực kỳ thuận tiện cho các gia đình di chuyển cùng trẻ em.
Khu máy tính với internet tốc độ cao, đáp ứng nhu cầu làm việc hoặc lướt web khi di chuyển.
Khu hút thuốc biệt lập đảm bảo không khí trong lành cho không gian chung của phòng chờ.
Đội ngũ nhân viên chuyên nghiệp, nhiệt tình luôn hỗ trợ tận tâm từng chi tiết nhỏ để mỗi hành khách thật thư thái.
Ưu đãi đặt SH Premium Lounge Da Nang nhanh chóng, dễ dàng trên LifeLink – trải nghiệm đẳng cấp với chi phí tối ưu.",450000.00,427500.00,"Voucher bao gồm:
Mã ưu đãi 1 lượt sử dụng dịch vụ phòng chờ SH Premium Lounge Da Nang tại Sân bay quốc tế Đà Nẵng - Vé trẻ em
Thời gian sử dụng tại Phòng khách là tối đa 02 giờ trước giờ khởi hành ban đầu
Địa điểm áp dụng: Tầng 4, Ga T1, Cảng HKQT Đà Nẵng (Đối diện cửa ra tàu bay số 6)
Vị trí: Ga đi Quốc nội - Sân Bay Đà Nẵng - Đà Nẵng
Khách hàng được sử dụng mọi dịch vụ tại phòng chờ theo quy định của phòng chờ.
Mã ưu đãi chỉ có giá trị sử dụng một lần. Không chấp nhận Voucher ưu đãi quá hạn sử dụng hoặc trạng thái “Đã sử dụng”.
Vui lòng xuất trình mã ưu đãi cho nhân viên tại quầy để được áp dụng ưu đãi. Khách hàng có thể được yêu cầu trả thêm tiền nếu sử dụng quá giá trị của Mã ưu đãi.
Lưu ý:
Khách hàng sẽ thanh toán trực tiếp tại quầy lễ tân theo bảng giá công bố cho khách lẻ tại mỗi phòng chờ khi:
Khách hàng sử dụng quá thời gian quy định của phòng chờ.
Khách hàng có phát sinh các dịch vụ khác thêm tại phòng chờ
Khách hàng có trẻ em đi kèm mà chưa đăng ký dịch vụ trước qua LifeLink 1900 2065. Thời gian thông báo tối thiểu với LifeLink trước 1 ngày sử dụng dịch vụ LifeLink hoàn toàn không chịu trách nhiệm khi có các phát sinh thêm bên trên.
Khách hàng áp dụng: Khách từ 5 đến 12 tuổi
Ngày áp dụng: Tất cả các ngày trong tuần, bao gồm Lễ Tết
Giờ áp dụng: 04:00 - 00:00
Số lượng E-Voucher áp dụng:
01 voucher/khách/1 lượt sử dụng
Áp dụng nhiều voucher trên 1 hóa đơn
Dịch vụ bao gồm: Các dịch vụ theo tiêu chuẩn tại phòng chờ
Dịch vụ không bao gồm: Chi phí cá nhân và các chi phí phát sinh khác
Chính sách phụ thu trẻ em:
Tối đa một trẻ em dưới 2 tuổi đi cùng với khách hàng người lớn sử dụng dịch vụ được vào phòng khách miễn phí.
Trẻ em từ 2 tuổi trở lên áp dụng đơn giá người lớn.
Đối với trẻ thứ hai trở lên, không phụ thuộc vào độ tuổi, áp dụng mức giá bằng mức giá dành cho người lớn.
Các trường hợp người đi kèm, nếu không được thông báo trước, dịch vụ gia tăng sẽ do Khách hàng tự thanh toán tại quầy lễ tân theo bảng giá công bố cho khách lẻ tại Phòng khách.
Chính sách phụ thu sử dụng thêm giờ
Thời gian sử dụng tại Phòng khách là tối đa 2 giờ trước giờ khởi hành ban đầu.
Trong vòng 02 giờ đầu phục vụ thêm, phụ thu thêm 50% Đơn giá;
Từ giờ thứ 03 trở đi, phụ thu thêm 100% Đơn giá/ giờ.
Hành khách tự thanh toán chi phí thêm giờ trực tiếp tại quầy lễ tân theo giá công bố tại phòng khách.
Quy trình sử dụng dịch vụ:
Bước 1: Khách hàng Xuất trình xuất trình mã ưu đãi/ mã QR trên ứng dụng LifeLink/ hoặc email/ hoặc Zalo cùng Thẻ lên tàu bay tại quầy lễ tân Phòng khách.
Bước 2: Nhân viên Phòng khách xác thực mã QR trên hệ thống.
Trường hợp 1: Xác thực không thành công: Nhân viên Lễ tân Phòng khách từ chối phục vụ khách đồng thời Nhờ khách hàng liên hệ lại Hotline LifeLink 1900 2065 để được hỗ trợ nhanh chóng.
Trường hợp 2: Xác thực thành công: Nhân viên Lễ tân Phòng khách hoàn tất trên hệ thống.
Bước 3: Nhân viên Lễ tân Phòng khách mời Hành khách sử dụng Dịch vụ Phòng chờ Thương gia.
Điều kiện lưu ý bắt buộc
Các trường hợp phát sinh không thông báo trước như: Có vé trẻ em đi kèm,... sẽ do Khách hàng tự thanh toán tại quầy lễ tân theo bảng giá công bố cho khách lẻ tại Phòng khách, LifeLink hoàn toàn không chịu trách nhiệm.
Thời gian thông báo tối thiểu trước 1 ngày sử dụng dịch vụ
Hotline hỗ trợ tư vấn (9h-20h): 1900 2065""
Điều kiện khác
Áp dụng 01 E-Voucher/E-Coupon cho 01 khách
Một khách hàng được mua nhiều E-Voucher/E-Coupon
E-Voucher/E-Coupon không có giá trị quy đổi thành tiền mặt, không trả lại tiền thừa.
Không áp dụng đồng thời với chương trình khuyến mại khác
Mã ưu đãi được xuất ra sẽ không được đổi trả dưới mọi hình thức.
Giá trên đã bao gồm phí phục vụ và thuế GTGT""",100,2026-08-23 00:00:00+00,2026-11-21 00:00:00+00,Dang ban,Không quy đổi thành tiền mặt. Hỗ trợ hoàn tiền nếu hủy trước 24h.,//cdn.lifelink.vn/img/c280x280/SH-Premium-Lounge-Da-Nang-1_22062026140825.jpg?sign=JRxz-CkS7eLz4aPJvVYRig,0,40000000-0000-0000-0000-000000000004
a4e412db-5f1e-4d13-8727-b5f3026cebb0,Vé vui chơi trẻ em tại Sâu Kid Playground trước 16h từ Thứ 2 - Thứ 6,"Sâu Kid Playground là khu vui chơi trẻ em trong nhà hiện đại dành cho nhiều độ tuổi.
Không gian được thiết kế an toàn, sạch sẽ và thân thiện với trẻ nhỏ.
Đa dạng trò chơi vận động, sáng tạo và nhập vai giúp bé phát triển toàn diện.
Phù hợp cho hoạt động vui chơi hằng ngày, sinh nhật và các sự kiện dành cho trẻ em.
Tọa lạc tại Tầng 3, ROX Center Goldmark City, thuận tiện cho các gia đình tại Hà Nội.
LifeLink mang đến thông tin và trải nghiệm kết nối giúp phụ huynh dễ dàng lựa chọn điểm vui chơi phù hợp.",120000.00,108000.00,"Khách hàng áp dụng: Bé từ 80cm trở lên
Ngày áp dụng: Thứ 2 - Thứ 6
Giờ áp dụng: 8h00 - Trước 16h00
Số lượng E-Voucher áp dụng: 01 voucher/1 bé
Phụ thu (nếu có) Lễ, Tết: Không áp dụng
Lưu ý: 01 vé đi kèm 1 người lớn, từ người lớn thứ 2 phụ thu 50.000VNĐ/ 1 người
Khách hàng liên hệ đăng ký dịch vụ trước khi đến để được phục vụ tốt nhất
Hotline: 037 497 0677
Hotline LifeLink: 1900 2065
Địa chỉ: Tầng 3, Lô 05-06-07 toà ROX Center Goldmark City, 136 Hồ Tùng Mậu, Bắc Từ Liêm, Hà Nội
Điều kiện khác
E-Voucher/E-Coupon không có giá trị quy đổi thành tiền mặt, không trả lại tiền thừa.
Không áp dụng đồng thời với chương trình khuyến mại khác",100,2026-08-23 00:00:00+00,2026-11-21 00:00:00+00,Dang ban,Không quy đổi thành tiền mặt. Hỗ trợ hoàn tiền nếu hủy trước 24h.,//cdn.lifelink.vn/img/c280x280/ADD-Sau-kid-Playground-2_14072026105244.jpg?sign=tEqpkAhovxPH1Wr0VdIsMg,0,40000000-0000-0000-0000-000000000003
a57c171a-f456-4166-93b2-993970190991,Voucher dọn nhà,Dịch vụ dọn nhà 24/7,1200000.00,650000.00,Áp dụng cho hoá đơn trên 500k . Vui lòng xuất trình mã trước khi sử dụng.,100,2026-08-26 20:42:00+00,2026-09-24 20:42:00+00,Dang ban,Không quy đổi thành tiền mặt. Hỗ trợ hoàn tiền nếu hủy trước 24h.,https://cdn-website.sgp1.cdn.digitaloceanspaces.com/uploads/b8b19538-00e5-4c53-b8b4-f3835013aefc.webp?v=1773305700&__nextImgW=1920,0,40000000-0000-0000-0000-000000000005
a57cbfee-4a21-4f47-a410-f1dc67ac1950,Tiny kidzooona AEON MALL Long Biên - Vé vào cổng khu vui chơi bao gồm Lễ Tết,"Trải nghiệm thế giới vui chơi đầy sáng tạo tại Tiny kidzooona AEON MALL Long Biên, nơi trẻ em tự do khám phá và phát triển năng khiếu.
Lý tưởng cho gia đình có trẻ nhỏ, hội nhóm, hoặc các cặp đôi mong muốn không gian giải trí thư giãn cuối tuần.
Không gian sạch sẽ, an toàn, bài trí sinh động với nhiều góc check-in đẹp mắt, tạo nên tuổi thơ đáng nhớ cho bé.
Đội ngũ nhân viên thân thiện, tận tình hỗ trợ đảm bảo trải nghiệm vui chơi thuận tiện, tràn đầy năng lượng.
Vé vào cổng linh hoạt, không giới hạn địa điểm, dễ dàng cho sự lựa chọn giải trí của từng gia đình.
Lợi ích tiết kiệm khi đặt vé online qua LifeLink, hưởng ưu đãi hấp dẫn, tránh xếp hàng chờ đợi tại quầy.
Khu vui chơi phù hợp nhiều độ tuổi, giúp trẻ khám phá, giao lưu và vận động toàn diện trong môi trường tích cực.
Sẵn sàng đặt vé trên LifeLink để mang về những khoảnh khắc tuyệt vời cùng con yêu tại Tiny kidzooona AEON MALL Long Biên!",150000.00,120000.00,"Voucher áp dụng cho Vé vào cổng dành cho 1 bé và 1 người lớn tại Tiny kidzooona AEON MALL Long Biên bao gồm Lễ Tết
Voucher không bao gồm vớ/tất.
Khu vui chơi quy định luôn sử dụng vớ/tất, Quý khách vui lòng chuẩn bị vớ/tất trước khi vào khu vui chơi hoặc mua vớ/tất tại quầy.
Nhằm đảm bảo vệ sinh, khu vui chơi yêu cầu luôn mang tất trong suốt thời gian vui chơi.
Lưu ý: Luôn giữ vòng tay cẩn thận để được ra vào nhiều lần trong ngày nhé
Khách hàng áp dụng: Trẻ em từ 1 tuổi đến dưới 12 tuổi, 01 vé áp dụng cho 01 trẻ + 01 người lớn
Ngày áp dụng: Tất cả các ngày trong tuần, bao gồm Lễ Tết
Giờ áp dụng: 09:00 đến 21:00
Số lượng E-Voucher áp dụng: 01 voucher/ 01 bé kèm 01 phụ huynh
Phụ thu (nếu có): 1 bé kèm 1 phụ huynh nếu phát sinh thêm các phụ huynh khác thì phụ thu 20.000đ/Phụ huynh
Thông tin liên hệ đặt dịch vụ
Hotline hỗ trợ: 1900 2065
Địa chỉ: Lô 3F-1, tầng 3, Aeon Mall Long Biên, Số 27 đường Cổ Linh, Phường Long Biên, Thành phố Hà Nội.
Điều kiện khác
E-Voucher/E-Coupon không có giá trị quy đổi thành tiền mặt, không trả lại tiền thừa.
Không áp dụng đồng thời với chương trình khuyến mại khác",100,2026-08-23 00:00:00+00,2026-11-21 00:00:00+00,Dang ban,Không quy đổi thành tiền mặt. Hỗ trợ hoàn tiền nếu hủy trước 24h.,//cdn.lifelink.vn/img/c280x280/ADD-Kidzooona-1_06072026165845.jpg?sign=i7-Ey0BBpih6FtzHeLkWvg,0,40000000-0000-0000-0000-000000000003
a6488784-c1e6-4c2e-a6cd-2b93c20d1117,Tour City Sightseeing 4 tiếng tham quan Hồ Chí Minh vé trẻ em bao gồm Lễ Tết,"Khám phá các điểm tham quan nổi tiếng của thành phố Hồ Chí Minh trong tour xe buýt hai tầng như Dinh Độc Lập, Nhà Thờ Đức Bà, Chợ Bến Thành, Phố Đi Bộ Nguyễn Huệ, Bitexco.
Dịch vụ xe buýt vô cùng tiện lợi khi bạn có thể tùy chọn điểm xuống.
Miễn phí sách hướng dẫn với bản đồ, lịch trình và các điểm tham quan phổ biến.
Hỗ trợ thuyết minh nhiều ngôn ngữ: tiếng Anh, Trung Quốc, Nhật Bản, Hàn Quốc, Pháp, Đức, Nga, Tây Ban Nha và tiếng Việt.",150000.00,141000.00,"Khách hàng áp dụng
: Khách Việt Nam từ 6 - 11 tuổi
Thời gian hoạt động
Các ngày trong tuần: 9h00 - 16h00
Tần suất: 60 phút /1 chuyến
Thời gian lộ trình: 80 phút/ lộ trình
Lộ trình khởi hành
LINE 2 : SÀI GÒN – CHỢ LỚN
1. Địa điểm khởi hành: Phố Phạm Ngũ Lão – số 187 Phạm Ngũ Lão
2. Chợ Bến Thành – số 44 Trương Định
3. Bảo tàng Chứng Tích Chiến Tranh
4. Chợ Hoa Hồ Thị Kỷ
5. Hội quán Phước An – Số 174 Hồng Bàng
6. Chùa Ông Bổn
7. Chợ Bình Tây
8. Chùa Bà Thiên Hậu – Số 695 Nguyễn Trãi
9. Chùa Vạn Phật – Số 981 Trần Hưng Đạo
10. Phố Phạm Ngũ Lão – Số 187 Phạm Ngũ Lão
Khách hàng có thể lựa chọn sử dụng 1 trong 2 tuyến LINE 1 hoặc LINE 2
LINE 1 : SÀI GÒN – GIA ĐỊNH
LINE 2 : SÀI GÒN – CHỢ LỚN
Phương tiện di chuyển Có 2 loại xe đang vận hành tại Sài Gòn
Xe Thoáng Nóc: 10 xe
Tầng 1: 12 ghế + 4 chỗ đứng và xe lăn
Tầng 2: 42 ghế
Xe Có Mái: 2 xe
Tầng 1: 12 ghế mềm + 4 chỗ đứng và xe lăn
Tầng 2: 40 ghế (20 bên ngoài, 20 bên trong)
Xe 1 Tầng: 3 xe
Tầng dưới : 6 ghế và xe lăn
Tầng trên : 29 ghế
Địa điểm đón khách:
Quầy bán vé màu đỏ logo City Sightseeing bên trong Trạm Thông Tin và Hỗ Trợ Khách Du Lịch (Công viên 23/9, góc đường Đề Thám - Phạm Ngũ Lão)
Các trạm dừng liên kết giữa hai tuyến, khách hàng có thể chuyển đổi sử dụng tuyến tại các trạm dừng được đánh dấu.
Dịch vụ không bao gồm
Phí vào cửa
Thức ăn và đồ uống khác
Đón và trả khách sạn
Tiền tips (không bắt buộc)
Dịch vụ tiện ích bao gồm
Vé có giá trị lên xuống trong vòng 4 tiếng kể từ lần đầu tiên khách lên trên xe.
Trẻ em từ 6- 11 tuổi sẽ tính vé theo bảng giá vé.
Trẻ em dưới 6 tuổi sẽ miễn phí, ngồi trên lòng người lớn. 1 người lớn sẽ kèm theo 1 bé dưới 6 tuổi.
Khách hàng phải làm thủ tục check in hoặc đổi vé điện tử/voucher tại bến xe trước khi sử dụng vé.
Hotline đặt tour & tư vấn
: 19002065
Điều kiện hoãn/huỷ tour
: Voucher không hoàn hủy
Điều kiện khác
Áp dụng 01 E-Voucher/E-Coupon cho 01 khách
Một khách hàng được mua nhiều E-Voucher/E-Coupon
E-Voucher/E-Coupon không có giá trị quy đổi thành tiền mặt, không trả lại tiền thừa.
Không áp dụng đồng thời với chương trình khuyến mại khác",100,2026-08-23 00:00:00+00,2026-11-21 00:00:00+00,Dang ban,Không quy đổi thành tiền mặt. Hỗ trợ hoàn tiền nếu hủy trước 24h.,//cdn.lifelink.vn/img/c280x280/ADD-City-Sightseeing-16_15062026113046.jpg?sign=rCJXIA27u_1FlHcUZLMnug,0,40000000-0000-0000-0000-000000000003
a883cbbf-f389-424a-943e-4d90132e74ec,Buffet chay tươi ngon áp dụng tại Nhà hàng Chay Tầm Vị,"Hơn 50 món chay thay đổi mỗi ngày, mang đến thực đơn đa dạng và trải nghiệm mới mẻ trong mỗi lần ghé thăm.
Món ăn được chế biến từ nguyên liệu tươi ngon, thanh đạm nhưng vẫn đậm đà, hấp dẫn và dễ thưởng thức.
Kết hợp tinh hoa ẩm thực Á – Âu hiện đại, tạo nên những hương vị chay phong phú, phù hợp với nhiều khẩu vị.
Không gian nhà hàng sang trọng, yên tĩnh và ấm cúng, lý tưởng để tận hưởng một bữa ăn thư thái.
Buffet chay phù hợp cho gia đình, bạn bè, đồng nghiệp và những buổi gặp gỡ cần sự gần gũi, riêng tư.
Không chỉ mang đến những món ăn ngon, Chay Tầm Vị còn hướng đến trải nghiệm bình yên, nhẹ nhàng và chữa lành tâm hồn.
Một lựa chọn lý tưởng để thưởng thức ẩm thực thanh lành, kết nối với người thân và tận hưởng những phút giây an nhiên.",119000.00,109000.00,"Khách hàng áp dụng: Tất cả khách hàng
Ngày áp dụng: Thứ 2- chủ nhật, không áp dụng ngày rằm và mùng 1 âm lịch
Giờ áp dụng:
Trưa: 11:00 – 14:00
Tối: 18:00 – 21:00
Số lượng E-Voucher áp dụng: 1 voucher/ 1 khách
Thông tin liên hệ đặt dịch vụ:
Hotline lifelink (9h00-20h00): 1900 2065
Hotline nhà hàng: 0986 896 030
Địa chỉ: 50B Châu Long - Ba Đình - Hà Nội
Điều kiện khác
Áp dụng 01 E-Voucher cho 01 khách
Một khách hàng được mua nhiều E-Voucher
E-Voucher không có giá trị quy đổi thành tiền mặt, không trả lại tiền thừa.
Không áp dụng đồng thời với chương trình khuyến mại khác",100,2026-08-23 00:00:00+00,2026-11-21 00:00:00+00,Dang ban,Không quy đổi thành tiền mặt. Hỗ trợ hoàn tiền nếu hủy trước 24h.,//cdn.lifelink.vn/img/c280x280/ADD-Chay-Tam-Vi_12082026142301.jpg?sign=5x9dQFK6ItK4PE_RVVSr9g,0,40000000-0000-0000-0000-000000000001
a92182d6-1c06-4f13-9128-fcce8e3071b6,Tàu nhà hàng Saigon Princess - Du ngoạn và ăn tối trên sông Sài Gòn - Thực đơn 3 món đặc biệt,"Trải nghiệm vé du ngoạn trên du thuyền nhà hàng SaiGon Princess độc đáo trên sông Sài Gòn.
Bữa tối thực đơn 3 món đặc biệt, kết hợp ẩm thực đẳng cấp và cảnh quan ven sông lãng mạn.
Du thuyền thiết kế châu Âu cổ điển, không gian sang trọng với 4 tầng tiện nghi.
Ngắm nhìn thành phố về đêm, tuyến hành trình qua các điểm nổi bật: Vinhomes Central Park, Landmark 81, Bitexco…
Sun deck sky view 360 độ - trải nghiệm góc nhìn toàn cảnh thành phố và sông nước.
Đội ngũ phục vụ chuyên nghiệp, nhà hàng trên tàu mang lại cảm giác riêng tư, đẳng cấp.
Khám phá không gian nghệ thuật: nhạc sống, khiêu vũ, các chương trình biểu diễn theo lịch trình.
Đặt deal trên LifeLink, nhận voucher ưu đãi nhanh chóng, giữ chỗ dễ dàng cho dịp đặc biệt.",1200000.00,1110000.00,"Trải nghiệm vé du ngoạn trên du thuyền nhà hàng SaiGon Princess độc đáo trên sông Sài Gòn.
Bữa tối thực đơn 3 món đặc biệt, kết hợp ẩm thực đẳng cấp và cảnh quan ven sông lãng mạn.
Du thuyền thiết kế châu Âu cổ điển, không gian sang trọng với 4 tầng tiện nghi.
Ngắm nhìn thành phố về đêm, tuyến hành trình qua các điểm nổi bật: Vinhomes Central Park, Landmark 81, Bitexco…
Sun deck sky view 360 độ – trải nghiệm góc nhìn toàn cảnh thành phố và sông nước.
Đội ngũ phục vụ chuyên nghiệp, nhà hàng trên tàu mang lại cảm giác riêng tư, đẳng cấp.
Khám phá không gian nghệ thuật: nhạc sống, khiêu vũ, các chương trình biểu diễn theo lịch trình.
Đặt deal trên LifeLink, nhận voucher ưu đãi nhanh chóng, giữ chỗ dễ dàng cho dịp đặc biệt.",100,2026-08-23 00:00:00+00,2026-11-21 00:00:00+00,Dang ban,Không quy đổi thành tiền mặt. Hỗ trợ hoàn tiền nếu hủy trước 24h.,//cdn.lifelink.vn/img/c280x280/ADD-SaiGon-Princess-4_11062026101741.jpg?sign=4NJQl_Ml2-CBO2bcKGDWFg,0,40000000-0000-0000-0000-000000000001
ad44799d-889c-450d-bbbf-1271b3e321cc,Evoucher - Hộp quà trung thu Moonlit Harmony 2026 phiên bản nam châm - Combo 4 bánh và trà,"Evoucher - Hộp quà trung thu Moonlit Harmony 2026 phiên bản nam châm - Combo 4 bánh và trà sở hữu thiết kế sang trọng, mang đậm dấu ấn nghệ thuật mùa trăng.
Tông màu đỏ rượu vang kết hợp ép kim vàng 9999 tạo nên vẻ đẹp nổi bật và đẳng cấp.
Bao gồm 4 bánh Trung Thu cao cấp cùng trà lài thượng hạng, mang đến trải nghiệm thưởng thức trọn vẹn.
Hộp quà nam châm chắc chắn, đi kèm túi giấy Ivory, thiệp Trung Thu và bộ dao nĩa tiện lợi.
Thích hợp làm quà tặng đối tác, khách hàng, nhân viên và người thân trong dịp Trung Thu.
Đặt Evoucher nhanh chóng và tiện lợi trên LifeLink.",569000.00,480000.00,"Khách hàng áp dụng: Tất cả khách hàng
Ngày áp dụng: Thứ 2 - Thứ 6
Giờ áp dụng: 9:00 - 17:00
Số lượng E-Voucher áp dụng: Sử dụng 01 voucher/01 hộp quà. Không giới hạn số lượng voucher/ hóa đơn.
Thông tin cách mua hàng HƯỚNG DẪN ĐỔI VOUCHER
Bước 1. Khách hàng nhận voucher liên hệ GIVISTA để đổi hộp quà Trung Thu 2026
Hotline/Zalo: 0969117926
Facebook:
Tại đây
Bước 2. Cung cấp mã voucher để đổi hộp quà
Bước 3. Khách hàng thanh toán phí vận chuyển trực tiếp cho đơn vị vận chuyển
Lưu ý: Không hỗ trợ khách hàng đổi quà trực tiếp tại cửa hàng
Điều kiện khác
Một khách hàng được mua nhiều E-Voucher/E-Coupon
E-Voucher/E-Coupon không có giá trị quy đổi thành tiền mặt, không trả lại tiền thừa.
Không áp dụng đồng thời với chương trình khuyến mại khác
Voucher chưa bao gồm phí vận chuyển Hộp quà tặng đến khách hàng.",100,2026-08-23 00:00:00+00,2026-11-21 00:00:00+00,Dang ban,Không quy đổi thành tiền mặt. Hỗ trợ hoàn tiền nếu hủy trước 24h.,//cdn.lifelink.vn/img/c280x280/ADD-Moonlit-Harmony-4banh_11082026101508.jpg?sign=-gN17MPFZfnwx7p-_PfCHg,0,40000000-0000-0000-0000-000000000001
ad5f5852-3b2c-4fc4-846d-4c692724ef78,Ngự thuyền Hueritage - Thưởng thức bữa sáng trong sương mai - Sương Thiện,"S
ương Thi
ện l
à b
ữa s
áng trong s
ương mai tr
ên Ng
ự thuyền Hueritage.
Trải nghiệm ẩm thực
đa gi
ác quan gi
ữa thắng cảnh v
à phong v
ị Cố
đ
ô.
Menu chọn 1 trong 2 lựa chọn: Gỏi Cuốn & X
ôi Sen Cùng Chim B
ồ C
âu ho
ặc B
ánh Khoái & Mì V
ịt Tiềm.
Ngự thuyền Hueritage h
ư
ớng
đ
ến vai tr
ò c
ầu nối v
ăn h
óa do ngh
ệ nh
ân và ngh
ệ s
ĩ g
ìn gi
ữ.
Lộ tr
ình thuy
ền: Nghinh L
ương Đ
ình
- Tr
ư
ờng Tiền
-
Đ
ông Ba
- C
ồn Hến
- Nghinh L
ương Đ
ình.
Đ
ặt tr
ên LifeLink
đ
ể tham gia h
ành trình Ngự thuyền Hueritage - Thưởng thức bữa sáng trong sương mai - Sương Thiện.",459000.00,439000.00,"Khách hàng
áp d
ụng: Tất cả kh
ách hàng
Gi
ờ
áp d
ụng: 7:00 - 8:30
Chi ti
ết dịch vụ
đư
ợc cung cấp
Menu chọn 1 trong 2 menu sau:
Menu
1
: Gỏi Cuốn v
à Xôi Sen Cùng Chim B
ồ C
âu
Menu
2: Bánh Khoái và Mì V
ịt Tiềm
Phục vụ kh
ông gi
ới hạn bao gồm Tr
à hoa và Cà phê.
Gi
ờ
đ
ón khách: 07:00.
Đ
ón khách t
ại Nghinh L
ương Đ
ình.
Thuy
ền khởi h
ành: 07:30
08:30: K
ết th
úc ch
ương tr
ình và chào t
ạm biệt qu
ý khách
L
ộ tr
ình thuy
ền chạy: Nghinh L
ương Đ
ình, c
ầu Tr
ư
ờng Tiền, chợ
Đ
ông Ba, C
ồn Hến, Nghinh L
ương Đ
ình.
Số l
ư
ợng E-Voucher
áp d
ụng: 01 E-voucher/1 kh
ách
1 khách có th
ể mua nhiều E-voucher
Phụ thu:
L
ễ tết:
Phụ thu 20% sẽ
đư
ợc
áp d
ụng v
ào các ngày l
ễ quốc gia v
à các s
ự kiện lớn tại
đ
ịa ph
ương
T
ết Nguy
ên
Đ
án T
ừ ng
ày 16/02/2026
– 20/02/2026 (nh
ằm ng
ày 29/2/2025 âm lịch
đ
ến 04/01/2026 âm lịch)
Giỗ tổ H
ùng V
ương 26/04/2026 (nh
ằm ng
ày 10/03/2026 âm lịch)
Ngày gi
ải ph
óng mi
ền Nam, thống nhất
đ
ất n
ư
ớc
v
à Ngày Qu
ốc tế Lao
đ
ộng 30/04/2026 - 01/05/2026
Lễ Quốc Kh
ánh 02/09/2026
Giáng sinh 24/12 và T
ết D
ương l
ịch 31/12.
Trẻ em:
Đ
ể
đ
ảm bảo an to
àn cho du khách khi tr
ải nghiệm dịch vụ của Ngự thuyền Hueritage từ chối nhận kh
ách d
ư
ới 6 tuổi.
Trẻ em từ 6 tuổi
đ
ến d
ư
ới 10 tuổi t
ính b
ằng 80% gi
á ng
ư
ời lớn.
Trẻ em từ 10 tuổi trở l
ên tính giá nh
ư ngư
ời lớn.
Kh
ách hàng liên h
ệ
đăng k
ý d
ịch vụ tr
ư
ớc khi
đ
ến
đ
ể
đư
ợc phục vụ tốt nhất:
Hotline
đ
ặt v
é & t
ư v
ấn (9h00 - 20h00): 1900 2065 / 0934 661 016
Đ
ặt
ít nh
ất 5 ng
ày tr
ư
ớc ng
ày s
ử dụng dịch vụ
Đi
ều kiện l
ưu
ý b
ắt buộc:
Đ
ể
đ
ảm bảo quyền lợi vui l
òng liên h
ệ với ch
úng tôi
đ
ể kiểm tra về t
ình tr
ạng chỗ trống tr
ên tàu, các kho
ản phụ thu (nếu c
ó) tr
ư
ớc khi
đ
ặt dịch vụ v
à thanh toán. M
ọi tr
ư
ờng hợp kh
ách hàng
đ
ã thanh toán nh
ưng chưa li
ên h
ệ tr
ư
ớc với LifeLink, ch
úng tôi hoàn toàn không ch
ịu tr
ách nhi
ệm
E-voucher kh
ông có giá tr
ị quy
đ
ổi th
ành ti
ền mặt, kh
ông tr
ả lại tiền thừa.
Kh
ông áp d
ụng
đ
ồng thời với ch
ương tr
ình khuy
ến mại kh
ác
M
ức gi
á trên
đ
ã bao g
ồm thuế VAT, ph
í ph
ục vụ
Kh
ông hoàn/h
ủy khi
đ
ã mua vé",100,2026-08-23 00:00:00+00,2026-11-21 00:00:00+00,Dang ban,Không quy đổi thành tiền mặt. Hỗ trợ hoàn tiền nếu hủy trước 24h.,//cdn.lifelink.vn/img/c280x280/Ngu-thuyen-Hueritage-Suong-Thien_18052026163053.jpg?sign=EIebBhLejoVPPCI2BPSRjw,0,40000000-0000-0000-0000-000000000001
ae2c97d1-6ddd-4366-98a0-995f730948ab,Buffet nướng nấm đông cô,nấm việt nam chất lượng cao,290000.00,190000.00,Áp dụng cho mọi hoá đơn . Vui lòng xuất trình mã trước khi sử dụng.,110,2026-08-26 15:55:00+00,2026-09-25 15:55:00+00,Tu choi,Không quy đổi thành tiền mặt. Hỗ trợ hoàn tiền nếu hủy trước 24h.,https://encrypted-tbn0.gstatic.com/images?q=tbn:ANd9GcRmLXFp0ZMw_r8I63RhT4EvAbXvNuAyoIOC6r9RGqhlVg&s=10,0,40000000-0000-0000-0000-000000000001
af6cb8fd-c1c6-483a-b209-61e891af9ca5,Cinesphere - Vé trải nghiệm công nghệ 360 Double Flight VR dành cho 01 khách,"Đến với công nghệ 360 Double Flight VR quý khách sẽ được đắm chìm trong không gian nghệ thuật đã giác quan với phim 8D
Hệ thống mô phỏng tàu lượn siêu tốc 360 độ đưa người xem xuyên không gian từ vũ trụ bao la đến thành phố tương lai chỉ bằng một cú chạm
Với vé trải nghiệm 360 double flight VR người chơi sẽ được ngồi trên ghế chuyển động đa chiều, kết hợp với kính VR:
Cảm nhận tăng tốc, rơi tự do, xoay vòng 360°, hiệu ứng rung lắc, nghiêng, lật cực kỳ sống động, hình ảnh sắc nét, đồng bộ hoàn hảo với chuyển động thực tế
Người chơi có thể tự chọn nội dung trải nghiệm: tàu lượn, phiêu lưu, kinh dị, khám phá…
Chơi được 1 hoặc 2 người cùng lúc
Trải nghiệm nhanh, mạnh, phù hợp giải trí tức thì",100000.00,89000.00,"Voucher áp dụng cho 1 Vé trải nghiệm công nghệ 360 Double Flight VR
Khách hàng áp dụng: Áp dụng cho khách từ 8 tuổi trở lên hoặc chiều cao trên 1m3
Ngày áp dụng: Tất cả các ngày trong tuần, ko bao gồm Lễ Tết, bù Lễ (theo quy định Nhà Nước)
Giờ áp dụng: 10:00 - 22:00
Lưu ý: Dưới 8 tuổi hoặc dưới 1m3, cân nặng quá 90kg không phù hợp trải nghiệm
Lễ Tết phụ thu: 5%
Số lượng E-Voucher áp dụng: 01 voucher/ 01 khách
Áp dụng nhiều voucher/1 hóa đơn
Thông tin liên hệ đặt dịch vụ:
Hotline hỗ trợ: 1900 2065
Hotline phòng vé: 0366 431 179
Tầng 4 Vạn Hạnh Mall, 11 Sư Vạn Hạnh, Phường Hòa Hưng, TP. Hồ Chí Minh
Điều kiện khác
Một khách hàng được mua nhiều E-Voucher/E-Coupon
E-Voucher/E-Coupon không có giá trị quy đổi thành tiền mặt, không trả lại tiền thừa.
Không áp dụng đồng thời với chương trình khuyến mại khác",100,2026-08-23 00:00:00+00,2026-11-21 00:00:00+00,Dang ban,Không quy đổi thành tiền mặt. Hỗ trợ hoàn tiền nếu hủy trước 24h.,//cdn.lifelink.vn/img/c280x280/Cinesphere-Vạn-Hạnh-Mall_08052026103742.jpg?sign=V-xcRZYJosiLFhT8PE3Lqw,0,40000000-0000-0000-0000-000000000003
af6ee141-6164-4732-964b-c7fe68cf97d1,SH Premium Lounge Phu Cat tại Sân bay Phù Cát - Vé người lớn,"Voucher áp dụng cho ""SH Premium Lounge Phu Cat tại Sân bay Phù Cát - Vé người lớn"" mang đến cho quý khách hàng những trải nghiệm tuyệt vời trước chuyến bay.
Phòng chờ
SH Premium Lounge Phu Cat
sở hữu không gian kiến trúc hiện đại, có bố cục và nội thất được thiết kế tỉ mỉ, mang dấu ấn riêng biệt, cùng dịch vụ định hướng 5 sao.
Phòng chờ được chia thành nhiều khu vực chức năng như: chỗ nghỉ ngơi, quầy bar/ buffet, phòng hút thuốc... luôn đáp ứng một các tốt nhất nhu cầu đa dạng của hành khách.
Đặc biệt, menu đa dạng, chế biến khéo léo và bày trí đẹp mắt từ các món đặc sản Bình Định đến những món khai vị/ đồ uống/ đồ tráng miệng đặc sắc.
Với đội ngũ nhân viên chuyên nghiệp, chu đáo, nhiệt tình cùng phong cách phục vụ cởi mở, chân thành, hiếu khách, Phòng chờ
SH Premium Lounge Phu Cat
hứa hẹn làm hài lòng mọi quý khách hàng.",400000.00,380000.00,"Voucher bao gồm:
Mã ưu đãi 1 lượt sử dụng dịch vụ phòng chờ SH Premium Lounge Phu Cat tại Sân bay Phù Cát - Vé người lớn
Thời gian sử dụng tại Phòng khách là tối đa 03 giờ trước giờ khởi hành ban đầu
Địa điểm áp dụng: Tầng 2, Khu cách ly Quốc nội, Cảng HK Phù Cát (phòng khách nằm đối diện với thang máy)
Vị trí: Ga đi Quốc nội - Sân bay Phù Cát - Quy Nhơn
Khách hàng được sử dụng mọi dịch vụ tại phòng chờ theo quy định của phòng chờ.
Mã ưu đãi chỉ có giá trị sử dụng một lần. Không chấp nhận Voucher ưu đãi quá hạn sử dụng hoặc trạng thái “Đã sử dụng”.
Vui lòng xuất trình mã ưu đãi cho nhân viên tại quầy để được áp dụng ưu đãi.
Khách hàng có thể được yêu cầu trả thêm tiền nếu sử dụng quá giá trị của Mã ưu đãi.
Lưu ý:
Khách hàng sẽ thanh toán trực tiếp tại quầy lễ tân theo bảng giá công bố cho khách lẻ tại mỗi phòng chờ khi:
Khách hàng sử dụng quá thời gian quy định của phòng chờ.
Khách hàng có phát sinh các dịch vụ khác thêm tại phòng chờ
Khách hàng có trẻ em đi kèm mà chưa đăng ký dịch vụ trước qua LifeLink 1900 2065. Thời gian thông báo tối thiểu với LifeLink trước 1 ngày sử dụng dịch vụ LifeLink hoàn toàn không chịu trách nhiệm khi có các phát sinh thêm bên trên.
Khách hàng áp dụng: Khách trên 12 tuổi
Ngày áp dụng: Tất cả các ngày trong tuần, bao gồm Lễ Tết
Giờ áp dụng: 06:00 - 20:20
Số lượng E-Voucher áp dụng:
01 voucher/khách/1 lượt sử dụng
Áp dụng nhiều voucher trên 1 hóa đơn
Dịch vụ bao gồm: Các dịch vụ theo tiêu chuẩn tại phòng chờ
Dịch vụ không bao gồm: Chi phí cá nhân và các chi phí phát sinh khác
Chính sách phụ thu trẻ em:
Miễn phí tối đa cho 02 trẻ em dưới 5 tuổi đi kèm cùng mỗi người lớn sử dụng dịch vụ Phòng khách.
Trẻ em dưới 5 tuổi thứ ba trở đi và Trẻ em từ 5 tuổi đến 12 tuổi mức phí bằng 50% đơn giá niêm yết/trẻ em.
Hành khách trên 12 tuổi được tính như quy định đối với người lớn.
Các trường hợp người đi kèm, nếu không được thông báo trước, dịch vụ gia tăng sẽ do Khách hàng tự thanh toán tại quầy lễ tân theo bảng giá công bố cho khách lẻ tại Phòng khách.
Chính sách phụ thu sử dụng thêm giờ
Thời gian sử dụng tại Phòng khách là tối đa 03 giờ trước giờ khởi hành ban đầu.
Cứ mỗi 03 (ba) tiếng thêm giờ phát sinh được xác định là 01 (một) khung thêm giờ (Block). Thời gian thêm giờ phát sinh dưới 3 (ba) tiếng được tính tròn là 01 (một) Block.
Đơn giá thêm giờ là: 50% phí dịch vụ /khách/ block (thêm giờ).
Hành khách tự thanh toán chi phí thêm giờ trực tiếp tại quầy lễ tân theo giá công bố tại phòng khách.
Quy trình sử dụng dịch vụ
Bước 1: Khách hàng Xuất trình xuất trình mã ưu đãi/ mã QR trên ứng dụng LifeLink/ hoặc email/ hoặc Zalo cùng Thẻ lên tàu bay tại quầy lễ tân Phòng khách.
Bước 2: Nhân viên Phòng khách xác thực mã QR trên hệ thống.
Trường hợp 1: Xác thực không thành công: Nhân viên Lễ tân Phòng khách từ chối phục vụ khách đồng thời Nhờ khách hàng liên hệ lại Hotline LifeLink 1900 2065 để được hỗ trợ nhanh chóng.
Trường hợp 2: Xác thực thành công: Nhân viên Lễ tân Phòng khách hoàn tất trên hệ thống.
Bước 3: Nhân viên Lễ tân Phòng khách mời Hành khách sử dụng Dịch vụ Phòng chờ Thương gia.
Điều kiện lưu ý bắt buộc
Các trường hợp phát sinh không thông báo trước như: Có vé trẻ em đi kèm,... sẽ do Khách hàng tự thanh toán tại quầy lễ tân theo bảng giá công bố cho khách lẻ tại Phòng khách, LifeLink hoàn toàn không chịu trách nhiệm.
Thời gian thông báo tối thiểu trước 1 ngày sử dụng dịch vụ
Hotline hỗ trợ tư vấn (9h-20h): 1900 2065
Điều kiện khác
Áp dụng 01 E-Voucher/E-Coupon cho 01 khách
Một khách hàng được mua nhiều E-Voucher/E-Coupon
E-Voucher/E-Coupon không có giá trị quy đổi thành tiền mặt, không trả lại tiền thừa.
Không áp dụng đồng thời với chương trình khuyến mại khác
Mã ưu đãi được xuất ra sẽ không được đổi trả dưới mọi hình thức.
Giá trên đã bao gồm phí phục vụ và thuế GTGT",100,2026-08-23 00:00:00+00,2026-11-21 00:00:00+00,Dang ban,Không quy đổi thành tiền mặt. Hỗ trợ hoàn tiền nếu hủy trước 24h.,//cdn.lifelink.vn/img/c280x280/1_13052026161612.jpg?sign=twgDV62nRoq3TNHvRu8Daw,0,40000000-0000-0000-0000-000000000004
b07fa227-148f-4c20-81c7-37492309333f,Voucher Beef Teri Burger Set tại Lotteria,"Voucher Beef Teri Burger Set bao gồm 01 Beef Teri Burger và 01 Pepsi M.
Burger bò thơm mềm kết hợp sốt Teriyaki đậm đà mang đến hương vị hấp dẫn.
Pepsi M mát lạnh giúp bữa ăn thêm trọn vẹn và sảng khoái.
Voucher chính hãng, dễ dàng sử dụng tại hệ thống Lotteria trên toàn quốc.
Phù hợp cho bữa ăn nhanh, tiện lợi dành cho cá nhân hoặc làm quà tặng.
Đặt mua nhanh chóng trên LifeLink với nhiều ưu đãi hấp dẫn.",57000.00,54000.00,"Voucher không áp dụng hình thức đổi trả/ hủy/ hoàn tiền.
Được sử dụng tối đa 5 voucher/ ngày/ hóa đơn.
Không áp dụng đổi hàng cho đơn hàng số lượng lớn (theo quy định của Lotteria).
Mỗi voucher chỉ được sử dụng 01 lần.
Chỉ áp dụng cho một số sản phẩm nhất định.
Trong trường hợp sản phẩm được chỉ định không có sẵn, khách hàng có thể lựa chọn các sản phẩm có cùng giá t.rị.
Không đổi được ra tiền mặt một phần hoặc toàn bộ.
Không hoàn trả hoặc bán lại được.
Nếu giá tiền đơn đặt hàng của khách hàng vượt quá giá trị của voucher thì khách hàng phải thanh toán thêm số tiền chênh lệch đó.
Voucher không áp dụng cho các chương trình khuyến mãi khác.
Khách hàng có trách nhiệm bảo mật thông tin mã thẻ quà tặng sau khi đặt mua. LifeLink sẽ không chịu trách nhiệm hoàn trả các mã thẻ bị mất hoặc ở trạng thái ""đã sử dụng"" với bất kỳ lý do gì.
LifeLink sẽ không chịu trách nhiệm đối với chất lượng của sản phẩm được cung cấp cũng như đối với các tranh chấp về sau giữa khách hàng và nhà cung cấp.
LifeLink có quyền sửa chữa hoặc thay đổi điều khoản và điều kiện sử dụng mà không thông báo trước.
Hotline LifeLink: 1900 2065",100,2026-08-23 00:00:00+00,2026-11-21 00:00:00+00,Dang ban,Không quy đổi thành tiền mặt. Hỗ trợ hoàn tiền nếu hủy trước 24h.,//cdn.lifelink.vn/img/c280x280/Beef-Teri-Burger-cSet_27072026093704.jpg?sign=zeWb_hMyNK99ge_6wzqLfg,0,40000000-0000-0000-0000-000000000001
b14af750-e859-4e12-a215-82e12be283ce,Voucher Buffet dành cho 2 người tại Spicy Box,"Voucher Buffet dành cho 2 người tại Spicy Box giúp hai người cùng thưởng thức buffet lẩu tokbokki chuẩn Hàn Quốc với mức giá ưu đãi.
Tự do lựa chọn nhiều loại nước sốt từ ngọt đến cay theo sở thích của mỗi người.
Thực đơn đa dạng với tokbokki, thịt, rau, nấm, đồ chiên, gà rán, kimbap và nhiều món hấp dẫn khác.
Không giới hạn thời gian dùng bữa, thoải mái trò chuyện và thưởng thức.
Đội ngũ nhân viên nhiệt tình hỗ trợ pha chế nước lẩu đúng chuẩn Hàn Quốc.
LifeLink cung cấp voucher chính hãng, mua nhanh và sử dụng thuận tiện.",301000.00,293475.00,"Mỗi voucher chỉ được sử dụng 01 lần, có thể áp dụng được nhiều voucher cho 01 đơn hàng.
Không có giá trị quy đổi thành tiền mặt, không được hoàn trả tiền thừa.
Nếu giá trị đơn hàng của khách hàng vượt quá giá trị của voucher thì khách hàng phải thanh toán thêm khoản chênh lệch đó.
Buffet đã bao gồm nước ngọt.
Voucher chỉ áp dụng cho một số hàng hóa, dịch vụ nhất định.
Voucher đã bao gồm VAT, Spicy Box sẽ xuất hóa đơn khi khách hàng có yêu cầu.
Voucher không áp dụng đồng thời với các chương trình khuyến mãi khác tại cửa hàng.
Đối với trẻ em:
Dưới 1M: Miễn phí.
Từ 1M - 1M3: 79.000 VNĐ chưa VAT.
Trên 1M3 tính như phí người lớn.
Khách hàng có trách nhiệm bảo mật thông tin mã thẻ quà tặng sau khi đặt mua. LifeLink sẽ không chịu trách nhiệm hoàn trả các mã thẻ bị mất hoặc ở trạng thái ""Đã sử dụng"" với bất kỳ lý do gì.
LifeLink sẽ không chịu trách nhiệm đối với chất lượng sản phẩm hoặc dịch vụ được cung cấp cũng như đối với các tranh chấp về sau giữa khách hàng và nhà cung cấp.
LifeLink có quyền sửa chữa hoặc thay đổi điều khoản và điều kiện sử dụng mà không thông báo trước.
Hạn sử dụng: 90 ngày kể từ ngày mua/gửi quà thành công từ LifeLink
Hotline LifeLink: 1900 2065",100,2026-08-23 00:00:00+00,2026-11-21 00:00:00+00,Dang ban,Không quy đổi thành tiền mặt. Hỗ trợ hoàn tiền nếu hủy trước 24h.,//cdn.lifelink.vn/img/c280x280/Voucher-Buffet-danh-cho-2-nguoi_29072026093324.jpg?sign=GGzxJ7yb6Jl-MZ3smg5onA,0,40000000-0000-0000-0000-000000000001
b334d82b-922d-4278-ad8f-ee7d12f1b04a,Hệ thống Thẩm mỹ viện Ngọc Dung - E-Coupon ưu đãi trải nghiệm dịch vụ Công nghê Căng trắng da điện di nano,"Liệu trình giúp da trắng sáng, căng bóng, se khít lỗ chân lông và làm mờ nếp nhăn rõ rệt.
Khách hàng sẽ được trải nghiệm dịch vụ chăm sóc da thư giãn, kết hợp công nghệ dưỡng trắng nano và điện di.
Căng trắng da điện di Nano sử dụng tinh chất dưỡng trắng dạng nano kết hợp với dòng điện di an toàn.
Nằm trong không gian spa hiện đại, nhẹ nhàng, tạo cảm giác thư giãn tuyệt đối cho khách hàng.
Đội ngũ chuyên gia, kỹ thuật viên giàu kinh nghiệm, được đào tạo bài bản, am hiểu công nghệ làm đẹp tiên tiến.
Các chuyên gia tại Thẩm mỹ viện Ngọc Dung đều có chứng chỉ hành nghề, đảm bảo an toàn cho mỗi khách hàng sử dụng dịch vụ.
Sản phẩm và máy móc đều được kiểm tra kỹ lưỡng, nguồn gốc rõ ràng trước khi áp dụng phục vụ khách hàng.
Ưu đãi hấp dẫn khi đặt dịch vụ qua LifeLink, hỗ trợ đặt lịch nhanh chóng, tiết kiệm chi phí tối đa.",350000.00,9000.00,"Khách hàng áp dụng:
Nữ trên 22 tuổi, quốc tịch Việt Nam
Chỉ áp dụng cho khách hàng lần đầu tiên sử dụng dịch vụ tại Ngọc Dung
Không áp dụng cho phụ nữ đang mang thai và trên 25 tuổi
Số lượng E-Voucher áp dụng:
Mỗi khách hàng chỉ được dùng một mã ưu đãi cho mỗi chương trình khuyến mãi trong suốt thời gian diễn ra chương trình
Mỗi khách hàng được mua tối đa 02 E-Voucher/E-Coupon trong số các dịch vụ ưu đãi đang có tại hệ thống
01 voucher/01 khách/01 lần sử dụng
Phạm vi sử dụng:
Ngày áp dụng: Thứ hai - Chủ nhật (Trừ các ngày Lễ, Tết, Bù Lễ theo lịch nghỉ của nhà nước)
Giờ áp dụng: 9h00 - 19h00
Thời hạn sử dụng sau khi kích hoạt: 15 ngày
Lưu ý:
Quý khách cần kích hoạt mã ưu đãi ít nhất 60 phút trước khi đến để được phục vụ tốt nhất
Vui lòng liên hệ hotline hoặc đăng ký đặt chỗ trước khi đến tối thiểu 24 tiếng để đảm bảo phục vụ chu đáo. Hệ thống không nhận khách đến trực tiếp nếu chưa đăng ký trước
Thông tin liên hệ:
Hotline: *3232 hoặc 1800 6377
Zalo: 0902 641 922
Kênh kích hoạt ưu đãi:
Tại đây
Điều kiện khác:
Không có giá trị quy đổi thành tiền mặt và hoàn lại tiền thừa
Không áp dụng đồng thời với các chương trình khuyến mãi khác
E-Voucher/E-Coupon không có giá trị quy đổi thành tiền mặt, không trả lại tiền thừa",100,2026-08-23 00:00:00+00,2026-11-21 00:00:00+00,Dang ban,Không quy đổi thành tiền mặt. Hỗ trợ hoàn tiền nếu hủy trước 24h.,//cdn.lifelink.vn/img/c280x280/ADD-TMV-Ngoc-Dung-1_27052026142721.jpg?sign=kF7mR8MZomN_Dml8rHMXNw,0,40000000-0000-0000-0000-000000000002
b3418dfc-1295-434f-9a8d-29f3ff394559,Sơn Tiên Amazing World - Combo 3 Trọn gói Hành Tinh Lạ của Các Thiên Tài - Vé trẻ em,"Combo vé vui chơi trọn gói hấp dẫn tại khu Hành Tinh Lạ của Các Thiên Tài, Sơn Tiên Amazing World.
Thỏa sức trải nghiệm 20 trò chơi đặc sắc và vé xe lửa trong không gian giải trí hoành tráng, hiện đại.
Phù hợp cho trẻ em, gia đình, nhóm bạn nhỏ tuổi đam mê khám phá và chinh phục thế giới kỳ thú.
Lần lượt tham gia các trò chơi thú vị như Kỳ thú rừng thiêng, Thuyền chiến, VR Game, phim 5D.
Khu vui chơi đạt 6 kỷ lục Việt Nam, tích hợp các công trình văn hóa độc đáo và kiến trúc hoành tráng.
Đội ngũ nhân viên thân thiện, hỗ trợ tận tâm, không gian an toàn chuẩn quốc tế cho trẻ nhỏ.
Combo ưu đãi tiết kiệm chi phí, dành cho gia đình muốn bé thỏa thích hoạt động, trải nghiệm sáng tạo.
Đặt vé ngay trên LifeLink để nhận ưu đãi hấp dẫn, quy trình nhanh chóng, xác nhận liền tay.",400000.00,360000.00,"Voucher áp dụng cho Combo 3 Trọn gói Hành Tinh Lạ của Các Thiên Tài - Dành cho trẻ em tại Sơn Tiên Amazing World
Dịch vụ Bao gồm:
Vé xe lửa + 20 trò chơi: Cụm I1(6 trò): Kỳ thú rừng thiêng, Bước chân vua rừng, Chinh phục đại mộc, Nhảy nhót trên mây, Thuyền chiến đại dương, Hành trình thám hiểm địa hình huyền bí.
Cụm 2(4 trò): Hành trình thám hiểm ngọc lục bảo, Siêu thế giới huyền diệu, Thung lũng rồng thần bí, Xoay tròn phiêu lưu
10 trò chơi: Tàu thám hiểm địa hình, Cổng rơi không gian, Vùng đất ảo mộng, Cánh xoay thiên hà, Đụng độ năng lượng, Phi hành gia du hành vũ trụ, Vút bay trên không, Khu vui chơi tuyệt đỉnh, VR Game, phim 5D.
Khách hàng áp dụng:
Trẻ em: Từ 1m - 1m4
Số lượng E-voucher áp dụng:
01 code/01 vé/01 khách
Mỗi khách hàng được mua nhiều E-Voucher/E-Coupon
Phạm vi sử dụng:
Ngày áp dụng: Áp dụng tất cả các ngày trong tuần, bao gồm cả Lễ Tết
Thời gian sử dụng: 09:00 - 17:00
Lưu ý:
Vui lòng liên hệ đăng ký dịch vụ trước 02 ngày (không tính Thứ 7 và Chủ Nhật) để được sử dụng voucher. LifeLink và quầy soát vé có thể không hỗ trợ nếu chưa đăng ký trước.
Mỗi trò chơi chỉ được tham gia một lần.
Thông tin liên hệ:
Địa chỉ: The Amazing Bay - Vịnh Kỳ Diệu, Quốc Lộ 51, Khu Phố 4, Phường An Hoà, Biên Hoà, Đồng Nai
Hotline: 1900 2065
Điều kiện khác:
E-Voucher/E-Coupon không có giá trị quy đổi thành tiền mặt, không trả lại tiền thừa.
Không áp dụng đồng thời với chương trình khuyến mại khác
Voucher không áp dụng hoàn, hủy.",100,2026-08-23 00:00:00+00,2026-11-21 00:00:00+00,Dang ban,Không quy đổi thành tiền mặt. Hỗ trợ hoàn tiền nếu hủy trước 24h.,//cdn.lifelink.vn/img/c280x280/ADD-Son-Tien-Amazing-World-3_09062026154917.jpg?sign=vpVPYcua574mPKXbNfn6qg,0,40000000-0000-0000-0000-000000000003
b48c9642-fae2-4f2e-9525-b5d0f6ce70cf,Voucher Cheese Chicken Rice Set tại Lotteria,"Voucher Cheese Chicken Rice Set tại Lotteria gồm 01 Cơm Gà Phô Mai và 01 Pepsi (M).
Thịt gà mềm thơm phủ sốt phô mai béo ngậy, đậm đà hương vị.
Cơm nóng dẻo kết hợp cùng gà và sốt phô mai tạo nên bữa ăn tròn vị.
Pepsi (M) mát lạnh giúp cân bằng hương vị và tăng thêm cảm giác sảng khoái.
Phù hợp cho bữa trưa, bữa tối hoặc bữa ăn nhanh đầy đủ dinh dưỡng.
Voucher chính hãng, dễ dàng sử dụng tại hệ thống Lotteria trên toàn quốc.",59000.00,55000.00,"Voucher không áp dụng hình thức đổi trả/ hủy/ hoàn tiền.
Được sử dụng tối đa 5 voucher/ ngày/ hóa đơn.
Không áp dụng đổi hàng cho đơn hàng số lượng lớn (theo quy định của Lotteria).
Mỗi voucher chỉ được sử dụng 01 lần.
Chỉ áp dụng cho một số sản phẩm nhất định.
Trong trường hợp sản phẩm được chỉ định không có sẵn, khách hàng có thể lựa chọn các sản phẩm có cùng giá t.rị.
Không đổi được ra tiền mặt một phần hoặc toàn bộ.
Không hoàn trả hoặc bán lại được.
Nếu giá tiền đơn đặt hàng của khách hàng vượt quá giá trị của voucher thì khách hàng phải thanh toán thêm số tiền chênh lệch đó.
Voucher không áp dụng cho các chương trình khuyến mãi khác.
Khách hàng có trách nhiệm bảo mật thông tin mã thẻ quà tặng sau khi đặt mua. LifeLink sẽ không chịu trách nhiệm hoàn trả các mã thẻ bị mất hoặc ở trạng thái ""đã sử dụng"" với bất kỳ lý do gì.
LifeLink sẽ không chịu trách nhiệm đối với chất lượng của sản phẩm được cung cấp cũng như đối với các tranh chấp về sau giữa khách hàng và nhà cung cấp.
LifeLink có quyền sửa chữa hoặc thay đổi điều khoản và điều kiện sử dụng mà không thông báo trước.
Hotline LifeLink: 1900 2065",100,2026-08-23 00:00:00+00,2026-11-21 00:00:00+00,Dang ban,Không quy đổi thành tiền mặt. Hỗ trợ hoàn tiền nếu hủy trước 24h.,//cdn.lifelink.vn/img/c280x280/Cheese-Chicken-Rice-Set_27072026162709.jpg?sign=VxxeEykLoLagUMfi02QedQ,0,40000000-0000-0000-0000-000000000001
b51a82e7-141c-4cbb-9bba-8dd565f17031,Kidzooona Aeon Mall Huế - Vé vào cổng khu vui chơi bao gồm lễ tết,"Trải nghiệm trọn vẹn cho bé & phụ huynh:
01 vé áp dụng cho 01 bé + 01 người lớn, vừa vui chơi vừa đồng hành cùng con.
Phù hợp nhiều độ tuổi:
Dành cho trẻ từ 1 đến dưới 13 tuổi, mỗi bé đều có không gian riêng để khám phá.
Kidzooona Aeon Mall Huế sở hữu phong cách Nhật Bản hiện đại:
Môi trường sạch sẽ, an toàn, giúp bé vui chơi tự do nhưng vẫn được giám sát.
Khu vực trò chơi đa dạng:
Từ nhập vai, vận động, trí tuệ sáng tạo đến khu riêng cho bé nhỏ, mỗi góc đều là một thế giới thú vị.
Hoạt động & sự kiện hấp dẫn:
Event cuối tuần, lễ hội hóa trang, trò chơi tập thể – bé luôn có trải nghiệm mới mẻ.
Nhân viên thân thiện, nhiệt tình:
Luôn sẵn sàng hỗ trợ, chơi cùng và tạo không khí vui vẻ.
Vị trí thuận tiện:
Tầng 4 Aeon Mall Huế – kết hợp vui chơi, mua sắm, ăn uống một cách dễ dàng.
Đặt vé qua LifeLink tiện lợi:
Nhanh chóng, tiết kiệm và nhận ngay mức giá ưu đãi hấp dẫn.",120000.00,96000.00,"Voucher áp dụng cho: ""Vé vào cổng dành cho 1 bé và 1 người lớn tại kidzooona AEON MALL Huế bao gồm Lễ Tết""
Voucher không bao gồm vớ/tất.
Khu vui chơi quy định luôn sử dụng vớ/tất, Quý khách vui lòng chuẩn bị vớ/tất trước khi vào khu vui chơi hoặc mua vớ/tất tại quầy.
Nhằm đảm bảo vệ sinh, khu vui chơi yêu cầu luôn mang tất trong suốt thời gian vui chơi.
Lưu ý: Luôn giữ vòng tay cẩn thận để được ra vào nhiều lần trong ngày.
Khách hàng áp dụng: Trẻ em từ 1 tuổi - 12 tuổi, 01 vé áp dụng cho 01 trẻ + 01 người lớn
Ngày áp dụng: Tất cả các ngày trong tuần, bao gồm Lễ Tết
Giờ áp dụng: 09:00 - 21:00
Số lượng E-Voucher áp dụng: 01 voucher/ 01 bé kèm 01 phụ huynh
Phụ thu (nếu có): 1 bé kèm 1 phụ huynh nếu phát sinh thêm các phụ huynh khác thì phụ thu 50.000đ/Phụ huynh
Thông tin liên hệ đặt dịch vụ:
Hotline hỗ trợ: 1900 2065
Địa chỉ: Lô số T401; T433 và T434, Tầng 4, Aeon Mall Huế, Số 08 Đường Võ Nguyên Giáp, Phường An Cựu, Thành phố Huế
Điều kiện khác
E-Voucher/E-Coupon không có giá trị quy đổi thành tiền mặt, không trả lại tiền thừa.
Không áp dụng đồng thời với chương trình khuyến mại khác",100,2026-08-23 00:00:00+00,2026-11-21 00:00:00+00,Dang ban,Không quy đổi thành tiền mặt. Hỗ trợ hoàn tiền nếu hủy trước 24h.,//cdn.lifelink.vn/img/c280x280/Kidzooona-22_11052026170919.jpg?sign=5EFpiIPSVTNZrJfC7NEPLQ,0,40000000-0000-0000-0000-000000000003
b654d826-8bea-4226-b2dd-51a03ea13069,Kid's Box LOTTE MART Vinh - Vé vào cổng khu vui chơi bao gồm Lễ Tết,"Thỏa sức khám phá không gian vui chơi sống động, an toàn tại Kid's Box LOTTE MART Vinh.
Lý tưởng cho gia đình có trẻ nhỏ, nhóm bạn, các em thiếu nhi thỏa đam mê vận động, sáng tạo.
Khu vui chơi thiết kế hiện đại, mang đến trải nghiệm giải trí đa dạng, phù hợp nhiều lứa tuổi.
Địa điểm check-in lý tưởng, giúp các bé lưu giữ những khoảnh khắc tuổi thơ hồn nhiên, rực rỡ.
Môi trường sạch sẽ, thân thiện, chuyên nghiệp với đội ngũ nhân viên hỗ trợ tận tình, chu đáo.
Giá vé ưu đãi đặc biệt chỉ khi đặt qua LifeLink, giúp bố mẹ tiết kiệm chi phí vui chơi cho con.
Đem lại cảm giác an tâm về an ninh, tuyệt đối an toàn để trẻ thỏa sức khám phá, vận động.
Đặt vé trực tuyến qua LifeLink nhanh chóng, linh hoạt – săn deal giá tốt cho ngày trải nghiệm tuyệt vời!",80000.00,64000.00,"Voucher áp dụng cho Vé vào cổng dành cho 1 bé và 1 người lớn tại Kid's Box LOTTE MART Vinh bao gồm Lễ Tết
Voucher không bao gồm vớ/tất.
Khu vui chơi quy định luôn sử dụng vớ/tất, Quý khách vui lòng chuẩn bị vớ/tất trước khi vào khu vui chơi hoặc mua vớ/tất tại quầy.
Nhằm đảm bảo vệ sinh, khu vui chơi yêu cầu luôn mang tất trong suốt thời gian vui chơi.
Lưu ý: Luôn giữ vòng tay cẩn thận để được ra vào nhiều lần trong ngày nhé
Khách hàng áp dụng: Trẻ em từ 1 tuổi đến dưới 12 tuổi, 01 vé áp dụng cho 01 trẻ + 01 người lớn
Ngày áp dụng: Tất cả các ngày trong tuần, bao gồm Lễ Tết
Giờ áp dụng: 09:00 - 21:00
Số lượng E-Voucher áp dụng: 01 voucher/ 01 bé kèm 01 phụ huynh
Phụ thu (nếu có) 1 bé kèm 1 phụ huynh nếu phát sinh thêm các phụ huynh khác thì phụ thu 50.000đ/Phụ huynh
Thông tin liên hệ đặt dịch vụ
Hotline hỗ trợ: 1900 2065
Địa chỉ: Lô 3F-11, TTTM Lotte Mart, Đại lộ V.I.Lenin, Khối Yên Sơn, Phường Vinh Phú, Tỉnh Nghệ An.
Điều kiện khác
E-Voucher/E-Coupon không có giá trị quy đổi thành tiền mặt, không trả lại tiền thừa.
Không áp dụng đồng thời với chương trình khuyến mại khác",100,2026-08-23 00:00:00+00,2026-11-21 00:00:00+00,Dang ban,Không quy đổi thành tiền mặt. Hỗ trợ hoàn tiền nếu hủy trước 24h.,//cdn.lifelink.vn/img/c280x280/ADD-Kidzooona-4_06072026172549.jpg?sign=Pw9eUnLolHcg4VF7QbsdkA,0,40000000-0000-0000-0000-000000000003
b66e06e7-cc5f-4ba0-a0ba-1e8beafb1cd2,E-voucher - Hộp bánh trung thu Giao Hảo Hữu,"E-voucher - Hộp bánh trung thu Giao Hảo Hữu quy tụ nhiều hương vị bánh đặc sắc, đáp ứng đa dạng sở thích thưởng thức.
Hộp bánh kết hợp bánh nướng và bánh dẻo, tạo nên trải nghiệm Trung thu phong phú.
Các lựa chọn gồm bánh nướng thập cẩm đặc biệt trứng, sen trà ô long trứng và mơ tây.
Bánh dẻo cốm dừa mang đến hương vị nhẹ nhàng, gợi nét truyền thống của mùa đoàn viên.
Sản phẩm đi kèm chai Rượu Đông Trùng Hạ Thảo 700ml Standard, góp phần nâng tầm giá trị hộp quà.
Bao bì hộp và khay định hình được thiết kế đồng bộ, giúp món quà thêm trang trọng và chuyên nghiệp.",1522800.00,1370000.00,"Ngày áp dụng: Thứ 2 - Thứ 6
Giờ áp dụng: 9h00 -17h00
Thông tin liên hệ đặt dịch vụ
Hotline lifelink (9h00-20h00): 1900 2065
Hotline BioFun: 0355983628
Địa chỉ lấy bánh Số 10 ngõ 102 Trần Phú,Mỗ Lao, Hà Đông, Hà Nội
Điều kiện áp dụng:
Áp dụng 01 E-Voucher cho 01 hộp
Một khách hàng được mua nhiều E-Voucher
E-Voucher không có giá trị quy đổi thành tiền mặt, không trả lại tiền thừa.
Không áp dụng đồng thời với chương trình khuyến mại khác
Giá đã bao gồm VAT, chưa bao gồm phí ship",100,2026-08-23 00:00:00+00,2026-11-21 00:00:00+00,Dang ban,Không quy đổi thành tiền mặt. Hỗ trợ hoàn tiền nếu hủy trước 24h.,//cdn.lifelink.vn/img/c280x280/ADD-Giao-Hao-Huu_21082026113751.jpg?sign=wy0fkH9NJ7EGVP29dUXfyQ,0,40000000-0000-0000-0000-000000000001
b6cda0fe-1c0f-468c-a495-73f204be19bf,"Vé vào cổng KidZania Lotte Mall Tây Hồ dành cho Trẻ em cả ngày - Áp dụng Thứ 7, Chủ nhật, Lễ Tết","Vé KidZania Lotte Mall Tây Hồ dành cho trẻ em trải nghiệm vui chơi cả ngày vào Thứ 7 và Chủ nhật.
Bé được tham gia hơn 48 hoạt động nghề nghiệp trong không gian giáo trí hiện đại rộng 5.300m².
Mô hình học tập kết hợp vui chơi giúp phát triển kỹ năng sống, tư duy sáng tạo và làm việc nhóm.
Phù hợp cho trẻ từ 4 đến 15 tuổi với nhiều hoạt động nhập vai hấp dẫn.
Đặt vé nhanh chóng tại LifeLink với quy trình tiện lợi và hỗ trợ tận tình.
Lựa chọn hoàn hảo để cả gia đình tận hưởng cuối tuần ý nghĩa cùng các bé.",510000.00,510000.00,"Tổng thời gian gói dịch vụ: 1 lần
Thời gian 1 lần dịch vụ: Cả ngày.
Ngày áp dụng: Thứ 7 - Chủ nhật, Lễ Tết.
Giờ áp dụng: 09:00 - 20:00
Khách hàng áp dụng: Trẻ em từ 4 - 15 tuổi.
Số lượng E-Voucher áp dụng:
Một khách hàng được mua nhiều phiếu.
Sử dụng 01 vé/ 01 khách hàng/ 1 lần
Không giới hạn số E-voucher trên 1 hoá đơn
Lưu ý: Vui lòng không mang đồ ăn uống (trừ sữa công thức và thuốc kê đơn) từ bên ngoài vào để đảm bảo môi truong vui chơi an toàn và thoải mái cho trẻ.
Thông tin liên hệ đặt dịch vụ:
Địa chỉ: Khu trải nghiệm KidZania Hà Nội (Tầng 5, Trung tâm thương mại Lotte Mall Hà Nội, số 272 đường Võ Chí Công, phường Tây Hồ, thành phố Hà Nội
Hotline Kidzania: 1900 0114
Hotline Lifelink: 1900 2065
Điều kiện khác
E-Voucher/E-Coupon không có giá trị quy đổi thành tiền mặt, không trả lại tiền thừa.
Không áp dụng đồng thời với chương trình khuyến mại khác
Giá đã bao gồm VAT
Vé đã mua không hoàn hủy, đặt trước tối thiểu 1 ngày",100,2026-08-23 00:00:00+00,2026-11-21 00:00:00+00,Dang ban,Không quy đổi thành tiền mặt. Hỗ trợ hoàn tiền nếu hủy trước 24h.,//cdn.lifelink.vn/img/c280x280/ADD-KidZania-Ha-Noi-1_21072026171236.jpg?sign=qlPW7PZXmEiPOq7-QPcVkA,0,40000000-0000-0000-0000-000000000003
b803048e-2908-463f-b38a-2a3462943f74,KidZania Lotte Mall Tây Hồ - Vé 4 tiếng dành cho Trẻ em từ thứ 7 đến Chủ nhật và Lễ Tết,"Hóa thân thành 'công dân nhí' trong thành phố thu nhỏ hiện đại với 48 nghề nghiệp mô phỏng sống động.
Phù hợp cho trẻ từ 3–15 tuổi, lý tưởng cho các gia đình có con nhỏ yêu thích khám phá, học hỏi thực tế.
Khu vui chơi áp dụng mô hình giáo-trí nổi tiếng thế giới, kết hợp giữa giải trí và giáo dục kỹ năng sống.
Không gian chuyên nghiệp với mô phỏng sân bay, bệnh viện, ngân hàng... được thiết kế an toàn, chuẩn quốc tế.
Thời lượng trải nghiệm lên tới 4 tiếng – đủ để bé khám phá hàng chục hoạt động hấp dẫn khác nhau.
Chất lượng dịch vụ chuyên nghiệp từ nhân viên, cơ sở vật chất hiện đại, đảm bảo vệ sinh và an toàn tuyệt đối.
Là nơi lý tưởng giúp trẻ phát triển kỹ năng mềm, tư duy nghề nghiệp và tinh thần trách nhiệm từ sớm.
Đặt vé qua LifeLink dễ dàng, nhận voucher nhanh chóng với giá ưu đãi hấp dẫn, không lo chờ đợi.",350000.00,350000.00,"Thời gian 01 lần dịch vụ: Chơi 4 tiếng
Phụ thu 160,000 VNĐ tại quầy để nâng lên vé chơi cả ngày
Tổng thời gian gói dịch vụ: 01 lần
Ngày áp dụng: Thứ 7 - Chủ nhật và Lễ Tết
Giờ áp dụng: 09h00 - 20h00
Khách hàng áp dụng:
Khách hàng từ 3 - 15 tuổi
Trẻ sơ sinh (Dưới 75cm): Vào cửa miễn phí, nhưng không thể tham gia các hoạt động trải nghiệm
Số lượng e-Voucher áp dụng:
Một khách hàng được mua nhiều voucher
Sử dụng 01 voucher/ 01 khách hàng / 01 lần
Không giới hạn số voucher trên 01 hoá đơn
Điểm áp dụng: Khu trải nghiệm KidZania Hà Nội - Tầng 5, Trung tâm thương mại Lotte Mall Hà Nội, số 272 đường Võ Chí Công, phường Tây Hồ, thành phố Hà Nội
Điều kiện khác:
e-Voucher/e-Coupon không có giá trị quy đổi thành tiền mặt, không trả lại tiền thừa
Không áp dụng đồng thời với chương trình khuyến mại khác
Giá chưa bao gồm VAT, Khách hàng muốn lấy hóa đơn vui lòng liên hệ NCC
Lưu ý sử dụng:
Mỗi giao dịch cần ít nhất 01 vé trẻ em và 01 vé tham quan
Mỗi 01 vé trẻ em đi kèm tối đa 03 vé tham quan
Trẻ sơ sinh (Dưới 75cm): Vào cửa miễn phí, nhưng không thể tham gia các hoạt động trải nghiệm nghề nghiệp.
Trẻ dưới 10 tuổi hoặc dưới 120cm cần người giám hộ (18 tuổi trở lên) có vé người lớn đi cùng.
Trẻ từ 10 tuổi (hoặc cao từ 120cm trở lên) có thể tự do trải nghiệm nhưng cần xác nhận từ người giám hộ tại cửa Airport và hoàn thành xác nhận trước khi rời khỏi KidZania).
Người lớn được phép tạm thời rời khỏi công viên khi có tối thiểu 1 người giám hộ ở lại cùng trẻ.
Trẻ em không thể xuất cảnh tạm thời.
Các khu ăn uống và KidZania Shop chấp nhận hình thức thanh toán tiền mặt, thẻ, chuyển khoản (không nhận thanh toán bằng kidZos).
Vui lòng không mang đồ ăn uống (trừ sữa công thức và thuốc kê đơn) từ bên ngoài vào để đảm bảo môi trường vui chơi an toàn và thoải mái cho trẻ.",100,2026-08-23 00:00:00+00,2026-11-21 00:00:00+00,Dang ban,Không quy đổi thành tiền mặt. Hỗ trợ hoàn tiền nếu hủy trước 24h.,//cdn.lifelink.vn/img/c280x280/ADD-Kidzania_22072026120226.jpg?sign=_G76S6hhX9A653FajILtiQ,0,40000000-0000-0000-0000-000000000003
bb439a69-9d15-43d8-88e1-83b5d7d8994f,Voucher HS Chicken Rice Set tại Lotteria,"Voucher HS Chicken Rice Set tại Lotteria gồm 01 Cơm gà sốt HS và 01 Pepsi (M).
Gà sốt HS đậm đà kết hợp cùng cơm nóng hổi, tạo nên bữa ăn tròn vị.
Pepsi (M) mát lạnh giúp cân bằng hương vị và tăng thêm sự sảng khoái.
Thích hợp cho bữa trưa, bữa tối hoặc những ngày bận rộn cần một bữa ăn nhanh.
Voucher chính hãng, sử dụng thuận tiện tại hệ thống Lotteria trên toàn quốc.
Đặt mua nhanh trên LifeLink để tận hưởng nhiều ưu đãi hấp dẫn.",59000.00,55000.00,"Voucher không áp dụng hình thức đổi trả/ hủy/ hoàn tiền.
Được sử dụng tối đa 5 voucher/ ngày/ hóa đơn.
Không áp dụng đổi hàng cho đơn hàng số lượng lớn (theo quy định của Lotteria).
Mỗi voucher chỉ được sử dụng 01 lần.
Chỉ áp dụng cho một số sản phẩm nhất định.
Trong trường hợp sản phẩm được chỉ định không có sẵn, khách hàng có thể lựa chọn các sản phẩm có cùng giá t.rị.
Không đổi được ra tiền mặt một phần hoặc toàn bộ.
Không hoàn trả hoặc bán lại được.
Nếu giá tiền đơn đặt hàng của khách hàng vượt quá giá trị của voucher thì khách hàng phải thanh toán thêm số tiền chênh lệch đó.
Voucher không áp dụng cho các chương trình khuyến mãi khác.
Khách hàng có trách nhiệm bảo mật thông tin mã thẻ quà tặng sau khi đặt mua. LifeLink sẽ không chịu trách nhiệm hoàn trả các mã thẻ bị mất hoặc ở trạng thái ""đã sử dụng"" với bất kỳ lý do gì.
LifeLink sẽ không chịu trách nhiệm đối với chất lượng của sản phẩm được cung cấp cũng như đối với các tranh chấp về sau giữa khách hàng và nhà cung cấp.
LifeLink có quyền sửa chữa hoặc thay đổi điều khoản và điều kiện sử dụng mà không thông báo trước.
Hotline LifeLink: 1900 2065",100,2026-08-23 00:00:00+00,2026-11-21 00:00:00+00,Dang ban,Không quy đổi thành tiền mặt. Hỗ trợ hoàn tiền nếu hủy trước 24h.,//cdn.lifelink.vn/img/c280x280/HS-Chicken-Rice-Set_27072026171748.jpg?sign=8u0UGBP8IhFdWYuK4ZWMjg,0,40000000-0000-0000-0000-000000000001
bc4a5cb7-cda4-448d-be29-0fab48357047,Vé Tàu Hà Nội 5 Cửa Ô Toa Ô Chợ Dừa - The Hanoi Train,"Toa Ô Chợ Dừa thuộc đoàn tàu du lịch hai tầng siêu hiện đại lần đầu tiên xuất hiện tại Việt Nam.
Không gian văn hóa di động tái hiện trọn vẹn nét đẹp kinh thành Thăng Long xưa cổ kính.
Thiết kế cửa kính mở rộng tối đa giúp du khách dễ dàng ngắm trọn phong cảnh dọc đường.
Nội thất sang trọng, ấm cúng với sức chứa từ 44 đến 65 chỗ ngồi vô cùng thoải mái.
Tích hợp 2 toa check-in riêng biệt giúp bạn lưu lại những bức ảnh kỷ niệm triệu like.
Hành trình ẩm thực và nghệ thuật dân gian độc đáo suốt chuyến đi từ Hà Nội đến Kinh Bắc.",750000.00,750000.00,"Khách hàng áp dụng: Tất cả khách hàng từ 8 tuổi trở lên.
Ngày áp dụng
Tháng 7:
8h00: Ngày 17, 18, 19, 29, 31
13h30: Ngày 18, 19, 28
Tháng 08
8h00: Ngày 01, 02, 05, 07, 08, 09, 12, 14, 15, 16, 19, 21, 22, 23, 26, 28, 29, 30
13h30: Ngày 1, 2, 4, 6, 8, 9, 11, 13, 15, 16, 18, 20, 22, 23, 25, 27, 29, 30
Tháng 09
8h00: Ngày 01, 02, 04, 05, 06, 09, 11, 12, 13, 16, 18, 19, 20, 23, 25, 26, 27, 30
13h30: Ngày 01, 02, 05, 06, 08, 10, 12, 13, 15, 17, 19, 20, 22, 24, 26, 27, 29
Tháng 10
8h00: Ngày 02, 03, 04, 07, 09, 10, 11, 14, 16, 17, 18, 20, 21, 23, 25, 28, 30, 31
13h30: 01, 03, 04, 06, 08, 10, 11, 13, 15, 16, 17, 18, 20, 22, 24, 25, 27, 29, 31
Giờ áp dụng: 8h00 hoặc 13h30
Số lượng E-Voucher áp dụng: 01 E-voucher/ 1 khách
Lưu ý:
Trẻ em dưới 3 tuổi miễn phí vé, sử dụng chung chỗ với người lớn, mỗi người lớn được kèm tối đa 01 trẻ em dưới 3 tuổi, từ trẻ em thứ 2 trở lên phải mua vé trẻ em
Trẻ từ 3- 8 tuổi: Giảm 10% so với giá vé người lớn
Khách hàng liên hệ đăng ký dịch vụ trước khi đến để được phục vụ tốt nhất
Điện thoại: 1900 2065
Địa chỉ: Cửa 1C, sảnh Bắc - Ga Hà Nội - 120 Lê Duẩn - Văn Miếu - Hà Nội
Điều kiện khác
E-Voucher không có giá trị quy đổi thành tiền mặt, không trả lại tiền thừa.
Không áp dụng đồng thời với chương trình khuyến mại khác
Vé đã mua không hoàn/ hủy",100,2026-08-23 00:00:00+00,2026-11-21 00:00:00+00,Dang ban,Không quy đổi thành tiền mặt. Hỗ trợ hoàn tiền nếu hủy trước 24h.,//cdn.lifelink.vn/img/c280x280/ADD-5-cua-o-1_17072026120043.jpg?sign=H3u_SI-kRDW-4rXNwfCzwg,0,40000000-0000-0000-0000-000000000003
bd418cfc-c580-4c98-889e-505c17d8e758,Sen 20 Hàng Tre và 72B Trần Hưng Đạo - Gói trị liệu cơ bản VIP 105 phút,"Liệu trình kết hợp thủy trị liệu truyền thống và trị liệu toàn thân, giúp thư giãn sâu, giảm căng thẳng, hồi phục sức khỏe hiệu quả.
Combo 105 phút gồm: ngâm bồn thảo dược, xông hơi Dao đỏ, đá muối Himalaya, trị liệu ngải cứu, mặt nạ ngũ hoa, bữa thực dưỡng.
Dược liệu Dao đỏ & thảo dược truyền thống được lựa chọn kỹ càng, đảm bảo nguồn gốc tự nhiên, phù hợp dưỡng sinh cổ truyền.
Không gian yên bình, đậm chất Hà Nội xưa giữa lòng phố cổ, phòng VIP riêng biệt tạo cảm giác riêng tư và thư giãn tuyệt đối.
Đội ngũ trị liệu viên tay nghề cao, kinh nghiệm 15–20 năm, được đào tạo bài bản từ Bệnh viện Châm cứu Trung ương.
Liệu trình phát triển bởi liên kết Viện Nghiên cứu & Chăm sóc sức khỏe Cổ truyền Việt Nam, đảm bảo chuyên môn và chất lượng chuyên sâu.",702000.00,600000.00,"Khách hàng áp dụng:
Nam, Nữ.
Phòng dịch vụ:
Phòng VIP riêng.
Số lượng
E-Voucher áp dụng:
Không giới hạn số lượng voucher áp dụng cho 01 khách.
Sử dụng 01 voucher/ 01 khách/ 01 lần sử dụng.
Thời gian áp dụng:
Áp dụng từ Thứ 2 đến Chủ nhật (trừ các ngày Lễ, Tết).
Khung giờ: 09h30 - 22h30.
Lưu ý:
Khách hàng vui lòng đặt chỗ trước khi đến để được phục vụ tốt nhất.
Khách hàng vui lòng liên hệ trước khi qua Spa.
Phụ thu:
Tiền TIP tối thiểu từ 100.000 vnđ/1 người.
Thông tin liên hệ:
Địa chỉ: 72B phố Trần Hưng Đạo, phường Trần Hưng Đạo, Quận Hoàn Kiếm, TP Hà Nội - Hotline: 0243.63.73.999 / 077 2760863
Địa chỉ: Số 20 Hàng Tre, Quận Hoàn Kiếm, TP Hà Nội - Hotline: 024 39879797 / 085 7879797
Điều kiện bắt buộc:
E-Voucher/E-Coupon không có giá trị quy đổi thành tiền mặt, không trả lại tiền thừa.
Không áp dụng đồng thời với chương trình khuyến mại khác.
Giá đã bao gồm VAT.",100,2026-08-23 00:00:00+00,2026-11-21 00:00:00+00,Dang ban,Không quy đổi thành tiền mặt. Hỗ trợ hoàn tiền nếu hủy trước 24h.,//cdn.lifelink.vn/img/c280x280/Sen-Tai-Thu-08_11052026115324.jpg?sign=jj-_wqq63urPgoB4hh8m9Q,0,40000000-0000-0000-0000-000000000002
bdc81d0a-7bc4-4ff9-a0f1-d9f380c056a3,"HLC Starry Sky Art Museum - Vé tham quan dành cho học sinh, sinh viên","Chiêm ngưỡng nghệ thuật ánh sáng đương đại trong không gian gương và đèn LED đầy mê hoặc.
Trải nghiệm “vũ trụ ánh sáng thu nhỏ” với hàng loạt góc chụp ảnh sáng tạo và ảo diệu.
Phù hợp cho học sinh, sinh viên yêu thích sáng tạo, check-in, du lịch trải nghiệm tại Hà Nội.
Bao gồm khoảng 8 không gian theo chủ đề đa dạng với hiệu ứng thị giác đặc sắc.
Không giới hạn thời gian tham quan, thỏa thích tạo nội dung cho mạng xã hội.
Tọa lạc tại Vincom Mega Mall Royal City, vị trí trung tâm, dễ dàng di chuyển.
Đặt vé nhanh chóng, ưu đãi thuận tiện qua LifeLink – trải nghiệm trọn vẹn và tiết kiệm!",150000.00,142000.00,"Thông báo:
Không áp dụng từ ngày 16/02 đến hết ngày 19/02
Khách hàng áp dụng: Dành cho học sinh, sinh viên
Khách tới sử dụng vui lòng đưa CCCD/ Thẻ Học Sinh/ Sinh Viên cho nhân viên tại HLC Starry Sky Art Museum để xác nhận
Số lượng e-Voucher áp dụng:
01 voucher/ 01 khách/ 01 vé vào cổng 01 lần (không bù tiền)
Mỗi khách hàng được mua nhiều e-Voucher/e-Coupon
Phạm vi sử dụng:
Ngày áp dụng: Tất cả các ngày trong tuần bao gồm Lễ
Giờ áp dụng:
Thứ 2 – Thứ 6: 10:00AM – 22:00PM
Thứ 7 & Chủ nhật: 09:30AM – 22:00PM
Số lần sử dụng dịch vụ: 01 lần
Quy định khi tham quan:
Khách hàng không được mang nước, đồ ăn, thức uống và không hút thuốc trong khu vực tham quan.
Chính sách vé:
Trẻ em dưới 80cm miễn phí
Dưới 1m2 tính vé trẻ em
Trên 1m2 tính vé người lớn
Khách hàng vui lòng liên hệ đăng ký dịch vụ trước khi đến để được phục vụ tốt nhất.
Điện thoại liên hệ: 024 6666 3306
Điều kiện khác:
e-Voucher/e-Coupon không có giá trị quy đổi thành tiền mặt, không trả lại tiền thừa
Không áp dụng đồng thời cùng lúc với các chương trình khuyến mại khác
Voucher không áp dụng hoàn, hủy",100,2026-08-23 00:00:00+00,2026-11-21 00:00:00+00,Dang ban,Không quy đổi thành tiền mặt. Hỗ trợ hoàn tiền nếu hủy trước 24h.,//cdn.lifelink.vn/img/c280x280/3_11052026140007.jpg?sign=qPY-SuJeEqFcFzcpaS-bbA,0,40000000-0000-0000-0000-000000000003
be44b7d9-26ad-46cc-a4fe-c9f79e833e08,E-Coupon ưu đãi giảm 100K cho đơn hàng từ 500K tại Potico.vn - Hoa & Quà Tặng,"Potico.vn - Hoa & Quà Tặng
chuyên cung cấp các dịch vụ hoa như hoa cưới, hoa bó, hoa giỏ, hoa văn phòng... với đủ sắc hương và những mẫu gói hoa nghệ thuật đẹp nhất.
Ngoài ra, Potico còn cung cấp các sản phẩm quà tặng khác như nến thơm, bộ quà tặng thiên nhiên, gấu bông, hoa sáp,.... nhằm đem đến cho khách hàng nhiều lựa chọn.
Potico.vn - Hoa & Quà Tặng
là thương hiệu điện hoa hàng đầu Việt Nam được chuyển đổi từ thương hiệu FlowerStore.vn với mong muốn đem đến trải nghiệm tốt hơn cho khách hàng.
Đội ngũ nhân viên chuyên nghiệp và tận tình, từ việc tư vấn cho đến việc chăm sóc khách hàng,
Potico.vn - Hoa & Quà Tặng
luôn cam kết mang đến dịch vụ tốt nhất để đáp ứng mọi nhu cầu của quý khách hàng.",100000.00,9000.00,"Áp dụng E-Coupon ưu đãi giảm 100K cho đơn hàng từ 500K tại Potico.vn - Hoa & Quà Tặng
Ngày áp dụng: Thứ 2 đến Chủ Nhật
Giờ áp dụng: 8h00 - 20h00
Số lượng E-Coupon áp dụng: Sử dụng 01 E-Coupon/ 01 đơn hàng
E-Coupon áp dụng khi đặt hàng tại website
Potico
hoặc app Potico
Khách hàng có nhu cầu muốn xuất hóa đơn vui lòng liên hệ nhà cung cấp để biết rõ thêm thông tin chi tiết:
Hotline: 1900 633 537 hoặc Hotline LifeLink để được hỗ trợ & phục vụ tốt nhất
Hướng dẫn sử dụng:
Bước 1: Khách hàng chọn sản phẩm mua hàng trực tiếp tại
Potico.vn - Hoa & Quà Tặng
Bước 2: Khách hàng nhập mã E-Coupon vào mục nhập mã khuyến mãi giảm giá để được áp dụng ưu đãi.
Bước 3: Khách hàng điền thông tin liên hệ số điện thoại & địa chỉ nhận hàng trên website.
Bước 4: Hoàn tất đơn hàng online
E-Coupon được áp dụng cho các sản phẩm đang giảm giá trên website, ngoại trừ sản phẩm Flash Sale/Sale Sốc
Giao hàng toàn quốc, phí ship tùy thuộc vào đơn vị app giao hàng. Khách hàng liên hệ nhà cung cấp để biết rõ thông tin phí ship.
Khách hàng có nhu cầu muốn xuất hóa đơn vui lòng liên hệ nhà cung cấp để biết rõ thêm thông tin chi tiết
Không có giá trị quy đổi thành tiền mặt, không trả lại tiền thừa
Nếu có thắc mắc, vui lòng liên hệ
Potico.vn - Hoa & Quà Tặng
qua hotline 1900 633537 để được hỗ trợ
Khách hàng chỉ được áp dụng 01 mã E-Coupon trên cùng 01 đơn hàng khi mua online
Khách hàng vui lòng bù thêm chênh lệch phát sinh (nếu có) trực tiếp tại Website
Potico.vn - Hoa & Quà Tặng
Mã E-Coupon xuất ra sẽ không được hoàn hủy hoặc đổi trả dưới mọi hình thức.",100,2026-08-23 00:00:00+00,2026-11-21 00:00:00+00,Dang ban,Không quy đổi thành tiền mặt. Hỗ trợ hoàn tiền nếu hủy trước 24h.,//cdn.lifelink.vn/img/c280x280/Coupon-giam-100k-cho-don-hang_10062026085836.jpg?sign=m1NqrKCkwBob-Zpybi_RCQ,0,40000000-0000-0000-0000-000000000005
bf13758d-ac4c-46ea-bd48-cf8ec9d68677,Voucher Squid Ring Set tại Lotteria,"Voucher Squid Ring Set tại Lotteria bao gồm 05 miếng mực rán và 01 Pepsi (M).
Mực rán vàng giòn bên ngoài, dai ngọt tự nhiên bên trong, hấp dẫn ngay từ miếng đầu tiên.
Pepsi (M) mát lạnh giúp cân bằng hương vị và mang đến trải nghiệm thưởng thức trọn vẹn.
Phù hợp cho bữa ăn nhẹ, bữa xế hoặc dùng kèm các món ăn khác tại Lotteria.
Voucher chính hãng, sử dụng dễ dàng tại toàn bộ hệ thống Lotteria.
Đặt mua nhanh trên LifeLink để tận hưởng nhiều ưu đãi hấp dẫn.",49000.00,46000.00,"Voucher không áp dụng hình thức đổi trả/ hủy/ hoàn tiền.
Được sử dụng tối đa 5 voucher/ ngày/ hóa đơn.
Không áp dụng đổi hàng cho đơn hàng số lượng lớn (theo quy định của Lotteria).
Mỗi voucher chỉ được sử dụng 01 lần.
Chỉ áp dụng cho một số sản phẩm nhất định.
Trong trường hợp sản phẩm được chỉ định không có sẵn, khách hàng có thể lựa chọn các sản phẩm có cùng giá t.rị.
Không đổi được ra tiền mặt một phần hoặc toàn bộ.
Không hoàn trả hoặc bán lại được.
Nếu giá tiền đơn đặt hàng của khách hàng vượt quá giá trị của voucher thì khách hàng phải thanh toán thêm số tiền chênh lệch đó.
Voucher không áp dụng cho các chương trình khuyến mãi khác.
Khách hàng có trách nhiệm bảo mật thông tin mã thẻ quà tặng sau khi đặt mua. LifeLink sẽ không chịu trách nhiệm hoàn trả các mã thẻ bị mất hoặc ở trạng thái ""đã sử dụng"" với bất kỳ lý do gì.
LifeLink sẽ không chịu trách nhiệm đối với chất lượng của sản phẩm được cung cấp cũng như đối với các tranh chấp về sau giữa khách hàng và nhà cung cấp.
LifeLink có quyền sửa chữa hoặc thay đổi điều khoản và điều kiện sử dụng mà không thông báo trước.
Hotline LifeLink: 1900 2065",100,2026-08-23 00:00:00+00,2026-11-21 00:00:00+00,Dang ban,Không quy đổi thành tiền mặt. Hỗ trợ hoàn tiền nếu hủy trước 24h.,//cdn.lifelink.vn/img/c280x280/Squid-Ring-Set_27072026144630.jpg?sign=vwdtJNqS2wmk_gZubUS1uw,0,40000000-0000-0000-0000-000000000001
bf6169cd-b8f7-4a67-8505-02c7f01d1f7e,Evoucher - Hộp quà trung thu Cửu Hạc Diên Niên 2026 phiên bản hộp Vali Popup 3D cao cấp - Combo 6 bánh,"Combo gồm 6 bánh Trung Thu 150g với nhiều hương vị đặc sắc, đáp ứng đa dạng khẩu vị người thưởng thức.
Hộp vali Popup 3D kích thước 38 x 26 x 8,5 cm, thiết kế xanh ngọc thanh nhã, tạo ấn tượng ngay từ ánh nhìn đầu tiên.
Hộp được hoàn thiện bằng kỹ thuật ép kim vàng 9999, mang vẻ đẹp cao cấp và sang trọng.
Đi kèm túi giấy Ivory, thiệp Trung Thu và bộ dao nĩa, tạo nên một bộ quà tặng chỉn chu.
Hình tượng cửu hạc mang thông điệp về trường tồn, thịnh vượng và những mối quan hệ bền vững.
Thiết kế hộp có giá trị lưu giữ, có thể tận dụng làm vật phẩm trang trí hoặc lưu trữ sau mùa Trung Thu.",989000.00,840000.00,"Khách hàng áp dụng: Tất cả khách hàng
Ngày áp dụng: Thứ 2 - Thứ 6
Giờ áp dụng: 9:00 - 17:00
Số lượng E-Voucher áp dụng: Sử dụng 01 voucher/01 hộp quà. Không giới hạn số lượng voucher/ hóa đơn.
Thông tin cách mua hàng HƯỚNG DẪN ĐỔI VOUCHER
Bước 1. Khách hàng nhận voucher liên hệ GIVISTA để đổi hộp quà Trung Thu 2026
Hotline/Zalo: 0969117926
Facebook:
Tại đây
Bước 2. Cung cấp mã voucher để đổi hộp quà
Bước 3. Khách hàng thanh toán phí vận chuyển trực tiếp cho đơn vị vận chuyển
Lưu ý: Không hỗ trợ khách hàng đổi quà trực tiếp tại cửa hàng
Điều kiện khác
Một khách hàng được mua nhiều E-Voucher/E-Coupon
E-Voucher/E-Coupon không có giá trị quy đổi thành tiền mặt, không trả lại tiền thừa.
Không áp dụng đồng thời với chương trình khuyến mại khác
Voucher chưa bao gồm phí vận chuyển Hộp quà tặng đến khách hàng.",100,2026-08-23 00:00:00+00,2026-11-21 00:00:00+00,Dang ban,Không quy đổi thành tiền mặt. Hỗ trợ hoàn tiền nếu hủy trước 24h.,//cdn.lifelink.vn/img/c280x280/ADD-Cuu-Hac-Dien-Nien-6banh_11082026141125.jpg?sign=D7quEmmoXFIIZjbJKCr4GQ,0,40000000-0000-0000-0000-000000000001
bfb4bb11-79d3-4887-a00d-90b7b40b1471,Voucher Combo Chicken tại Lotteria,"Voucher Combo Chicken tại Lotteria bao gồm 03 miếng gà rán, 01 khoai tây chiên M và 02 Pepsi M.
Gà rán vàng giòn bên ngoài, thịt mềm mọng bên trong với hương vị đặc trưng của Lotteria.
Khoai tây chiên M giòn rụm kết hợp cùng Pepsi M mát lạnh giúp bữa ăn thêm trọn vẹn.
Combo phù hợp cho 2 người hoặc những bữa ăn nhẹ cùng gia đình và bạn bè.
Voucher chính hãng, dễ dàng sử dụng tại hệ thống Lotteria trên toàn quốc.
Đặt mua nhanh chóng trên LifeLink với nhiều ưu đãi hấp dẫn và tiện lợi.",161000.00,151000.00,"Voucher không áp dụng hình thức đổi trả/ hủy/ hoàn tiền.
Được sử dụng tối đa 5 voucher/ ngày/ hóa đơn.
Không áp dụng đổi hàng cho đơn hàng số lượng lớn (theo quy định của Lotteria).
Mỗi voucher chỉ được sử dụng 01 lần.
Chỉ áp dụng cho một số sản phẩm nhất định.
Trong trường hợp sản phẩm được chỉ định không có sẵn, khách hàng có thể lựa chọn các sản phẩm có cùng giá t.rị.
Không đổi được ra tiền mặt một phần hoặc toàn bộ.
Không hoàn trả hoặc bán lại được.
Nếu giá tiền đơn đặt hàng của khách hàng vượt quá giá trị của voucher thì khách hàng phải thanh toán thêm số tiền chênh lệch đó.
Voucher không áp dụng cho các chương trình khuyến mãi khác.
Khách hàng có trách nhiệm bảo mật thông tin mã thẻ quà tặng sau khi đặt mua. LifeLink sẽ không chịu trách nhiệm hoàn trả các mã thẻ bị mất hoặc ở trạng thái ""đã sử dụng"" với bất kỳ lý do gì.
LifeLink sẽ không chịu trách nhiệm đối với chất lượng của sản phẩm được cung cấp cũng như đối với các tranh chấp về sau giữa khách hàng và nhà cung cấp.
LifeLink có quyền sửa chữa hoặc thay đổi điều khoản và điều kiện sử dụng mà không thông báo trước.
Hotline LifeLink: 1900 2065",100,2026-08-23 00:00:00+00,2026-11-21 00:00:00+00,Dang ban,Không quy đổi thành tiền mặt. Hỗ trợ hoàn tiền nếu hủy trước 24h.,//cdn.lifelink.vn/img/c280x280/Combo-Chicken_27072026094255.jpg?sign=FZ-UA9Py35au_Z3Km6rx7g,0,40000000-0000-0000-0000-000000000001
bfd595d9-d541-4701-a1ed-90f80b4f3bb4,kidzooona AEON MALL Hải Phòng 2F - Vé vào cổng khu vui chơi bao gồm Lễ Tết,"Trải nghiệm không gian vui chơi hiện đại, an toàn tại kidzooona AEON MALL Hải Phòng 2F cho bé thỏa sức khám phá và sáng tạo.
Phù hợp cho gia đình có con nhỏ, nhóm bạn nhỏ tuổi, cặp đôi bố mẹ và bé cùng vui chơi, gắn kết yêu thương.
Thiết kế tươi sáng, khu vực rộng rãi, sạch sẽ với nhiều điểm check-in hấp dẫn ngay trong lòng AEON MALL Hải Phòng.
Luôn chú trọng yếu tố an toàn, vệ sinh; môi trường thân thiện, nhân sự tận tâm và chu đáo đồng hành cùng bé trong mọi hoạt động.
Không gian linh hoạt giúp trẻ phát triển khả năng vận động, khám phá thế giới xung quanh và khơi dậy trí sáng tạo.
Điểm đến lý tưởng cho cả gia đình vào dịp cuối tuần, ngày lễ hoặc bất kỳ ngày nào bé muốn vui chơi, đổi gió.
Khách hàng đặt vé qua LifeLink sẽ được sở hữu ưu đãi hấp dẫn, tiết kiệm thời gian xếp hàng, mua vé tiện lợi mọi lúc mọi nơi.
Đặt vé kidzooona AEON MALL Hải Phòng 2F trên LifeLink để không bỏ lỡ cơ hội cùng bé tận hưởng không gian vui chơi ấn tượng nhất thành phố!",150000.00,120000.00,"Voucher áp dụng cho Vé vào cổng dành cho 1 bé và 1 người lớn tại kidzooona AEON MALL Hải Phòng Tầng 2 bao gồm Lễ Tết
Voucher không bao gồm vớ/tất.
Khu vui chơi quy định luôn sử dụng vớ/tất, Quý khách vui lòng chuẩn bị vớ/tất trước khi vào khu vui chơi hoặc mua vớ/tất tại quầy.
Nhằm đảm bảo vệ sinh, khu vui chơi yêu cầu luôn mang tất trong suốt thời gian vui chơi.
Lưu ý: Luôn giữ vòng tay cẩn thận để được ra vào nhiều lần trong ngày nhé
Khách hàng áp dụng: Trẻ em từ 1 tuổi đến dưới 12 tuổi, 01 vé áp dụng cho 01 trẻ + 01 người lớn
Ngày áp dụng: Tất cả các ngày trong tuần, bao gồm Lễ Tết
Giờ áp dụng: 09:00 đến 21:00
Số lượng E-Voucher áp dụng: 01 voucher/ 01 bé kèm 01 phụ huynh
Phụ thu (nếu có): 1 bé kèm 1 phụ huynh nếu phát sinh thêm các phụ huynh khác thì phụ thu 20.000đ/Phụ huynh
Thông tin liên hệ đặt dịch vụ
Hotline hỗ trợ: 1900 2065
Địa chỉ: Lô T264, tầng 2, Aeon Mall Hải Phòng Lê Chân, Đ. Hồ Sen Cầu Rào 2, phường Kênh Dương, quận Lê Chân, thành phố Hải Phòng.
Điều kiện khác
E-Voucher/E-Coupon không có giá trị quy đổi thành tiền mặt, không trả lại tiền thừa.
Không áp dụng đồng thời với chương trình khuyến mại khác",100,2026-08-23 00:00:00+00,2026-11-21 00:00:00+00,Dang ban,Không quy đổi thành tiền mặt. Hỗ trợ hoàn tiền nếu hủy trước 24h.,//cdn.lifelink.vn/img/c280x280/ADD-Kidzooona-3_07072026090605.jpg?sign=T1impM_63xbzuvOFOJDPmQ,0,40000000-0000-0000-0000-000000000003
c01e7a76-e1f9-42c8-b847-8d7328bd7936,Voucher Đùi gà chiên truyền thống tại Chicken Plus,"Voucher Đùi gà chiên truyền thống gồm 5 chiếc đùi gà chiên vàng giòn, thơm ngon chuẩn vị Hàn Quốc.
Lớp vỏ giòn rụm kết hợp cùng phần thịt mềm mọng, giữ trọn vị ngọt tự nhiên.
Combo đi kèm cơm nắm, đu đủ ngâm, xà lách, sốt chua ngọt và sốt ngũ vị, mang đến bữa ăn trọn vẹn.
Voucher điện tử chính hãng, dễ dàng mua và sử dụng qua LifeLink.
Chicken Plus nổi tiếng với công thức gà chiên độc quyền và quy trình chế biến hiện đại.
LifeLink giúp bạn đặt mua voucher nhanh chóng, tiện lợi và tiết kiệm chi phí.",149000.00,145000.00,"Mỗi voucher chỉ được sử dụng 01 lần có thể áp dụng được nhiều voucher cho 01 đơn hàng.
Không có giá trị quy đổi thành tiền mặt, không được hoàn trả tiền thừa.
Chỉ áp dụng cho một số sản phẩm nhất định.
Không hoàn trả hoặc bán lại được.
Nếu giá tiền đơn đặt hàng của khách hàng vượt quá giá trị của voucher thì khách hàng phải thanh toán thêm số tiền chênh lệch đó.
LifeLink không xuất hoá đơn VAT cho khách hàng.
Khách hàng có trách nhiệm bảo mật thông tin mã thẻ quà tặng sau khi đặt mua. LifeLink sẽ không chịu trách nhiệm hoàn trả các mã thẻ bị mất hoặc ở trạng thái ""Đã sử dụng"" với bất kỳ lý do gì.
LifeLink sẽ không chịu trách nhiệm đối với chất lượng sản phẩm hoặc dịch vụ được cung cấp cũng như đối với các tranh chấp về sau giữa khách hàng và nhà cung cấp.
LifeLink có quyền sửa chữa hoặc thay đổi điều khoản và điều kiện sử dụng mà không thông báo trước.
Hotline
LifeLink
: 1900 2065
Địa điểm sử dụng:
https://docs.google.com/spreadsheets/d/1ErdtQi5FCClFIjOWs27EIjhuq0tAGmsG/edit?gid=829289209#gid=829289209",100,2026-08-23 00:00:00+00,2026-11-21 00:00:00+00,Dang ban,Không quy đổi thành tiền mặt. Hỗ trợ hoàn tiền nếu hủy trước 24h.,//cdn.lifelink.vn/img/c280x280/Voucher-Dui-ga-chien-truyen-thong_28072026171718.jpg?sign=49x6EfF6dlt3ejbJan_WOQ,0,40000000-0000-0000-0000-000000000001
c0d2a396-75cf-43a7-92c8-e7183b9bf0c8,Sen 20 Hàng Tre và 72B Trần Hưng Đạo - Gói trị liệu chuyên sâu VIP 120 phút,"Liệu trình giúp thư giãn sâu, phục hồi năng lượng, giảm stress và đem lại cảm giác cân bằng cho cơ thể.
120 phút trải nghiệm kết hợp thủy trị liệu, xông hơi thảo dược, xông khô đá muối, ngâm bể lạnh, trị liệu body với ngải cứu tươi và mặt nạ ngũ hoa.
Sử dụng các thảo dược tự nhiên, ngải cứu tươi, mặt nạ ngũ hoa, đá muối Himalaya, đảm bảo nguồn gốc truyền thống an toàn cho sức khỏe.
Không gian spa yên tĩnh, mang đậm dấu ấn văn hóa Hà Nội cổ, phòng VIP riêng tư tạo cảm giác thư thái tối đa.
Đội ngũ trị liệu viên kinh nghiệm 15–20 năm, am hiểu chuyên sâu về y học cổ truyền, nhẹ nhàng và tận tâm phục vụ từng khách hàng.
Trị liệu viên được đào tạo bài bản, có chứng chỉ từ Bệnh viện Châm cứu Trung ương, bảo chứng chất lượng dịch vụ.",756000.00,646000.00,"Khách hàng áp dụng:
Nam, Nữ.
Phòng dịch vụ:
Phòng VIP riêng.
Số lượng
E-Voucher áp dụng:
Không giới hạn số lượng voucher áp dụng cho 01 khách.
Sử dụng 01 voucher/ 01 khách/ 01 lần sử dụng.
Thời gian áp dụng:
Áp dụng từ Thứ 2 đến Chủ nhật (trừ các ngày Lễ, Tết).
Khung giờ: 09h30 - 22h30.
Lưu ý:
Khách hàng vui lòng đặt chỗ trước khi đến để được phục vụ tốt nhất.
Khách hàng vui lòng liên hệ trước khi qua Spa.
Phụ thu:
Tiền TIP tối thiểu từ 100.000 vnđ/1 người.
Thông tin liên hệ:
Địa chỉ: 72B phố Trần Hưng Đạo, phường Trần Hưng Đạo, Quận Hoàn Kiếm, TP Hà Nội - Hotline: 0243.63.73.999 / 077 2760863
Địa chỉ: Số 20 Hàng Tre, Quận Hoàn Kiếm, TP Hà Nội - Hotline: 024 39879797 / 085 7879797
Điều kiện bắt buộc:
E-Voucher/E-Coupon không có giá trị quy đổi thành tiền mặt, không trả lại tiền thừa.
Không áp dụng đồng thời với chương trình khuyến mãi khác.
Giá đã bao gồm VAT.",100,2026-08-23 00:00:00+00,2026-11-21 00:00:00+00,Dang ban,Không quy đổi thành tiền mặt. Hỗ trợ hoàn tiền nếu hủy trước 24h.,//cdn.lifelink.vn/img/c280x280/Sen-Tai-Thu-09_11052026115230.jpg?sign=o1kuX2aLnX7D_AI774KZBA,0,40000000-0000-0000-0000-000000000002
c0fa3aff-7c8e-47a2-93d0-85701b53ad2f,B-Zone Thảo Điền - Vé vui chơi cho gia đình,"Khám phá thế giới động vật thu nhỏ đa sắc màu ngay giữa lòng Thảo Điền với vé vào cổng khu vui chơi B-Zone.
Phù hợp cho gia đình có trẻ nhỏ, nhóm bạn hoặc các cặp phụ huynh muốn cùng bé tìm hiểu thiên nhiên.
B-Zone sở hữu khuôn viên 875m2 gồm nhiều khu vực tương tác, trải nghiệm cùng động vật và trò chơi sáng tạo cho bé.
Trẻ em được làm “nông dân nhí”, tiếp xúc cừu, dê, lạc đà, và nhiều thú cưng đáng yêu khác trong không gian an toàn tuyệt đối.
Khu trò chơi phù hợp nhiều độ tuổi: từ trượt nhựa tốc độ cao đến đất nặn, lego, khu giáo dục khoa học thú vị.
Vé gia đình với ưu đãi cho nhóm 2 người lớn và 1 trẻ nhỏ, tiết kiệm chi phí cho buổi dạo chơi cuối tuần đáng nhớ.
Đặt vé nhanh chóng qua LifeLink, nhận e-Voucher tiện lợi, an toàn cùng nhiều khuyến mãi hấp dẫn khác.",190000.00,179000.00,"Thông báo nghỉ Tết: Từ 14/2 đến 19/2
Khách hàng áp dụng: 2 người lớn và 1 trẻ em
Người lớn: Từ 15 tuổi trở lên
Trẻ em: Dưới 15 tuổi hoặc dưới 1m45
Ngày áp dụng: Tất cả các ngày trong tuần, bao gồm Lễ Tết
Giờ áp dụng:
Thứ 2 - Thứ 6: 10h00 - 22h00
Thứ 7 - Chủ nhật: 9h30 - 22h00
Lưu ý:
Trẻ em phải có phụ huynh đi kèm và giám sát khi tham quan vườn thú.
Không mang theo đồ ăn ngoài vào vườn thú, đọc kỹ nội quy trước khi tham quan.
Tất cả khách phải đeo găng tay bảo hộ được cung cấp trước khi vào khu trải nghiệm
Lưu ý giữ vòng tay cẩn thận để được ra vào nhiều lần trong ngày.
Khách hàng liên hệ đăng ký dịch vụ trước khi đến để được phục vụ tốt nhất:
Hotline: 19002065 hoặc 0934661016
Điện thoại liên hệ: 0387881956
Điều kiện khác:
e-Voucher/e-Coupon không có giá trị quy đổi thành tiền mặt, không trả lại tiền thừa.
Không áp dụng đồng thời với chương trình khuyến mại khác",100,2026-08-23 00:00:00+00,2026-11-21 00:00:00+00,Dang ban,Không quy đổi thành tiền mặt. Hỗ trợ hoàn tiền nếu hủy trước 24h.,//cdn.lifelink.vn/img/c280x280/Thao-Diền--3-_11052026161322.jpg?sign=EJlgSBiZDEaOgV3a2rFUrA,0,40000000-0000-0000-0000-000000000003
c12a7f64-4367-4e7f-be82-92b3efe14be1,Thẻ quà tặng Bắc Kim Thang,"Thẻ qu
à t
ặng Bắc Kim Thang
mang đ
ến c
ơ h
ội trải nghiệm ẩm thực ba miền Việt Nam.
Lấy cảm hứng từ b
ài hát dân gian mi
ền T
ây Nam B
ộ.
Nguy
ên li
ệu t
ươi ngon đư
ợc chọn lọc kỹ l
ư
ỡng.
Chế biến tỉ mỉ bởi
đ
ội ng
ũ đ
ầu bếp gi
àu kinh nghi
ệm.
Kh
ông gian
ấm
áp,
đ
ậm chất miền s
ông n
ư
ớc.
Th
ích h
ợp l
àm quà t
ặng
ý ngh
ĩa cho b
ạn b
è, ng
ư
ời th
ân.
Mua t
ại LifeLink
đ
ể nhận
ưu đ
ãi h
ấp dẫn.",50000.00,50000.00,"Mỗi voucher được sử dụng 01 lần, có thể áp dụng nhiều voucher cho 01 hóa đơn.
Voucher không có giá trị quy đổi thành tiền mặt, không được hoàn trả tiền thừa.
Voucher quá hạn sử dụng hoặc ở trạng thái “đã sử dụng” sẽ không được chấp nhận thanh toán.
Nếu giá trị đơn hàng vượt quá giá trị của voucher thì Quý khách sẽ thanh toán thêm cho khoản chênh lệch.
Bắc Kim Thang chịu trách nhiệm xuất hóa đơn tài chính khi Quý khách yêu cầu.
Quý khách có trách nhiệm bảo mật thông tin mã thẻ quà tặng sau khi đặt mua. LifeLink và Bắc Kim Thang sẽ không chịu trách nhiệm hoàn trả các mã thẻ bị mất hoặc ở trạng thái ""đã sử dụng"" với bất kỳ lý do gì.
LifeLink sẽ khôngchịu trách nhiệm đối với chất lượng sản phẩm hoặc dịch vụ được cung cấp cũng như đối với các tranh chấp về sau giữa khách hàng và nhà cung cấp.
LifeLink có quyền sửa chữa hoặc thay đổi điều khoản và điều kiện sử dụng mà không thông báo trước.",100,2026-08-23 00:00:00+00,2026-11-21 00:00:00+00,Dang ban,Không quy đổi thành tiền mặt. Hỗ trợ hoàn tiền nếu hủy trước 24h.,//cdn.lifelink.vn/img/c280x280/backimthang_14082025155158.jpg?sign=fu34l2A1q0-zICI9UNGhpw,0,40000000-0000-0000-0000-000000000001
c17253ea-f467-49ee-9110-5635a8bf140b,Đài Quan Sát Lotte Hà Nội Sky - Combo Đồ uống và Quà lưu niệm cho Người lớn,"Khám phá Đài Quan Sát Lotte Hà Nội Sky tầng 65, địa điểm ngắm cảnh 360° tuyệt đẹp toàn thành phố Hà Nội.
Thích hợp cho gia đình, nhóm bạn, cặp đôi mong muốn tận hưởng khoảnh khắc đặc biệt trên độ cao ấn tượng thứ ba tại Việt Nam.
Sở hữu sàn kính Sky Walk độc đáo, tạo cảm xúc mạnh mẽ khi bạn dạo bước giữa không trung.
Trang bị kính viễn vọng, giúp ngắm từng góc phố Hà Nội và thu trọn mọi khoảnh khắc sôi động bên dưới.
Không gian hiện đại, dịch vụ hỗ trợ chu đáo với quầy đồ uống và khu vực chụp hình lung linh, lý tưởng để check-in sống ảo.
Trải nghiệm an toàn và hoàn toàn mới lạ, phù hợp với mọi độ tuổi, từ trẻ nhỏ tới người lớn, nhóm bạn hay các cặp đôi yêu thích khám phá.
Tiết kiệm chi phí, chủ động thời gian tham quan khi đặt vé Đài Quan Sát Lotte Hà Nội Sky qua LifeLink.
Đặt vé ngay trên LifeLink để hưởng nhiều chương trình ưu đãi hấp dẫn, xác nhận nhanh chóng, tiện lợi cho mọi lịch trình vui chơi.",380000.00,340000.00,"Khách hàng áp dụng:
Dành cho khách hàng trên 12 tuổi
Số lượng E-voucher áp dụng:
01 voucher/01 người/01 lần sử dụng.
Mỗi khách hàng được mua nhiều E-Voucher/E-Coupon.
Phạm vi sử dụng:
Áp dụng vào các ngày trong tuần, bao gồm cả ngày Lễ.
Thời gian mua vé combo: 9:30 - 22:30 hàng ngày.
Đổi vé tại quầy B1 đài quan sát LOTTE Hanoi Sky trước 22:30 mỗi ngày.
Lưu ý:
Vé không bao gồm thuê trang phục, in ảnh, đồ uống SKYL, chụp ảnh Life4cuts, quà lưu niệm, Đấu trường Mission X
Khi đổi vé online sang vé cứng, vé cứng phải được sử dụng cùng ngày.
Đổi vé cứng tại quầy vé trước 22:30 mỗi ngày.
Giá vé thay đổi theo ngày thường, cuối tuần và ngày lễ.
Phụ thu:
Không phụ thu.
Thông tin liên hệ:
Hotline: 024 33336565
Điều kiện khác:
E-Voucher/E-Coupon không có giá trị quy đổi thành tiền mặt, không trả lại tiền thừa.
Không áp dụng đồng thời với chương trình khuyến mại khác.",100,2026-08-23 00:00:00+00,2026-11-21 00:00:00+00,Dang ban,Không quy đổi thành tiền mặt. Hỗ trợ hoàn tiền nếu hủy trước 24h.,//cdn.lifelink.vn/img/c280x280/15_08052026150856.jpg?sign=4RVPFCW6DjA_11DfxJ-ypQ,0,40000000-0000-0000-0000-000000000003
c1814a5b-0c9b-4f61-b1b5-bcd18baa3f32,"Đài Quan Sát Lotte Hà Nội Sky - Combo Đồ uống, Ảnh, Trò chơi VR Mission X, Quà lưu niệm cho trẻ em","Đắm chìm trong trải nghiệm ngắm trọn vẹn Hà Nội từ độ cao 272m tại Đài Quan Sát Lotte Hà Nội Sky.
Khám phá cảm giác mạnh với thử thách sàn kính Skywalk trong suốt, thử sức cùng đội ngũ bạn bè và gia đình.
Chinh phục Holomia VR Đấu trường Vô cực Mission X, hóa thân thành chiến binh VR cùng áo khoác cảm biến haptics chân thực.
Phù hợp cho mọi nhóm khách: gia đình, nhóm bạn hay cặp đôi muốn check-in độc lạ và giải trí công nghệ cao.
Không gian hiện đại, an toàn tuyệt đối, nhiều góc sống ảo xịn sò, dịch vụ tiện ích đi kèm như đồ uống, kính viễn vọng.
Săn vé ưu đãi dễ dàng qua LifeLink - xác nhận nhanh, nhận e-voucher tức thì, an tâm trải nghiệm.
Thích hợp cho tiệc sinh nhật, ngày hội nhóm, ngày cuối tuần, giải tỏa stress và “nạp năng lượng” cho mọi lứa tuổi.
Đặt vé trên LifeLink để hưởng loạt ưu đãi độc quyền, không lo giá vé, sẵn sàng cho hành trình khám phá Hà Nội trên cao!",580000.00,420000.00,"Khách hàng áp dụng:
Dành cho khách hàng từ 3 tuổi đến 12 tuổi.
Số lượng E-voucher áp dụng:
01 voucher/01 người/01 lần sử dụng.
Mỗi khách hàng được mua nhiều E-Voucher/E-Coupon.
Phạm vi sử dụng:
Áp dụng vào các ngày trong tuần, bao gồm cả ngày Lễ.
Thời gian mua vé combo: 9:30 - 22:30 hàng ngày.
Đổi vé tại quầy B1 đài quan sát LOTTE Hanoi Sky trước 22:30 mỗi ngày.
Lưu ý:
Vé không bao gồm thuê trang phục, chụp ảnh Life4cuts.
Khi đổi vé online sang vé cứng, vé cứng phải được sử dụng cùng ngày.
Đổi vé cứng tại quầy vé trước 22:30 mỗi ngày.
Giá vé thay đổi theo ngày thường, cuối tuần và ngày lễ.
Phụ thu:
Không phụ thu.
Thông tin liên hệ:
Hotline: 024 33336565
Điều kiện khác:
E-Voucher/E-Coupon không có giá trị quy đổi thành tiền mặt, không trả lại tiền thừa.
Không áp dụng đồng thời với chương trình khuyến mại khác.",100,2026-08-23 00:00:00+00,2026-11-21 00:00:00+00,Dang ban,Không quy đổi thành tiền mặt. Hỗ trợ hoàn tiền nếu hủy trước 24h.,//cdn.lifelink.vn/img/c280x280/1_08052026150844.jpg?sign=j7370Z4hA1u_OeUNTkUutg,0,40000000-0000-0000-0000-000000000003
c2093594-5041-43cc-8e7b-96715f7e8632,Evoucher Hộp quà trung thu Cửu Hạc Diên Niên 2026 phiên bản Vali Popup 3D cao cấp - Combo 4 bánh và trà,"Hộp quà cao cấp với thiết kế vali Popup 3D ép kim vàng 9999 độc đáo.
Gồm 4 bánh trung thu thượng hạng và trà lài thượng hạng.
Khách hàng được lựa chọn 1 trong 2 combo bánh phù hợp với nhu cầu.
Đi kèm túi giấy Ivory, thiệp Trung Thu và bộ dao nĩa sang trọng.
Hình tượng Cửu Hạc mang ý nghĩa trường thọ, thịnh vượng và phát triển bền vững.
Hộp quà có thể tái sử dụng làm vật trang trí hoặc lưu trữ sau mùa Trung Thu.",699000.00,590000.00,"Khách hàng áp dụng: Tất cả khách hàng
Ngày áp dụng: Thứ 2 - Thứ 6
Giờ áp dụng: 9:00 - 17:00
Số lượng E-Voucher áp dụng: Sử dụng 01 voucher/01 hộp quà. Không giới hạn số lượng voucher/ hóa đơn.
Thông tin cách mua hàng HƯỚNG DẪN ĐỔI VOUCHER
Bước 1. Khách hàng nhận voucher liên hệ GIVISTA để đổi hộp quà Trung Thu 2026
Hotline/Zalo: 0969117926
Facebook:
Tại đây
Bước 2. Cung cấp mã voucher để đổi hộp quà
Bước 3. Khách hàng thanh toán phí vận chuyển trực tiếp cho đơn vị vận chuyển
Lưu ý: Không hỗ trợ khách hàng đổi quà trực tiếp tại cửa hàng
Điều kiện khác
Một khách hàng được mua nhiều E-Voucher/E-Coupon
E-Voucher/E-Coupon không có giá trị quy đổi thành tiền mặt, không trả lại tiền thừa.
Không áp dụng đồng thời với chương trình khuyến mại khác
Voucher chưa bao gồm phí vận chuyển Hộp quà tặng đến khách hàng.",100,2026-08-23 00:00:00+00,2026-11-21 00:00:00+00,Dang ban,Không quy đổi thành tiền mặt. Hỗ trợ hoàn tiền nếu hủy trước 24h.,//cdn.lifelink.vn/img/c280x280/ADD-Cuu-Hac-Dien-Nien-4banh_11082026140820.jpg?sign=yPS3yxhfNBC_VXg_wSXF0A,0,40000000-0000-0000-0000-000000000001
c20a13d7-c47e-42e9-a0a3-ba515075b1bf,E-voucher - Hộp bánh trung thu Trăng Tinh Hoa,"Thương hiệu BioFun, mang đến lựa chọn quà Trung Thu trang trọng và ý nghĩa.
Bánh nướng sen Đông Trùng Hạ Thảo tạo điểm nhấn độc đáo cho hộp quà.
Bánh nướng thập cẩm đặc biệt trứng mang hương vị truyền thống đậm đà.
Kèm hộp nước uống Đông Trùng Hạ Thảo BIOK tiện lợi.
Bao bì hộp và khay định hình được thiết kế đồng bộ, chỉn chu.
Sự kết hợp đa dạng giúp hộp quà phù hợp với nhiều đối tượng nhận.
Là lựa chọn lý tưởng cho quà biếu gia đình, khách hàng, đối tác và nhân viên.",793800.00,714000.00,"Ngày áp dụng: Thứ 2 - Thứ 6
Giờ áp dụng: 9h00 -17h00
Thông tin liên hệ đặt dịch vụ
Hotline lifelink (9h00-20h00): 1900 2065
Hotline BioFun: 0355983628
Địa chỉ lấy bánh Số 10 ngõ 102 Trần Phú,Mỗ Lao, Hà Đông, Hà Nội
Điều kiện áp dụng:
Áp dụng 01 E-Voucher cho 01 hộp
Một khách hàng được mua nhiều E-Voucher
E-Voucher không có giá trị quy đổi thành tiền mặt, không trả lại tiền thừa.
Không áp dụng đồng thời với chương trình khuyến mại khác
Giá đã bao gồm VAT, chưa bao gồm phí ship",100,2026-08-23 00:00:00+00,2026-11-21 00:00:00+00,Dang ban,Không quy đổi thành tiền mặt. Hỗ trợ hoàn tiền nếu hủy trước 24h.,//cdn.lifelink.vn/img/c280x280/ADD-Trang-Tinh-Hoa_21082026110447.jpg?sign=Xx2_sP8ngdoz34hETooSYg,3,40000000-0000-0000-0000-000000000001
c36a94b8-090d-447d-8da0-3df4fcde4093,Cinesphere - Vé trải nghiệm tiêu chuẩn combo 2 phim 8k công nghệ cao dành cho couple,"Đắm chìm trong không gian phòng chiếu LED công nghệ cao đẳng cấp tại Cinesphere Vạn Hạnh Mall.
Trải nghiệm combo 2 bộ phim 8K cho couple, tận hưởng hình ảnh siêu thực sống động chưa từng có.
Khám phá nghệ thuật điện ảnh hiện đại kết hợp công nghệ LED 3D – VR – AI nhập vai hoàn toàn.
Không gian đa chiều cho cảm giác như hiện diện bên trong khung cảnh, không cần kính 3D hỗ trợ.
Phù hợp cho cặp đôi, nhóm bạn muốn đổi gió cuối tuần hay nghệ sĩ trẻ yêu thích công nghệ và nghệ thuật mới mẻ.
Studio check-in cực chất, sáng tạo video/ảnh nghệ thuật, bắt trọn mọi khoảnh khắc triệu view trên mạng xã hội.",450000.00,399000.00,"Voucher áp dụng cho ""
Vé trải nghiệm tiêu chuẩn combo 2 phim 8k công nghệ cao dành cho couple""
Bao gồm vé trải nghiệm 2 bộ phim được chiếu theo lịch công bố phim tại quầy
Khách hàng áp dụng: Áp dụng tất cả các khách hàng
Ngày áp dụng: Tất cả các ngày trong tuần, ko bao gồm Lễ Tết, bù Lễ (theo quy định Nhà Nước)
Giờ áp dụng: 10:00 - 22:00
Lưu ý: Trẻ em dưới 8 tuổi cần có 1 người lớn đi kèm để đảm bảo trải nghiệm tốt nhất
Lễ Tết phụ thu: 5%
Số lượng E-Voucher áp dụng: 01 voucher/ 01 khách
Áp dụng nhiều voucher/1 hóa đơn
Thông tin liên hệ đặt dịch vụ:
Hotline hỗ trợ: 1900 2065
Hotline phòng vé: 0366 431 179
Tầng 4 Vạn Hạnh Mall, 11 Sư Vạn Hạnh, Phường Hòa Hưng, TP. Hồ Chí Minh
Điều kiện khác
Một khách hàng được mua nhiều E-Voucher/E-Coupon
E-Voucher/E-Coupon không có giá trị quy đổi thành tiền mặt, không trả lại tiền thừa.
Không áp dụng đồng thời với chương trình khuyến mại khác",100,2026-08-23 00:00:00+00,2026-11-21 00:00:00+00,Dang ban,Không quy đổi thành tiền mặt. Hỗ trợ hoàn tiền nếu hủy trước 24h.,//cdn.lifelink.vn/img/c280x280/Cinesphere-Vạn-Hạnh-Mall--2-_08052026103738.jpg?sign=NXfdzikbM4CZo_09OGRJxQ,0,40000000-0000-0000-0000-000000000003
c4939bd9-5786-4df1-84ba-bde62c747236,SH Premium Lounge Tho Xuan tại Sân bay Thọ Xuân - Vé người lớn,"Voucher áp dụng cho ""SH Premium Lounge Tho Xuan tại Sân bay Thọ Xuân - Vé người lớn""
giúp quý khách
tận hưởng không gian yên tĩnh, trải nghiệm dịch vụ đẳng cấp và thưởng thức bản sắc văn hóa địa phương Việt Nam.
Phòng chờ SH Premium Lounge Tho Xuan sở hữu không gian kiến trúc hiện đại, có bố cục và nội thất được thiết kế tỉ mỉ, mang dấu ấn riêng biệt, cùng dịch vụ định hướng 5 sao.
Phòng chờ được chia thành nhiều khu vực chức năng như: chỗ nghỉ ngơi, quầy bar/ buffet, phòng hút thuốc... luôn đáp ứng một các tốt nhất nhu cầu đa dạng của hành khách.
Đặc biệt, menu đa dạng, chế biến khéo léo và bày trí đẹp mắt từ các món đặc sản địa phương đến những món khai vị/ đồ uống/ đồ tráng miệng Á - Âu đặc sắc.
Với đội ngũ nhân viên chuyên nghiệp, chu đáo, nhiệt tình cùng phong cách phục vụ cởi mở, chân thành, hiếu khách, Phòng chờ SH Premium Lounge Tho Xuan hứa hẹn làm hài lòng mọi quý khách hàng.",400000.00,380000.00,"Voucher bao gồm:
Mã ưu đãi 1 lượt sử dụng dịch vụ phòng chờ SH Premium Lounge Tho Xuan tại Sân bay Thọ Xuân - Vé người lớn
Thời gian sử dụng tại Phòng khách là tối đa 03 giờ trước giờ khởi hành ban đầu
Địa điểm áp dụng: Tầng 2, Khu cách ly Quốc nội, Cảng HK Thọ Xuân (Gần cửa ra tàu bay số 2)
Vị trí: Ga đi Quốc nội - Sân Bay Thọ Xuân - Thanh Hoá
Khách hàng được sử dụng mọi dịch vụ tại phòng chờ theo quy định của phòng chờ.
Mã ưu đãi chỉ có giá trị sử dụng một lần. Không chấp nhận Voucher ưu đãi quá hạn sử dụng hoặc trạng thái “Đã sử dụng”.
Vui lòng xuất trình mã ưu đãi cho nhân viên tại quầy để được áp dụng ưu đãi.
Khách hàng có thể được yêu cầu trả thêm tiền nếu sử dụng quá giá trị của Mã ưu đãi.
Lưu ý:
Khách hàng sẽ thanh toán trực tiếp tại quầy lễ tân theo bảng giá công bố cho khách lẻ tại mỗi phòng chờ khi:
Khách hàng sử dụng quá thời gian quy định của phòng chờ.
Khách hàng có phát sinh các dịch vụ khác thêm tại phòng chờ
Khách hàng có trẻ em đi kèm mà chưa đăng ký dịch vụ trước qua LifeLink 1900 2065. Thời gian thông báo tối thiểu với LifeLink trước 1 ngày sử dụng dịch vụ LifeLink hoàn toàn không chịu trách nhiệm khi có các phát sinh thêm bên trên.
Khách hàng áp dụng: Khách trên 12 tuổi
Ngày áp dụng: Tất cả các ngày trong tuần, bao gồm Lễ Tết
Giờ áp dụng: 06:30 - 21:30
Số lượng E-Voucher áp dụng:
01 voucher/khách/1 lượt sử dụng
Áp dụng nhiều voucher trên 1 hóa đơn
Dịch vụ bao gồm: Các dịch vụ theo tiêu chuẩn tại phòng chờ
Dịch vụ không bao gồm: Chi phí cá nhân và các chi phí phát sinh khác
Chính sách phụ thu trẻ em:
Miễn phí tối đa cho 02 trẻ em dưới 5 tuổi đi kèm cùng mỗi người lớn sử dụng dịch vụ Phòng khách.
Trẻ em dưới 5 tuổi thứ ba trở đi và Trẻ em từ 5 tuổi đến 12 tuổi mức phí bằng 50% đơn giá niêm yết/trẻ em.
Hành khách trên 12 tuổi được tính như quy định đối với người lớn.
Các trường hợp người đi kèm, nếu không được thông báo trước, dịch vụ gia tăng sẽ do Khách hàng tự thanh toán tại quầy lễ tân theo bảng giá công bố cho khách lẻ tại Phòng khách.
Chính sách phụ thu sử dụng thêm giờ
Thời gian sử dụng tại Phòng khách là tối đa 03 giờ trước giờ khởi hành ban đầu.
Cứ mỗi 03 (ba) tiếng thêm giờ phát sinh được xác định là 01 (một) khung thêm giờ (Block). Thời gian thêm giờ phát sinh dưới 3 (ba) tiếng được tính tròn là 01 (một) Block.
Đơn giá thêm giờ là: 50% phí dịch vụ /khách/ block (thêm giờ).
Hành khách tự thanh toán chi phí thêm giờ trực tiếp tại quầy lễ tân theo giá công bố tại phòng khách.
Quy trình sử dụng dịch vụ
Bước 1: Khách hàng Xuất trình xuất trình mã ưu đãi/ mã QR trên ứng dụng LifeLink/ hoặc email/ hoặc Zalo cùng Thẻ lên tàu bay tại quầy lễ tân Phòng khách.
Bước 2: Nhân viên Phòng khách xác thực mã QR trên hệ thống.
Trường hợp 1: Xác thực không thành công: Nhân viên Lễ tân Phòng khách từ chối phục vụ khách đồng thời Nhờ khách hàng liên hệ lại Hotline LifeLink 1900 2065 để được hỗ trợ nhanh chóng.
Trường hợp 2: Xác thực thành công: Nhân viên Lễ tân Phòng khách hoàn tất trên hệ thống.
Bước 3: Nhân viên Lễ tân Phòng khách mời Hành khách sử dụng Dịch vụ Phòng chờ Thương gia.
Điều kiện lưu ý bắt buộc
Các trường hợp phát sinh không thông báo trước như: Có vé trẻ em đi kèm,... sẽ do Khách hàng tự thanh toán tại quầy lễ tân theo bảng giá công bố cho khách lẻ tại Phòng khách, LifeLink hoàn toàn không chịu trách nhiệm.
Thời gian thông báo tối thiểu trước 1 ngày sử dụng dịch vụ
Hotline hỗ trợ tư vấn (9h-20h): 1900 2065
Điều kiện khác
Áp dụng 01 E-Voucher/E-Coupon cho 01 khách
Một khách hàng được mua nhiều E-Voucher/E-Coupon
E-Voucher/E-Coupon không có giá trị quy đổi thành tiền mặt, không trả lại tiền thừa.
Không áp dụng đồng thời với chương trình khuyến mại khác
Mã ưu đãi được xuất ra sẽ không được đổi trả dưới mọi hình thức.
Giá trên đã bao gồm phí phục vụ và thuế GTGT",100,2026-08-23 00:00:00+00,2026-11-21 00:00:00+00,Dang ban,Không quy đổi thành tiền mặt. Hỗ trợ hoàn tiền nếu hủy trước 24h.,//cdn.lifelink.vn/img/c280x280/1_14052026091932.jpg?sign=BbYtKahe5EIcHe5iCsRHZQ,0,40000000-0000-0000-0000-000000000004
c4c2b43a-d6fc-4c8f-bc01-49c9d21d4fb8,Voucher Beef Rice Set tại Lotteria,"Voucher Beef Rice Set tại Lotteria bao gồm 01 phần Cơm Thịt Bò và 01 Pepsi (M).
Cơm nóng dẻo kết hợp thịt bò đậm đà, mang đến bữa ăn thơm ngon và giàu năng lượng.
Pepsi (M) mát lạnh giúp cân bằng hương vị và tăng thêm cảm giác sảng khoái.
Combo phù hợp cho bữa trưa, bữa tối hoặc bữa ăn nhanh tiện lợi.
Voucher chính hãng, sử dụng dễ dàng tại hệ thống Lotteria trên toàn quốc.
Đặt mua nhanh trên LifeLink để tận hưởng nhiều chương trình ưu đãi hấp dẫn.",59000.00,55000.00,"Voucher không áp dụng hình thức đổi trả/ hủy/ hoàn tiền.
Được sử dụng tối đa 5 voucher/ ngày/ hóa đơn.
Không áp dụng đổi hàng cho đơn hàng số lượng lớn (theo quy định của Lotteria).
Mỗi voucher chỉ được sử dụng 01 lần.
Chỉ áp dụng cho một số sản phẩm nhất định.
Trong trường hợp sản phẩm được chỉ định không có sẵn, khách hàng có thể lựa chọn các sản phẩm có cùng giá t.rị.
Không đổi được ra tiền mặt một phần hoặc toàn bộ.
Không hoàn trả hoặc bán lại được.
Nếu giá tiền đơn đặt hàng của khách hàng vượt quá giá trị của voucher thì khách hàng phải thanh toán thêm số tiền chênh lệch đó.
Voucher không áp dụng cho các chương trình khuyến mãi khác.
Khách hàng có trách nhiệm bảo mật thông tin mã thẻ quà tặng sau khi đặt mua. LifeLink sẽ không chịu trách nhiệm hoàn trả các mã thẻ bị mất hoặc ở trạng thái ""đã sử dụng"" với bất kỳ lý do gì.
LifeLink sẽ không chịu trách nhiệm đối với chất lượng của sản phẩm được cung cấp cũng như đối với các tranh chấp về sau giữa khách hàng và nhà cung cấp.
LifeLink có quyền sửa chữa hoặc thay đổi điều khoản và điều kiện sử dụng mà không thông báo trước.
Hotline LifeLink: 1900 2065",100,2026-08-23 00:00:00+00,2026-11-21 00:00:00+00,Dang ban,Không quy đổi thành tiền mặt. Hỗ trợ hoàn tiền nếu hủy trước 24h.,//cdn.lifelink.vn/img/c280x280/Beef-Rice-Set_27072026120306.jpg?sign=Jk6bencLuj2ipbaXTiE5IQ,0,40000000-0000-0000-0000-000000000001
c87130b3-062b-4fb0-bf85-21c53678e07c,E-voucher - Hộp bánh trung thu Trăng Bình An,"Thương hiệu BioFun, mang đến lựa chọn quà Trung Thu chỉn chu và ý nghĩa.
Gồm bánh nướng thập cẩm đặc biệt trứng với hương vị đậm đà, quen thuộc.
Bánh nướng sen trà ô long trứng tạo điểm nhấn thanh tao, hài hòa.
Kèm hộp trà Đông trùng hạ Thảo BioFun gồm 20 gói tiện lợi.
Bao bì hộp và khay định hình được thiết kế đồng bộ, đẹp mắt.
Có thể in logo thương hiệu chuyên biệt, phù hợp làm quà tặng doanh nghiệp.
Là món quà phù hợp để trao gửi lời chúc bình an trong mùa đoàn viên.",810000.00,729000.00,"Ngày áp dụng: Thứ 2 - Thứ 6
Giờ áp dụng: 9h00 -17h00
Thông tin liên hệ đặt dịch vụ
Hotline lifelink (9h00-20h00): 1900 2065
Hotline BioFun: 0355983628
Địa chỉ lấy bánh Số 10 ngõ 102 Trần Phú,Mỗ Lao, Hà Đông, Hà Nội
Điều kiện áp dụng:
Áp dụng 01 E-Voucher cho 01 hộp
Một khách hàng được mua nhiều E-Voucher
E-Voucher không có giá trị quy đổi thành tiền mặt, không trả lại tiền thừa.
Không áp dụng đồng thời với chương trình khuyến mại khác
Giá đã bao gồm VAT, chưa bao gồm phí ship",100,2026-08-23 00:00:00+00,2026-11-21 00:00:00+00,Dang ban,Không quy đổi thành tiền mặt. Hỗ trợ hoàn tiền nếu hủy trước 24h.,//cdn.lifelink.vn/img/c280x280/ADD-Trang-Binh-An_21082026103954.jpg?sign=tPZbZy5LIFs6OXjbrWkciQ,0,40000000-0000-0000-0000-000000000001
c8ba50e9-4914-41cb-b621-8743e98afb81,Voucher Buffet dành cho 1 nguời tại Spicy Box,"Voucher Buffet dành cho 1 người tại Spicy Box giúp bạn thưởng thức buffet lẩu tokbokki chuẩn Hàn Quốc với mức giá ưu đãi.
Tự do lựa chọn nhiều loại nước sốt từ ngọt đến cay đậm theo khẩu vị yêu thích.
Thực đơn đa dạng với tokbokki, thịt, rau, nấm, đồ chiên, gà rán, kimbap và nhiều món hấp dẫn.
Không giới hạn thời gian dùng bữa, thoải mái thưởng thức và trải nghiệm.
Nhân viên nhiệt tình hướng dẫn cách pha nước lẩu chuẩn vị Hàn Quốc.
LifeLink cung cấp voucher chính hãng, mua nhanh và sử dụng thuận tiện.",151000.00,147225.00,"Mỗi voucher chỉ được sử dụng 01 lần, có thể áp dụng được nhiều voucher cho 01 đơn hàng.
Không có giá trị quy đổi thành tiền mặt, không được hoàn trả tiền thừa.
Nếu giá trị đơn hàng của khách hàng vượt quá giá trị của voucher thì khách hàng phải thanh toán thêm khoản chênh lệch đó.
Buffet đã bao gồm nước ngọt.
Voucher chỉ áp dụng cho một số hàng hóa, dịch vụ nhất định.
Voucher đã bao gồm VAT, Spicy Box sẽ xuất hóa đơn khi khách hàng có yêu cầu.
Voucher không áp dụng đồng thời với các chương trình khuyến mãi khác tại cửa hàng.
Đối với trẻ em:
Dưới 1M: Miễn phí.
Từ 1M - 1M3: 79.000 VNĐ chưa VAT.
Trên 1M3 tính như phí người lớn.
Khách hàng có trách nhiệm bảo mật thông tin mã thẻ quà tặng sau khi đặt mua. LifeLink sẽ không chịu trách nhiệm hoàn trả các mã thẻ bị mất hoặc ở trạng thái ""Đã sử dụng"" với bất kỳ lý do gì.
LifeLink sẽ không chịu trách nhiệm đối với chất lượng sản phẩm hoặc dịch vụ được cung cấp cũng như đối với các tranh chấp về sau giữa khách hàng và nhà cung cấp.
LifeLink có quyền sửa chữa hoặc thay đổi điều khoản và điều kiện sử dụng mà không thông báo trước.
Hạn sử dụng: 90 ngày kể từ ngày mua/gửi quà thành công từ LifeLink
Hotline LifeLink: 1900 2065",100,2026-08-23 00:00:00+00,2026-11-21 00:00:00+00,Dang ban,Không quy đổi thành tiền mặt. Hỗ trợ hoàn tiền nếu hủy trước 24h.,//cdn.lifelink.vn/img/c280x280/Voucher-Buffet-danh-cho-1-nguoi_29072026090558.jpg?sign=ymEvQidr4BZ4Xi2fZc0D7w,0,40000000-0000-0000-0000-000000000001
c8eb736d-adfa-4559-881a-b85eb1641cd1,Evoucher Hộp quà Trung Thu Viên Niên 2026 phiên bản nam châm cao cấp - Combo 4 bánh và trà,"Hộp quà gồm 4 bánh trung thu cao cấp kết hợp trà lài thượng hạng thanh tao.
Thiết kế hộp nam châm ép kim vàng 9999 với tông cam sang trọng và ấm áp.
Họa tiết hiện đại kết hợp biểu tượng truyền thống tạo nên vẻ đẹp tinh tế, khác biệt.
Thích hợp làm quà tặng đối tác, khách hàng, nhân viên và người thân dịp Trung Thu.
Đi kèm túi giấy Ivory, thiệp Trung Thu và bộ dao nĩa cao cấp.
Evoucher tiện lợi, dễ dàng đặt mua và gửi tặng nhanh chóng qua LifeLink.",569000.00,480000.00,"Khách hàng áp dụng: Tất cả khách hàng
Ngày áp dụng: Thứ 2 - Thứ 6
Giờ áp dụng: 9:00 - 17:00
Số lượng E-Voucher áp dụng: Sử dụng 01 voucher/01 hộp quà. Không giới hạn số lượng voucher/ hóa đơn.
Thông tin cách mua hàng HƯỚNG DẪN ĐỔI VOUCHER
Bước 1. Khách hàng nhận voucher liên hệ GIVISTA để đổi hộp quà Trung Thu 2026
Hotline/Zalo: 0969117926
Facebook:
Tại đây
Bước 2. Cung cấp mã voucher để đổi hộp quà
Bước 3. Khách hàng thanh toán phí vận chuyển trực tiếp cho đơn vị vận chuyển
Lưu ý: Không hỗ trợ khách hàng đổi quà trực tiếp tại cửa hàng
Điều kiện khác
Một khách hàng được mua nhiều E-Voucher/E-Coupon
E-Voucher/E-Coupon không có giá trị quy đổi thành tiền mặt, không trả lại tiền thừa.
Không áp dụng đồng thời với chương trình khuyến mại khác
Voucher chưa bao gồm phí vận chuyển Hộp quà tặng đến khách hàng.",100,2026-08-23 00:00:00+00,2026-11-21 00:00:00+00,Dang ban,Không quy đổi thành tiền mặt. Hỗ trợ hoàn tiền nếu hủy trước 24h.,//cdn.lifelink.vn/img/c280x280/ADD-Evoucher-Trung-Thu-Vien-Nien_07082026120056.jpg?sign=wOF5dHvY3S49HSF9Q_1ySA,0,40000000-0000-0000-0000-000000000001
c9ae3527-9be5-4c14-aa26-1062a721b35d,Voucher Cheese Chicken Set tại Lotteria,"Voucher Cheese Chicken Set tại Lotteria gồm 02 miếng gà sốt phô mai và 01 Pepsi (M).
Gà rán vàng giòn phủ sốt phô mai béo ngậy, đậm đà và hấp dẫn.
Pepsi (M) mát lạnh giúp cân bằng hương vị, mang đến trải nghiệm thưởng thức trọn vẹn.
Phù hợp cho bữa trưa, bữa tối hoặc những buổi gặp gỡ cùng gia đình và bạn bè.
Voucher chính hãng, dễ dàng sử dụng tại hệ thống Lotteria trên toàn quốc.
Đặt mua nhanh chóng trên LifeLink để nhận nhiều ưu đãi hấp dẫn.",94000.00,88000.00,"Voucher không áp dụng hình thức đổi trả/ hủy/ hoàn tiền.
Được sử dụng tối đa 5 voucher/ ngày/ hóa đơn.
Không áp dụng đổi hàng cho đơn hàng số lượng lớn (theo quy định của Lotteria).
Mỗi voucher chỉ được sử dụng 01 lần.
Chỉ áp dụng cho một số sản phẩm nhất định.
Trong trường hợp sản phẩm được chỉ định không có sẵn, khách hàng có thể lựa chọn các sản phẩm có cùng giá t.rị.
Không đổi được ra tiền mặt một phần hoặc toàn bộ.
Không hoàn trả hoặc bán lại được.
Nếu giá tiền đơn đặt hàng của khách hàng vượt quá giá trị của voucher thì khách hàng phải thanh toán thêm số tiền chênh lệch đó.
Voucher không áp dụng cho các chương trình khuyến mãi khác.
Khách hàng có trách nhiệm bảo mật thông tin mã thẻ quà tặng sau khi đặt mua. LifeLink sẽ không chịu trách nhiệm hoàn trả các mã thẻ bị mất hoặc ở trạng thái ""đã sử dụng"" với bất kỳ lý do gì.
LifeLink sẽ không chịu trách nhiệm đối với chất lượng của sản phẩm được cung cấp cũng như đối với các tranh chấp về sau giữa khách hàng và nhà cung cấp.
LifeLink có quyền sửa chữa hoặc thay đổi điều khoản và điều kiện sử dụng mà không thông báo trước.
Hotline LifeLink: 1900 2065",100,2026-08-23 00:00:00+00,2026-11-21 00:00:00+00,Dang ban,Không quy đổi thành tiền mặt. Hỗ trợ hoàn tiền nếu hủy trước 24h.,//cdn.lifelink.vn/img/c280x280/Cheese-Chicken-Set_28072026102340.jpg?sign=nOtOPILQzCAPxorO4Cczqg,0,40000000-0000-0000-0000-000000000001
ca616ff7-cd09-4cd8-ab8e-268ea92570ff,kidzooona Hanoi Centre - Vé vào cổng khu vui chơi bao gồm Lễ Tết,"Đắm chìm trong không gian giải trí đầy màu sắc tại Kidzooona Hanoi Centre, nơi trẻ nhỏ tha hồ khám phá sáng tạo.
Phù hợp cho gia đình có con nhỏ, nhóm bạn nhỏ, các cặp đôi yêu cuộc sống năng động và sáng tạo.
Khu vui chơi theo phong cách hiện đại, an toàn và thân thiện, mang đến trải nghiệm vui tươi khó quên cho các bé.
Nhiều hoạt động tương tác, gắn kết các thành viên trong gia đình, giúp bé phát triển kỹ năng vận động.
Không gian rộng rãi, sạch sẽ, được thiết kế sáng tạo tạo cảm hứng cho mọi lứa tuổi khi tham gia trải nghiệm.
Ưu đãi hấp dẫn, linh hoạt thời gian vui chơi giúp khách hàng chủ động lựa chọn cho các dịp cuối tuần hoặc ngày lễ.
LifeLink mang đến giải pháp đặt vé nhanh chóng, an toàn, nhiều ưu đãi đặc biệt dành riêng cho khách hàng.
Đặt vé ngay trên LifeLink để tiết kiệm thời gian, nhận mức giá tốt và tận hưởng mùa vui bất tận tại Kidzooona!",200000.00,160000.00,"Voucher áp dụng cho Vé vào cổng dành cho 1 bé và 1 người lớn tại kidzooona Hanoi Centre bao gồm Lễ Tết
Voucher không bao gồm vớ/tất.
Khu vui chơi quy định luôn sử dụng vớ/tất, Quý khách vui lòng chuẩn bị vớ/tất trước khi vào khu vui chơi hoặc mua vớ/tất tại quầy.
Nhằm đảm bảo vệ sinh, khu vui chơi yêu cầu luôn mang tất trong suốt thời gian vui chơi.
Lưu ý: Luôn giữ vòng tay cẩn thận để được ra vào nhiều lần trong ngày nhé
Khách hàng áp dụng: Trẻ em từ 1 tuổi đến dưới 12 tuổi, 01 vé áp dụng cho 01 trẻ + 01 người lớn
Ngày áp dụng: Tất cả các ngày trong tuần, bao gồm Lễ Tết
Giờ áp dụng: 09:00 đến 21:00
Số lượng E-Voucher áp dụng: 01 voucher/ 01 bé kèm 01 phụ huynh
Phụ thu (nếu có): 1 bé kèm 1 phụ huynh nếu phát sinh thêm các phụ huynh khác thì phụ thu 20.000đ/Phụ huynh
Thông tin liên hệ đặt dịch vụ
Hotline hỗ trợ: 1900 2065
Địa chỉ: L2-C10, Tầng 2, Tiến Bộ Plaza, 175 đường Nguyễn Thái Học, Phường Ô Chợ Dừa, TP. Hà Nội.
Điều kiện khác
E-Voucher/E-Coupon không có giá trị quy đổi thành tiền mặt, không trả lại tiền thừa.
Không áp dụng đồng thời với chương trình khuyến mại khác",100,2026-08-23 00:00:00+00,2026-11-21 00:00:00+00,Dang ban,Không quy đổi thành tiền mặt. Hỗ trợ hoàn tiền nếu hủy trước 24h.,//cdn.lifelink.vn/img/c280x280/ADD-Kidzooona-6_07072026085006.jpg?sign=uqAO43sJUYhZ-85GUfLmrQ,0,40000000-0000-0000-0000-000000000003
cb0726fc-43cd-4c33-a25b-18bc5eb1c7c8,kidzooona PARC MALL Quận 8 - Vé vào cổng khu vui chơi bao gồm Lễ Tết,"Tham gia khu vui chơi kidzooona PARC MALL Quận 8, tận hưởng không gian giải trí đa sắc màu, hiện đại và an toàn cho bé.
Phù hợp hoàn hảo cho gia đình, trẻ nhỏ, nhóm bạn hoặc cặp đôi mong muốn thư giãn, vui chơi cuối tuần.
Kidzooona nổi bật với thiết kế mở, không khí sôi động, khuyến khích hoạt động vận động và trải nghiệm khám phá mới lạ.
Không gian rộng rãi, sạch sẽ, được bố trí hợp lý tạo điều kiện tối đa để các bé tự do vận động, giao lưu cùng bạn bè mới.
Môi trường vui chơi trong nhà, hạn chế tác động thời tiết, thích hợp để bé vui đùa cả ngày mà không lo nắng mưa.
An toàn dành cho trẻ nhỏ với tiêu chuẩn kiểm định nghiêm ngặt, hệ thống nhân viên hỗ trợ tận tình cùng phụ huynh.
Mua vé qua LifeLink giúp tiết kiệm chi phí, thủ tục đặt vé nhanh chóng với nhiều ưu đãi hấp dẫn, tiện lợi ngay tại TP.HCM.
Sẵn sàng nhập cuộc khám phá thế giới vui chơi năng động - Đặt vé kidzooona PARC MALL Quận 8 tại LifeLink để không bỏ lỡ ưu đãi!",150000.00,120000.00,"Voucher áp dụng cho Vé vào cổng dành cho 1 bé và 1 người lớn tại kidzooona PARC MALL Quận 8 bao gồm Lễ Tết
Voucher không bao gồm vớ/tất.
Khu vui chơi quy định luôn sử dụng vớ/tất, Quý khách vui lòng chuẩn bị vớ/tất trước khi vào khu vui chơi hoặc mua vớ/tất tại quầy.
Nhằm đảm bảo vệ sinh, khu vui chơi yêu cầu luôn mang tất trong suốt thời gian vui chơi.
Lưu ý: Luôn giữ vòng tay cẩn thận để được ra vào nhiều lần trong ngày nhé
Khách hàng áp dụng: Áp dụng cho các bé từ 1 tuổi đến dưới 12 tuổi, 01 vé áp dụng cho 01 trẻ + 01 người lớn
Ngày áp dụng: Tất cả các ngày trong tuần, bao gồm Lễ Tết
Giờ áp dụng: từ 09:00 đến 21:00
Số lượng E-Voucher áp dụng: 01 voucher/ 01 bé kèm 01 phụ huynh
Phụ thu (nếu có) 1 bé kèm 1 phụ huynh nếu phát sinh thêm các phụ huynh khác thì phụ thu 20.000đ/Phụ huynh
Thông tin liên hệ đặt dịch vụ
Hotline hỗ trợ: 1900 2065
Địa chỉ: L3-01, Tầng 3, Trung tâm thương mại PARC MALL Q.8, số 547-549 đường Tạ Quang Bửu, Phường Chánh Hưng, TP. Hồ Chí Minh.
Điều kiện khác
E-Voucher/E-Coupon không có giá trị quy đổi thành tiền mặt, không trả lại tiền thừa.
Không áp dụng đồng thời với chương trình khuyến mại khác",100,2026-08-23 00:00:00+00,2026-11-21 00:00:00+00,Dang ban,Không quy đổi thành tiền mặt. Hỗ trợ hoàn tiền nếu hủy trước 24h.,//cdn.lifelink.vn/img/c280x280/ADD-Kizooona-6_06072026150831.jpg?sign=ao45DOy-mfl3KWvnCFMjZA,0,40000000-0000-0000-0000-000000000003
cb1ded02-25e9-4b5b-a179-b9cbf1f5f886,X Space Immersive - Vé người lớn khách Việt tham quan cơ bản,"Khám phá không gian nghệ thuật số với công nghệ tương tác hiện đại và ánh sáng sống động.
Thích hợp cho nhóm bạn trẻ, cặp đôi hoặc gia đình yêu thích trải nghiệm mới lạ và sáng tạo.
7 phòng trưng bày chủ đề độc đáo: Rừng ánh sáng vô cực, khu rừng nguyên sinh, hầm ma thuật, đại dương bao la, xứ sở thần tiên, dome vũ trụ, neo art.
Tương tác thực tế với công nghệ 3D Mapping, Dome 360 độ và cảm biến đa điểm hiện đại.
Check-in cực “ảo” với không gian được thiết kế để tạo ra những khung hình nghệ thuật độc đáo.
Giá vé ưu đãi trọn gói cho người lớn khách Việt từ 1m4 trở lên, trải nghiệm toàn bộ 7 phòng.
Đặt vé nhanh trên LifeLink, nhận ngay e-Voucher tiện lợi, sẵn sàng vi vu cùng bạn bè!",200000.00,180000.00,"Thông báo nghỉ Tết: Từ 16/2 đến hết 19/2
Khách hàng áp dụng:
Áp dụng cho khách cao từ 1m4 trở lên
Số lượng e-Voucher áp dụng:
Áp dụng 1 voucher/khách/lượt
Khách hàng được mua nhiều e-Voucher/e-Coupon
Phạm vi sử dụng:
Thời gian áp dụng:
Thứ 2 - Thứ 6: 10h00 - 22h00
Thứ 7, Chủ nhật & Lễ Tết: 9h30 - 22h00
Số lần sử dụng dịch vụ: 1 lần
Thời gian 1 lần sử dụng dịch vụ: 60 phút
Thông tin liên hệ:
Hotline đặt tour & tư vấn (9h00 - 20h00): 1900 2065
Văn phòng HCM: 028.6680 8757
Điều kiện khác:
Áp dụng 01 e-Voucher/e-Coupon cho 01 khách
e-Voucher/e-Coupon không có giá trị quy đổi thành tiền mặt, không trả lại tiền thừa
Không áp dụng đồng thời với chương trình khuyến mại khác",100,2026-08-23 00:00:00+00,2026-11-21 00:00:00+00,Dang ban,Không quy đổi thành tiền mặt. Hỗ trợ hoàn tiền nếu hủy trước 24h.,//cdn.lifelink.vn/img/c280x280/ADD-X-Space-Immersive-5_15062026134420.jpg?sign=OeKSsbJ9i02fbfne53uSyA,0,40000000-0000-0000-0000-000000000003
cc850deb-b444-4cb0-9bc5-1fda87483fd1,Kid's Box LOTTE MART Vinh - Vé vào cổng khu vui chơi bao gồm Lễ Tết,"Thỏa sức khám phá không gian vui chơi sống động, an toàn tại Kid's Box LOTTE MART Vinh.
Lý tưởng cho gia đình có trẻ nhỏ, nhóm bạn, các em thiếu nhi thỏa đam mê vận động, sáng tạo.
Khu vui chơi thiết kế hiện đại, mang đến trải nghiệm giải trí đa dạng, phù hợp nhiều lứa tuổi.
Địa điểm check-in lý tưởng, giúp các bé lưu giữ những khoảnh khắc tuổi thơ hồn nhiên, rực rỡ.
Môi trường sạch sẽ, thân thiện, chuyên nghiệp với đội ngũ nhân viên hỗ trợ tận tình, chu đáo.
Giá vé ưu đãi đặc biệt chỉ khi đặt qua LifeLink, giúp bố mẹ tiết kiệm chi phí vui chơi cho con.
Đem lại cảm giác an tâm về an ninh, tuyệt đối an toàn để trẻ thỏa sức khám phá, vận động.
Đặt vé trực tuyến qua LifeLink nhanh chóng, linh hoạt – săn deal giá tốt cho ngày trải nghiệm tuyệt vời!",80000.00,64000.00,"Voucher áp dụng cho Vé vào cổng dành cho 1 bé và 1 người lớn tại Kid's Box LOTTE MART Vinh bao gồm Lễ Tết
Voucher không bao gồm vớ/tất.
Khu vui chơi quy định luôn sử dụng vớ/tất, Quý khách vui lòng chuẩn bị vớ/tất trước khi vào khu vui chơi hoặc mua vớ/tất tại quầy.
Nhằm đảm bảo vệ sinh, khu vui chơi yêu cầu luôn mang tất trong suốt thời gian vui chơi.
Lưu ý: Luôn giữ vòng tay cẩn thận để được ra vào nhiều lần trong ngày nhé
Khách hàng áp dụng: Trẻ em từ 1 tuổi đến dưới 12 tuổi, 01 vé áp dụng cho 01 trẻ + 01 người lớn
Ngày áp dụng: Tất cả các ngày trong tuần, bao gồm Lễ Tết
Giờ áp dụng: 09:00 - 21:00
Số lượng E-Voucher áp dụng: 01 voucher/ 01 bé kèm 01 phụ huynh
Phụ thu (nếu có) 1 bé kèm 1 phụ huynh nếu phát sinh thêm các phụ huynh khác thì phụ thu 50.000đ/Phụ huynh
Thông tin liên hệ đặt dịch vụ
Hotline hỗ trợ: 1900 2065
Địa chỉ: Lô 3F-11, TTTM Lotte Mart, Đại lộ V.I.Lenin, Khối Yên Sơn, Phường Vinh Phú, Tỉnh Nghệ An.
Điều kiện khác
E-Voucher/E-Coupon không có giá trị quy đổi thành tiền mặt, không trả lại tiền thừa.
Không áp dụng đồng thời với chương trình khuyến mại khác",100,2026-08-23 00:00:00+00,2026-11-21 00:00:00+00,Dang ban,Không quy đổi thành tiền mặt. Hỗ trợ hoàn tiền nếu hủy trước 24h.,//cdn.lifelink.vn/img/c280x280/ADD-Kidzooona-4_06072026172549.jpg?sign=Pw9eUnLolHcg4VF7QbsdkA,1,40000000-0000-0000-0000-000000000003
cdf1c46e-ad52-4be8-9bf1-f7f56c3caf1d,Evoucher Hộp quà trung thu Thanh Liên Thưởng Lãm I 2026 phiên bản hộp xếp 2 cánh cửa cao cấp - Combo 6 bánh,"Hộp quà gồm 6 bánh trung thu cao cấp với 2 lựa chọn combo phong phú.
Thiết kế hộp xếp 2 cánh cửa ép kim vàng 9999 sang trọng, kích thước 36 x 28 x 8 cm.
Lấy cảm hứng từ đầm sen và nghệ thuật sơn thủy, mang vẻ đẹp thanh lịch, tinh tế.
Khách hàng được lựa chọn Combo GVS 01 hoặc Combo GVS 02 theo nhu cầu.
Đi kèm túi giấy Ivory, thiệp Trung Thu và bộ dao nĩa cao cấp.
Phù hợp làm quà tặng đối tác, khách hàng, nhân viên và các chương trình tri ân doanh nghiệp.",839000.00,710000.00,"Khách hàng áp dụng: Tất cả khách hàng
Ngày áp dụng: Thứ 2 - Thứ 6
Giờ áp dụng: 9:00 - 17:00
Số lượng E-Voucher áp dụng: Sử dụng 01 voucher/01 hộp quà. Không giới hạn số lượng voucher/ hóa đơn.
Thông tin cách mua hàng HƯỚNG DẪN ĐỔI VOUCHER
Bước 1. Khách hàng nhận voucher liên hệ GIVISTA để đổi hộp quà Trung Thu 2026
Hotline/Zalo: 0969117926
Facebook:
Tại đây
Bước 2. Cung cấp mã voucher để đổi hộp quà
Bước 3. Khách hàng thanh toán phí vận chuyển trực tiếp cho đơn vị vận chuyển
Lưu ý: Không hỗ trợ khách hàng đổi quà trực tiếp tại cửa hàng
Điều kiện khác
Một khách hàng được mua nhiều E-Voucher/E-Coupon
E-Voucher/E-Coupon không có giá trị quy đổi thành tiền mặt, không trả lại tiền thừa.
Không áp dụng đồng thời với chương trình khuyến mại khác
Voucher chưa bao gồm phí vận chuyển Hộp quà tặng đến khách hàng.",100,2026-08-23 00:00:00+00,2026-11-21 00:00:00+00,Dang ban,Không quy đổi thành tiền mặt. Hỗ trợ hoàn tiền nếu hủy trước 24h.,//cdn.lifelink.vn/img/c280x280/ADD-Thanh-Lien-Thuong-Lam_11082026140441.jpg?sign=HBGZv2JnyAV5ZnrvqqnxiA,0,40000000-0000-0000-0000-000000000001
ce8f44d7-2193-4758-a045-eb6d96a9ef04,"Vé vào cổng KidZania Lotte Mall Tây Hồ dành cho Trẻ em cả ngày - Áp dụng Thứ 7, Chủ nhật, Lễ Tết","Vé KidZania Lotte Mall Tây Hồ dành cho trẻ em trải nghiệm vui chơi cả ngày vào Thứ 7 và Chủ nhật.
Bé được tham gia hơn 48 hoạt động nghề nghiệp trong không gian giáo trí hiện đại rộng 5.300m².
Mô hình học tập kết hợp vui chơi giúp phát triển kỹ năng sống, tư duy sáng tạo và làm việc nhóm.
Phù hợp cho trẻ từ 4 đến 15 tuổi với nhiều hoạt động nhập vai hấp dẫn.
Đặt vé nhanh chóng tại LifeLink với quy trình tiện lợi và hỗ trợ tận tình.
Lựa chọn hoàn hảo để cả gia đình tận hưởng cuối tuần ý nghĩa cùng các bé.",510000.00,490000.00,"Tổng thời gian gói dịch vụ: 1 lần
Thời gian 1 lần dịch vụ: Cả ngày.
Ngày áp dụng: Thứ 7 - Chủ nhật, Lễ Tết.
Giờ áp dụng: 09:00 - 20:00
Khách hàng áp dụng: Trẻ em từ 4 - 15 tuổi.
Số lượng E-Voucher áp dụng:
Một khách hàng được mua nhiều phiếu.
Sử dụng 01 vé/ 01 khách hàng/ 1 lần
Không giới hạn số E-voucher trên 1 hoá đơn
Lưu ý: Vui lòng không mang đồ ăn uống (trừ sữa công thức và thuốc kê đơn) từ bên ngoài vào để đảm bảo môi truong vui chơi an toàn và thoải mái cho trẻ.
Thông tin liên hệ đặt dịch vụ:
Địa chỉ: Khu trải nghiệm KidZania Hà Nội (Tầng 5, Trung tâm thương mại Lotte Mall Hà Nội, số 272 đường Võ Chí Công, phường Tây Hồ, thành phố Hà Nội
Hotline Kidzania: 1900 0114
Hotline Lifelink: 1900 2065
Điều kiện khác
E-Voucher/E-Coupon không có giá trị quy đổi thành tiền mặt, không trả lại tiền thừa.
Không áp dụng đồng thời với chương trình khuyến mại khác
Giá đã bao gồm VAT
Vé đã mua không hoàn hủy, đặt trước tối thiểu 1 ngày",120,2026-08-23 00:00:00+00,2026-11-21 00:00:00+00,Ngung ban,Không quy đổi thành tiền mặt. Hỗ trợ hoàn tiền nếu hủy trước 24h.,//cdn.lifelink.vn/img/c280x280/ADD-KidZania-Ha-Noi-1_21072026171236.jpg?sign=qlPW7PZXmEiPOq7-QPcVkA,0,40000000-0000-0000-0000-000000000003
cf5db8cb-ddb2-4199-8fd5-49e2c4004dee,Show thực cảnh Anh Hùng Cờ Lau - Hoa Lư Ninh Bình - Hạng CL350 Xanh đậm - Người lớn,"Đắm chìm vào show thực cảnh tái hiện hào hùng lịch sử Đinh Bộ Lĩnh và thời kỳ đầu của Đại Cồ Việt.
Không gian nghệ thuật sống động kết hợp võ thuật, xiếc, múa và âm nhạc truyền thống ấn tượng ngay giữa lòng Cố đô Ninh Bình.
Trải nghiệm nhập vai trong bối cảnh Bắc Bộ xưa, lý tưởng để check-in và ghi lại những khoảnh khắc đẹp khó quên.
Hoàn hảo cho gia đình, nhóm bạn hoặc khách yêu văn hóa, mong muốn cảm nhận tinh hoa lịch sử Việt Nam.
Nghệ thuật đa loại hình giúp khán giả mọi lứa tuổi hòa nhịp, lĩnh hội tinh thần tự hào dân tộc.
Show diễn đặc biệt về đêm, tạo nên sản phẩm du lịch hấp dẫn dành cho du khách khi đến Ninh Bình.
Tiết kiệm tối đa khi đặt vé qua LifeLink, xác nhận nhanh chóng, thuận tiện tận hưởng dịch vụ chất lượng.
Đừng bỏ lỡ – đặt vé trên LifeLink để khám phá Bản Hùng Ca Giữa Lòng Cố Đô và hòa mình vào dòng chảy lịch sử!",350000.00,210000.00,"Khách hàng áp dụng: NL (người lớn) từ 1.3m trở lên (thường từ 8 tuổi trở lên)
Ngày áp dụng:
Tháng 7: 9, 10, 11, 16, 17, 18, 23, 24, 25, 26, 30, 31
Tháng 8: 01, 6, 7, 8, 9, 13, 14, 15, 20, 21, 22, 23, 27, 28, 29, 30
Giờ áp dụng: 20h45 - 21h45
Lưu ý:
Khách hàng vui lòng liên hệ check thông tin trước khi thanh toán, đơn hàng được xử lý booking lấy vé QR code gửi cho khách hàng sau khi thanh toán, nếu không liên hệ lấy vé sẽ không sử dụng được dịch vụ.
Vé đã mua không hoàn hủy
Số lượng E-Voucher áp dụng: 01 E-Voucher/ 1 người
Khách hàng liên hệ đăng ký dịch vụ trước khi đến để được phục vụ tốt nhất
Điện thoại: 19002065
Địa chỉ: Thủy Đình, Phố Cổ Hoa Lư, Ninh Bình
Điều kiện khác
E-Voucher/E-Coupon không có giá trị quy đổi thành tiền mặt, không trả lại tiền thừa.
Không áp dụng đồng thời với chương trình khuyến mại khác",100,2026-08-23 00:00:00+00,2026-11-21 00:00:00+00,Dang ban,Không quy đổi thành tiền mặt. Hỗ trợ hoàn tiền nếu hủy trước 24h.,//cdn.lifelink.vn/img/c280x280/ADD-Anh-hung-co-lau-03_09072026140103.jpg?sign=uHDd324J3DvYGcjMnXdzpg,0,40000000-0000-0000-0000-000000000003
d067eb64-a699-480a-9807-6514d7562b6d,Voucher Buffet dành cho 4 người tại Spicy Box,"Voucher Buffet dành cho 4 người tại Spicy Box mang đến trải nghiệm buffet lẩu tokbokki chuẩn Hàn Quốc dành cho nhóm đông người.
Tự do lựa chọn nhiều loại nước sốt từ ngọt đến cay để tạo nên nồi lẩu theo khẩu vị riêng.
Thực đơn phong phú với tokbokki, thịt, rau, nấm, gà rán, kimbap, đồ chiên và nhiều món ăn hấp dẫn.
Không giới hạn thời gian dùng bữa, thoải mái trò chuyện và tận hưởng khoảnh khắc bên nhau.
Nhân viên tận tình hướng dẫn cách pha nước lẩu chuẩn vị Hàn Quốc.
LifeLink cung cấp voucher chính hãng, đặt mua nhanh chóng và sử dụng thuận tiện.",601000.00,585975.00,"Mỗi voucher chỉ được sử dụng 01 lần, có thể áp dụng được nhiều voucher cho 01 đơn hàng.
Không có giá trị quy đổi thành tiền mặt, không được hoàn trả tiền thừa.
Nếu giá trị đơn hàng của khách hàng vượt quá giá trị của voucher thì khách hàng phải thanh toán thêm khoản chênh lệch đó.
Buffet đã bao gồm nước ngọt.
Voucher chỉ áp dụng cho một số hàng hóa, dịch vụ nhất định.
Voucher đã bao gồm VAT, Spicy Box sẽ xuất hóa đơn khi khách hàng có yêu cầu.
Voucher không áp dụng đồng thời với các chương trình khuyến mãi khác tại cửa hàng.
Đối với trẻ em:
Dưới 1M: Miễn phí.
Từ 1M - 1M3: 79.000 VNĐ chưa VAT.
Trên 1M3 tính như phí người lớn.
Khách hàng có trách nhiệm bảo mật thông tin mã thẻ quà tặng sau khi đặt mua. LifeLink sẽ không chịu trách nhiệm hoàn trả các mã thẻ bị mất hoặc ở trạng thái ""Đã sử dụng"" với bất kỳ lý do gì.
LifeLink sẽ không chịu trách nhiệm đối với chất lượng sản phẩm hoặc dịch vụ được cung cấp cũng như đối với các tranh chấp về sau giữa khách hàng và nhà cung cấp.
LifeLink có quyền sửa chữa hoặc thay đổi điều khoản và điều kiện sử dụng mà không thông báo trước.
Hạn sử dụng: 90 ngày kể từ ngày mua/gửi quà thành công từ LifeLink
Hotline LifeLink: 1900 2065",100,2026-08-23 00:00:00+00,2026-11-21 00:00:00+00,Dang ban,Không quy đổi thành tiền mặt. Hỗ trợ hoàn tiền nếu hủy trước 24h.,//cdn.lifelink.vn/img/c280x280/Voucher-Buffet-danh-cho-5-nguoi_29072026093331.jpg?sign=sG2h0DAFZ5wTA98TLmTCPg,0,40000000-0000-0000-0000-000000000001
d14fda19-46a9-4569-afe3-e57ef01e263b,KidZania Lotte Mall Tây Hồ - Vé 4 tiếng dành cho Trẻ em từ thứ 2 đến Thứ 6,"Vé vào cổng KidZania Lotte Mall Tây Hồ dành riêng cho trẻ từ 3-15 tuổi.
Trải nghiệm 48 ngành nghề thực tế tại mô hình giáo-trí hàng đầu thế giới.
Cơ sở vật chất hiện đại, an toàn và sống động như thật.
Thời lượng trải nghiệm: 4 tiếng - đủ để khám phá hàng chục hoạt động hấp dẫn.
Mô phỏng không gian chuyên nghiệp: sân bay, ngân hàng, bệnh viện…
Cơ hội rèn luyện kỹ năng mềm, tư duy nghề nghiệp từ sớm.
Đặt mua voucher giảm giá dễ dàng, nhanh chóng tại LifeLink.",290000.00,290000.00,"Thời gian 01 lần dịch vụ: Chơi 4 tiếng
Phụ thu 160,000 VNĐ tại quầy để nâng lên vé chơi cả ngày
Tổng thời gian gói dịch vụ: 01 lần
Ngày áp dụng: Thứ 2 - Thứ 6 (không áp dụng cả lễ Tết)
Giờ áp dụng: 09h00 - 20h00
Khách hàng áp dụng:
Khách hàng từ 3 - 15 tuổi
Trẻ sơ sinh (Dưới 75cm): Vào cửa miễn phí, nhưng không thể tham gia các hoạt động trải nghiệm
Số lượng e-Voucher áp dụng:
Một khách hàng được mua nhiều voucher
Sử dụng 01 voucher/ 01 khách hàng / 01 lần
Không giới hạn số voucher trên 01 hoá đơn
Điểm áp dụng: Khu trải nghiệm KidZania Hà Nội - Tầng 5, Trung tâm thương mại Lotte Mall Hà Nội, số 272 đường Võ Chí Công, phường Tây Hồ, thành phố Hà Nội
Điều kiện khác:
e-Voucher/e-Coupon không có giá trị quy đổi thành tiền mặt, không trả lại tiền thừa
Không áp dụng đồng thời với chương trình khuyến mại khác
Giá chưa bao gồm VAT, Khách hàng muốn lấy hóa đơn vui lòng liên hệ NCC
Lưu ý sử dụng:
Mỗi giao dịch cần ít nhất 01 vé trẻ em và 01 vé tham quan
Mỗi 01 vé trẻ em đi kèm tối đa 03 vé tham quan
Trẻ sơ sinh (Dưới 75cm): Vào cửa miễn phí, nhưng không thể tham gia các hoạt động trải nghiệm nghề nghiệp.
Trẻ dưới 10 tuổi hoặc dưới 120cm cần người giám hộ (18 tuổi trở lên) có vé người lớn đi cùng.
Trẻ từ 10 tuổi (hoặc cao từ 120cm trở lên) có thể tự do trải nghiệm nhưng cần xác nhận từ người giám hộ tại cửa Airport và hoàn thành xác nhận trước khi rời khỏi KidZania).
Người lớn được phép tạm thời rời khỏi công viên khi có tối thiểu 1 người giám hộ ở lại cùng trẻ.
Trẻ em không thể xuất cảnh tạm thời.
Các khu ăn uống và KidZania Shop chấp nhận hình thức thanh toán tiền mặt, thẻ, chuyển khoản (không nhận thanh toán bằng kidZos).
Vui lòng không mang đồ ăn uống (trừ sữa công thức và thuốc kê đơn) từ bên ngoài vào để đảm bảo môi trường vui chơi an toàn và thoải mái cho trẻ.",100,2026-08-23 00:00:00+00,2026-11-21 00:00:00+00,Dang ban,Không quy đổi thành tiền mặt. Hỗ trợ hoàn tiền nếu hủy trước 24h.,//cdn.lifelink.vn/img/c280x280/KidZania-Ha-Noi-2_15062026110522.jpg?sign=Zv8tU4TbFXPRPHgBILxfsg,0,40000000-0000-0000-0000-000000000003
d16dba46-969c-4dc3-bf50-1302d971b69b,Show thực cảnh Anh Hùng Cờ Lau - Hoa Lư Ninh Bình - Hạng CL350 xanh đậm - Trẻ em,"Thưởng thức show thực cảnh đỉnh cao tái hiện hành trình của Hoàng đế Đinh Bộ Lĩnh.
Chiêm ngưỡng nghệ thuật kết hợp xiếc, múa, võ thuật và âm nhạc truyền thống đặc sắc, dẫn dắt cảm xúc mãnh liệt.
Không gian thực cảnh nhập vai, tái hiện sống động tinh hoa văn hóa Bắc Bộ xưa.
Trải nghiệm du lịch đêm mới lạ, hấp dẫn, phù hợp cho gia đình, nhóm bạn, du khách yêu văn hóa, lịch sử.
Lan tỏa niềm tự hào dân tộc qua câu chuyện lịch sử hào hùng thời Đại Cồ Việt.
Cơ hội chụp ảnh, check-in cùng khung cảnh cổ kính giữa cố đô Ninh Bình, lưu giữ khoảnh khắc khó quên.
Đặt vé trực tiếp trên LifeLink, nhanh gọn, đảm bảo quyền lợi và giá ưu đãi hấp dẫn.
Khám phá sản phẩm nghệ thuật tiêu biểu, trở thành điểm nhấn trong hành trình trải nghiệm văn hóa - lịch sử miền Bắc.",175000.00,105000.00,"Khách hàng áp dụng: TE (trẻ em)
1m - 1.3m (thường từ 4-8 tuổi)
Dưới 1m miễn phí vé khi ngồi cùng bố mẹ.
Ngày áp dụng:
Tháng 7: 9, 10, 11, 16, 17, 18, 23, 24, 25, 26, 30, 31
Tháng 8: 01, 6, 7, 8, 9, 13, 14, 15, 20, 21, 22, 23, 27, 28, 29, 30
Giờ áp dụng: 20h45 - 21h45
Lưu ý:
Khách hàng vui lòng liên hệ check thông tin trước khi thanh toán, đơn hàng được xử lý booking lấy vé QR code gửi cho khách hàng sau khi thanh toán, nếu không liên hệ lấy vé sẽ không sử dụng được dịch vụ.
Vé đã mua không hoàn hủy
Số lượng E-Voucher áp dụng: 01 E-Voucher/ 1 người
Khách hàng liên hệ đăng ký dịch vụ trước khi đến để được phục vụ tốt nhất
Điện thoại: 19002065
Địa chỉ: Thủy Đình, Phố Cổ Hoa Lư, Ninh Bình
Điều kiện khác
E-Voucher/E-Coupon không có giá trị quy đổi thành tiền mặt, không trả lại tiền thừa.
Không áp dụng đồng thời với chương trình khuyến mại khác",100,2026-08-23 00:00:00+00,2026-11-21 00:00:00+00,Dang ban,Không quy đổi thành tiền mặt. Hỗ trợ hoàn tiền nếu hủy trước 24h.,//cdn.lifelink.vn/img/c280x280/ADD-Anh-hung-co-lau-04_09072026141424.jpg?sign=G0cZR9Eth4yr6Coc3jw8bQ,0,40000000-0000-0000-0000-000000000003
d21a9ef9-952f-4c20-ad0e-0cd5351682c4,Novotel Saigon Centre - International Buffet trưa hải sản thượng hạng,"Buffet quốc tế với quầy hải sản tươi sống và đa dạng: hàu, vẹm, tôm sú, bạch tuộc, sò điệp, ốc, sashimi cá hồi, sashimi cá ngừ,...
Đa dạng các món ốc được chế biến theo nhiều phong cách kết hợp sốt thượng hạng.
Quầy salad sáng tạo, nguyên liệu tươi sạch, cân bằng dinh dưỡng.
Quầy khai vị phong phú, quầy carving hấp dẫn, đảo món nóng đa dạng.
Món nóng phong phú, đa dạng khẩu vị từ Á sang Âu.
Tráng miệng với bánh Âu, chè Việt, kem, trái cây tươi.
Không gian sang trọng, khu vực bếp mở cho trải nghiệm trực tiếp.
Thực đơn được thiết kế bởi đầu bếp chuyên nghiệp, bày trí bắt mắt.",870000.00,652500.00,"Voucher áp dụng cho 1 vé International Buffet trưa hải sản thượng hạng tại Novotel Saigon Centre
Đã bao gồm nước uống (nước ngọt, nước ép, nước suối, trà & cà phê không giới hạn).
Áp dụng cho dùng tại chỗ.
Ngày áp dụng: Tất cả các ngày trong tuần T2-CN. Không áp dụng các ngày lễ Tết theo quy định của nhà hàng. Vui lòng liên hệ nhà hàng để biết rõ thêm thông tin chi tiết.
Giờ áp dụng: 11h30 - 14h00.
Dịch vụ không áp dụng: Không áp dụng mua mang về.
Đã bao gồm phí phục vụ và thuế GTGT. Nhà hàng chịu trách nhiệm xuất hóa đơn khi khách hàng yêu cầu (trên giá bán voucher & phát sinh nếu có).
Số lượng E-Voucher áp dụng: Sử dụng 01 voucher/ 01 người lớn (Không bù thêm tiền).
Chính sách trẻ em:
Dưới 6 tuổi: Miễn phí.
Từ 6 - 11 tuổi: 435.000 VNĐ/ trẻ (Đã bao gồm VAT).
Từ 12 tuổi trở lên: Tính 01 voucher như người lớn.
Khách hàng vui lòng đặt chỗ trước khi đến. Trường hợp không đặt chỗ trước, nhà hàng xin phép được cáo lỗi nếu không còn chỗ trống.
Điện thoại: 077 863 8167 hoặc 028 3520 4884.
Địa chỉ: Novotel Saigon Centre: 167 Hai Bà Trưng, Phường Xuân Hòa, TP. Hồ Chí Minh
Một khách hàng được mua nhiều E-Voucher/E-Coupon
E-Voucher/E-Coupon không có giá trị quy đổi thành tiền mặt, không trả lại tiền thừa.
Không áp dụng đồng thời cùng lúc với các chương trình khuyến mại khác tại nhà hàng.",100,2026-08-23 00:00:00+00,2026-11-21 00:00:00+00,Dang ban,Không quy đổi thành tiền mặt. Hỗ trợ hoàn tiền nếu hủy trước 24h.,//cdn.lifelink.vn/img/c280x280/ADD-Buffet-trua-NOVOTEL-SAIGON-CENTRE_07072026154040.jpg?sign=wG617OtAdu6MOkhuy4AeyQ,0,40000000-0000-0000-0000-000000000001
d27959cb-1ef8-4767-bc56-84b751f00837,Evoucher hộp quà Trung Thu Đoàn Viên I 2026 phiên bản nam châm cao cấp - Combo 4 bánh và trà,"Hộp quà gồm 4 bánh trung thu cao cấp kết hợp trà lài thượng hạng thanh tao.
Thiết kế hộp nam châm ép kim vàng 9999 sang trọng, tinh tế và bền đẹp.
Gam xanh dương hoàng gia nổi bật, tái hiện không gian đêm hội trăng rằm truyền thống.
Thích hợp làm quà tặng đối tác, khách hàng, nhân viên và người thân dịp Trung Thu.
Bao gồm đầy đủ túi giấy Ivory, thiệp Trung Thu và bộ dao nĩa tiện lợi.
Evoucher dễ dàng đặt mua và gửi tặng nhanh chóng trên LifeLink.",569000.00,480000.00,"Khách hàng áp dụng: Tất cả khách hàng
Ngày áp dụng: Thứ 2 - Thứ 6
Giờ áp dụng: 9:00 - 17:00
Số lượng E-Voucher áp dụng: Sử dụng 01 voucher/01 hộp quà. Không giới hạn số lượng voucher/ hóa đơn.
Thông tin cách mua hàng HƯỚNG DẪN ĐỔI VOUCHER
Bước 1. Khách hàng nhận voucher liên hệ GIVISTA để đổi hộp quà Trung Thu 2026
Hotline/Zalo: 0969117926
Facebook:
Tại đây
Bước 2. Cung cấp mã voucher để đổi hộp quà
Bước 3. Khách hàng thanh toán phí vận chuyển trực tiếp cho đơn vị vận chuyển
Lưu ý: Không hỗ trợ khách hàng đổi quà trực tiếp tại cửa hàng
Điều kiện khác
Một khách hàng được mua nhiều E-Voucher/E-Coupon
E-Voucher/E-Coupon không có giá trị quy đổi thành tiền mặt, không trả lại tiền thừa.
Không áp dụng đồng thời với chương trình khuyến mại khác
Voucher chưa bao gồm phí vận chuyển Hộp quà tặng đến khách hàng.",100,2026-08-23 00:00:00+00,2026-11-21 00:00:00+00,Dang ban,Không quy đổi thành tiền mặt. Hỗ trợ hoàn tiền nếu hủy trước 24h.,//cdn.lifelink.vn/img/c280x280/ADD-Trung-Thu-Doan-Vien-I_11082026111000.jpg?sign=E1EUnKUDC3VW6T8CldlXnQ,0,40000000-0000-0000-0000-000000000001
d3c01bf1-90ae-4cd3-8a3a-52d4c61809f9,Tour City Sightseeing Ngắm cảnh Đêm 1 vòng Huế vé người lớn bao gồm Lễ Tết,"Khám phá các điểm tham quan nổi tiếng của thành phố Huế trong tour xe buýt hai tầng như bến thuyền Toà Khâm, chợ Đông Ba, Phu Văn Lâu, Quốc Học Huế...
Dịch vụ xe buýt vô cùng tiện lợi khi bạn có thể tùy chọn điểm xuống.
Miễn phí sách hướng dẫn với bản đồ, lịch trình và các điểm tham quan phổ biến.",130000.00,122000.00,"Khách hàng áp dụng
: Người lớn từ 12 tuổi trở lên
Thời gian hoạt động
:
Trong tuần: từ thứ 2 đến thứ 5:
Thời gian: 17h20, 18h20, 19h10, 20h10
Thời gian 1 lộ trình: 45 - 55 phút/ lộ trình
Cuối tuần: Thứ 6 - Chủ Nhật:
Thời gian: 17h20, 18h00, 18h40, 19h20, 20h00, 20h40
Thời gian 1 lộ trình: 45 - 55 phút/ lộ trình
Lộ trình khởi hành
1. Địa điểm khởi hành: Bến Thuyền Tòa Khâm
2. Chợ Đông Ba
3. Đại Nội – Phu Văn Lâu
4. Cầu Nguyễn Hoàng
5. Cầu Dã Viên
6. Ga Huế
7. Trường THPT Quốc Học Huế
8. Công viên Lý Tự Trọng
9. Nhà Văn Hóa Trung Tâm
10. Bưu Điện Tỉnh
11. Bến Thuyền Tòa Khâm
Phương tiện di chuyển
: Loại xe đang vận hành tại Huế
Xe Thoáng Nóc: (2 xe)
Tầng 1: 12 ghế + 2 chỗ đứng và xe lăn
Tầng 2: 42 ghế
Địa điểm đón khách
: Quầy kiosk màu đỏ với logo City Sightseeing: 49 Lê Lợi – Bến Thuyền Tòa Khâm
Dịch vụ không bao gồm
Phí vào cửa
Thức ăn và đồ uống khác
Đón và trả khách sạn
Tiền tips (không bắt buộc)
Ngôn ngữ thuyết minh qua audio Tour đêm sẽ ngắm cảnh và không sử dụng tai nghe nghe thuyết minh auto guide.
Dịch vụ tiện ích bao gồm
Trên xe có nhân viên hỗ trợ và giải đáp thông tin cho khách
Lưu ý
:
Vé chỉ có giá trị sử dụng để đi 1 vòng, tính từ địa điểm khách lên đầu tiên & trả về đúng địa điểm đó. Vé không có giá trị lên xuống tại điểm, khi khách xuống vé sẽ hết hiệu lực.
Trẻ em từ 6- 11 tuổi sẽ tính vé theo bảng giá vé.
Trẻ em dưới 6 tuổi sẽ miễn phí, ngồi trên lòng người lớn. 1 người lớn sẽ kèm theo 1 bé dưới 6 tuổi.
Khách hàng phải làm thủ tục check in hoặc đổi vé điện tử/voucher tại bến xe trước khi sử dụng vé.
Thông tin đặt tour
Hotline đặt tour & tư vấn: 19002065
Điều kiện hoãn/huỷ tour: Voucher không hoàn hủy
Điều kiện khác
Áp dụng 01 E-Voucher/E-Coupon cho 01 khách
Một khách hàng được mua nhiều E-Voucher/E-Coupon
E-Voucher/E-Coupon không có giá trị quy đổi thành tiền mặt, không trả lại tiền thừa.
Không áp dụng đồng thời với chương trình khuyến mại khác",100,2026-08-23 00:00:00+00,2026-11-21 00:00:00+00,Dang ban,Không quy đổi thành tiền mặt. Hỗ trợ hoàn tiền nếu hủy trước 24h.,//cdn.lifelink.vn/img/c280x280/ADD-City-Sightseeing-15_15062026113019.jpg?sign=w8bqVIRxdlGwlUM-mfFunw,0,40000000-0000-0000-0000-000000000003
d3f4ef98-bb84-42a9-b856-382607aaf698,Evoucher Hộp quà trung thu Lam Tước Vọng Nguyệt 2026 hộp 2 tầng cao cấp 2 cánh ép kim vàng - Combo 4 bánh và trà,"Hộp quà Trung Thu Lam Tước Vọng Nguyệt 2026 thiết kế 2 tầng cao cấp, 2 cánh ép kim vàng 9999, tạo ấn tượng sang trọng ngay từ ánh nhìn đầu tiên.
Khách hàng được lựa chọn 1 trong 2 combo bánh, đáp ứng đa dạng sở thích thưởng thức và nhu cầu biếu tặng.
Combo GVS 01 kết hợp các vị bánh truyền thống và hiện đại như thập cẩm, gà quay Jambon, lưu sa hoàng kim và lưu sa socola.
Combo GVS 02 mang đến những hương vị đặc sắc như tôm hùm sốt Hong Kong, bào ngư & sò điệp sốt XO, cốm dừa và đậu xanh hạt chia.
Hộp quà đi kèm trà lài thượng hạng, thiệp Trung Thu, túi giấy Ivory sang trọng và bộ dao nĩa tiện dụng.
Kích thước hộp 35 x 15 x 20 cm, phù hợp làm quà tặng doanh nghiệp, đối tác, khách hàng, gia đình và người thân.
Evoucher Hộp quà trung thu Lam Tước Vọng Nguyệt 2026 hộp 2 tầng cao cấp 2 cánh ép kim vàng - Combo 4 bánh và trà là lựa chọn lý tưởng để trao gửi lời chúc đoàn viên theo cách tinh tế và đẳng cấp.",1299000.00,1100000.00,"Khách hàng áp dụng: Tất cả khách hàng
Ngày áp dụng: Thứ 2 - Thứ 6
Giờ áp dụng: 9:00 - 17:00
Số lượng E-Voucher áp dụng: Sử dụng 01 voucher/01 hộp quà. Không giới hạn số lượng voucher/ hóa đơn.
Thông tin cách mua hàng HƯỚNG DẪN ĐỔI VOUCHER
Bước 1. Khách hàng nhận voucher liên hệ GIVISTA để đổi hộp quà Trung Thu 2026
Hotline/Zalo: 0969117926
Facebook:
Tại đây
Bước 2. Cung cấp mã voucher để đổi hộp quà
Bước 3. Khách hàng thanh toán phí vận chuyển trực tiếp cho đơn vị vận chuyển
Lưu ý: Không hỗ trợ khách hàng đổi quà trực tiếp tại cửa hàng
Điều kiện khác
Một khách hàng được mua nhiều E-Voucher/E-Coupon
E-Voucher/E-Coupon không có giá trị quy đổi thành tiền mặt, không trả lại tiền thừa.
Không áp dụng đồng thời với chương trình khuyến mại khác
Voucher chưa bao gồm phí vận chuyển Hộp quà tặng đến khách hàng.",100,2026-08-23 00:00:00+00,2026-11-21 00:00:00+00,Dang ban,Không quy đổi thành tiền mặt. Hỗ trợ hoàn tiền nếu hủy trước 24h.,//cdn.lifelink.vn/img/c280x280/ADD-Lam-Tuoc-Vong-Nguyet_12082026090237.jpg?sign=yBoGV1DmzeFn9WbaoC6jdA,0,40000000-0000-0000-0000-000000000001
d424a502-1352-4f6e-a402-d83495217b52,HLC Starry Sky Art Museum - Vé tham quan dành cho người lớn,"Khám phá không gian nghệ thuật ánh sáng đương đại với hiệu ứng thị giác ấn tượng và gương phản chiếu mê hoặc.
Lý tưởng cho mọi đối tượng: nhóm bạn, cặp đôi, gia đình có trẻ nhỏ yêu thích check-in và sáng tạo nội dung.
Khoảng 8 không gian chủ đề khác nhau: từ bầu trời sao, hành lang vũ trụ tới phòng hoa hướng dương ánh sáng huyền ảo.
Thời gian tham quan linh hoạt, không giới hạn trong khung giờ hoạt động từ Thứ 2 đến Chủ Nhật.
Được công nhận là điểm “check-in” hot trên nền tảng TikTok, Instagram nhờ thiết kế không gian độc đáo, hiện đại.
Trải nghiệm chuyên nghiệp ngay trung tâm Hà Nội – Royal City, dễ dàng di chuyển và tổ chức lịch tham quan.
Đặt vé nhanh chóng trên LifeLink để nhận ưu đãi độc quyền từ đối tác uy tín, hỗ trợ khách hàng tận tình.",190000.00,180000.00,"Thông báo:
Không áp dụng từ ngày 16/02 đến hết ngày 19/02
Khách hàng áp dụng: Dành cho người lớn
Số lượng e-Voucher áp dụng:
01 voucher/ 01 khách/ 01 vé vào cổng 01 lần (không bù tiền)
Mỗi khách hàng được mua nhiều e-Voucher/e-Coupon
Phạm vi sử dụng:
Ngày áp dụng: Tất cả các ngày trong tuần bao gồm Lễ
Giờ áp dụng:
Thứ 2 – Thứ 6: 10:00AM – 22:00PM
Thứ 7 & Chủ nhật: 09:30AM – 22:00PM
Số lần sử dụng dịch vụ: 01 lần
Quy định khi tham quan:
Khách hàng không được mang nước, đồ ăn, thức uống và không hút thuốc trong khu vực tham quan.
Chính sách vé:
Trẻ em dưới 80cm miễn phí
Dưới 1m2 tính vé trẻ em
Trên 1m2 tính vé người lớn
Khách hàng vui lòng liên hệ đăng ký dịch vụ trước khi đến để được phục vụ tốt nhất.
Điện thoại liên hệ: 024 6666 3306
Điều kiện khác:
e-Voucher/e-Coupon không có giá trị quy đổi thành tiền mặt, không trả lại tiền thừa
Không áp dụng đồng thời cùng lúc với các chương trình khuyến mại khác
Voucher không áp dụng hoàn, hủy",100,2026-08-23 00:00:00+00,2026-11-21 00:00:00+00,Dang ban,Không quy đổi thành tiền mặt. Hỗ trợ hoàn tiền nếu hủy trước 24h.,//cdn.lifelink.vn/img/c280x280/1_11052026140009.jpg?sign=6sHt8SJd2MQTnDZK_mSY2g,0,40000000-0000-0000-0000-000000000003
d5db8b4b-f07f-4ef3-833b-a6500433cc26,Du thuyền nhà hàng Benthanh Princess - Du ngoạn và ăn tối trên sông Sài Gòn - Thực đơn 3 món đặc biệt,"Thưởng thức bữa tối với thực đơn 3 món đặc biệt trên du thuyền sang trọng Benthanh Princess.
Không gian ba tầng đẳng cấp, sức chứa đến 350 khách, cùng 18 phòng VIP riêng tư hiện đại.
Tận hưởng tầm nhìn 360 độ toàn cảnh Sài Gòn từ tầng thượng 700m2 rộng rãi, lý tưởng cho mọi sự kiện.
Voucher áp dụng cho 1 vé, phù hợp cho cặp đôi, nhóm bạn, gia đình và khách hàng doanh nghiệp cao cấp.
Trải nghiệm ẩm thực tinh tế pha trộn nghệ thuật kiến trúc nhiệt đới hiện đại và thanh lịch bậc nhất.
Khám phá không gian sông Sài Gòn năng động, cảm nhận nhịp sống về đêm độc đáo của thành phố.
Đặt voucher dễ dàng trên LifeLink, nhận E-voucher xác nhận nhanh chóng, tiện lợi và an toàn.
Cơ hội ưu đãi hấp dẫn, số lượng voucher có hạn - đặt ngay để giữ chỗ trải nghiệm ấn tượng bên sông.",1200000.00,1050000.00,"Voucher áp dụng cho 1 vé Du ngoạn và ăn tối trên sông Sài Gòn - Tàu nhà hàng Benthanh Princess - Thực đơn 3 món đặc biệt (3 course menu)
Dịch vụ bao gồm:
Miễn phí nước lọc, trà và cà phê suốt tiệc.
Tặng kèm gói trang trí cơ bản đối với tiệc sinh nhật và kỷ niệm.
Chương trình giải trí theo ngày: Band nhạc Philippines biểu diễn từ 15-30 phút tại mỗi sảnh ăn tối, ảo thuật,…
Thuế VAT và Phí phục vụ.
Phí gửi xe ô tô bên trong Cảng (Quý khách vui lòng thông báo thông tin đặt chỗ với nhân viên lễ tân tại Cổng Cảng để được hỗ trợ).
Không áp dụng cho các ngày: 30/04, 01/05, 02/09, 24/12 và 31/12 và một số ngày tàu có tổ chức hoạt động theo chủ đề (Lễ hội sông nước,…)
Địa chỉ đón khách:
Cảng Hành khách Tàu biển - Cảng Sài Gòn, số 5 Nguyễn Tất Thành, phường 13, quận 4, TP. Hồ Chí Minh (Địa chỉ trước khi sáp nhập)
Cảng Hành khách Tàu biển - Cảng Sài Gòn, số 5 Nguyễn Tất Thành, phường Xóm Chiếu , TP. Hồ Chí Minh (Địa chỉ sau khi sáp nhập)
Giờ hoạt động mỗi ngày:
Giờ đón khách: 18h00 đến 19h15
Giờ Tàu xuất bến: 19h30
Giờ Tàu cập bến: 21h30
Lưu ý: Không hoàn trả hoặc dời ngày trong trường hợp khách đến trễ so với giờ xuất bến.
Menu áp dụng:
Thực đơn 3 món Âu
Chính sách chọn menu
Đối với đoàn Người lớn dưới từ 1 đến 10 khách: Có thể chọn 1 thực đơn giống nhau cho toàn bộ khách. Trường hợp khách có nhu cầu chọn nhiều thực đơn khác nhau/bàn thì số lượng thực đơn khác nhau có thể chọn là 4 thực đơn khác nhau (đối với thực đơn mặn) và 2 thực đơn khác nhau (đối với thực đơn chay).
Đối với đoàn Người lớn từ 11 khách: Có thể chọn 1 thực đơn giống nhau cho toàn bộ khách. Trường hợp khách có nhu cầu chọn nhiều thực đơn khác nhau/bàn thì số lượng thực đơn khác nhau có thể chọn là 3 thực đơn khác nhau (đối với thực đơn mặn) và 2 thực đơn khác nhau (đối với thực đơn chay).
Trẻ em: Có thể chọn 1 thực đơn giống nhau cho toàn bộ trẻ em. Trường hợp khách có nhu cầu chọn nhiều thực đơn khác nhau/bàn thì có thể chọn 2 thực đơn trẻ em khác nhau.
Dịch vụ không bao gồm: Đồ uống khác (ngoại trừ nước lọc, trà và cà phê) và các chi phí cá nhân khác.
Chính sách trẻ em:
Trẻ em dưới 6 tuổi: Ăn chung với bố mẹ và tặng kèm 1 phần soup cho bé. Mỗi người lớn được kèm tối đa 1 bé, bé phát sinh phụ thu 100,000VND/bé.
Trẻ em từ đủ 6 tuổi đến 11 tuổi: Chọn thực đơn Donald Kid hoặc Pluto Kid.
Trẻ em trên 11 tuổi: Chọn thực đơn theo chính sách giá người lớn (Thực đơn 3 món, 4 món và 5 món). Trường hợp trẻ em trên 11 tuổi và người lớn chọn thực đơn trẻ em (Donald hoặc Pluto) sẽ phụ thu 200,000VND/khách.
Điều kiện đặt & nhận dịch vụ
Đặt ít nhất 3 ngày trước ngày sử dụng dịch vụ
Vui lòng đặt từ 02 khách trở lên
Để đảm bảo quyền lợi vui lòng liên hệ với chúng tôi để kiểm tra về tình trạng chổ trống trên tàu, các khoản phụ thu ngày lễ tết/ cuối tuần và các khoản phụ thu khác trước khi mua voucher và thanh toán. Mọi trường hợp khách hàng đã thanh toán nhưng chưa liên hệ với LifeLink, chúng tôi hoàn toàn không chịu trách nhiệm.
Hotline đặt vé & tư vấn (9h-20h): 1900 2065
Điều kiện hoãn/huỷ: Không hoãn, hủy hay thay đổi trước 2 ngày đặt vé.
Điều kiện khác
Áp dụng 01 E-Voucher/E-Coupon cho 01 khách/ phục vụ tối thiểu từ 2 khách trở lên
Một khách hàng được mua nhiều E-Voucher/E-Coupon
E-Voucher/E-Coupon không có giá trị quy đổi thành tiền mặt, không trả lại tiền thừa.
Không áp dụng đồng thời với chương trình khuyến mại khác",100,2026-08-23 00:00:00+00,2026-11-21 00:00:00+00,Dang ban,Không quy đổi thành tiền mặt. Hỗ trợ hoàn tiền nếu hủy trước 24h.,//cdn.lifelink.vn/img/c280x280/ADD-Benthanh-Princess-3_10062026163746.jpg?sign=4rYQYT8t3T0HidSLVifNfA,0,40000000-0000-0000-0000-000000000001
d630714b-591e-4a51-a6fe-770fba50ea0b,Evoucher Hộp quà trung thu Lam Tước Vọng Nguyệt 2026 hộp 2 tầng cao cấp 2 cánh ép kim vàng - Combo 4 bánh và trà,"Hộp quà Trung Thu Lam Tước Vọng Nguyệt 2026 thiết kế 2 tầng cao cấp, 2 cánh ép kim vàng 9999, tạo ấn tượng sang trọng ngay từ ánh nhìn đầu tiên.
Khách hàng được lựa chọn 1 trong 2 combo bánh, đáp ứng đa dạng sở thích thưởng thức và nhu cầu biếu tặng.
Combo GVS 01 kết hợp các vị bánh truyền thống và hiện đại như thập cẩm, gà quay Jambon, lưu sa hoàng kim và lưu sa socola.
Combo GVS 02 mang đến những hương vị đặc sắc như tôm hùm sốt Hong Kong, bào ngư & sò điệp sốt XO, cốm dừa và đậu xanh hạt chia.
Hộp quà đi kèm trà lài thượng hạng, thiệp Trung Thu, túi giấy Ivory sang trọng và bộ dao nĩa tiện dụng.
Kích thước hộp 35 x 15 x 20 cm, phù hợp làm quà tặng doanh nghiệp, đối tác, khách hàng, gia đình và người thân.
Evoucher Hộp quà trung thu Lam Tước Vọng Nguyệt 2026 hộp 2 tầng cao cấp 2 cánh ép kim vàng - Combo 4 bánh và trà là lựa chọn lý tưởng để trao gửi lời chúc đoàn viên theo cách tinh tế và đẳng cấp.",1299000.00,1100000.00,"Khách hàng áp dụng: Tất cả khách hàng
Ngày áp dụng: Thứ 2 - Thứ 6
Giờ áp dụng: 9:00 - 17:00
Số lượng E-Voucher áp dụng: Sử dụng 01 voucher/01 hộp quà. Không giới hạn số lượng voucher/ hóa đơn.
Thông tin cách mua hàng HƯỚNG DẪN ĐỔI VOUCHER
Bước 1. Khách hàng nhận voucher liên hệ GIVISTA để đổi hộp quà Trung Thu 2026
Hotline/Zalo: 0969117926
Facebook:
Tại đây
Bước 2. Cung cấp mã voucher để đổi hộp quà
Bước 3. Khách hàng thanh toán phí vận chuyển trực tiếp cho đơn vị vận chuyển
Lưu ý: Không hỗ trợ khách hàng đổi quà trực tiếp tại cửa hàng
Điều kiện khác
Một khách hàng được mua nhiều E-Voucher/E-Coupon
E-Voucher/E-Coupon không có giá trị quy đổi thành tiền mặt, không trả lại tiền thừa.
Không áp dụng đồng thời với chương trình khuyến mại khác
Voucher chưa bao gồm phí vận chuyển Hộp quà tặng đến khách hàng.",100,2026-08-23 00:00:00+00,2026-11-21 00:00:00+00,Dang ban,Không quy đổi thành tiền mặt. Hỗ trợ hoàn tiền nếu hủy trước 24h.,//cdn.lifelink.vn/img/c280x280/ADD-Lam-Tuoc-Vong-Nguyet_12082026090237.jpg?sign=yBoGV1DmzeFn9WbaoC6jdA,1,40000000-0000-0000-0000-000000000001
d6f8a071-f116-42cb-8abe-92ace8abfd95,Flyover Starry Sky Art Museum - Vé tham quan dành cho trẻ em,"Khám phá thế giới ánh sáng đa chiều, không gian ảo diệu đầy cảm hứng nghệ thuật hiện đại.
Phù hợp cho trẻ em vui chơi, gia đình thư giãn, cặp đôi check-in hay nhóm bạn ghi lại khoảnh khắc đáng nhớ.
Bảo tàng sở hữu các khu chủ đề như JJinghua Palace, Breathing Forest, Starry Sky Pavilion với hiệu ứng riêng biệt.
Không giới hạn thời gian tham quan, tự do khám phá mọi không gian trải nghiệm độc đáo.
Vị trí thuận tiện ngay tầng 4 tòa nhà Bitexco Financial Tower trung tâm Quận 1.
Đặt vé dễ dàng qua LifeLink, nhận e-Voucher liền tay, tiện lợi, nhanh chóng, không lo hết chỗ.",180000.00,175000.00,"Khách hàng áp dụng: Dành cho trẻ em
Số lượng e-Voucher áp dụng:
01 voucher/ 01 khách/ 01 vé vào cổng 01 lần (không bù tiền)
Mỗi khách hàng được mua nhiều e-Voucher/e-Coupon
Phạm vi sử dụng:
Ngày áp dụng: Tất cả các ngày trong tuần bao gồm Lễ
Giờ áp dụng: 09h30 - 21h30
Số lần sử dụng dịch vụ: 01 lần
Quy định khi tham quan:
Khách hàng không được mang nước, đồ ăn, thức uống và không hút thuốc trong khu vực tham quan.
Chính sách vé:
Trẻ em dưới 80cm miễn phí
Dưới 1m2 tính vé trẻ em
Trên 1m2 tính vé người lớn
Khách hàng vui lòng liên hệ đăng ký dịch vụ trước khi đến để được phục vụ tốt nhất.
Điện thoại liên hệ: 028 6686 9665
Điều kiện khác:
e-Voucher/e-Coupon không có giá trị quy đổi thành tiền mặt, không trả lại tiền thừa
Không áp dụng đồng thời cùng lúc với các chương trình khuyến mại khác
Voucher không áp dụng hoàn, hủy",100,2026-08-23 00:00:00+00,2026-11-21 00:00:00+00,Dang ban,Không quy đổi thành tiền mặt. Hỗ trợ hoàn tiền nếu hủy trước 24h.,//cdn.lifelink.vn/img/c280x280/2_08052026160128.jpg?sign=DfU8CQOE_ioKXtw4O7XDYw,0,40000000-0000-0000-0000-000000000003
d7dee7ae-db95-4ef4-b80e-e708d54dddc0,Sen Hàng Tre và Trần Hưng Đạo - Gói trị liệu cơ bản 105 phút phòng tiêu chuẩn,"Voucher áp dụng cho dịch vụ ""Gói trị liệu cơ bản 105 phút phòng tiêu chuẩn tại Sen Hàng Tre & Sen Trần Hưng Đạo""
để tận hưởng sự chăm sóc tận tâm, nơi mà mọi giác quan của bạn được phục hồi và làm mới.
Khu xông hơi được trang bị 5 liệu pháp tắm - xông tiêu chuẩn, bao gồm xông hơi đá muối, xông hơi thảo dược, tắm lá Dao đỏ, ngâm bồn sục jacuzzi, và ngâm bể lạnh với nhiệt độ 18 độ C.
Không gian spa thiết kế ấm cúng và sang trọng theo phong cách Indochine kết hợp với tân cổ điển, tạo nên một môi trường độc đáo và ấn tượng.
Đội ngũ kỹ thuật viên dày dạn kinh nghiệm, được đào tạo bài bản và kiểm tra nghiêm ngặt theo chuẩn y học cổ truyền.
Cơ sở vật chất hiện đại và đa dạng, với nhiều loại phòng chuyên biệt như phòng đơn, phòng đôi, phòng ba, phòng tập thể và phòng VIP Deluxe, mang đến sự thoải mái tối đa cho khách hàng.
Spa áp dụng phương pháp chăm sóc sức khỏe và trị liệu theo y học cổ truyền Việt Nam, kết hợp với các sản phẩm từ thiên nhiên để đảm bảo hiệu quả tối ưu.",486000.00,416000.00,"Thời gian 01 lần dịch vụ: 105 phút
Ngày áp dụng: Thứ 2 - Chủ nhật. Không áp dụng cho các ngày Lễ, tết
Giờ áp dụng: 09h30 - 22h30
Khách hàng áp dụng: Nữ/ Nam
Số lượng E-Voucher áp dụng:
Sử dụng 1 phiếu/ 1 người/ 1 lần dịch vụ (Không bù tiền)
Tiền TIP tối thiểu từ 100.000 VND/1 người
Khách hàng vui lòng liên hệ trước khi qua spa:
72B phố Trần Hưng Đạo, phường Trần Hưng Đạo, Quận Hoàn Kiếm, Thành phố Hà Nội - 0243 637 3999 Hoặc 077 276 0863 Hoặc 077 276 0863
Số 20 Hàng Tre, Quận Hoàn Kiếm, Thành phố Hà Nội - 024 3987 9797 Hoặc 085 787 9797
E-Voucher/E-Coupon không có giá trị quy đổi thành tiền mặt, không trả lại tiền thừa
Không áp dụng đồng thời với chương trình khuyến mại khác
Giá đã bao gồm VAT.",100,2026-08-23 00:00:00+00,2026-11-21 00:00:00+00,Dang ban,Không quy đổi thành tiền mặt. Hỗ trợ hoàn tiền nếu hủy trước 24h.,//cdn.lifelink.vn/img/c280x280/Sen-Tai-Thu-15_11052026114807.jpg?sign=dWyegKMQeplIuVYvGCDd4g,0,40000000-0000-0000-0000-000000000002
d935bbcf-c6a7-4fab-89d1-42bd8bc7757b,Sen Hàng Tre và Trần Hưng Đạo - Gói trị liệu điểm đau 60 phút phòng tiêu chuẩn,"Voucher áp dụng cho ""Gói trị liệu điểm đau 60 phút phòng tiêu chuẩn tại Sen Hàng Tre & Sen Trần Hưng Đạo"" giúp bạn thư giãn và làm mới chính mình trong một môi trường đầy sự chăm sóc và tận tâm.
Trị liệu theo vùng đau của khách hàng chườm ngải cứu tươi hấp nóng toàn thân, đắp mặt nạ ngũ hoa.
Không gian spa thiết kế ấm cúng và sang trọng theo phong cách Indochine kết hợp với tân cổ điển, tạo nên một môi trường độc đáo và ấn tượng.
Đội ngũ kỹ thuật viên dày dạn kinh nghiệm, được đào tạo bài bản và kiểm tra nghiêm ngặt theo chuẩn y học cổ truyền.
Cơ sở vật chất hiện đại và đa dạng, với nhiều loại phòng chuyên biệt như phòng đơn, phòng đôi, phòng ba, phòng tập thể và phòng VIP Deluxe, mang đến sự thoải mái tối đa cho khách hàng.
Spa áp dụng phương pháp chăm sóc sức khỏe và trị liệu theo y học cổ truyền Việt Nam, kết hợp với các sản phẩm từ thiên nhiên để đảm bảo hiệu quả tối ưu.",378000.00,323000.00,"Thởi gian 01 lần dịch vụ: 60 phút
Ngày áp dụng: Thứ 2 - Chủ nhật. Không áp dụng cho các ngày Lễ, tết
Giờ áp dụng: 09h30 - 22h30
Khách hàng áp dụng: Nữ/ Nam
Số lượng E-Voucher áp dụng:
Sử dụng 1 phiếu/ 1 người/ 1 lần dịch vụ (Không bù tiền)
Tiền TIP tối thiểu từ 100.000 VND/1 người
Khách hàng vui lòng liên hệ trước khi qua spa:
72B phố Trần Hưng Đạo, phường Trần Hưng Đạo, Quận Hoàn Kiếm, Thành phố Hà Nội - 0243 637 3999 Hoặc 077 276 0863 Hoặc 077 276 0863
Số 20 Hàng Tre, Quận Hoàn Kiếm, Thành phố Hà Nội - 024 3987 9797 Hoặc 085 787 9797
E-Voucher/E-Coupon không có giá trị quy đổi thành tiền mặt, không trả lại tiền thừa
Không áp dụng đồng thời với chương trình khuyến mại khác
Giá đã bao gồm VAT.",100,2026-08-23 00:00:00+00,2026-11-21 00:00:00+00,Dang ban,Không quy đổi thành tiền mặt. Hỗ trợ hoàn tiền nếu hủy trước 24h.,//cdn.lifelink.vn/img/c280x280/Sen-Hang-Tre-Tran-Hung-Dao--1-_19052026172520.jpg?sign=RMHDBZrDk-vSpNqgMyu_Yw,0,40000000-0000-0000-0000-000000000002
daf2341c-dcdf-4ed6-9423-680141a66b6d,SH Premium Lounge Lien Khuong tại Sân bay Quốc tế Liên Khương - Vé người lớn,"Không gian được thiết kế như khu vườn Mimosa thu nhỏ, hòa quyện sắc vàng ấm và xanh tươi mát.
Ghế ngồi rộng rãi, êm ái cùng không gian mở giúp thư giãn tuyệt đối trước mỗi hành trình.
Đội ngũ nhân viên chuyên nghiệp, tận tâm phục vụ, đáp ứng mọi nhu cầu hành khách nhanh chóng.
Thực đơn đa dạng kết hợp đặc sản địa phương với các món Âu Á, trải nghiệm ẩm thực hấp dẫn.
Tiện ích đẳng cấp gồm quầy bar sang trọng, phòng hút thuốc riêng biệt, khu vực làm việc yên tĩnh, hiện đại.
Khách được tận hưởng không gian riêng tư, sạch sẽ, đẳng cấp giữa sân bay Liên Khương.
Phù hợp cho khách doanh nhân, nhóm bạn hoặc gia đình nghỉ ngơi trước chuyến bay.
Đặt dịch vụ SH Premium Lounge Lien Khuong ngay trên LifeLink để nhận nhiều ưu đãi hấp dẫn, xác nhận nhanh chóng!",400000.00,380000.00,"Voucher bao gồm:
Mã ưu đãi 1 lượt sử dụng dịch vụ phòng chờ SH Premium Lounge Lien Khuong tại Sân bay Quốc tế Liên Khương - Vé người lớn
Thời gian sử dụng tại Phòng khách là tối đa 03 giờ trước giờ khởi hành ban đầu
Địa điểm áp dụng: Tầng 2, Gần cửa khởi hành số 1 và 2, Khu cách ly Ga đi Quốc nội, CHK Quốc Tế Liên Khương.
Vị trí: Ga đi Quốc nội - Sân Bay Liên Khương - Đà Lạt
Khách hàng được sử dụng mọi dịch vụ tại phòng chờ theo quy định của phòng chờ.
Mã ưu đãi chỉ có giá trị sử dụng một lần. Không chấp nhận Voucher ưu đãi quá hạn sử dụng hoặc trạng thái “Đã sử dụng”.
Vui lòng xuất trình mã ưu đãi cho nhân viên tại quầy để được áp dụng ưu đãi.
Khách hàng có thể được yêu cầu trả thêm tiền nếu sử dụng quá giá trị của Mã ưu đãi.
Lưu ý:
Khách hàng sẽ thanh toán trực tiếp tại quầy lễ tân theo bảng giá công bố cho khách lẻ tại mỗi phòng chờ khi:
Khách hàng sử dụng quá thời gian quy định của phòng chờ.
Khách hàng có phát sinh các dịch vụ khác thêm tại phòng chờ
Khách hàng có trẻ em đi kèm mà chưa đăng ký dịch vụ trước qua LifeLink 1900 2065. Thời gian thông báo tối thiểu với LifeLink trước 1 ngày sử dụng dịch vụ LifeLink hoàn toàn không chịu trách nhiệm khi có các phát sinh thêm bên trên.
Khách hàng áp dụng: Khách trên 12 tuổi
Ngày áp dụng: Tất cả các ngày trong tuần, bao gồm Lễ Tết
Giờ áp dụng:
06:00 - 20:00
Chính sách phụ thu trẻ em:
Miễn phí tối đa cho 02 trẻ em dưới 5 tuổi đi kèm cùng mỗi người lớn sử dụng dịch vụ Phòng khách.
Trẻ em dưới 5 tuổi thứ ba trở đi và Trẻ em từ 5 tuổi đến 12 tuổi mức phí bằng 50% đơn giá niêm yết/trẻ em.
Hành khách trên 12 tuổi được tính như quy định đối với người lớn.
Các trường hợp người đi kèm, nếu không được thông báo trước, dịch vụ gia tăng sẽ do Khách hàng tự thanh toán tại quầy lễ tân theo bảng giá công bố cho khách lẻ tại Phòng khách.
Chính sách phụ thu sử dụng thêm giờ:
Thời gian sử dụng tại Phòng khách là tối đa 03 giờ trước giờ khởi hành ban đầu.
Cứ mỗi 03 (ba) tiếng thêm giờ phát sinh được xác định là 01 (một) khung thêm giờ (Block). Thời gian thêm giờ phát sinh dưới 3 (ba) tiếng được tính tròn là 01 (một) Block.
Đơn giá thêm giờ là: 50% phí dịch vụ /khách/ block (thêm giờ).
Hành khách tự thanh toán chi phí thêm giờ trực tiếp tại quầy lễ tân theo giá công bố tại phòng khách.
Quy trình sử dụng dịch vụ:
Bước 1: Khách hàng Xuất trình xuất trình mã ưu đãi/ mã QR trên ứng dụng LifeLink/ hoặc email/ hoặc Zalo cùng Thẻ lên tàu bay tại quầy lễ tân Phòng khách.
Bước 2: Nhân viên Phòng khách xác thực mã QR trên hệ thống.
Trường hợp 1: Xác thực không thành công: Nhân viên Lễ tân Phòng khách từ chối phục vụ khách đồng thời Nhờ khách hàng liên hệ lại Hotline LifeLink 1900 2065 để được hỗ trợ nhanh chóng.
Trường hợp 2: Xác thực thành công: Nhân viên Lễ tân Phòng khách hoàn tất trên hệ thống.
Bước 3: Nhân viên Lễ tân Phòng khách mời Hành khách sử dụng Dịch vụ Phòng chờ Thương gia.
Điều kiện lưu ý bắt buộc:
Các trường hợp phát sinh không thông báo trước như: Có vé trẻ em đi kèm,... sẽ do Khách hàng tự thanh toán tại quầy lễ tân theo bảng giá công bố cho khách lẻ tại Phòng khách, LifeLink hoàn toàn không chịu trách nhiệm.
Thời gian thông báo tối thiểu trước 1 ngày sử dụng dịch vụ
Hotline hỗ trợ tư vấn (9h-20h): 1900 2065
Điều kiện khác
Áp dụng 01 E-Voucher/E-Coupon cho 01 khách
Một khách hàng được mua nhiều E-Voucher/E-Coupon
E-Voucher/E-Coupon không có giá trị quy đổi thành tiền mặt, không trả lại tiền thừa.
Không áp dụng đồng thời với chương trình khuyến mại khác
Mã ưu đãi được xuất ra sẽ không được đổi trả dưới mọi hình thức.
Giá trên đã bao gồm phí phục vụ và thuế GTGT""",100,2026-08-23 00:00:00+00,2026-11-21 00:00:00+00,Dang ban,Không quy đổi thành tiền mặt. Hỗ trợ hoàn tiền nếu hủy trước 24h.,//cdn.lifelink.vn/img/c280x280/ADD-SH-Premium-Lounge-Lien-Khuong_22062026083104.jpg?sign=hVlVPW7eu6F-KupbJXALlw,0,40000000-0000-0000-0000-000000000004
dbe3bd91-a779-44ce-8b37-818feef0f382,Le Saigonnais Lounge Tan Son Nhat tại Sân bay Quốc tế Tân Sơn Nhất - Vé người lớn,"Le Saigonnais là phòng chờ hạng thương gia mang bản sắc văn hóa Sài Gòn, được thiết kế với phong cách cổ điển, tinh tế kết hợp hài hòa kiến trúc Sài gòn xưa cùng đường nét trang trí hiện đại.
Không gian phòng chờ được thiết kế phân cách bằng mảng xanh, khu vườn yên tĩnh, cửa gỗ đan mây, đủ khéo léo để tôn trọng tính riêng tư cho người sử dụng mà vẫn thuận lợi kết nối với kiến trúc tổng thể.
Tại Le Saigonnais, khu ẩm thực là điểm nhấn mang đậm dấu ấn Sài Gòn với sự hiện diện của những món đặc trưng như các món ăn sáng Sài Gòn, các món nước, món ăn vặt… sẽ làm hài lòng các khách hàng yêu thích khám phá ẩm thực địa phương.
Tính cách “Người Sài Gòn” của Le Saigonnais – chân thành, cởi mở, tinh tế và hiện đại – được toát lên không chỉ ở kiến trúc, không gian, cách bài trí, mà còn từ phong thái của từng con người nơi đây qua cung cách phục vụ, chăm sóc hành khách tin tưởng đến với dịch vụ Phòng chờ tại nơi đây.",490000.00,465500.00,"Voucher bao gồm:
Mã ưu đãi 1 lượt sử dụng dịch vụ phòng chờ Le Saigonnais Lounge Tan Son Nhat tại Sân bay Quốc tế Tân Sơn Nhất - Vé người lớn
Thời gian sử dụng tại Phòng khách là tối đa 03 giờ trước giờ khởi hành ban đầu
Địa điểm áp dụng: Tầng 4, Khu cách ly Quốc nội, Nhà ga T3, Cảng HKQT Tân Sơn Nhất
Vị trí: Ga đi Quốc nội - Sân Bay Tân Sơn Nhất - TP Hồ Chí Minh
Khách hàng được sử dụng mọi dịch vụ tại phòng chờ theo quy định của phòng chờ.
Mã ưu đãi chỉ có giá trị sử dụng một lần. Không chấp nhận Voucher ưu đãi quá hạn sử dụng hoặc trạng thái “Đã sử dụng”.
Vui lòng xuất trình mã ưu đãi cho nhân viên tại quầy để được áp dụng ưu đãi.
Khách hàng có thể được yêu cầu trả thêm tiền nếu sử dụng quá giá trị của Mã ưu đãi.
Lưu ý:
Khách hàng sẽ thanh toán trực tiếp tại quầy lễ tân theo bảng giá công bố cho khách lẻ tại mỗi phòng chờ khi:
Khách hàng sử dụng quá thời gian quy định của phòng chờ.
Khách hàng có phát sinh các dịch vụ khác thêm tại phòng chờ
Khách hàng có trẻ em đi kèm mà chưa đăng ký dịch vụ trước qua LifeLink 1900 2065. Thời gian thông báo tối thiểu với LifeLink trước 1 ngày sử dụng dịch vụ LifeLink hoàn toàn không chịu trách nhiệm khi có các phát sinh thêm bên trên.
Khách hàng áp dụng: Khách trên 12 tuổi
Ngày áp dụng: Tất cả các ngày trong tuần, bao gồm Lễ Tết
Giờ áp dụng: 04:00 - 00:00
Số lượng E-Voucher áp dụng:
01 voucher/khách/1 lượt sử dụng
Áp dụng nhiều voucher trên 1 hóa đơn
Dịch vụ bao gồm: Các dịch vụ theo tiêu chuẩn tại phòng chờ
Dịch vụ không bao gồm: Chi phí cá nhân và các chi phí phát sinh khác
Chính sách phụ thu trẻ em:
Mỗi khách người lớn được miễn phí tối đa 01 trẻ em dưới 5 tuổi.
Từ trẻ em dưới 5 tuổi thứ 2: Áp dụng Đơn giá trẻ em.
Khách từ 5 đến 12 tuổi: Áp dụng Đơn giá trẻ em.
Khách trên 12 tuổi: Áp dụng Đơn giá người lớn.
Các trường hợp người đi kèm, nếu không được thông báo trước, dịch vụ gia tăng sẽ do Khách hàng tự thanh toán tại quầy lễ tân theo bảng giá công bố cho khách lẻ tại Phòng khách.
Chính sách phụ thu sử dụng thêm giờ:
Thời gian sử dụng tại Phòng khách là tối đa 03 giờ trước giờ khởi hành ban đầu.
Cứ mỗi 03 (ba) tiếng thêm giờ phát sinh được xác định là 01 (một) khung thêm giờ (Block). Thời gian thêm giờ phát sinh dưới 3 (ba) tiếng được tính tròn là 01 (một) Block.
Đơn giá thêm giờ là: 50% phí dịch vụ /khách/ block (thêm giờ).
Hành khách tự thanh toán chi phí thêm giờ trực tiếp tại quầy lễ tân theo giá công bố tại phòng khách.
Quy trình sử dụng dịch vụ:
Bước 1: Khách hàng Xuất trình xuất trình mã ưu đãi/ mã QR trên ứng dụng LifeLink/ hoặc email/ hoặc Zalo cùng Thẻ lên tàu bay tại quầy lễ tân Phòng khách.
Bước 2: Nhân viên Phòng khách xác thực mã QR trên hệ thống.
Trường hợp 1: Xác thực không thành công: Nhân viên Lễ tân Phòng khách từ chối phục vụ khách đồng thời Nhờ khách hàng liên hệ lại Hotline LifeLink 1900 2065 để được hỗ trợ nhanh chóng.
Trường hợp 2: Xác thực thành công: Nhân viên Lễ tân Phòng khách hoàn tất trên hệ thống.
Bước 3: Nhân viên Lễ tân Phòng khách mời Hành khách sử dụng Dịch vụ Phòng chờ Thương gia.""
Điều kiện lưu ý bắt buộc:
Các trường hợp phát sinh không thông báo trước như: Có vé trẻ em đi kèm,... sẽ do Khách hàng tự thanh toán tại quầy lễ tân theo bảng giá công bố cho khách lẻ tại Phòng khách, LifeLink hoàn toàn không chịu trách nhiệm.
Thời gian thông báo tối thiểu trước 1 ngày sử dụng dịch vụ
Hotline hỗ trợ tư vấn (9h-20h): 1900 2065
Điều kiện khác
Áp dụng 01 E-Voucher/E-Coupon cho 01 khách
Một khách hàng được mua nhiều E-Voucher/E-Coupon
E-Voucher/E-Coupon không có giá trị quy đổi thành tiền mặt, không trả lại tiền thừa.
Không áp dụng đồng thời với chương trình khuyến mại khác
Mã ưu đãi được xuất ra sẽ không được đổi trả dưới mọi hình thức.
Giá trên đã bao gồm phí phục vụ và thuế GTGT",100,2026-08-23 00:00:00+00,2026-11-21 00:00:00+00,Dang ban,Không quy đổi thành tiền mặt. Hỗ trợ hoàn tiền nếu hủy trước 24h.,//cdn.lifelink.vn/img/c280x280/2_13052026140507.jpg?sign=H-JauPXY_IWm3WkwwlznGg,0,40000000-0000-0000-0000-000000000004
dc7dd95f-7475-4e3c-86a4-b6e498e127ac,Voucher Cheese Burger Set tại Lotteria,"Voucher Cheese Burger Set tại Lotteria bao gồm 01 Burger Cheese và 01 Pepsi (M).
Burger Cheese nổi bật với lớp phô mai béo ngậy hòa quyện cùng phần nhân đậm đà và bánh mềm thơm.
Pepsi (M) mát lạnh giúp cân bằng hương vị và mang đến bữa ăn trọn vẹn hơn.
Combo phù hợp cho bữa sáng, bữa trưa hoặc bữa ăn nhanh đầy tiện lợi.
Voucher chính hãng, dễ dàng sử dụng tại hệ thống Lotteria trên toàn quốc.
Đặt mua nhanh chóng trên LifeLink để tận hưởng nhiều ưu đãi hấp dẫn.",59000.00,55000.00,"Voucher không áp dụng hình thức đổi trả/ hủy/ hoàn tiền.
Được sử dụng tối đa 5 voucher/ ngày/ hóa đơn.
Không áp dụng đổi hàng cho đơn hàng số lượng lớn (theo quy định của Lotteria).
Mỗi voucher chỉ được sử dụng 01 lần.
Chỉ áp dụng cho một số sản phẩm nhất định.
Trong trường hợp sản phẩm được chỉ định không có sẵn, khách hàng có thể lựa chọn các sản phẩm có cùng giá t.rị.
Không đổi được ra tiền mặt một phần hoặc toàn bộ.
Không hoàn trả hoặc bán lại được.
Nếu giá tiền đơn đặt hàng của khách hàng vượt quá giá trị của voucher thì khách hàng phải thanh toán thêm số tiền chênh lệch đó.
Voucher không áp dụng cho các chương trình khuyến mãi khác.
Khách hàng có trách nhiệm bảo mật thông tin mã thẻ quà tặng sau khi đặt mua. LifeLink sẽ không chịu trách nhiệm hoàn trả các mã thẻ bị mất hoặc ở trạng thái ""đã sử dụng"" với bất kỳ lý do gì.
LifeLink sẽ không chịu trách nhiệm đối với chất lượng của sản phẩm được cung cấp cũng như đối với các tranh chấp về sau giữa khách hàng và nhà cung cấp.
LifeLink có quyền sửa chữa hoặc thay đổi điều khoản và điều kiện sử dụng mà không thông báo trước.
Hotline LifeLink: 1900 2065",100,2026-08-23 00:00:00+00,2026-11-21 00:00:00+00,Dang ban,Không quy đổi thành tiền mặt. Hỗ trợ hoàn tiền nếu hủy trước 24h.,//cdn.lifelink.vn/img/c280x280/Cheese-Burger-Set_27072026111819.jpg?sign=9jsbjshxgOJl2cUkh7LheQ,0,40000000-0000-0000-0000-000000000001
dc958253-ef3f-41ca-bd51-01ec9159c2b1,Tour City Sightseeing 4 tiếng tham quan Huế vé người lớn - Khách nước ngoài bao gồm Lễ Tết,"Khám phá các điểm tham quan nổi tiếng của thành phố Huế trong tour xe buýt hai tầng như bến thuyền Toà Khâm, chợ Đông Ba, Phu Văn Lâu, Quốc Học Huế...
Dịch vụ xe buýt vô cùng tiện lợi khi bạn có thể tùy chọn điểm xuống.
Miễn phí sách hướng dẫn với bản đồ, lịch trình và các điểm tham quan phổ biến.
Hỗ trợ thuyết minh nhiều ngôn ngữ: Tiếng Hàn, Nga, Đức, Anh, Việt, Tây Ban Nha, Pháp, Trung, Nhật mỗi khách  lên xe được phát 01 tai nghe (sử dụng cho máy thuyết minh tự động), 01 tờ bản đồ lộ trình.",299000.00,282000.00,"Khách hàng áp dụng
: Khách nước ngoài từ 12 tuổi trở lên
Thời gian hoạt động
:
Hàng ngày:Thứ 2 - Chủ nhật
Thời gian: 8h00 - 16h00
Thời gian 1 lộ trình: 100 - 110 phút/ lộ trình
Tần suất chạy: 1 tiếng có 1 chuyến
Lộ trình khởi hành
1. Địa điểm khởi hành: Bến Thuyền Tòa Khâm
2. Chợ Đông Ba
3. Đại Nội – Phu Văn Lâu
4. Nhà Vườn An Hiên
5. Chùa Thiên Mụ
6. Ga Huế
7. Chùa Từ Hiếu
8. Làng Hương
9. Lăng Tự Đức
10. Lăng Khải Định
11. Đàn Nam Giao
12. Trường THPT Quốc Học Huế
13. Bến Thuyền Tòa Khâm
Phương tiện di chuyển
: Loại xe đang vận hành tại Huế
Xe Thoáng Nóc: (2 xe)
Tầng 1: 12 ghế + 2 chỗ đứng và xe lăn
Tầng 2: 42 ghế
Địa điểm đón khách
: Quầy kiosk màu đỏ với logo City Sightseeing: 49 Lê Lợi – Bến Thuyền Tòa Khâm
Dịch vụ không bao gồm
Phí vào cửa
Thức ăn và đồ uống khác
Đón và trả khách sạn
Tiền tips (không bắt buộc)
Dịch vụ tiện ích bao gồm
Khách lên xe được phát 01 tai nghe (sử dụng cho máy thuyết minh tự động), 01 tờ bản đồ lộ trình.
Khách được mượn nón khi nắng.
Trên xe có nhân viên hỗ trợ và giải đáp thông tin cho khách
Ngôn ngữ thuyết minh qua audio (9 ngôn ngữ): Tiếng Hàn, Nga, Đức, Anh, Việt, Tây Ban Nha, Pháp, Trung, Nhật
Lưu ý
:
Vé có giá trị lên xuống trong vòng 4 tiếng kể từ lần đầu tiên khách lên trên xe.
Trẻ em từ 6 - 11 tuổi sẽ tính vé theo bảng giá vé.
Trẻ em dưới 6 tuổi sẽ miễn phí, ngồi trên lòng người lớn. 1 người lớn sẽ kèm theo 1 bé dưới 6 tuổi.
Khách hàng phải làm thủ tục check in hoặc đổi vé điện tử/voucher tại bến xe trước khi sử dụng vé.
Hotline đặt tour & tư vấn
: 19002065
Điều kiện hoãn/huỷ tour
: Voucher không hoàn hủy
Điều kiện khác
Áp dụng 01 E-Voucher/E-Coupon cho 01 khách
Một khách hàng được mua nhiều E-Voucher/E-Coupon
E-Voucher/E-Coupon không có giá trị quy đổi thành tiền mặt, không trả lại tiền thừa.
Không áp dụng đồng thời với chương trình khuyến mại khác",100,2026-08-23 00:00:00+00,2026-11-21 00:00:00+00,Dang ban,Không quy đổi thành tiền mặt. Hỗ trợ hoàn tiền nếu hủy trước 24h.,//cdn.lifelink.vn/img/c280x280/ADD-City-Sightseeing-8_15062026112703.jpg?sign=SLWNP0qqn8pI_hZkVjZnfQ,0,40000000-0000-0000-0000-000000000003
ddd8c670-7770-4866-b142-0668ab0012d6,E-voucher - Hộp bánh trung thu Trăng Trường Thọ,"E-voucher - Hộp bánh trung thu Trăng Trường Thọ sở hữu 4 hương vị bánh đa dạng, từ thanh tao đến đậm đà, phù hợp nhiều khẩu vị.
Bánh nướng sen Đông Trùng Hạ Thảo tạo điểm nhấn đặc biệt với sự kết hợp giữa vị sen và Đông Trùng Hạ Thảo.
Bánh nướng sen yến kỳ tử mè đen mang đến hương vị hài hòa, lạ miệng và tinh tế.
Bánh nướng matira cafe đem lại sắc vị hiện đại, phù hợp với người yêu thích hương cà phê.
Bánh dẻo thập cẩm cao cấp gợi nét truyền thống quen thuộc của mùa đoàn viên.
Hộp quà còn kết hợp Đông Trùng Hạ Thảo Sinh Khối Khô 5g và nước uống Đông Trùng Hạ Thảo BIOK hộp 10 gói, tạo nên món quà đa dạng và ý nghĩa.",1760400.00,1584000.00,"Ngày áp dụng: Thứ 2 - Thứ 6
Giờ áp dụng: 9h00 -17h00
Thông tin liên hệ đặt dịch vụ
Hotline lifelink (9h00-20h00): 1900 2065
Hotline BioFun: 0355983628
Địa chỉ lấy bánh Số 10 ngõ 102 Trần Phú,Mỗ Lao, Hà Đông, Hà Nội
Điều kiện áp dụng:
Áp dụng 01 E-Voucher cho 01 hộp
Một khách hàng được mua nhiều E-Voucher
E-Voucher không có giá trị quy đổi thành tiền mặt, không trả lại tiền thừa.
Không áp dụng đồng thời với chương trình khuyến mại khác
Giá đã bao gồm VAT, chưa bao gồm phí ship",100,2026-08-23 00:00:00+00,2026-11-21 00:00:00+00,Dang ban,Không quy đổi thành tiền mặt. Hỗ trợ hoàn tiền nếu hủy trước 24h.,//cdn.lifelink.vn/img/c280x280/ADD-Trung-Thu-Trang-Truong-Tho_21082026114325.jpg?sign=dWd4PufgVftfcD5bQJQvdA,0,40000000-0000-0000-0000-000000000001
de199d90-105f-412c-b348-b3940da76543,Đài Quan Sát Lotte - Combo vé vào cửa và Tour 01 vòng thành phố bằng xe bus - Vé Người lớn,"""Vé Vào Cửa Đài Quan Sát Lotte - 01 Vòng Tour Thành Phố Bằng Xe Buýt"" giúp bạn tận hưởng tầm nhìn tuyệt vời từ trên cao và khám phá những điểm đến nổi tiếng của thủ đô.
Tầm nhìn tuyệt vời từ Đài Quan Sát Lotte ở tầng 65 của Lotte Center Hà Nội, bao quát toàn cảnh thủ đô từ độ cao 272m.
Cầu kính trong suốt - Góc chụp “hot” và độc đáo nhất tại Đài Quan Sát, mang đến trải nghiệm mạnh mẽ và thú vị.
Tour tham quan 01 vòng giúp bạn khám phá những điểm du lịch nổi bật như Hoàng Thành Thăng Long, Lăng Bác, Hồ Tây, và nhiều địa danh khác.
Xe buýt hiện đại và tiện nghi, kết hợp với hướng dẫn viên chuyên nghiệp, giúp chuyến đi của bạn trở nên thuận tiện và dễ dàng.
Tiết kiệm thời gian và chi phí khi tham gia tour trọn gói, không cần lo lắng về việc lên kế hoạch hay di chuyển.",330000.00,300000.00,"Ngày 16/2/2026 (Tức 29 tết): Mở cửa từ 9h30 - 19h00, dừng bán vé lúc 18h00
Ngày 17/2/2026 (Mùng 1 Tết): Nghỉ
LOTTE Hanoi Sky Observation Deck sẽ mở cửa đón khách từ: 12h00 - 23h30 ngày 18/2/2026 (Tức Mùng 2 Tết)
Khách hàng áp dụng: Khách hàng trên 12 tuổi
Ngày áp dụng: Thứ 2 - Chủ Nhật (Áp dụng cả ngày Lễ),
Thời gian mua vé combo: Từ 9h30 - 18h00 hàng ngày (Đổi vé tại quầy B1 đài quan sát LOTE HANOI SKY trước 18h00 hàng ngày)
Số lượng E-Voucher áp dụng: 01 voucher/ 01 người/ 01 lần sử dụng (không bù thêm tiền).
Phụ thu Lễ, Tết: Không phụ thu
Combo vé bao gồm vé vào cửa LOTTE Hanoi Sky và vé xe buýt Hanoi City Tour.
Vé không bao gồm thuê trang phục, in ảnh, trò chơi thực tế ảo, đồ uống SKYL, chụp ảnh Life4cuts.
Khi đổi vé online sang vé cứng, vé cứng phải được sử dụng cùng ngày.
Đổi vé cứng tại quầy vé trước 22h30 mỗi ngày.
Giờ hoạt động xe buýt Hanoi City Tour: 9h30 - 18h30 hàng ngày.
Mô tả trải nghiệm:
Sau khi thăm quan Đài Quan Sát LOTTE HANOI SKY tầng 65 sẽ xuống tầng 1 để trải nghiệm dịch vụ xe buýt Hanoi City Tour.
Tiếp tục di chuyển đến các điểm còn lại theo lộ trình và không dừng đỗ.
Lộ Trình di chuyển:
Tòa nhà LOTTE Center Hanoi (Điểm khởi hành tại tầng 1)
Chùa Võng Thị
Chùa Tảo Sách
Chùa Kim Liên
Hoàng Thành Thăng Long
Lăng Bác
Văn Miếu Quốc Tử Giám
Nhà Tù Hỏa Lò
Nhà Hát Lớn
Chợ Đồng Xuân
Ga Long Biên
Chùa Trấn Quốc
Hồ Tây
Lưu ý:
Combo vé Hanoi City Bus đã mua không hoàn/hủy.
Xe buýt chạy tần suất 30 - 45 phút/chuyến. Thời gian lên/xuống xe buýt có thể chênh lệch phụ thuộc vào tình hình giao thông thực tế tại Hà Nội.
Khung giờ xe bus đón khách có thể thay đổi và sẽ được thông báo trực tiếp tại quầy.
Quý khách có thể quay lại điểm khởi hành LOTTE Center Hanoi hoặc xuống bất kỳ điểm nào trong lộ trình di chuyển.
18h30 là khung giờ chuyến cuối trong ngày và dừng tại các điểm Bờ Hồ hoặc Nhà Hát Lớn Hà Nội (theo ngày)
Trong trường hợp khách muốn quay lại điểm đón Lotte thì chủ động thông báo với Xe Bus
Điểm cuối trong lộ trình có thay đổi phụ thuộc vào ngày thường/cuối tuần:
Ngày thường (Thứ 2 đến Thứ 5): Bờ Hồ (bãi đỗ xe buýt đường Đinh Tiên Hoàng)
Cuối tuần (Thứ 6, Thứ 7, Chủ nhật) và các ngày Lễ, Tết: Nhà Hát Lớn Hà Nội
Khách hàng liên hệ đăng ký dịch vụ trước khi đến để được phục vụ tốt nhất
Điện thoại: 024 3333 6565
Một khách hàng được mua nhiều E-Voucher/E-Coupon
E-Voucher/E-Coupon không có giá trị quy đổi thành tiền mặt, không trả lại tiền thừa.
Không áp dụng đồng thời với chương trình khuyến mại khác",100,2026-08-23 00:00:00+00,2026-11-21 00:00:00+00,Dang ban,Không quy đổi thành tiền mặt. Hỗ trợ hoàn tiền nếu hủy trước 24h.,//cdn.lifelink.vn/img/c280x280/4_08052026150923.jpg?sign=RjxlbEZybAhWWXsOsqdrGA,0,40000000-0000-0000-0000-000000000003
de8cc531-e5d9-4bd4-a8f1-30dbfb34326c,Voucher Squid Ring 5pcs tại Lotteria,"Voucher Squid Ring (5pcs) tại Lotteria bao gồm 05 miếng mực rán giòn ngon.
Mực được tẩm bột và chiên vàng, mang đến lớp vỏ giòn rụm cùng phần nhân dai mềm hấp dẫn.
Thích hợp dùng làm món ăn nhẹ hoặc kết hợp cùng burger, gà rán và nước uống.
Voucher chính hãng, sử dụng dễ dàng tại hệ thống Lotteria trên toàn quốc.
Đặt mua nhanh chóng trên LifeLink với quy trình đơn giản và tiện lợi.
Lựa chọn hoàn hảo cho những ai yêu thích món ăn vặt giòn ngon và hương vị hải sản.",35000.00,33000.00,"Voucher không áp dụng hình thức đổi trả/ hủy/ hoàn tiền.
Được sử dụng tối đa 5 voucher/ ngày/ hóa đơn.
Không áp dụng đổi hàng cho đơn hàng số lượng lớn (theo quy định của Lotteria).
Mỗi voucher chỉ được sử dụng 01 lần.
Chỉ áp dụng cho một số sản phẩm nhất định.
Trong trường hợp sản phẩm được chỉ định không có sẵn, khách hàng có thể lựa chọn các sản phẩm có cùng giá t.rị.
Không đổi được ra tiền mặt một phần hoặc toàn bộ.
Không hoàn trả hoặc bán lại được.
Nếu giá tiền đơn đặt hàng của khách hàng vượt quá giá trị của voucher thì khách hàng phải thanh toán thêm số tiền chênh lệch đó.
Voucher không áp dụng cho các chương trình khuyến mãi khác.
Khách hàng có trách nhiệm bảo mật thông tin mã thẻ quà tặng sau khi đặt mua. LifeLink sẽ không chịu trách nhiệm hoàn trả các mã thẻ bị mất hoặc ở trạng thái ""đã sử dụng"" với bất kỳ lý do gì.
LifeLink sẽ không chịu trách nhiệm đối với chất lượng của sản phẩm được cung cấp cũng như đối với các tranh chấp về sau giữa khách hàng và nhà cung cấp.
LifeLink có quyền sửa chữa hoặc thay đổi điều khoản và điều kiện sử dụng mà không thông báo trước.
Hotline LifeLink: 1900 2065",100,2026-08-23 00:00:00+00,2026-11-21 00:00:00+00,Dang ban,Không quy đổi thành tiền mặt. Hỗ trợ hoàn tiền nếu hủy trước 24h.,//cdn.lifelink.vn/img/c280x280/Squid-Ring--5pcs-_27072026143835.jpg?sign=tKsZoJUOA9Xt1VySY0XUbQ,0,40000000-0000-0000-0000-000000000001
e0a5a387-4eca-495d-bc18-60e357927889,E-Coupon - Giảm 10% điều trị chuyên sâu đái tháo đường tại DiaB,"E-Coupon - Giảm 10% điều trị chuyên sâu đái tháo đường tại DiaB giúp bạn tiết kiệm chi phí khi sử dụng dịch vụ điều trị chuyên sâu.
Chương trình được xây dựng theo mô hình điều trị cá nhân hóa, phù hợp với từng người bệnh.
Được trực tiếp thăm khám và theo dõi bởi đội ngũ bác sĩ nội tiết, chuyển hóa giàu kinh nghiệm.
Hỗ trợ kiểm soát đường huyết, hạn chế biến chứng và nâng cao chất lượng cuộc sống.
Kết hợp điều trị y khoa với tư vấn thay đổi lối sống để đạt hiệu quả bền vững.
Đặt voucher nhanh chóng, thuận tiện và an toàn trên LifeLink.",1000000.00,9000.00,"Khách hàng áp dụng: Tất cả khách hàng
Ngày áp dụng: Tất các các ngày
Giờ áp dụng: 08h00 - 18h00
Số lượng E-Voucher áp dụng: Mỗi tài khoản/khách hàng chỉ được đổi và sử dụng Phiếu ưu đãi 01 lần.
Hướng dẫn đặt dịch vụ:
Cách 1: Đặt lịch: Khách hàng vui lòng gọi Hotline hoặc nhắn tin zalo: 0903 027 308 và đọc mã code để DiaB ghi nhận, đối soát.
Cách 2: Check-in: Khách hàng xuất trình mã ưu đãi tại phòng khám để được xác nhận và trải nghiệm dịch vụ.
Điều kiện khác
Mỗi Phiếu ưu đãi chỉ có giá trị sử dụng 01 lần và không có giá trị quy đổi thành tiền mặt.
Không áp dụng đồng thời với các chương trình khác",100,2026-08-23 00:00:00+00,2026-11-21 00:00:00+00,Dang ban,Không quy đổi thành tiền mặt. Hỗ trợ hoàn tiền nếu hủy trước 24h.,//cdn.lifelink.vn/img/c280x280/Voucher-10--dieu-tri-dai-thao-duong_04082026103220.png?sign=_a7kdkWRnQ9v8T3TVWyHUA,0,40000000-0000-0000-0000-000000000002
e2582eba-1afb-416d-8079-f4410a33e624,Ngự thuyền Hueritage - Thưởng thức bữa tối Dạ Yến trọn vẹn đoàn viên,"Dạ Yến – Bữa tối trọn vẹn đoàn viên trên Ngự Thuyền Hueritage mang đến trải nghiệm ẩm thực và văn hóa Cố đô Huế trong không gian đêm lãng mạn trên sông Hương.
Thực đơn đậm chất Huế với các món đặc trưng như Bánh Hến ruốc Huế, Tré Huế chanh ngón tay, Gỏi tôm thanh trà, Mực nướng mắm gừng, món chính lựa chọn Cá Bớp nướng dầu củ nén hoặc Ức vịt phơi gió nướng, kết thúc bằng tráng miệng theo ngày.
Giá trải nghiệm đã bao gồm nước uống chào đón, người kể chuyện văn hóa Cố đô và chương trình Ca Huế đặc sắc (chưa bao gồm các loại thức uống khác).
Hành trình diễn ra từ 17:30 – 20:00 (đón khách lúc 17:00) tại Nghinh Lương Đình, du ngoạn qua cồn Dã Viên, cầu Nguyễn Hoàng, làng Thủy Biều, Kim Long, chùa Thiên Mụ, Văn Thánh, mang đến góc nhìn Huế trầm mặc và thơ mộng về đêm.
Ưu đãi hấp dẫn khi đặt voucher Dạ Yến Ngự Thuyền Hueritage qua LifeLink – đặt chỗ nhanh chóng, giá tốt, lý tưởng cho buổi tối sum vầy, lãng mạn và đậm chất di sản.",2200000.00,1950000.00,"Ngày áp dụng: Tất cả các ngày trong tuần
Giờ áp dụng: 17:00 - 20:00
Số lượng e-Voucher áp dụng:
01 e-Voucher/01 khách
01 khách có thể mua nhiều e-Voucher
Phụ thu:
Phụ thu 20% sẽ được áp dụng vào các ngày lễ quốc gia và các sự kiện lớn tại địa phương, bao gồm:
Tết Nguyên Đán: Từ ngày 16/02/2026 – 20/02/2026 (nhằm ngày 29/12/2025 AL đến 04/01/2026 AL)
Giỗ Tổ Hùng Vương: Ngày 26/04/2026 (nhằm ngày 10/03/2026 AL)
Ngày Giải phóng miền Nam, Thống nhất đất nước và Ngày Quốc tế Lao động: 30/04/2026 – 01/05/2026
Lễ Quốc Khánh: 02/09/2026
Giáng sinh: 24/12 và Tết Dương lịch: 31/12
Thông tin liên hệ đặt dịch vụ:
Khách hàng vui lòng liên hệ đăng ký dịch vụ trước khi đến để được phục vụ tốt nhất.
Hotline đặt vé & tư vấn (09:00 – 20:00): 1900 2065 / 0934 661 016
Điều kiện:
e-Voucher không có giá trị quy đổi thành tiền mặt, không trả lại tiền thừa.
Không áp dụng đồng thời với các chương trình khuyến mại khác.
Mức giá trên đã bao gồm thuế VAT và phí phục vụ.
Không hoàn/hủy khi đã mua vé.
Để đảm bảo an toàn cho du khách khi trải nghiệm dịch vụ, Ngự thuyền Hueritage từ chối nhận khách dưới 06 tuổi.
Đặt dịch vụ ít nhất 03 ngày trước ngày sử dụng.
Điều kiện lưu ý bắt buộc:
Để đảm bảo quyền lợi, quý khách vui lòng liên hệ với chúng tôi để kiểm tra tình trạng chỗ trống trên tàu và các khoản phụ thu (nếu có) trước khi đặt dịch vụ và thanh toán. Mọi trường hợp khách hàng đã thanh toán nhưng chưa liên hệ trước với LifeLink, chúng tôi hoàn toàn không chịu trách nhiệm.",100,2026-08-23 00:00:00+00,2026-11-21 00:00:00+00,Dang ban,Không quy đổi thành tiền mặt. Hỗ trợ hoàn tiền nếu hủy trước 24h.,//cdn.lifelink.vn/img/c280x280/Ngu-thuyen-Hueritage-1_18052026163044.jpg?sign=QlTVePXYmLSZnMqmTg8a3g,0,40000000-0000-0000-0000-000000000001
e26ec4a8-2eb2-4d34-a3cf-e03dad20c141,SH Premium Lounge Con Dao tại Sân bay Côn Đảo - Vé trẻ em,"Voucher áp dụng cho ""SH Premium Lounge Con Dao tại Sân bay Côn Đảo - Vé trẻ em"" mang đến cho quý khách hàng những dịch vụ chất lượng nhất.
Phòng chờ thương gia
SH Premium Lounge Con Dao
sở hữu phong cách kiến trúc hiện đại, có bố cục và nội thất được thiết kế tỉ mỉ, mang dấu ấn riêng biệt, cùng dịch vụ định hướng 5 sao.
Phòng chờ được chia thành nhiều khu vực chức năng như: chỗ nghỉ ngơi, quầy bar/ buffet, phòng hút thuốc... luôn đáp ứng một các tốt nhất nhu cầu đa dạng của hành khách.
Đặc biệt, menu đa dạng, chế biến khéo léo và bày trí đẹp mắt từ các món ăn đặc sản truyền thống của Côn Đảo như: bún, phở,... đến những món khai vị/ đồ uống/ đồ tráng miệng đặc sắc.
Với đội ngũ nhân viên chuyên nghiệp, chu đáo, nhiệt tình cùng phong cách phục vụ cởi mở, chân thành, hiếu khách, Phòng chờ
SH Premium Lounge Con Dao
hứa hẹn làm hài lòng mọi quý khách hàng.",225000.00,213750.00,"Voucher bao gồm:
Mã ưu đãi 1 lượt sử dụng dịch vụ phòng chờ SH Premium Lounge Con Dao tại Sân bay Côn Đảo - Vé trẻ em
Thời gian sử dụng tại Phòng khách là tối đa 03 giờ trước giờ khởi hành ban đầu
Địa điểm áp dụng: Tầng 1, cạnh cửa khởi hành số 1, Khu cách ly Ga đi Quốc nội, CHK Côn Đảo
Vị trí: Ga đi Quốc nội - Sân Bay Côn Đảo - Bà Rịa Vũng Tàu
Khách hàng được sử dụng mọi dịch vụ tại phòng chờ theo quy định của phòng chờ.
Mã ưu đãi chỉ có giá trị sử dụng một lần. Không chấp nhận Voucher ưu đãi quá hạn sử dụng hoặc trạng thái “Đã sử dụng”.
Vui lòng xuất trình mã ưu đãi cho nhân viên tại quầy để được áp dụng ưu đãi.
Khách hàng có thể được yêu cầu trả thêm tiền nếu sử dụng quá giá trị của Mã ưu đãi.
Lưu ý:
Khách hàng sẽ thanh toán trực tiếp tại quầy lễ tân theo bảng giá công bố cho khách lẻ tại mỗi phòng chờ khi:
Khách hàng sử dụng quá thời gian quy định của phòng chờ.
Khách hàng có phát sinh các dịch vụ khác thêm tại phòng chờ
Khách hàng có trẻ em đi kèm mà chưa đăng ký dịch vụ trước qua LifeLink 1900 2065. Thời gian thông báo tối thiểu với LifeLink trước 1 ngày sử dụng dịch vụ LifeLink hoàn toàn không chịu trách nhiệm khi có các phát sinh thêm bên trên.""
Khách hàng áp dụng: Khách từ 5 đến 12 tuổi
Ngày áp dụng: Tất cả các ngày trong tuần, bao gồm Lễ Tết
Giờ áp dụng: 05:30 - 17:00
Số lượng E-Voucher áp dụng:
01 voucher/khách/1 lượt sử dụng
Áp dụng nhiều voucher trên 1 hóa đơn
Dịch vụ bao gồm: Các dịch vụ theo tiêu chuẩn tại phòng chờ
Dịch vụ không bao gồm: Chi phí cá nhân và các chi phí phát sinh khác
Chính sách phụ thu trẻ em:
Miễn phí tối đa cho 02 trẻ em dưới 5 tuổi đi kèm cùng mỗi người lớn sử dụng dịch vụ Phòng khách.
Trẻ em dưới 5 tuổi thứ ba trở đi và Trẻ em từ 5 tuổi đến 12 tuổi mức phí bằng 50% đơn giá niêm yết/trẻ em.
Hành khách trên 12 tuổi được tính như quy định đối với người lớn.
Các trường hợp người đi kèm, nếu không được thông báo trước, dịch vụ gia tăng sẽ do Khách hàng tự thanh toán tại quầy lễ tân theo bảng giá công bố cho khách lẻ tại Phòng khách.""
Chính sách phụ thu sử dụng thêm giờ:
Thời gian sử dụng tại Phòng khách là tối đa 03 giờ trước giờ khởi hành ban đầu.
Cứ mỗi 03 (ba) tiếng thêm giờ phát sinh được xác định là 01 (một) khung thêm giờ (Block). Thời gian thêm giờ phát sinh dưới 3 (ba) tiếng được tính tròn là 01 (một) Block.
Đơn giá thêm giờ là: 50% phí dịch vụ /khách/ block (thêm giờ).
Hành khách tự thanh toán chi phí thêm giờ trực tiếp tại quầy lễ tân theo giá công bố tại phòng khách.
Quy trình sử dụng dịch vụ:
Bước 1: Khách hàng Xuất trình xuất trình mã ưu đãi/ mã QR trên ứng dụng LifeLink/ hoặc email/ hoặc Zalo cùng Thẻ lên tàu bay tại quầy lễ tân Phòng khách.
Bước 2: Nhân viên Phòng khách xác thực mã QR trên hệ thống.
Trường hợp 1: Xác thực không thành công: Nhân viên Lễ tân Phòng khách từ chối phục vụ khách đồng thời Nhờ khách hàng liên hệ lại Hotline LifeLink 1900 2065 để được hỗ trợ nhanh chóng.
Trường hợp 2: Xác thực thành công: Nhân viên Lễ tân Phòng khách hoàn tất trên hệ thống.
Bước 3: Nhân viên Lễ tân Phòng khách mời Hành khách sử dụng Dịch vụ Phòng chờ Thương gia.
Điều kiện lưu ý bắt buộc:
Các trường hợp phát sinh không thông báo trước như: Có vé trẻ em đi kèm,... sẽ do Khách hàng tự thanh toán tại quầy lễ tân theo bảng giá công bố cho khách lẻ tại Phòng khách, LifeLink hoàn toàn không chịu trách nhiệm.
Thời gian thông báo tối thiểu trước 1 ngày sử dụng dịch vụ
Hotline hỗ trợ tư vấn (9h-20h): 1900 2065
Điều kiện khác:
Áp dụng 01 E-Voucher/E-Coupon cho 01 khách
Một khách hàng được mua nhiều E-Voucher/E-Coupon
E-Voucher/E-Coupon không có giá trị quy đổi thành tiền mặt, không trả lại tiền thừa.
Không áp dụng đồng thời với chương trình khuyến mại khác
Mã ưu đãi được xuất ra sẽ không được đổi trả dưới mọi hình thức.
Giá trên đã bao gồm phí phục vụ và thuế GTGT",100,2026-08-23 00:00:00+00,2026-11-21 00:00:00+00,Dang ban,Không quy đổi thành tiền mặt. Hỗ trợ hoàn tiền nếu hủy trước 24h.,//cdn.lifelink.vn/img/c280x280/1_13052026163216.jpg?sign=b9IQrGVQH0SQfpoXp-HHdw,5,40000000-0000-0000-0000-000000000004
e2ccb81e-d3bf-4c04-a98c-c040a1bf8284,Evoucher Hộp quà Trung Thu Đoàn Viên III 2026 phiên bản nam châm cao cấp - Combo 4 bánh và trà,"Hộp quà gồm 4 bánh trung thu cao cấp kết hợp trà lài thượng hạng thanh tao.
Thiết kế hộp nam châm ép kim vàng 9999 với gam xanh navy sang trọng, hiện đại.
Hình ảnh đêm hội trăng rằm được tái hiện tinh tế, đậm bản sắc văn hóa Việt.
Phù hợp làm quà tặng khách hàng, đối tác, nhân viên và các chương trình tri ân doanh nghiệp.
Đi kèm túi giấy Ivory, thiệp Trung Thu và bộ dao nĩa tiện lợi.
Evoucher tiện lợi, dễ dàng đặt mua và gửi tặng nhanh chóng qua LifeLink.",569000.00,480000.00,"Khách hàng áp dụng: Tất cả khách hàng
Ngày áp dụng: Thứ 2 - Thứ 6
Giờ áp dụng: 9:00 - 17:00
Số lượng E-Voucher áp dụng: Sử dụng 01 voucher/01 hộp quà. Không giới hạn số lượng voucher/ hóa đơn.
Thông tin cách mua hàng HƯỚNG DẪN ĐỔI VOUCHER
Bước 1. Khách hàng nhận voucher liên hệ GIVISTA để đổi hộp quà Trung Thu 2026
Hotline/Zalo: 0969117926
Facebook:
Tại đây
Bước 2. Cung cấp mã voucher để đổi hộp quà
Bước 3. Khách hàng thanh toán phí vận chuyển trực tiếp cho đơn vị vận chuyển
Lưu ý: Không hỗ trợ khách hàng đổi quà trực tiếp tại cửa hàng
Điều kiện khác
Một khách hàng được mua nhiều E-Voucher/E-Coupon
E-Voucher/E-Coupon không có giá trị quy đổi thành tiền mặt, không trả lại tiền thừa.
Không áp dụng đồng thời với chương trình khuyến mại khác
Voucher chưa bao gồm phí vận chuyển Hộp quà tặng đến khách hàng.",100,2026-08-23 00:00:00+00,2026-11-21 00:00:00+00,Dang ban,Không quy đổi thành tiền mặt. Hỗ trợ hoàn tiền nếu hủy trước 24h.,//cdn.lifelink.vn/img/c280x280/ADD-Trung-Thu-Doan-Vien-III_11082026111525.jpg?sign=X0nbEnTmt4vjPnp10vGwKQ,0,40000000-0000-0000-0000-000000000001
e4c6dbf8-a196-40dc-bcd7-17f36a579d5b,Voucher Cheese Burger tại Lotteria,"Voucher Cheese Burger tại Lotteria bao gồm 01 Cheese Burger thơm ngon.
Cheese Burger nổi bật với phần thịt đậm đà kết hợp lớp phô mai tan chảy béo ngậy.
Bánh burger mềm, rau tươi và nước sốt hài hòa tạo nên hương vị hấp dẫn.
Phù hợp cho bữa sáng, bữa trưa hoặc bữa ăn nhẹ nhanh chóng, tiện lợi.
Voucher chính hãng, dễ dàng sử dụng tại hệ thống Lotteria trên toàn quốc.
Đặt mua nhanh chóng trên LifeLink để tận hưởng nhiều ưu đãi hấp dẫn.",45000.00,42000.00,"Voucher không áp dụng hình thức đổi trả/ hủy/ hoàn tiền.
Được sử dụng tối đa 5 voucher/ ngày/ hóa đơn.
Không áp dụng đổi hàng cho đơn hàng số lượng lớn (theo quy định của Lotteria).
Mỗi voucher chỉ được sử dụng 01 lần.
Chỉ áp dụng cho một số sản phẩm nhất định.
Trong trường hợp sản phẩm được chỉ định không có sẵn, khách hàng có thể lựa chọn các sản phẩm có cùng giá t.rị.
Không đổi được ra tiền mặt một phần hoặc toàn bộ.
Không hoàn trả hoặc bán lại được.
Nếu giá tiền đơn đặt hàng của khách hàng vượt quá giá trị của voucher thì khách hàng phải thanh toán thêm số tiền chênh lệch đó.
Voucher không áp dụng cho các chương trình khuyến mãi khác.
Khách hàng có trách nhiệm bảo mật thông tin mã thẻ quà tặng sau khi đặt mua. LifeLink sẽ không chịu trách nhiệm hoàn trả các mã thẻ bị mất hoặc ở trạng thái ""đã sử dụng"" với bất kỳ lý do gì.
LifeLink sẽ không chịu trách nhiệm đối với chất lượng của sản phẩm được cung cấp cũng như đối với các tranh chấp về sau giữa khách hàng và nhà cung cấp.
LifeLink có quyền sửa chữa hoặc thay đổi điều khoản và điều kiện sử dụng mà không thông báo trước.
Hotline LifeLink: 1900 2065",100,2026-08-23 00:00:00+00,2026-11-21 00:00:00+00,Dang ban,Không quy đổi thành tiền mặt. Hỗ trợ hoàn tiền nếu hủy trước 24h.,//cdn.lifelink.vn/img/c280x280/Cheese-Burger_27072026103809.jpg?sign=8FI7DxpNbVr5SYhmS5__Ow,0,40000000-0000-0000-0000-000000000001
e56f30d6-97e1-4253-8f70-19fa4a7929d9,Evoucher - Hộp quà trung thu Cửu Hạc Diên Niên 2026 phiên bản hộp Vali Popup 3D cao cấp - Combo 6 bánh,"Combo gồm 6 bánh Trung Thu 150g với nhiều hương vị đặc sắc, đáp ứng đa dạng khẩu vị người thưởng thức.
Hộp vali Popup 3D kích thước 38 x 26 x 8,5 cm, thiết kế xanh ngọc thanh nhã, tạo ấn tượng ngay từ ánh nhìn đầu tiên.
Hộp được hoàn thiện bằng kỹ thuật ép kim vàng 9999, mang vẻ đẹp cao cấp và sang trọng.
Đi kèm túi giấy Ivory, thiệp Trung Thu và bộ dao nĩa, tạo nên một bộ quà tặng chỉn chu.
Hình tượng cửu hạc mang thông điệp về trường tồn, thịnh vượng và những mối quan hệ bền vững.
Thiết kế hộp có giá trị lưu giữ, có thể tận dụng làm vật phẩm trang trí hoặc lưu trữ sau mùa Trung Thu.",989000.00,840000.00,"Khách hàng áp dụng: Tất cả khách hàng
Ngày áp dụng: Thứ 2 - Thứ 6
Giờ áp dụng: 9:00 - 17:00
Số lượng E-Voucher áp dụng: Sử dụng 01 voucher/01 hộp quà. Không giới hạn số lượng voucher/ hóa đơn.
Thông tin cách mua hàng HƯỚNG DẪN ĐỔI VOUCHER
Bước 1. Khách hàng nhận voucher liên hệ GIVISTA để đổi hộp quà Trung Thu 2026
Hotline/Zalo: 0969117926
Facebook:
Tại đây
Bước 2. Cung cấp mã voucher để đổi hộp quà
Bước 3. Khách hàng thanh toán phí vận chuyển trực tiếp cho đơn vị vận chuyển
Lưu ý: Không hỗ trợ khách hàng đổi quà trực tiếp tại cửa hàng
Điều kiện khác
Một khách hàng được mua nhiều E-Voucher/E-Coupon
E-Voucher/E-Coupon không có giá trị quy đổi thành tiền mặt, không trả lại tiền thừa.
Không áp dụng đồng thời với chương trình khuyến mại khác
Voucher chưa bao gồm phí vận chuyển Hộp quà tặng đến khách hàng.",100,2026-08-23 00:00:00+00,2026-11-21 00:00:00+00,Dang ban,Không quy đổi thành tiền mặt. Hỗ trợ hoàn tiền nếu hủy trước 24h.,//cdn.lifelink.vn/img/c280x280/ADD-Cuu-Hac-Dien-Nien-6banh_11082026141125.jpg?sign=D7quEmmoXFIIZjbJKCr4GQ,0,40000000-0000-0000-0000-000000000001
e5e61d6c-f4a2-473f-a82b-6db5b64a602d,Nhà hàng Shacha Níu - Buffet lẩu bò Triều Châu menu 398K,"Buffet lẩu bò tươi với thực đơn hơn 150++ món, bò thái tay đặc sắc theo phong cách Triều Châu.
Thịt bò thượng hạng: gầu, gù hoa, thăn, bắp, lõi vai, dẻ sườn… giữ nguyên vị ngọt nhờ thái tay trực tiếp tại quầy.
Topping lẩu và rau nấm đa dạng từ cao cấp đến dân dã.
20 loại nước sốt tự chọn, nổi bật với sốt Shacha “linh hồn” món lẩu Triều Châu đậm đà, độc đáo.
Nước lẩu ninh xương nhiều giờ: vị ngọt thanh tao đến cay nồng, đủ lựa chọn từ lẩu Mala đến lẩu Thái.
Tráng miệng phong phú: chè thạch, kem, sữa chua, chuẩn vị thanh mát sau bữa tiệc no nê.
Không gian sang trọng pha nét cổ điển Trung Hoa, rộng rãi, phù hợp nhóm bạn, gia đình, doanh nghiệp.
Ưu đãi hấp dẫn khi đặt bàn trên LifeLink: tiện lợi, tiết kiệm, xác nhận nhanh chóng.",429840.00,387000.00,"Khách hàng áp dụng:
Tất cả khách hàng
Trẻ em dưới 1m00: Miễn phí
Trẻ em từ 1m00 - 1m30: Tính 50% giá người lớn
Trẻ em từ 1m30 trở lên: Tính như người lớn
Số lượng e-Voucher áp dụng:
01 e-Voucher tương ứng 01 suất buffet cho 01 người lớn
Khách hàng có thể mua nhiều e-Voucher
Quý khách tham khảo menu:
TẠI ĐÂY
Phạm vi sử dụng:
Ngày áp dụng:
Buổi trưa Thứ 2 đến Thứ 6 (Không áp dụng ngày Lễ Tết theo quy định của nhà hàng)
Buổi tối từ Thứ 2 đến Thứ 5
Giờ áp dụng:
11h00 - 14h00 (13h30 đóng quầy line)
18h00 - 22h00 (21h30 đóng quầy line)
Phụ thu:
Phụ thu tại nhà hàng khi sử dụng vào tối thứ 6, thứ 7 và Chủ nhật
Thông tin liên hệ:
Địa chỉ: 26 Lương Định Của, Phường Kim Liên, Hà Nội
Hotline: 0888 113 355
Điều kiện khác:
Mỗi e-Voucher không có giá trị quy đổi thành tiền mặt, không hoàn tiền thừa
Không áp dụng song song với các ưu đãi khác
Giá e-Voucher đã bao gồm VAT",100,2026-08-23 00:00:00+00,2026-11-21 00:00:00+00,Dang ban,Không quy đổi thành tiền mặt. Hỗ trợ hoàn tiền nếu hủy trước 24h.,//cdn.lifelink.vn/img/c280x280/Shacha-Niu-1_08052026103331.jpg?sign=lrIJ6G04tZW_3pIZWe1m3Q,0,40000000-0000-0000-0000-000000000001
e61e603e-333b-4cdd-9707-129c24aa47d9,Tour 4 tiếng City Sightseeing tham quan Hạ Long vé người lớn bao gồm Lễ Tết,"Đi qua các địa danh mang tính biểu tượng của vùng đất của rồng, bao gồm Công viên Sun World, Cảng tàu Tuần Châu, Chợ Cái Dăm và chiêm ngưỡng khung cảnh ngoạn mục của đại dương mênh mông và núi đá vôi từ xa.
Tạo riêng lịch trình của bạn, đi những điểm bạn muốn khám phá vì xe sẽ đưa bạn vào hành trình khám phá thành phố biển Hạ Long luôn biến đổi và phát triển.
Tham quan bảo tàng Quảng Ninh tuyệt đẹp nơi bạn sẽ tìm thấy các triển lãm về lịch sử, văn hóa và thiên nhiên Việt Nam trong không gian đương đại.
Đi một vòng quanh thành phố trong chuyến đi 60 phút hoặc quay lại xe buýt tại bất kỳ điểm dừng nào với vé xe bus 2 tầng City Sightseeing Hạ Long.",299000.00,282000.00,"Khách hàng áp dụng
: Người lớn từ 12 tuổi trở lên
Thời gian hoạt động
: Thứ 2- Chủ nhật
Thời gian
: 8h00 - 22h00
Thời gian 1 lộ trình
: 60 phút/ lộ trình
Tần suất chạy
: 60’ có 1 chuyến
Lộ trình khởi hành
1. Công viên Sun World
2. Chợ Hạ Long
3. Khách sạn sapphie
4. Vincom hạ long
5. Bảo tàng Quảng Ninh
6. Cung quy hoạch - hội trợ triển lãm tỉnh Quảng Ninh
7. Bãi biển cột 8
8.Công viên hoa
9. Công viên Sun World
Phương tiện di chuyển
: Loại xe đang vận hành tại Hạ Long
Xe Thoáng Nóc: (2 xe)
Tầng 1 : 12 ghế + 2 chỗ đứng và xe lăn
Tầng 2 : 42 ghế
Địa điểm đón khách:
Quầy kiosk màu đỏ với logo City Sightseeing: Cổng công viên Sunworld Hạ Long
Dịch vụ không bao gồm
Phí vào cửa
Thức ăn và đồ uống khác
Đón và trả khách sạn
Tiền tips (không bắt buộc)
Dịch vụ tiện ích bao gồm
Khách lên xe được phát 01 tai nghe (sử dụng cho máy thuyết minh tự động), 01 tờ bản đồ lộ trình
Khách được mượn nón khi nắng.
Ngôn ngữ thuyết minh qua audio 6 ngôn ngữ):Tiếng Việt, Anh, Pháp, Trung, Hàn, Nhật
Lưu ý
:
Vé có giá trị lên xuống trong vòng 4 tiếng kể từ lần đầu tiên khách lên trên xe.
Trẻ em từ 1m2 - 1m4 sẽ tính vé theo bảng giá vé.
Trẻ em dưới 1m2 sẽ miễn phí, ngồi trên lòng người lớn. 1 người lớn sẽ kèm theo 1 bé dưới 6 tuổi.
Khách hàng phải làm thủ tục check in hoặc đổi vé điện tử/voucher tại bến xe trước khi sử dụng vé.
Hotline đặt tour & tư vấn
: 19002065
Điều kiện hoãn/huỷ tour
: Voucher không hoàn hủy
Điều kiện khác
Áp dụng 01 E-Voucher/E-Coupon cho 01 khách
Một khách hàng được mua nhiều E-Voucher/E-Coupon
E-Voucher/E-Coupon không có giá trị quy đổi thành tiền mặt, không trả lại tiền thừa.
Không áp dụng đồng thời với chương trình khuyến mại khác",100,2026-08-23 00:00:00+00,2026-11-21 00:00:00+00,Dang ban,Không quy đổi thành tiền mặt. Hỗ trợ hoàn tiền nếu hủy trước 24h.,//cdn.lifelink.vn/img/c280x280/ADD-City-Sightseeing-5_15062026112538.jpg?sign=kieQkOr8RgkjdXSb2ACMBg,0,40000000-0000-0000-0000-000000000003
e76059e9-eb32-4017-b267-178a5b7b7575,X Space Immersive - Vé người lớn khách Việt tham quan toàn bộ Trải nghiệm công nghệ nhập vai,"Khám phá
trải nghiệm công nghệ nhập vai
X Space Immersive tại Royal City với hàng loạt không gian trải nghiệm cực kỳ mãn nhãn.
Phù hợp với khách hàng từ 1m4 trở lên – Lý tưởng cho nhóm bạn trẻ, cặp đôi yêu nghệ thuật, khách du lịch muốn tìm trải nghiệm mới lạ tại Hà Nội.
Đắm chìm trong công nghệ hiện đại như Tunnel LED 3D Mapping, Dome 360°, và cảm biến đa điểm siêu tương tác.
Thỏa sức sống ảo, check-in với từng không gian chủ đề như Rừng ánh sáng vô cực, khu rừng nguyên sinh, hầm ma thuật, đại dương bao la, xứ sở thần tiên, dome vũ trụ, neo art, tunnel ned.
Trải nghiệm hành trình qua 8 phòng độc đáo, mỗi phòng là một vũ trụ nghệ thuật đầy mê hoặc chờ bạn khám phá.
X Space Immersive là
trải nghiệm công nghệ nhập vai
đầu tiên tại Việt Nam kết hợp công nghệ số và nghệ thuật thị giác hiện đại đến thế.
Đặt vé dễ dàng, giao vé nhanh, không cần xếp hàng – trải nghiệm trọn vẹn khi mua qua LifeLink.
Ưu đãi hấp dẫn chỉ có tại LifeLink – cơ hội tuyệt vời để bạn hòa mình vào thế giới nghệ thuật đa chiều.",250000.00,225000.00,"Thông báo nghỉ Tết: Từ 16/2 đến hết 19/2
Khách hàng áp dụng:
Áp dụng cho khách hàng có chiều cao từ 1m4 trở lên
Số lượng e-Voucher áp dụng:
1 e-Voucher/e-Coupon áp dụng cho 1 khách
Mỗi khách hàng được mua nhiều e-Voucher/e-Coupon
Phạm vi sử dụng:
Thời gian áp dụng:
Thứ 2 - Thứ 6: 10h00 - 22h00
Thứ 7, Chủ nhật & Lễ Tết: 9h30 - 22h00
Số lần sử dụng dịch vụ: 1 lần
Thời gian 1 lần sử dụng dịch vụ: 80 phút
Thông tin liên hệ:
Hotline đặt tour & tư vấn (9h00 - 20h00): 1900 2065
Văn phòng HCM: 028.6680 8757
Điều kiện khác:
Áp dụng 01 e-Voucher/e-Coupon cho 01 khách
e-Voucher/e-Coupon không có giá trị quy đổi thành tiền mặt, không trả lại tiền thừa
Không áp dụng đồng thời với chương trình khuyến mại khác",100,2026-08-23 00:00:00+00,2026-11-21 00:00:00+00,Dang ban,Không quy đổi thành tiền mặt. Hỗ trợ hoàn tiền nếu hủy trước 24h.,//cdn.lifelink.vn/img/c280x280/ADD-X-Space-Immersive-4_15062026134417.jpg?sign=SyO98YMwIZ5SZ212F4b7YA,0,40000000-0000-0000-0000-000000000003
e878ea3b-bd02-47c6-87d5-38285d2c0929,Voucher Gà chiên sốt ngũ vị nửa con tại Chicken Plus,"Voucher Gà chiên sốt ngũ vị nửa con tại Chicken Plus mang đến khẩu phần gà chiên 650g hấp dẫn, thích hợp cho 2–3 người thưởng thức.
Gà được phủ sốt ngũ vị đậm đà, hài hòa giữa vị ngọt, mặn, cay và thơm đặc trưng.
Combo đi kèm cơm nắm, đu đủ ngâm, xà lách, sốt chua ngọt và sốt ngũ vị giúp bữa ăn thêm trọn vẹn.
Voucher điện tử chính hãng, dễ dàng mua và sử dụng thông qua LifeLink.
Chicken Plus nổi tiếng với công thức gà chiên chuẩn Hàn cùng các loại sốt độc quyền.
LifeLink mang đến trải nghiệm mua voucher nhanh chóng, tiện lợi và tiết kiệm.",149000.00,145000.00,"Mỗi voucher chỉ được sử dụng 01 lần có thể áp dụng được nhiều voucher cho 01 đơn hàng.
Không có giá trị quy đổi thành tiền mặt, không được hoàn trả tiền thừa.
Chỉ áp dụng cho một số sản phẩm nhất định.
Không hoàn trả hoặc bán lại được.
Nếu giá tiền đơn đặt hàng của khách hàng vượt quá giá trị của voucher thì khách hàng phải thanh toán thêm số tiền chênh lệch đó.
LifeLink không xuất hoá đơn VAT cho khách hàng.
Khách hàng có trách nhiệm bảo mật thông tin mã thẻ quà tặng sau khi đặt mua. LifeLink sẽ không chịu trách nhiệm hoàn trả các mã thẻ bị mất hoặc ở trạng thái ""Đã sử dụng"" với bất kỳ lý do gì.
LifeLink sẽ không chịu trách nhiệm đối với chất lượng sản phẩm hoặc dịch vụ được cung cấp cũng như đối với các tranh chấp về sau giữa khách hàng và nhà cung cấp.
LifeLink có quyền sửa chữa hoặc thay đổi điều khoản và điều kiện sử dụng mà không thông báo trước.
Hotline
LifeLink
: 1900 2065
Địa điểm sử dụng:
https://docs.google.com/spreadsheets/d/1ErdtQi5FCClFIjOWs27EIjhuq0tAGmsG/edit?gid=829289209#gid=829289209",100,2026-08-23 00:00:00+00,2026-11-21 00:00:00+00,Dang ban,Không quy đổi thành tiền mặt. Hỗ trợ hoàn tiền nếu hủy trước 24h.,//cdn.lifelink.vn/img/c280x280/Voucher-Ga-chien-sot-ngu-vi-nua-con_28072026143656.jpg?sign=3eTtVw0T50D_iQcypzN6QQ,0,40000000-0000-0000-0000-000000000001
e915e173-f698-42e4-8bbc-c4b4a1f600a6,"Novotel Saigon Centre - Premium Buffet tối hải sản thượng hạng, tôm hùm, cua biển","Buffet tối hải sản cao cấp với thực đơn hải sản như tôm hùm, cua biển, tôm sú, tôm càng, bào ngư, bạch tuộc, sò điệp, ốc Bulo sashimi cá hồi, sashimi cá ngừ,... và thịt nhập khẩu phong phú.
Quầy BBQ hảo hạng với bò bít tết, cá chẽm, tôm nướng, ốc các loại.
Quầy thịt nguội và pate tinh tế, đậm chất Âu.
Món nóng phong phú, đa dạng khẩu vị từ Á sang Âu.
Quầy salad sáng tạo, nguyên liệu tươi sạch, cân bằng dinh dưỡng.
Món tráng miệng bắt mắt, phong cách Pháp và món Việt ngọt ngào.
Không gian sang trọng, khu vực bếp mở cho trải nghiệm trực tiếp.
Thực đơn được thiết kế bởi đầu bếp chuyên nghiệp, bày trí bắt mắt.",1496000.00,1047000.00,"Voucher áp dụng cho 1 vé Premium Buffet tối hải sản thượng hạng, tôm hùm, cua biển tại Novotel Saigon Centre
Đã bao gồm nước uống (nước ngọt, nước ép, nước suối, trà & cà phê không giới hạn).
Áp dụng cho dùng tại chỗ.
Ngày áp dụng: Thứ 6, Thứ 7, Chủ Nhật hàng tuần. Không áp dụng các ngày lễ Tết theo quy định của nhà hàng. Vui lòng liên hệ nhà hàng để biết rõ thêm thông tin chi tiết.
Giờ áp dụng: 18h00 - 22h00.
Dịch vụ không áp dụng: Không áp dụng mua mang về.
Đã bao gồm phí phục vụ và thuế GTGT. Nhà hàng chịu trách nhiệm xuất hóa đơn khi khách hàng yêu cầu (trên giá bán voucher & phát sinh nếu có).
Số lượng E-Voucher áp dụng: Sử dụng 01 voucher/ 01 người lớn (Không bù thêm tiền).
Chính sách trẻ em:
Dưới 6 tuổi: miễn phí.
Từ 6 - 11 tuổi: 748.000 VNĐ/ trẻ (Đã bao gồm VAT).
Từ 12 tuổi trở lên: Tính 01 voucher như người lớn.
Khách hàng vui lòng đặt chỗ trước khi đến. Trường hợp không đặt chỗ trước, nhà hàng xin phép được cáo lỗi nếu không còn chỗ trống.
Điện thoại: 077 863 8167 hoặc 028 3520 4884.
Địa chỉ: Novotel Saigon Centre: 167 Hai Bà Trưng, Phường Xuân Hòa, TP. Hồ Chí Minh
Điều kiện khác
Một khách hàng được mua nhiều E-Voucher/E-Coupon
E-Voucher/E-Coupon không có giá trị quy đổi thành tiền mặt, không trả lại tiền thừa.
Không áp dụng đồng thời cùng lúc với các chương trình khuyến mại khác tại nhà hàng.",100,2026-08-23 00:00:00+00,2026-11-21 00:00:00+00,Dang ban,Không quy đổi thành tiền mặt. Hỗ trợ hoàn tiền nếu hủy trước 24h.,//cdn.lifelink.vn/img/c280x280/ADD--Buffet-hai-san-Novotel-Saigon-Centre-3_07072026103522.jpg?sign=cZE4X7kaNbCnnZ9i7rd63A,0,40000000-0000-0000-0000-000000000001
e9a94e52-4b38-4255-b3da-35e376666334,SH Premium Lounge Phu Quoc 1 tại Sân bay quốc tế Phú Quốc - Vé người lớn,"Voucher áp dụng cho ""SH Premium Lounge Phu Quoc 1 tại Sân bay quốc tế Phú Quốc - Vé người lớn"" mang đến cho quý khách hàng những giây phút nghỉ ngơi, thư giãn tuyệt vời chuẩn bị cho hành trình bay.
Phòng chờ thương gia Hoa Sim Business Lounge sở hữu phong cách kiến trúc hiện đại, kết hợp đặc trưng của vùng Đảo Ngọc.
Phòng chờ được chia thành nhiều khu vực chức năng như: chỗ nghỉ ngơi, quầy bar/ buffet, phòng hút thuốc... luôn đáp ứng một các tốt nhất nhu cầu đa dạng của hành khách.
Đặc biệt, menu đa dạng, chế biến khéo léo và bày trí đẹp mắt từ các món ăn đặc sản truyền thống của Phú Quốc như: bún quậy, nước sim... đến những món khai vị/ đồ uống/ đồ tráng miệng đặc sắc.
Với đội ngũ nhân viên chuyên nghiệp, chu đáo, nhiệt tình cùng phong cách phục vụ cởi mở, chân thành, hiếu khách, Phòng chờ thương gia Hoa Sim Business Lounge hứa hẹn làm hài lòng mọi quý khách hàng.",450000.00,427500.00,"Voucher bao gồm:
Mã ưu đãi 1 lượt sử dụng dịch vụ phòng chờ
SH Premium Lounge Phu Quoc 1 tại Sân bay quốc tế Phú Quốc - Vé người lớn
Thời gian sử dụng tại Phòng khách là tối đa 03 giờ trước giờ khởi hành ban đầu
Địa điểm áp dụng: Tầng 2, Khu cách ly Quốc nội, Cảng HKQT Phú Quốc (gân cửa ra tàu bay số 12)
Vị trí: Ga đi Quốc nội - Sân Bay Phú Quốc - Phú Quốc
Khách hàng được sử dụng mọi dịch vụ tại phòng chờ theo quy định của phòng chờ.
Mã ưu đãi chỉ có giá trị sử dụng một lần. Không chấp nhận Voucher ưu đãi quá hạn sử dụng hoặc trạng thái “Đã sử dụng""
Vui lòng xuất trình mã ưu đãi cho nhân viên tại quầy để được áp dụng ưu đãi.
Khách hàng có thể được yêu cầu trả thêm tiền nếu sử dụng quá giá trị của Mã ưu đãi.
Lưu ý:
Khách hàng sẽ thanh toán trực tiếp tại quầy lễ tân theo bảng giá công bố cho khách lẻ tại mỗi phòng chờ khi:
Khách hàng sử dụng quá thời gian quy định của phòng chờ.
Khách hàng có phát sinh các dịch vụ khác thêm tại phòng chờ
Khách hàng có trẻ em đi kèm mà chưa đăng ký dịch vụ trước qua LifeLink 1900 2065. Thời gian thông báo tối thiểu với LifeLink trước 1 ngày sử dụng dịch vụ LifeLink hoàn toàn không chịu trách nhiệm khi có các phát sinh thêm bên trên.
Khách hàng áp dụng: Khách trên 12 tuổi
Ngày áp dụng: Tất cả các ngày trong tuần, bao gồm Lễ Tết
Giờ áp dụng: 05:30 - 23:30
Số lượng E-Voucher áp dụng:
01 voucher/khách/1 lượt sử dụng
Áp dụng nhiều voucher trên 1 hóa đơn
Dịch vụ bao gồm: Các dịch vụ theo tiêu chuẩn tại phòng chờ
Dịch vụ không bao gồm: Chi phí cá nhân và các chi phí phát sinh khác
Chính sách phụ thu trẻ em:
Miễn phí tối đa cho 02 trẻ em dưới 5 tuổi đi kèm cùng mỗi người lớn sử dụng dịch vụ Phòng khách.
Trẻ em dưới 5 tuổi thứ ba trở đi và Trẻ em từ 5 tuổi đến 12 tuổi mức phí bằng 50% đơn giá niêm yết/trẻ em.
Hành khách trên 12 tuổi được tính như quy định đối với người lớn.
Các trường hợp người đi kèm, nếu không được thông báo trước, dịch vụ gia tăng sẽ do Khách hàng tự thanh toán tại quầy lễ tân theo bảng giá công bố cho khách lẻ tại Phòng khách.
Chính sách phụ thu sử dụng thêm giờ:
Thời gian sử dụng tại Phòng khách là tối đa 03 giờ trước giờ khởi hành ban đầu.
Cứ mỗi 03 (ba) tiếng thêm giờ phát sinh được xác định là 01 (một) khung thêm giờ (""Block""). Thời gian thêm giờ phát sinh dưới 3 (ba) tiếng được tính tròn là 01 (một) Block.
Đơn giá thêm giờ là: 50% phí dịch vụ /khách/ block (thêm giờ).
Hành khách tự thanh toán chi phí thêm giờ trực tiếp tại quầy lễ tân theo giá công bố tại phòng khách.
Quy trình sử dụng dịch vụ
Bước 1: Khách hàng Xuất trình xuất trình mã ưu đãi/ mã QR trên ứng dụng LifeLink/ hoặc email/ hoặc Zalo cùng Thẻ lên tàu bay tại quầy lễ tân Phòng khách.
Bước 2: Nhân viên Phòng khách xác thực mã QR trên hệ thống.
Trường hợp 1: Xác thực không thành công: Nhân viên Lễ tân Phòng khách từ chối phục vụ khách đồng thời Nhờ khách hàng liên hệ lại Hotline LifeLink 1900 2065 để được hỗ trợ nhanh chóng.
Trường hợp 2: Xác thực thành công: Nhân viên Lễ tân Phòng khách hoàn tất trên hệ thống.
Bước 3: Nhân viên Lễ tân Phòng khách mời Hành khách sử dụng Dịch vụ Phòng chờ Thương gia.
Điều kiện lưu ý bắt buộc
Các trường hợp phát sinh không thông báo trước như: Có vé trẻ em đi kèm,... sẽ do Khách hàng tự thanh toán tại quầy lễ tân theo bảng giá công bố cho khách lẻ tại Phòng khách, LifeLink hoàn toàn không chịu trách nhiệm.
Thời gian thông báo tối thiểu trước 1 ngày sử dụng dịch vụ
Hotline hỗ trợ tư vấn (9h00-20h00): 1900 2065
Điều kiện khác
Áp dụng 01 E-Voucher/E-Coupon cho 01 khách
Một khách hàng được mua nhiều E-Voucher/E-Coupon
E-Voucher/E-Coupon không có giá trị quy đổi thành tiền mặt, không trả lại tiền thừa.
Không áp dụng đồng thời với chương trình khuyến mại khác
Mã ưu đãi được xuất ra sẽ không được đổi trả dưới mọi hình thức.
Giá trên đã bao gồm phí phục vụ và thuế GTGT",100,2026-08-23 00:00:00+00,2026-11-21 00:00:00+00,Dang ban,Không quy đổi thành tiền mặt. Hỗ trợ hoàn tiền nếu hủy trước 24h.,//cdn.lifelink.vn/img/c280x280/2_13052026154011.jpg?sign=yl_PORfk7hPmJysZNxBLsQ,0,40000000-0000-0000-0000-000000000004
eb69ac5a-7191-4f4e-a794-f5055c217b72,Tour City Sightseeing tham quan 1 vòng Hạ Long vé người lớn bao gồm Lễ Tết,"Đi qua các địa danh mang tính biểu tượng của vùng đất của rồng, bao gồm Công viên Sun World, Chợ Hạ Long, Bảo tàng Quảng Ninh, Cảng tàu Tuần Châu.. và chiêm ngưỡng khung cảnh ngoạn mục của đại dương mênh mông và núi đá vôi từ xa.
Tạo riêng lịch trình của bạn, đi những điểm bạn muốn khám phá vì xe sẽ đưa bạn vào hành trình khám phá thành phố biển Hạ Long luôn biến đổi và phát triển.
Tham quan bảo tàng Quảng Ninh tuyệt đẹp nơi bạn sẽ tìm thấy các triển lãm về lịch sử, văn hóa và thiên nhiên Việt Nam trong không gian đương đại.
Đi một vòng quanh thành phố trong chuyến đi 60 phút hoặc quay lại xe buýt tại bất kỳ điểm dừng nào với vé xe bus 2 tầng City Sightseeing Hạ Long.",159000.00,149000.00,"Khách hàng áp dụng
: Người lớn từ 12 tuổi trở lên
Thời gian hoạt động
: Thứ 2- Chủ nhật
Thời gian
: 8h00 - 22h00
Thời gian 1 lộ trình
: 60 phút/ lộ trình
Tần suất chạy
: 60’ có 1 chuyến
Lộ trình khởi hành
1. Công viên Sun World
2. Chợ Hạ Long
3. Khách sạn sapphie
4. Vincom hạ long
5. Bảo tàng Quảng Ninh
6. Cung quy hoạch - hội trợ triển lãm tỉnh Quảng Ninh
7. Bãi biển cột 8
8.Công viên hoa
9. Công viên Sun World
Phương tiện di chuyển:
Loại xe đang vận hành tại Hạ Long
Xe Thoáng Nóc: (2 xe)
Tầng 1 : 12 ghế + 2 chỗ đứng và xe lăn
Tầng 2 : 42 ghế
Địa điểm đón khách
: Quầy kiosk màu đỏ với logo City Sightseeing: Cổng công viên Sunworld Hạ Long
Dịch vụ không bao gồm
Phí vào cửa
Thức ăn và đồ uống khác
Đón và trả khách sạn
Tiền tips (không bắt buộc)
Dịch vụ tiện ích bao gồm
Khách lên xe được phát 01 tai nghe (sử dụng cho máy thuyết minh tự động), 01 tờ bản đồ lộ trình
Khách được mượn nón khi nắng.
Ngôn ngữ thuyết minh qua audio 6 ngôn ngữ):Tiếng Việt, Anh, Pháp, Trung, Hàn, Nhật
Lưu ý
:
Vé chỉ có giá trị sử dụng để đi 1 vòng, tính từ địa điểm khách lên đầu tiên & trả về đúng địa điểm đó. Vé không có giá trị lên xuống tại điểm, khi khách xuống vé sẽ hết hiệu lực.
Trẻ em từ 1m2 - 1m4 sẽ tính vé theo bảng giá vé.
Trẻ em dưới 1m2 sẽ miễn phí, ngồi trên lòng người lớn (1 người lớn sẽ kèm theo 1 bé dưới 6 tuổi).
Khách hàng phải làm thủ tục check in hoặc đổi vé điện tử/voucher tại bến xe trước khi sử dụng vé.
Hotline đặt tour & tư vấn
: 19002065
Điều kiện hoãn/huỷ tour
: Voucher không hoàn hủy
Điều kiện khác
Áp dụng 01 E-Voucher/E-Coupon cho 01 khách
Một khách hàng được mua nhiều E-Voucher/E-Coupon
E-Voucher/E-Coupon không có giá trị quy đổi thành tiền mặt, không trả lại tiền thừa.
Không áp dụng đồng thời với chương trình khuyến mại khác",100,2026-08-23 00:00:00+00,2026-11-21 00:00:00+00,Dang ban,Không quy đổi thành tiền mặt. Hỗ trợ hoàn tiền nếu hủy trước 24h.,//cdn.lifelink.vn/img/c280x280/ADD-CitySightseeing-Ha-Long-Bay-6_10072026140629.jpg?sign=TkBe0wfhP3r4NyXt_nsBcw,0,40000000-0000-0000-0000-000000000003
ebe4fe59-ed1f-4241-ab71-f8ad8d5fbde4,Voucher Soybean Chicken tại Lotteria,"Voucher Soybean Chicken tại Lotteria gồm 01 miếng Gà Sốt Đậu thơm ngon.
Gà rán vàng giòn phủ lớp sốt đậu đậm đà, chuẩn hương vị Hàn Quốc.
Thịt gà mềm mọng bên trong, lớp da giòn rụm hấp dẫn.
Phù hợp để thưởng thức như món ăn nhẹ hoặc dùng kèm các món khác tại Lotteria.
Voucher chính hãng, dễ dàng sử dụng tại hệ thống Lotteria trên toàn quốc.
Đặt mua nhanh trên LifeLink để nhận nhiều ưu đãi hấp dẫn.",40000.00,38000.00,"Voucher không áp dụng hình thức đổi trả/ hủy/ hoàn tiền.
Được sử dụng tối đa 5 voucher/ ngày/ hóa đơn.
Không áp dụng đổi hàng cho đơn hàng số lượng lớn (theo quy định của Lotteria).
Mỗi voucher chỉ được sử dụng 01 lần.
Chỉ áp dụng cho một số sản phẩm nhất định.
Trong trường hợp sản phẩm được chỉ định không có sẵn, khách hàng có thể lựa chọn các sản phẩm có cùng giá t.rị.
Không đổi được ra tiền mặt một phần hoặc toàn bộ.
Không hoàn trả hoặc bán lại được.
Nếu giá tiền đơn đặt hàng của khách hàng vượt quá giá trị của voucher thì khách hàng phải thanh toán thêm số tiền chênh lệch đó.
Voucher không áp dụng cho các chương trình khuyến mãi khác.
Khách hàng có trách nhiệm bảo mật thông tin mã thẻ quà tặng sau khi đặt mua. LifeLink sẽ không chịu trách nhiệm hoàn trả các mã thẻ bị mất hoặc ở trạng thái ""đã sử dụng"" với bất kỳ lý do gì.
LifeLink sẽ không chịu trách nhiệm đối với chất lượng của sản phẩm được cung cấp cũng như đối với các tranh chấp về sau giữa khách hàng và nhà cung cấp.
LifeLink có quyền sửa chữa hoặc thay đổi điều khoản và điều kiện sử dụng mà không thông báo trước.
Hotline LifeLink: 1900 2065",100,2026-08-23 00:00:00+00,2026-11-21 00:00:00+00,Dang ban,Không quy đổi thành tiền mặt. Hỗ trợ hoàn tiền nếu hủy trước 24h.,//cdn.lifelink.vn/img/c280x280/Soybean-Chicken_27072026163020.jpg?sign=HdhhB0qlO3vZuXD6D1W55w,0,40000000-0000-0000-0000-000000000001
ebef068f-f61c-411f-9ebb-3da4aab3a5d7,"Vé Tàu Hà Nội 5 Cửa Ô Tầng 1 - Toa Ô Cầu Dền, Ô Quan Trưởng, Ô Cầu Giấy, Ô Đống Mác - The Hanoi Train","Vé Tàu Hà Nội 5 Cửa Ô Tầng 1 mang đến trải nghiệm khám phá không gian văn hóa độc đáo trên The Hanoi Train.
Các toa Ô Cầu Dền, Ô Quan Chưởng, Ô Cầu Giấy và Ô Đống Mác được thiết kế theo chủ đề riêng, đậm dấu ấn Thăng Long xưa.
Nội thất hiện đại, sang trọng cùng cửa kính lớn giúp du khách ngắm trọn cảnh đẹp dọc hành trình.
Mỗi chuyến tàu là sự kết hợp hài hòa giữa kiến trúc, nghệ thuật và ẩm thực Hà Nội.
Phù hợp cho khách du lịch, gia đình, nhóm bạn và những người yêu thích trải nghiệm văn hóa.
Đặt vé nhanh chóng, tiện lợi và an tâm cùng LifeLink.",550000.00,550000.00,"Khách hàng áp dụng: Tất cả khách hàng từ 8 tuổi trở lên.
Ngày áp dụng
Tháng 7:
8h00: Ngày 17, 18, 19, 29, 31
13h30: Ngày 18, 19, 28
Tháng 08
8h00: Ngày 01, 02, 05, 07, 08, 09, 12, 14, 15, 16, 19, 21, 22, 23, 26, 28, 29, 30
13h30: Ngày 1, 2, 4, 6, 8, 9, 11, 13, 15, 16, 18, 20, 22, 23, 25, 27, 29, 30
Tháng 09
8h00: Ngày 01, 02, 04, 05, 06, 09, 11, 12, 13, 16, 18, 19, 20, 23, 25, 26, 27, 30
13h30: Ngày 01, 02, 05, 06, 08, 10, 12, 13, 15, 17, 19, 20, 22, 24, 26, 27, 29
Tháng 10
8h00: Ngày 02, 03, 04, 07, 09, 10, 11, 14, 16, 17, 18, 20, 21, 23, 25, 28, 30, 31
13h30: 01, 03, 04, 06, 08, 10, 11, 13, 15, 16, 17, 18, 20, 22, 24, 25, 27, 29, 31
Giờ áp dụng: 8h00 hoặc 13h30
Số lượng E-Voucher áp dụng: 01 E-voucher/ 1 khách
Lưu ý:
Trẻ em dưới 3 tuổi miễn phí vé, sử dụng chung chỗ với người lớn, mỗi người lớn được kèm tối đa 01 trẻ em dưới 3 tuổi, từ trẻ em thứ 2 trở lên phải mua vé trẻ em
Trẻ từ 3- 8 tuổi: Giảm 10% so với giá vé người lớn
Khách hàng liên hệ đăng ký dịch vụ trước khi đến để được phục vụ tốt nhất
Điện thoại: 1900 2065
Địa chỉ: Cửa 1C, sảnh Bắc - Ga Hà Nội - 120 Lê Duẩn - Văn Miếu - Hà Nội
Điều kiện khác
E-Voucher không có giá trị quy đổi thành tiền mặt, không trả lại tiền thừa.
Không áp dụng đồng thời với chương trình khuyến mại khác
Vé đã mua không hoàn/ hủy",100,2026-08-23 00:00:00+00,2026-11-21 00:00:00+00,Dang ban,Không quy đổi thành tiền mặt. Hỗ trợ hoàn tiền nếu hủy trước 24h.,//cdn.lifelink.vn/img/c280x280/ADD-5-cua-o-4_17072026120044.jpg?sign=IMFLQHmnLePaspbhJ-P3lg,0,40000000-0000-0000-0000-000000000003
ed21dec3-ff53-4f41-b369-f4fad9c4ae33,Aurora Halong Cruises - Hải trình 6 tiếng trên vịnh Hạ Long,"Hải trình 6 tiếng trên Vịnh Hạ Long bằng du thuyền Aurora Halong 5 sao.
Thưởng thức buffet trưa Á - Âu với hải sản tươi sống.
Thăm các điểm nổi tiếng: Động Sửng Sốt, Hang Luồn, Đảo Titop, Núi Bài Thơ.
Thư giãn trên Sundeck, tham gia Sunset Party và Happy Hour.
Dịch vụ Jacuzzi bốn mùa trên boong, view Vịnh tuyệt đẹp.
Du thuyền rộng rãi, thoải mái, riêng tư và sang trọng.
Đội ngũ nhân viên 5 sao chuyên nghiệp và tận tâm.",1100000.00,1000000.00,"Ngày áp dụng
: Thứ 2 - Chủ nhật.
Thứ 6,7, chủ nhật phụ thu 50.000Vnd/ 1 voucher
Thời gian áp dụng theo lịch trình:
12h00 -18h00
Số lượng E-Voucher áp dụng
: 01 E-voucher/ 1 người
Dịch vụ bao gồm:
Lịch trình 6 tiếng trên tàu thăm quan Vịnh + tiệc buffet trưa
Du thuyền sang trọng, tiêu chuẩn 5 sao
Điều hòa suốt hành trình trên du thuyền
01 Bữa trưa Buffet Âu - Á thượng hạng trên du thuyền
01 Bữa Brunch/ 01 bữa tối đối với chương trình tour sáng/ tối
Đồ uống chào mừng. khăn lạnh trên du thuyền
Tour tham quan 6 tiếng: Tham quan hang Sửng Sốt; Tắm biển, leo núi tại Đảo Titop;
Chèo thuyền Kayak hoặc ngồi thuyền nan tham quan hang Luồn. Tiệc hoàng hôn:
Nước ép trái cây, trái cây và bánh ngọt.
Bể sục Jacuzzi
Khăn tắm phục vụ miễn phí
Phí tham quan và vé thắng cảnh theo chương trình
Bảo hiểm theo vé tham quan
Chụp ảnh bằng flycam hoặc máy cơ
Dịch vụ không bao gồm:
Đồ uống order tại quầy bar, tiền Tip và chi phí cá nhân khác
Xe limousine hiện đại hai chiều cao tốc từ Phố Cổ Hà Nội - Tuần Châu - Hà Nội: 17 - 22 ghế (phụ thu 400.000 Vnđ/ 2 chiều, Xe shuttle bus 30 ghế: 300.000 vnd/ khách/ 2 chiều)
Nước khoáng trên xe Limousine: 2 chai/2 chiều/khách
Thuế VAT 8% và phụ phí
Thanh toán bằng thẻ trên tàu: 4-5% phí ngân hàng
Phụ thu:
Trẻ từ 1 đến 4 tuổi: Miễn phí cho 1 trẻ đi cùng đoàn 20 người lớn; trẻ thứ 2 phụ thu 200.000 vnđ. Nếu trẻ cao trên 1,2m, phụ huynh tự chi trả phát sinh vé tham quan nếu có.
Trẻ từ 5 đến 8 tuổi: Tính 75% giá người lớn.
Trẻ từ 9 tuổi trở lên: Tính 100% giá người lớn.
Phụ thu lễ 30/4, 1/5, 2/9: 100.000 vnđ/khách.
Thông tin liên hệ:
Hotline: 19002065
Điều kiện khác:
E-voucher không có giá trị quy đổi thành tiền mặt.
Không trả lại tiền thừa khi sử dụng dịch vụ.
Không áp dụng đồng thời với chương trình khuyến mại khác.
Không hoàn/hủy booking sau khi xác nhận.",100,2026-08-23 00:00:00+00,2026-11-21 00:00:00+00,Dang ban,Không quy đổi thành tiền mặt. Hỗ trợ hoàn tiền nếu hủy trước 24h.,//cdn.lifelink.vn/img/c280x280/3_27052026115344.jpg?sign=W80MTcg1w7ZlRsTEDL6CFQ,0,40000000-0000-0000-0000-000000000004
ee299f97-2a7c-4ffd-9445-6c4534cb7f77,Buffet thịt nướng la gu,Thịt bò việt nam chất lượng cao,900000.00,600000.00,Áp dụng cho mọi hoá đơn . Vui lòng xuất trình mã trước khi sử dụng.,110,2026-08-27 14:22:00+00,2026-09-25 14:22:00+00,Dang ban,Không quy đổi thành tiền mặt. Hỗ trợ hoàn tiền nếu hủy trước 24h.,https://encrypted-tbn0.gstatic.com/images?q=tbn:ANd9GcTJHR_-QxxUqq_M1_RISvuR4Zvf4lyMWvtuZQneELH2LQ&s=10,0,40000000-0000-0000-0000-000000000001
eec0c23b-4b22-4ee4-84d2-38894a98dbbe,kidzooona GO Buôn Ma Thuột - Vé vào cổng khu vui chơi bao gồm Lễ Tết,"Khám phá không gian vui chơi năng động của kidzooona GO Buôn Ma Thuột, nơi tràn ngập tiếng cười và sắc màu sáng tạo.
Lý tưởng cho gia đình có trẻ em, nhóm bạn nhỏ hay các cặp đôi muốn thư giãn cuối tuần năng động và an toàn.
Khu vui chơi với cách bài trí hiện đại, đa dạng hoạt động giúp phát triển thể chất và trí tuệ dành cho các em nhỏ.
Môi trường thoáng mát, đảm bảo vệ sinh và an toàn tuyệt đối cho trẻ, luôn có nhân viên sẵn sàng hỗ trợ.
Kidzooona luôn chú trọng trải nghiệm check-in sống động cho bé và gia đình, tạo nên nhiều kỷ niệm khó quên.
Giá vé hợp lý giúp bạn chủ động lựa chọn theo nhu cầu, linh hoạt giờ giấc tham gia.
Mua vé tại LifeLink để nhận ưu đãi hấp dẫn, giao dịch nhanh chóng, thủ tục đơn giản.
Đặt vé kidzooona GO Buôn Ma Thuột qua LifeLink để cả nhà thêm gắn kết và trải nghiệm trọn vẹn.",98000.00,79000.00,"Voucher áp dụng cho Vé vào cổng dành cho 1 bé và 1 người lớn tại kidzooona GO Buôn Ma Thuột bao gồm Lễ Tết
Voucher không bao gồm vớ/tất.
Khu vui chơi quy định luôn sử dụng vớ/tất, Quý khách vui lòng chuẩn bị vớ/tất trước khi vào khu vui chơi hoặc mua vớ/tất tại quầy.
Nhằm đảm bảo vệ sinh, khu vui chơi yêu cầu luôn mang tất trong suốt thời gian vui chơi.
Lưu ý: Luôn giữ vòng tay cẩn thận để được ra vào nhiều lần trong ngày nhé.
Khách hàng áp dụng: Trẻ em từ 1 tuổi đến dưới 12 tuổi, 01 vé áp dụng cho 01 trẻ + 01 người lớn
Ngày áp dụng Tất cả các ngày trong tuần, bao gồm Lễ Tết
Giờ áp dụng: 09:00 đến 21:00
Số lượng E-Voucher áp dụng: 01 voucher/ 01 bé kèm 01 phụ huynh
Phụ thu (nếu có) 1 bé kèm 1 phụ huynh nếu phát sinh thêm các phụ huynh khác thì phụ thu 50.000đ/Phụ huynh
Thông tin LH đặt dịch vụ
Hotline hỗ trợ: 1900 2065
Địa chỉ: Lô 2S22-B, TTTM Go! Buôn Ma Thuột, Góc đường Nguyễn Thị Định và đường Vành đai Phía Tây, Phường Thành Nhất, Tỉnh Đắk Lắk
Điều kiện khác
E-Voucher/E-Coupon không có giá trị quy đổi thành tiền mặt, không trả lại tiền thừa.
Không áp dụng đồng thời với chương trình khuyến mại khác",100,2026-08-23 00:00:00+00,2026-11-21 00:00:00+00,Dang ban,Không quy đổi thành tiền mặt. Hỗ trợ hoàn tiền nếu hủy trước 24h.,//cdn.lifelink.vn/img/c280x280/ADD-Kidzooona-3_06072026160832.jpg?sign=KF5EVS8-miOznWH8E82sYw,0,40000000-0000-0000-0000-000000000003
efcec772-e298-4c48-8689-f21966e4533b,Cinesphere - Phòng chiếu phim 8K - Combo 2 Vé trải nghiệm tiêu chuẩn 2 phim 8k công nghệ cao,"Thưởng thức hai bộ phim 8K công nghệ cao tại Cinesphere Vạn Hạnh Mall, trải nghiệm không gian nghệ thuật đa chiều sống động và độc đáo.
Công nghệ led 3D – VR – AI tiên tiến tạo nên phòng chiếu nhập vai hoàn toàn, giúp người xem hòa mình chân thực mà không cần kính.
Màn hình đa diện cùng hiệu ứng ánh sáng vượt trội tái hiện không gian vũ trụ bao la, thành phố tương lai, tạo cảm giác “xuyên không” cực ấn tượng.
Phù hợp cho mọi đối tượng: gia đình, nhóm bạn, các bạn trẻ đam mê nghệ thuật, công nghệ và các tín đồ “săn” trải nghiệm độc đáo.
Là thánh địa """"check-in"""" với góc nghệ thuật đầy cảm hứng, lý tưởng để sáng tạo ảnh, clip triệu view cho mạng xã hội.
Đem đến trải nghiệm giải trí nhập vai đa giác quan, nâng cao nhận thức, khơi gợi niềm đam mê công nghệ cho cộng đồng trẻ.",250000.00,220000.00,"Voucher áp dụng cho 1 Vé trải nghiệm tiêu chuẩn combo 2 phim 8k công nghệ cao tại Cinesphere - Phòng chiếu phim 8K
Bao gồm vé trải nghiệm 2 bộ phim được chiếu theo lịch công bố phim tại quầy
Khách hàng áp dụng: Áp dụng tất cả các khách hàng
Ngày áp dụng: Tất cả các ngày trong tuần, ko bao gồm Lễ Tết, bù Lễ (theo quy định Nhà Nước)
Giờ áp dụng: 10:00 - 22:00
Lưu ý: Trẻ em dưới 8 tuổi cần có 1 người lớn đi kèm để đảm bảo trải nghiệm tốt nhất
Lễ Tết phụ thu: 5%
Số lượng E-Voucher áp dụng: 01 voucher/ 01 khách
Áp dụng nhiều voucher/1 hóa đơn
Thông tin liên hệ đặt dịch vụ:
Hotline hỗ trợ: 1900 2065
Hotline phòng vé: 0366 431 179
Tầng 4 Vạn Hạnh Mall, 11 Sư Vạn Hạnh, Phường Hòa Hưng, TP. Hồ Chí Minh
Điều kiện khác
Một khách hàng được mua nhiều E-Voucher/E-Coupon
E-Voucher/E-Coupon không có giá trị quy đổi thành tiền mặt, không trả lại tiền thừa.
Không áp dụng đồng thời với chương trình khuyến mại khác",100,2026-08-23 00:00:00+00,2026-11-21 00:00:00+00,Dang ban,Không quy đổi thành tiền mặt. Hỗ trợ hoàn tiền nếu hủy trước 24h.,//cdn.lifelink.vn/img/c280x280/Cinesphere-Vạn-Hạnh-Mall--3-_08052026103739.jpg?sign=-ElmbeB4IuQpBeWNuncv9A,0,40000000-0000-0000-0000-000000000003
f002fd97-623e-470e-81a2-ac78e7e36d08,E-Coupon - Miễn phí khám và tư vấn chuyên sâu tại DiaB,"E-Coupon - Miễn phí khám và tư vấn chuyên sâu tại DiaB giúp bạn tiếp cận dịch vụ khám chuyên khoa chất lượng hoàn toàn miễn phí.
Được tư vấn bởi đội ngũ bác sĩ chuyên sâu về đái tháo đường, béo phì và các bệnh lý chuyển hóa.
Hỗ trợ đánh giá sức khỏe toàn diện và xây dựng kế hoạch điều trị phù hợp với từng cá nhân.
Áp dụng mô hình quản lý sức khỏe chuẩn y khoa, cá thể hóa theo từng người bệnh.
Đồng hành giúp kiểm soát bệnh lý chuyển hóa và xây dựng lối sống lành mạnh.
Đặt lịch nhanh chóng và thuận tiện thông qua LifeLink.",350000.00,9000.00,"Khách hàng áp dụng: Tất cả khách hàng
Ngày áp dụng: Tất các các ngày
Giờ áp dụng: 08h00 - 18h00
Số lượng E-Voucher áp dụng: Mỗi tài khoản/khách hàng chỉ được đổi và sử dụng Phiếu ưu đãi 01 lần.
Hướng dẫn đặt dịch vụ:
Cách 1: Đặt lịch: Khách hàng vui lòng gọi Hotline hoặc nhắn tin zalo: 0903 027 308 và đọc mã code để DiaB ghi nhận, đối soát.
Cách 2: Check-in: Khách hàng xuất trình mã ưu đãi tại phòng khám để được xác nhận và trải nghiệm dịch vụ.
Điều kiện khác
Mỗi Phiếu ưu đãi chỉ có giá trị sử dụng 01 lần và không có giá trị quy đổi thành tiền mặt.
Không áp dụng đồng thời với các chương trình khác",100,2026-08-23 00:00:00+00,2026-11-21 00:00:00+00,Dang ban,Không quy đổi thành tiền mặt. Hỗ trợ hoàn tiền nếu hủy trước 24h.,//cdn.lifelink.vn/img/c280x280/Voucher-mien-phi-kham_04082026091222.png?sign=sEbiRhkn4QFev_MWIB4hpw,0,40000000-0000-0000-0000-000000000002
f0302ea0-7f49-4ab5-ab95-9db0c043cb52,Sơn Tiên Amazing World - Combo 1 Công Viên chuyên đề - Vé trẻ em,"Trọn gói combo vé vui chơi hấp dẫn dành cho trẻ em tại Sơn Tiên Amazing World, mở ra thế giới giải trí sôi động và đa sắc màu.
Được tham gia đa dạng trò chơi: Vé Xe lửa, VR Game, Xe tăng, Lâu Đài Tuyết, 18 Tầng Địa Ngục và Thuyền điện, mỗi trò chơi trải nghiệm một lần.
Địa điểm ghi danh với 6 kỷ lục Việt Nam, không gian rộng lớn với thiết kế độc đáo và nhiều công trình check-in nổi bật cho cả gia đình.
Phù hợp cho trẻ em, các gia đình, nhóm bạn trẻ muốn tận hưởng một ngày vui chơi tràn đầy năng lượng và cảm hứng khám phá.
Trải nghiệm cảm giác mạnh với những trò chơi hiện đại như VR Game, hoặc tận hưởng khoảnh khắc thú vị tại Lâu Đài Tuyết mát lạnh.
An tâm với dịch vụ vui chơi an toàn, được đầu tư chất lượng, nhiều khu vực chủ đề phong phú, thích hợp tham quan, chụp ảnh, khám phá nghệ thuật.
Ưu đãi combo giúp tiết kiệm chi phí, linh hoạt lịch trình, mang lại giá trị vượt trội cho gia đình, nhất là vào dịp cuối tuần và nghỉ lễ.
Đặt vé vui chơi nhanh chóng, tiện lợi tại Dealtoday – săn deal tốt nhất, nhận e-voucher tức thì chỉ với vài thao tác đơn giản!",280000.00,255000.00,"Voucher áp dụng cho Combo 1 Công Viên chuyên đề - Dành cho trẻ em tại Sơn Tiên Amazing World
Dịch vụ Bao gồm:
Vé Xe lửa
VR Game (thực tế ảo)
Xe tăng
Lâu Đài Tuyết
18 Tầng địa ngục
Thuyền điện
Khách hàng áp dụng:
Trẻ em: Từ 1m - 1m4
Số lượng E-voucher áp dụng:
01 code/01 vé/01 khách
Mỗi khách hàng được mua nhiều E-Voucher/E-Coupon
Phạm vi sử dụng:
Ngày áp dụng: Áp dụng tất cả các ngày trong tuần, bao gồm cả Lễ Tết
Thời gian sử dụng: 09:00 - 17:00
Lưu ý:
Vui lòng liên hệ đăng ký dịch vụ trước 02 ngày (không tính Thứ 7 và Chủ Nhật) để được sử dụng voucher. LifeLink và quầy soát vé có thể không hỗ trợ nếu chưa đăng ký trước.
Mỗi trò chơi chỉ được tham gia một lần.
Thông tin liên hệ:
Địa chỉ: The Amazing Bay - Vịnh Kỳ Diệu, Quốc Lộ 51, Khu Phố 4, Phường An Hoà, Biên Hoà, Đồng Nai
Hotline: 1900 2065
Điều kiện khác:
E-Voucher/E-Coupon không có giá trị quy đổi thành tiền mặt, không trả lại tiền thừa.
Không áp dụng đồng thời với chương trình khuyến mại khác
Voucher không áp dụng hoàn, hủy.",100,2026-08-23 00:00:00+00,2026-11-21 00:00:00+00,Dang ban,Không quy đổi thành tiền mặt. Hỗ trợ hoàn tiền nếu hủy trước 24h.,//cdn.lifelink.vn/img/c280x280/ADD-Son-Tien-Amazing-World-4_09062026153007.jpg?sign=s_K_ufYTvu9hpBjaTahZ9A,0,40000000-0000-0000-0000-000000000003
f10caf34-92a8-41b2-a805-48ae83bc7190,Ngự thuyền Hueritage - Vãn Trà - Trà chiều Đông Dương,"Trà chiều “Vãn Trà – Trà chiều Đông Dương” trên Ngự thuyền Hueritage mang đến hành trình thưởng trà tinh tế giữa lòng Huế thơ mộng.
Thực đơn hài hòa: Xuân hòa vị, bánh ép làng Sịa, tart xoài muối ớt, Madeleines, Canelé, Phục Linh, Tế Điều; phục vụ không giới hạn trà hoa hoặc trà Bá Tước.
Trải nghiệm đa giác quan với hương trà thanh nhã, âm nhạc Đàn Tranh – Sáo Trúc sâu lắng và khung cảnh sông Hương dịu dàng.
Xuôi dòng Hương Giang, ngắm Nghinh Lương Đình, Cầu Nguyễn Hoàng, Kim Long, Phú Mộng trong không gian an yên, lãng mạn.
Cầu nối du khách với giá trị văn hóa truyền thống qua ẩm thực và nghệ thuật biểu diễn dân gian đương đại.
Đặt voucher qua LifeLink để nhận ưu đãi hấp dẫn và tận hưởng trọn vẹn khoảnh khắc trà chiều đậm chất Cố đô.",789000.00,758000.00,"Ngày áp dụng: Tất cả các ngày trong tuần.
Giờ áp dụng: 15h - 16h30.
Số lượng e-Voucher áp dụng:
01 e-voucher/1 khách.
1 khách có thể mua nhiều e-voucher.
Phụ thu: Phụ thu 20% sẽ được áp dụng vào các ngày lễ quốc gia và các sự kiện lớn tại địa phương:
Tết Nguyên Đán từ ngày 16/02/2026 – 20/02/2026 (nhằm ngày 29/12/2025 AL đến 04/01/2026 AL).
Giỗ Tổ Hùng Vương 26/04/2026 (nhằm ngày 10/03/2026 AL).
Ngày Giải phóng miền Nam, Thống nhất đất nước và Ngày Quốc tế Lao động 30/04/2026 - 01/05/2026.
Lễ Quốc khánh 02/09/2026.
Giáng sinh 24/12 và Tết Dương lịch 31/12.
Khách hàng liên hệ đăng ký dịch vụ trước khi đến để được phục vụ tốt nhất.
Hotline đặt vé & tư vấn (9h00 - 20h00): 1900 2065 / 0934 661 016.
Địa chỉ: Nghinh Lương Đình, Đường Lê Duẩn, Phường Phú Xuân, Thành phố Huế.
Điều kiện
e-Voucher không có giá trị quy đổi thành tiền mặt, không trả lại tiền thừa.
Không áp dụng đồng thời với chương trình khuyến mại khác.
Mức giá trên đã bao gồm thuế VAT, phí phục vụ.
Không hoàn/hủy khi đã mua vé.
Để đảm bảo an toàn cho du khách khi trải nghiệm dịch vụ của Ngự thuyền Hueritage, từ chối nhận khách dưới 6 tuổi.
Đặt ít nhất 3 ngày trước ngày sử dụng dịch vụ.
Số lượng khách tối thiểu ghép đoàn để khởi chạy: 6 khách.
Điều kiện lưu ý bắt buộc: Để đảm bảo quyền lợi, vui lòng liên hệ với chúng tôi để kiểm tra tình trạng chỗ trống trên tàu, các khoản phụ thu (nếu có) trước khi đặt dịch vụ và thanh toán. Mọi trường hợp khách hàng đã thanh toán nhưng chưa liên hệ trước với LifeLink, chúng tôi hoàn toàn không chịu trách nhiệm.",100,2026-08-23 00:00:00+00,2026-11-21 00:00:00+00,Dang ban,Không quy đổi thành tiền mặt. Hỗ trợ hoàn tiền nếu hủy trước 24h.,//cdn.lifelink.vn/img/c280x280/Hueritage-Cruises_18052026163924.jpg?sign=qUikPbcip4cpdl54sXemYQ,0,40000000-0000-0000-0000-000000000001
f1232d73-000d-4f56-9363-cd68e2b647f2,Voucher Shrimp Burger tại Lotteria,"Voucher Shrimp Burger tại Lotteria bao gồm 01 Burger Tôm hấp dẫn.
Burger với nhân tôm chiên giòn, thơm ngon và đậm vị.
Bánh burger mềm mịn kết hợp rau tươi cùng sốt đặc trưng tạo nên hương vị hài hòa.
Phù hợp cho bữa sáng, bữa trưa hoặc bữa ăn nhẹ nhanh gọn.
Voucher chính hãng, dễ dàng sử dụng tại hệ thống Lotteria trên toàn quốc.
Đặt mua nhanh trên LifeLink để tận hưởng nhiều ưu đãi hấp dẫn.",48000.00,45000.00,"Voucher không áp dụng hình thức đổi trả/ hủy/ hoàn tiền.
Được sử dụng tối đa 5 voucher/ ngày/ hóa đơn.
Không áp dụng đổi hàng cho đơn hàng số lượng lớn (theo quy định của Lotteria).
Mỗi voucher chỉ được sử dụng 01 lần.
Chỉ áp dụng cho một số sản phẩm nhất định.
Trong trường hợp sản phẩm được chỉ định không có sẵn, khách hàng có thể lựa chọn các sản phẩm có cùng giá t.rị.
Không đổi được ra tiền mặt một phần hoặc toàn bộ.
Không hoàn trả hoặc bán lại được.
Nếu giá tiền đơn đặt hàng của khách hàng vượt quá giá trị của voucher thì khách hàng phải thanh toán thêm số tiền chênh lệch đó.
Voucher không áp dụng cho các chương trình khuyến mãi khác.
Khách hàng có trách nhiệm bảo mật thông tin mã thẻ quà tặng sau khi đặt mua. LifeLink sẽ không chịu trách nhiệm hoàn trả các mã thẻ bị mất hoặc ở trạng thái ""đã sử dụng"" với bất kỳ lý do gì.
LifeLink sẽ không chịu trách nhiệm đối với chất lượng của sản phẩm được cung cấp cũng như đối với các tranh chấp về sau giữa khách hàng và nhà cung cấp.
LifeLink có quyền sửa chữa hoặc thay đổi điều khoản và điều kiện sử dụng mà không thông báo trước.
Hotline LifeLink: 1900 2065",100,2026-08-23 00:00:00+00,2026-11-21 00:00:00+00,Dang ban,Không quy đổi thành tiền mặt. Hỗ trợ hoàn tiền nếu hủy trước 24h.,//cdn.lifelink.vn/img/c280x280/Shrimp-Burger_27072026155340.jpg?sign=xDqGq34VEd8s_RH_sWa4sw,0,40000000-0000-0000-0000-000000000001
f191c1ad-becc-4930-8026-62acda65148d,"Đài Quan Sát Lotte Hà Nội Sky - Combo Đồ uống, Ảnh, Trò chơi VR Gliding, Quà lưu niệm cho Người lớn","Khám phá cảm giác mạnh khi bước trên sàn kính Skywalk trong suốt tại độ cao 272m, ngắm nhìn Hà Nội 360 độ toàn cảnh.
Trải nghiệm VR Icarus Gliding - trò chơi thực tế ảo độc đáo, đưa bạn bay lượn khám phá các cung đường tuyệt đẹp giữa lòng Thủ đô.
Địa chỉ vị trí thuận tiện: Tầng 65 Lotte Center, 54 Liễu Giai, phường Giảng Võ - một biểu tượng mới giữa thành phố Hà Nội hiện đại.
Phù hợp cho mọi lứa tuổi: bạn trẻ, gia đình, nhóm bạn, các cặp đôi yêu thích trải nghiệm mới lạ và cảm giác mạnh.
Không gian đẳng cấp với kính viễn vọng, dịch vụ đồ uống, chụp ảnh và nhiều tiện ích hấp dẫn đi kèm.
Đạt tiêu chuẩn an toàn hiện đại, được đông đảo khách du lịch và người dân Hà Nội lựa chọn làm điểm check-in hot nhất.
Đặt vé nhanh chóng qua LifeLink - nhận ưu đãi trực tiếp, yên tâm săn deal giải trí chất lượng, tiết kiệm chi phí.",640000.00,490000.00,"Khách hàng áp dụng:
Dành cho khách hàng trên 12 tuổi
Số lượng E-voucher áp dụng:
01 voucher/01 người/01 lần sử dụng.
Mỗi khách hàng được mua nhiều E-Voucher/E-Coupon.
Phạm vi sử dụng:
Áp dụng vào các ngày trong tuần, bao gồm cả ngày Lễ.
Thời gian mua vé combo: 9:30 - 22:30 hàng ngày.
Đổi vé tại quầy B1 đài quan sát LOTTE Hanoi Sky trước 22:30 mỗi ngày.
Lưu ý:
Trò chơi VR Icarus Gliding chỉ dành cho người trên 10 tuổi và không có triệu chứng say tàu xe.
Vé không bao gồm thuê trang phục, chụp ảnh Life4cuts.
Khi đổi vé online sang vé cứng, vé cứng phải được sử dụng cùng ngày.
Đổi vé cứng tại quầy vé trước 22:30 mỗi ngày.
Giá vé thay đổi theo ngày thường, cuối tuần và ngày lễ.
Phụ thu:
Không phụ thu.
Thông tin liên hệ:
Hotline: 024 33336565
Điều kiện khác:
E-Voucher/E-Coupon không có giá trị quy đổi thành tiền mặt, không trả lại tiền thừa.
Không áp dụng đồng thời với chương trình khuyến mại khác.",100,2026-08-23 00:00:00+00,2026-11-21 00:00:00+00,Dang ban,Không quy đổi thành tiền mặt. Hỗ trợ hoàn tiền nếu hủy trước 24h.,//cdn.lifelink.vn/img/c280x280/12_08052026150903.jpg?sign=VpmMiOAzOsE4okCRCP3NuQ,0,40000000-0000-0000-0000-000000000003
f2b2eaa7-b38c-4846-b155-a460ea827c6f,Evoucher Hộp quà Trung Thu Đoàn Viên III 2026 phiên bản nam châm cao cấp - Combo 4 bánh và trà,"Hộp quà gồm 4 bánh trung thu cao cấp kết hợp trà lài thượng hạng thanh tao.
Thiết kế hộp nam châm ép kim vàng 9999 với gam xanh navy sang trọng, hiện đại.
Hình ảnh đêm hội trăng rằm được tái hiện tinh tế, đậm bản sắc văn hóa Việt.
Phù hợp làm quà tặng khách hàng, đối tác, nhân viên và các chương trình tri ân doanh nghiệp.
Đi kèm túi giấy Ivory, thiệp Trung Thu và bộ dao nĩa tiện lợi.
Evoucher tiện lợi, dễ dàng đặt mua và gửi tặng nhanh chóng qua LifeLink.",569000.00,480000.00,"Khách hàng áp dụng: Tất cả khách hàng
Ngày áp dụng: Thứ 2 - Thứ 6
Giờ áp dụng: 9:00 - 17:00
Số lượng E-Voucher áp dụng: Sử dụng 01 voucher/01 hộp quà. Không giới hạn số lượng voucher/ hóa đơn.
Thông tin cách mua hàng HƯỚNG DẪN ĐỔI VOUCHER
Bước 1. Khách hàng nhận voucher liên hệ GIVISTA để đổi hộp quà Trung Thu 2026
Hotline/Zalo: 0969117926
Facebook:
Tại đây
Bước 2. Cung cấp mã voucher để đổi hộp quà
Bước 3. Khách hàng thanh toán phí vận chuyển trực tiếp cho đơn vị vận chuyển
Lưu ý: Không hỗ trợ khách hàng đổi quà trực tiếp tại cửa hàng
Điều kiện khác
Một khách hàng được mua nhiều E-Voucher/E-Coupon
E-Voucher/E-Coupon không có giá trị quy đổi thành tiền mặt, không trả lại tiền thừa.
Không áp dụng đồng thời với chương trình khuyến mại khác
Voucher chưa bao gồm phí vận chuyển Hộp quà tặng đến khách hàng.",100,2026-08-23 00:00:00+00,2026-11-21 00:00:00+00,Dang ban,Không quy đổi thành tiền mặt. Hỗ trợ hoàn tiền nếu hủy trước 24h.,//cdn.lifelink.vn/img/c280x280/ADD-Trung-Thu-Doan-Vien-III_11082026111525.jpg?sign=X0nbEnTmt4vjPnp10vGwKQ,0,40000000-0000-0000-0000-000000000001
f2e93a85-4768-4c13-9169-7f123120a523,E-Coupon - Giảm 10% chương trình Giảm cân chuẩn y khoa tại DiaB,"E-Coupon - Giảm 10% chương trình Giảm cân chuẩn y khoa tại DiaB giúp bạn tiết kiệm chi phí khi tham gia chương trình giảm cân chuyên sâu.
Chương trình kết hợp khám chuyên khoa, xét nghiệm và xây dựng lộ trình giảm cân cá nhân hóa.
Ứng dụng mô hình quản lý cân nặng chuẩn y khoa dành riêng cho từng người bệnh.
Hỗ trợ cải thiện cân nặng, giảm mỡ nội tạng và các chỉ số chuyển hóa.
Đồng hành lâu dài để duy trì vóc dáng và xây dựng lối sống lành mạnh.
Đặt voucher nhanh chóng và thuận tiện trên nền tảng LifeLink.",850000.00,9000.00,"Khách hàng áp dụng: Tất cả khách hàng
Ngày áp dụng: Tất các các ngày
Giờ áp dụng: 08h00 - 18h00
Số lượng E-Voucher áp dụng: Mỗi tài khoản/khách hàng chỉ được đổi và sử dụng Phiếu ưu đãi 01 lần.
Hướng dẫn đặt dịch vụ:
Cách 1: Đặt lịch: Khách hàng vui lòng gọi Hotline hoặc nhắn tin zalo: 0903 027 308 và đọc mã code để DiaB ghi nhận, đối soát.
Cách 2: Check-in: Khách hàng xuất trình mã ưu đãi tại phòng khám để được xác nhận và trải nghiệm dịch vụ.
Điều kiện khác
Mỗi Phiếu ưu đãi chỉ có giá trị sử dụng 01 lần và không có giá trị quy đổi thành tiền mặt.
Không áp dụng đồng thời với các chương trình khác",100,2026-08-23 00:00:00+00,2026-11-21 00:00:00+00,Dang ban,Không quy đổi thành tiền mặt. Hỗ trợ hoàn tiền nếu hủy trước 24h.,//cdn.lifelink.vn/img/c280x280/Voucher-10--chuong-trinh-giam-can_04082026100149.png?sign=XdNb45loJco_xaeAa9XcHA,0,40000000-0000-0000-0000-000000000002
f39a76d2-2c7a-4b82-aeea-537966d7cabb,Dookki Việt Nam - Vé Buffet Người Lớn,"Chuỗi nhà hàng buffet lẩu tokbokki đầu tiên và lớn nhất tại Việt Nam, dành cho tín đồ ẩm thực Hàn Quốc.
Thưởng thức tokbokki cay nồng, thịt bò Mỹ mềm, cùng nhiều loại đồ viên chuẩn vị Hàn.
Tự tay pha chế nước lẩu theo nhiều công thức độc đáo, tạo hương vị riêng.
Mô hình buffet tokbokki không giới hạn, thoải mái ăn uống thỏa thích.
Không gian hiện đại, phục vụ chuyên nghiệp, thực đơn phong phú được nhiều khách hàng yêu thích.",150000.00,150000.00,"Voucher chỉ dùng cho gói buffet.
Áp dụng tại các cửa hàng Dookki trên toàn quốc.
Mỗi voucher chỉ được sử dụng 01 lần, có thể áp dụng được nhiều voucher cho 01 đơn hàng.
Voucher không có giá trị quy đổi thành tiền mặt, không được hoàn trả tiền thừa. Nếu trị giá đơn hàng lớn hơn trị giá voucher khách vui lòng thanh toán khoản tiền chênh lệch đó cho nhà hàng.
Mã voucher đã mua không hỗ trợ hoàn hủy đổi trả dưới mọi hình thức.
Voucher được áp dụng cho cả ngày Lễ/Tết .
Voucher không áp dụng đồng thời các chương trình khuyến mãi khác.
Mỗi voucher chỉ được sử dụng trong thời hạn hiển thị trên voucher.
Nhà hàng chịu trách nhiệm xuất hóa đơn VAT cho khách hàng khi có yêu cầu.
Khách hàng có trách nhiệm bảo mật thông tin mã thẻ quà tặng sau khi đặt mua. LifeLink sẽ không chịu trách nhiệm hoàn trả các mã thẻ bị mất hoặc ở trạng thái “đã sử dụng” với bất kì lý do gì.",100,2026-08-23 00:00:00+00,2026-11-21 00:00:00+00,Dang ban,Không quy đổi thành tiền mặt. Hỗ trợ hoàn tiền nếu hủy trước 24h.,//cdn.lifelink.vn/img/c280x280/Dookki-Viet-Nam-avt1_05032026151022.jpg?sign=GrOY-JjKrLUGqTavFWS90Q,0,40000000-0000-0000-0000-000000000001
f3ffea00-50e2-4ddb-915c-befaf76fe6a2,kidzooona Vincom Ocean City Hưng Yên - Vé vào cổng khu vui chơi bao gồm Lễ Tết,"Vé vào cổng áp dụng cho 01 bé từ 1 đến dưới 13 tuổi kèm 01 người lớn.
Thỏa sức khám phá tại khu vui chơi an toàn, sạch sẽ và đầy sắc màu.
Trải nghiệm các trò nhập vai hướng nghiệp hấp dẫn như lính cứu hỏa, đầu bếp…
Khu vận động hiện đại: hồ bóng khổng lồ, cầu trượt, nhà hơi, bạt nhún… cho bé vận động không ngừng.
Kích thích sáng tạo tại khu đồ chơi giáo dục – vừa học vừa chơi hiệu quả.
Không gian rộng rãi, không phát sinh thêm phí trò chơi bên trong.
Không phụ thu Lễ, Tết – Bé vui chơi thỏa thích suốt cả kỳ nghỉ.
Giờ mở cửa từ 09h00 – 21h00 hàng ngày, kể cả dịp đặc biệt.
Đặt vé LifeLink siêu tiện: Thanh toán nhanh, nhận mã tức thì, không phải xếp hàng mua vé tại quầy.",180000.00,144000.00,"Voucher áp dụng cho Vé vào cổng dành cho 1 bé và 1 người lớn tại kidzooona Vincom Ocean City Hưng Yên bao gồm Lễ Tết
Voucher không bao gồm vớ/tất.
Khu vui chơi quy định luôn sử dụng vớ/tất, Quý khách vui lòng chuẩn bị vớ/tất trước khi vào khu vui chơi hoặc mua vớ/tất tại quầy.
Nhằm đảm bảo vệ sinh, khu vui chơi yêu cầu luôn mang tất trong suốt thời gian vui chơi.
Lưu ý: Luôn giữ vòng tay cẩn thận để được ra vào nhiều lần trong ngày nhé
Khách hàng áp dụng: Trẻ em từ 1 tuổi - dưới 13 tuổi, 01 vé áp dụng cho 01 trẻ + 01 người lớn
Ngày áp dụng: Tất cả các ngày trong tuần, bao gồm Lễ Tết
Giờ áp dụng: 09:00 - 21:00
Số lượng E-Voucher áp dụng: 01 voucher/ 01 bé kèm 01 phụ huynh
Phụ thu (nếu có) 1 bé kèm 1 phụ huynh nếu phát sinh thêm các phụ huynh khác thì phụ thu 20.000VNĐ/Phụ huynh
Thông tin liên hệ đặt dịch vụ
Hotline hỗ trợ: 1900 2065
Địa chỉ:  Lô L2-23, Tầng 2, Thửa đất số 1128, tờ bản đồ số 05 thuộc Dự án Khu đô thị sinh thái Dream City, Xã Nghĩa Trụ, Tỉnh Hưng Yên.
Điều kiện khác
E-Voucher/E-Coupon không có giá trị quy đổi thành tiền mặt, không trả lại tiền thừa.
Không áp dụng đồng thời với chương trình khuyến mại khác",100,2026-08-23 00:00:00+00,2026-11-21 00:00:00+00,Dang ban,Không quy đổi thành tiền mặt. Hỗ trợ hoàn tiền nếu hủy trước 24h.,//cdn.lifelink.vn/img/c280x280/Kidzooona-12_11052026170912.jpg?sign=JN35x5jy2ryp6UykoTtE5Q,0,40000000-0000-0000-0000-000000000003
f41357e5-db70-462a-849d-b2a47240805f,Hệ thống Thẩm mỹ viện Ngọc Dung - E-Coupon ưu đãi trải nghiệm dịch vụ Triệt lông nách hoặc bikini,"Liệu trình triệt lông nách giúp giảm thâm, cho vùng da dưới cánh tay sáng mịn, đều màu và tự tin hơn mỗi ngày.
Tiến trình cá nhân hóa từng bước, kết hợp kiểm tra da và sử dụng ánh sáng quang đa tầng nhẹ nhàng, phù hợp với khách hàng.
Áp dụng công nghệ New E-light hiện đại, tác động sâu vào nang lông mà không gây xâm lấn, hạn chế đau rát hay kích ứng.
Không gian thẩm mỹ viện khang trang, hiện đại, tạo cảm giác thư thái, riêng tư cho khách hàng khi trải nghiệm dịch vụ.
Đội ngũ chuyên gia giàu kinh nghiệm, luôn đồng hành và tư vấn tận tình để đảm bảo hiệu quả an toàn nhất cho khách hàng.
Chuyên viên đạt chứng chỉ hành nghề, am hiểu công nghệ, mang lại kết quả tối ưu, an tâm khi sử dụng dịch vụ tại Ngọc Dung.
Sản phẩm và máy móc đều đến từ đơn vị uy tín, kiểm soát chất lượng nghiêm ngặt trước khi phục vụ khách hàng.
Đặt dịch vụ qua LifeLink nhận ưu đãi hấp dẫn, giữ chỗ nhanh, e-voucher dễ dùng và linh hoạt chọn thời gian phù hợp.",350000.00,9000.00,"E-Coupon ưu đãi trải nghiệm dịch vụ Triệt lông nách/bikini tại Hệ thống Thẩm mỹ viện Ngọc Dung
Khách hàng áp dụng:
Nữ trên 22 tuổi (quốc tịch Việt Nam)
Áp dụng cho khách hàng lần đầu tiên sử dụng dịch vụ tại hệ thống Thẩm mỹ viện Ngọc Dung
Không áp dụng cho phụ nữ đang mang thai và trên 25 tuổi
Số lượng sử dụng:
Mỗi khách hàng chỉ được sử dụng 01 voucher/01 lần sử dụng
Mỗi khách hàng được mua tối đa 02 E-Voucher/E-Coupon trong số các dịch vụ ưu đãi tại LifeLink
Phạm vi sử dụng:
Ngày áp dụng: Thứ hai - Chủ nhật (trừ các ngày Lễ, Tết, bù Lễ theo lịch nhà nước)
Giờ áp dụng: 9h00 - 19h00
Thời hạn sử dụng sau khi kích hoạt: 15 ngày
Lưu ý:
Quý khách phải kích hoạt mã ưu đãi ít nhất 60 phút trước khi đến để được phục vụ tốt nhất.
Vui lòng liên hệ đặt lịch tối thiểu 24 tiếng trước khi đến. Hệ thống không nhận khách đến trực tiếp chưa đăng ký trước.
Thông tin liên hệ:
Hotline: *3232 hoặc 1800 6377
Zalo: 0902 641 922
Kích hoạt mã:
Tại đây
Điều kiện bắt buộc:
Không áp dụng đồng thời với các chương trình khuyến mãi khác
Mỗi khách hàng chỉ được dùng một mã ưu đãi cho mỗi chương trình khuyến mãi trong suốt thời gian diễn ra chương trình
E-Voucher/E-Coupon không có giá trị quy đổi thành tiền mặt, không trả lại tiền thừa
Không áp dụng đồng thời với chương trình khuyến mại khác",100,2026-08-23 00:00:00+00,2026-11-21 00:00:00+00,Dang ban,Không quy đổi thành tiền mặt. Hỗ trợ hoàn tiền nếu hủy trước 24h.,//cdn.lifelink.vn/img/c280x280/ADD-tri-long-nach_27052026114449.jpg?sign=9tDS7WAVy8ZdGuvbwIwweQ,0,40000000-0000-0000-0000-000000000002
f45b24c3-2fc6-496a-8452-16ac715829c4,Show thực cảnh Anh Hùng Cờ Lau - Hoa Lư Ninh Bình - Hạng CL500 Màu vàng - Người lớn,"Trải nghiệm show thực cảnh đặc sắc, tái hiện lịch sử Việt Nam qua hành trình Đinh Bộ Lĩnh.
Không gian sân khấu nhập vai sống động, đưa khán giả bước vào thời kỳ khai sinh độc lập.
Kết hợp nghệ thuật đa loại hình: xiếc, võ thuật, múa và âm nhạc truyền thống Bắc Bộ lôi cuốn.
Lý tưởng cho gia đình, nhóm bạn, các tín đồ khám phá văn hóa Việt Nam và lịch sử dân tộc.
Thông điệp tự hào, truyền cảm hứng mạnh mẽ về giá trị bản sắc dân tộc Việt.
Du lịch đêm độc đáo tại Ninh Bình, hòa mình cùng nghệ thuật và cảm xúc khó quên.
Show diễn được đánh giá cao về dàn dựng, nghệ thuật trình diễn, mang lại trải nghiệm mãn nhãn.
Đặt vé trực tuyến qua LifeLink, nhanh chóng, dễ dàng, nhận ưu đãi hấp dẫn ngay hôm nay!",500000.00,300000.00,"Khách hàng áp dụng: NL (người lớn) từ 1.3m trở lên (thường từ 8 tuổi trở lên)
Ngày áp dụng:
Tháng 7: 9, 10, 11, 16, 17, 18, 23, 24, 25, 26, 30, 31
Tháng 8: 01, 6, 7, 8, 9, 13, 14, 15, 20, 21, 22, 23, 27, 28, 29, 30
Giờ áp dụng: 20h45 - 21h45
Lưu ý:
Khách hàng vui lòng liên hệ check thông tin trước khi thanh toán, đơn hàng được xử lý booking lấy vé QR code gửi cho khách hàng sau khi thanh toán, nếu không liên hệ lấy vé sẽ không sử dụng được dịch vụ.
Vé đã mua không hoàn hủy
Số lượng E-Voucher áp dụng: 01 E-Voucher/ 1 người
Khách hàng liên hệ đăng ký dịch vụ trước khi đến để được phục vụ tốt nhất
Điện thoại: 19002065
Địa chỉ: Thủy Đình, Phố Cổ Hoa Lư, Ninh Bình
Điều kiện khác
E-Voucher/E-Coupon không có giá trị quy đổi thành tiền mặt, không trả lại tiền thừa.
Không áp dụng đồng thời với chương trình khuyến mại khác",100,2026-08-23 00:00:00+00,2026-11-21 00:00:00+00,Dang ban,Không quy đổi thành tiền mặt. Hỗ trợ hoàn tiền nếu hủy trước 24h.,//cdn.lifelink.vn/img/c280x280/ADD-Anh-hung-co-lau-01_09072026113202.jpg?sign=4KDlzuWYSeA2LeMGvoKmJA,0,40000000-0000-0000-0000-000000000003
f6031668-04bf-4397-9727-7a843a16b7f5,Evoucher - Hộp quà trung thu Moonrise City 2026 phiên bản nam châm cao cấp - Combo 4 bánh và trà,"Evoucher - Hộp quà trung thu Moonrise City 2026 phiên bản nam châm cao cấp - Combo 4 bánh và trà là món quà Trung Thu cao cấp dành cho doanh nghiệp và cá nhân.
Thiết kế lấy cảm hứng từ vẻ đẹp lung linh của TP. Hồ Chí Minh về đêm với các công trình biểu tượng nổi tiếng.
Bao gồm 4 bánh Trung Thu cao cấp kết hợp cùng trà lài thượng hạng, mang đến trải nghiệm thưởng thức tinh tế.
Hộp nam châm ép kim vàng 9999 cùng túi giấy Ivory tạo nên tổng thể sang trọng và đẳng cấp.
Phù hợp làm quà tặng đối tác, khách hàng, nhân viên và người thân trong mùa đoàn viên.
Đặt Evoucher nhanh chóng, thuận tiện và an toàn trên LifeLink.",569000.00,480000.00,"Khách hàng áp dụng: Tất cả khách hàng
Ngày áp dụng: Thứ 2 - Thứ 6
Giờ áp dụng: 9:00 - 17:00
Số lượng E-Voucher áp dụng: Sử dụng 01 voucher/01 hộp quà. Không giới hạn số lượng voucher/ hóa đơn.
Thông tin cách mua hàng HƯỚNG DẪN ĐỔI VOUCHER
Bước 1. Khách hàng nhận voucher liên hệ GIVISTA để đổi hộp quà Trung Thu 2026
Hotline/Zalo: 0969117926
Facebook:
Tại đây
Bước 2. Cung cấp mã voucher để đổi hộp quà
Bước 3. Khách hàng thanh toán phí vận chuyển trực tiếp cho đơn vị vận chuyển
Lưu ý: Không hỗ trợ khách hàng đổi quà trực tiếp tại cửa hàng
Điều kiện khác
Một khách hàng được mua nhiều E-Voucher/E-Coupon
E-Voucher/E-Coupon không có giá trị quy đổi thành tiền mặt, không trả lại tiền thừa.
Không áp dụng đồng thời với chương trình khuyến mại khác
Voucher chưa bao gồm phí vận chuyển Hộp quà tặng đến khách hàng.",100,2026-08-23 00:00:00+00,2026-11-21 00:00:00+00,Dang ban,Không quy đổi thành tiền mặt. Hỗ trợ hoàn tiền nếu hủy trước 24h.,//cdn.lifelink.vn/img/c280x280/ADD-Moonrise-City-4banh_11082026100917.jpg?sign=91vGLLKUah8pog568kZ6Cw,0,40000000-0000-0000-0000-000000000001
f63d6229-414e-4e57-a955-679ad4ce6f31,E-voucher - Hộp bánh trung thu Trăng Tinh Hoa,"Thương hiệu BioFun, mang đến lựa chọn quà Trung Thu trang trọng và ý nghĩa.
Bánh nướng sen Đông Trùng Hạ Thảo tạo điểm nhấn độc đáo cho hộp quà.
Bánh nướng thập cẩm đặc biệt trứng mang hương vị truyền thống đậm đà.
Kèm hộp nước uống Đông Trùng Hạ Thảo BIOK tiện lợi.
Bao bì hộp và khay định hình được thiết kế đồng bộ, chỉn chu.
Sự kết hợp đa dạng giúp hộp quà phù hợp với nhiều đối tượng nhận.
Là lựa chọn lý tưởng cho quà biếu gia đình, khách hàng, đối tác và nhân viên.",793800.00,714000.00,"Ngày áp dụng: Thứ 2 - Thứ 6
Giờ áp dụng: 9h00 -17h00
Thông tin liên hệ đặt dịch vụ
Hotline lifelink (9h00-20h00): 1900 2065
Hotline BioFun: 0355983628
Địa chỉ lấy bánh Số 10 ngõ 102 Trần Phú,Mỗ Lao, Hà Đông, Hà Nội
Điều kiện áp dụng:
Áp dụng 01 E-Voucher cho 01 hộp
Một khách hàng được mua nhiều E-Voucher
E-Voucher không có giá trị quy đổi thành tiền mặt, không trả lại tiền thừa.
Không áp dụng đồng thời với chương trình khuyến mại khác
Giá đã bao gồm VAT, chưa bao gồm phí ship",100,2026-08-23 00:00:00+00,2026-11-21 00:00:00+00,Dang ban,Không quy đổi thành tiền mặt. Hỗ trợ hoàn tiền nếu hủy trước 24h.,//cdn.lifelink.vn/img/c280x280/ADD-Trang-Tinh-Hoa_21082026110447.jpg?sign=Xx2_sP8ngdoz34hETooSYg,0,40000000-0000-0000-0000-000000000001
f6ab6b04-a084-4553-b7e4-25d7063e8460,Hệ thống Thẩm mỹ viện Ngọc Dung - E-Coupon trải nghiệm Điều trị lỗ chân lông bằng Laser,"Liệu trình hỗ trợ loại bỏ vi khuẩn, giảm viêm, cho làn da sáng mịn và đều màu hơn sau mỗi lần chăm sóc.
Toàn bộ quy trình sử dụng năng lượng phù hợp, giúp làm sạch bã nhờn, loại bỏ lông mọc ngược, nâng cao sức khỏe làn da.
Ứng dụng công nghệ Laser với kỹ thuật tinh chỉnh theo từng tình trạng da, đảm bảo hiệu quả và an toàn tối ưu cho khách hàng.
Hệ thống máy móc được lựa chọn từ các nhà cung cấp uy tín, kiểm tra kỹ càng nhằm đảm bảo quá trình làm đẹp an toàn, hoạt động ổn định.
Đội ngũ chuyên gia giàu kinh nghiệm, tận tâm và luôn sẵn sàng tư vấn hỗ trợ khách hàng trong suốt liệu trình.
Tất cả chuyên viên, kỹ thuật viên đều được đào tạo bài bản, sở hữu chứng chỉ hành nghề, mang lại sự an tâm tuyệt đối khi sử dụng dịch vụ.
Khách hàng tận hưởng nét khác biệt nhờ quy trình chăm sóc chuyên nghiệp và sự minh bạch, dễ hiểu ở từng bước thực hiện của Thẩm mỹ viện Ngọc Dung.
Đặt dịch vụ qua LifeLink nhận giá ưu đãi, bảo đảm quyền lợi, chủ động chọn lịch, trải nghiệm e-voucher tiện nghi và hỗ trợ đặt lịch nhanh chóng.",350000.00,9000.00,"E-Coupon trải nghiệm Điều trị lỗ chân lông bằng Laser tại Hệ thống Thẩm mỹ viện Ngọc Dung
Khách hàng áp dụng:
Nữ trên 22 tuổi, quốc tịch Việt Nam.
Chỉ áp dụng cho khách hàng lần đầu tiên sử dụng dịch vụ tại Ngọc Dung.
Số lượng sử dụng:
Mỗi khách hàng được dùng một mã ưu đãi cho mỗi chương trình khuyến mãi trong suốt thời gian diễn ra chương trình.
Mỗi khách hàng được mua tối đa 02 E-Voucher/E-Coupon trong số các dịch vụ ưu đãi của hệ thống Thẩm mỹ viện Ngọc Dung đang có tại LifeLink.
01 voucher/01 khách/01 lần sử dụng.
Phạm vi sử dụng:
Ngày áp dụng: Thứ hai - Chủ nhật (Trừ các ngày Lễ, Tết, Bù Lễ theo lịch nghỉ của nhà nước).
Giờ áp dụng: 9h00 - 19h00.
Thời hạn sử dụng sau khi kích hoạt: 15 ngày.
Lưu ý:
Quý khách hàng vui lòng liên hệ đặt chỗ trước tối thiểu 24 tiếng để được phục vụ tốt nhất. Hệ Thống Thẩm mỹ viện Ngọc Dung không nhận khách hàng đến trực tiếp nếu chưa đăng ký đặt chỗ trước. Mong quý khách thông cảm.
Hệ thống Thẩm mỹ viện Ngọc Dung không nhận khách hàng đến trực tiếp nếu chưa đăng ký đặt chỗ trước.
Không áp dụng cho phụ nữ đang mang thai và trên 25 tuổi.
Quý khách phải kích hoạt mã ưu đãi ít nhất 60 phút trước khi đến để được phục vụ tốt nhất:
Tại đây
Thông tin liên hệ:
Hotline: *3232 hoặc 1800 6377.
Zalo: 0902 641 922.
Điều kiện bắt buộc:
Không có giá trị quy đổi thành tiền mặt và hoàn lại tiền thừa.
Không áp dụng đồng thời với các chương trình khuyến mãi khác.
E-Voucher/E-Coupon không có giá trị quy đổi thành tiền mặt, không trả lại tiền thừa.",100,2026-08-23 00:00:00+00,2026-11-21 00:00:00+00,Dang ban,Không quy đổi thành tiền mặt. Hỗ trợ hoàn tiền nếu hủy trước 24h.,//cdn.lifelink.vn/img/c280x280/ADD-tri-viem-nang-long_27052026112229.jpg?sign=tqqpS91KSbavhl51EgqgoA,0,40000000-0000-0000-0000-000000000002
f6ac7134-6e91-499e-8803-f2cbba597f85,Life4cuts - Voucher chụp ảnh tự động Hàn Quốc trị giá 70k,"Trải nghiệm không gian phòng chụp ảnh tự động đầy màu sắc, lưu giữ khoảnh khắc đáng nhớ cùng bạn bè, người thân.
Life4cuts Vietnam là thương hiệu nổi tiếng đến từ Hàn Quốc, có mặt trên toàn quốc với hơn 17 cửa hàng, phòng chụp hiện đại.
Dễ dàng tạo dáng, lựa chọn phụ kiện đáng yêu gi��p bộ ảnh trở nên sinh động, cá tính và thể hiện phong cách riêng.
Địa điểm lý tưởng cho hội nhóm, gia đình, cặp đôi ghi lại kỷ niệm vui nhộn và những gương mặt rạng rỡ nhất.
Hệ thống phòng chụp đa dạng màu sắc, thiết kế bắt mắt, phù hợp nhiều chủ đề chụp hình từ hài hước đến lãng mạn.
An toàn, riêng tư tuyệt đối và thoải mái sáng tạo với không gian khép kín cùng trang thiết bị hiện đại.
Ưu đãi hấp dẫn dành riêng khi đặt vé qua LifeLink, giúp bạn tiết kiệm chi phí mà không lo xếp hàng chờ đợi.
Đặt vé Life4cuts Vietnam trên LifeLink nhận ngay xác nhận, sẵn sàng trải nghiệm chụp hình cực chất mọi lúc mọi nơi!",70000.00,65000.00,"Mỗi voucher được sử dụng 01 lần, chỉ áp dụng 01 voucher/ hóa đơn.
Voucher chỉ áp dụng sử dụng trực tiếp tại cửa hàng.
Không áp dụng với các ưu đãi khác tại cửa hàng.
Không có giá trị quy đổi thành tiền mặt, không được hoàn trả tiền thừa.
Không chấp nhận mã voucher quá hạn sử dụng, trạng thái đã sử dụng.
Voucher không hoàn trả hoặc bán lại được.
Nếu giá trị đơn hàng của khách hàng vượt quá giá trị của voucher thì khách hàng phải thanh toán thêm khoản chênh lệch đó.
Khách hàng có trách nhiệm bảo mật thông tin mã thẻ quà tặng sau khi đặt mua. LifeLink sẽ không chịu trách nhiệm hoàn trả các mã thẻ bị mất hoặc ở trạng thái ""Đã sử dụng"" với bất kỳ lý do gì.
LifeLink sẽ không chịu trách nhiệm đối với chất lượng sản phẩm hoặc dịch vụ được cung cấp cũng như đối với các tranh chấp về sau giữa khách hàng và nhà cung cấp.
LifeLink có quyền sửa chữa hoặc thay đổi điều khoản và điều kiện sử dụng mà không thông báo trước.
Hotline: 1900 2065",100,2026-08-23 00:00:00+00,2026-11-21 00:00:00+00,Dang ban,Không quy đổi thành tiền mặt. Hỗ trợ hoàn tiền nếu hủy trước 24h.,//cdn.lifelink.vn/img/c280x280/ADD-Life4cuts_16062026134140.jpg?sign=tLlfeRkL7ep6oHlscT3Wlw,0,40000000-0000-0000-0000-000000000003
f6e9d57d-04a1-42b0-bb00-5b8e66915b39,Buffet chay tươi ngon áp dụng tại Nhà hàng Chay Tầm Vị,"Hơn 50 món chay thay đổi mỗi ngày, mang đến thực đơn đa dạng và trải nghiệm mới mẻ trong mỗi lần ghé thăm.
Món ăn được chế biến từ nguyên liệu tươi ngon, thanh đạm nhưng vẫn đậm đà, hấp dẫn và dễ thưởng thức.
Kết hợp tinh hoa ẩm thực Á – Âu hiện đại, tạo nên những hương vị chay phong phú, phù hợp với nhiều khẩu vị.
Không gian nhà hàng sang trọng, yên tĩnh và ấm cúng, lý tưởng để tận hưởng một bữa ăn thư thái.
Buffet chay phù hợp cho gia đình, bạn bè, đồng nghiệp và những buổi gặp gỡ cần sự gần gũi, riêng tư.
Không chỉ mang đến những món ăn ngon, Chay Tầm Vị còn hướng đến trải nghiệm bình yên, nhẹ nhàng và chữa lành tâm hồn.
Một lựa chọn lý tưởng để thưởng thức ẩm thực thanh lành, kết nối với người thân và tận hưởng những phút giây an nhiên.",119000.00,109000.00,"Khách hàng áp dụng: Tất cả khách hàng
Ngày áp dụng: Thứ 2- chủ nhật, không áp dụng ngày rằm và mùng 1 âm lịch
Giờ áp dụng:
Trưa: 11:00 – 14:00
Tối: 18:00 – 21:00
Số lượng E-Voucher áp dụng: 1 voucher/ 1 khách
Thông tin liên hệ đặt dịch vụ:
Hotline lifelink (9h00-20h00): 1900 2065
Hotline nhà hàng: 0986 896 030
Địa chỉ: 50B Châu Long - Ba Đình - Hà Nội
Điều kiện khác
Áp dụng 01 E-Voucher cho 01 khách
Một khách hàng được mua nhiều E-Voucher
E-Voucher không có giá trị quy đổi thành tiền mặt, không trả lại tiền thừa.
Không áp dụng đồng thời với chương trình khuyến mại khác",100,2026-08-23 00:00:00+00,2026-11-21 00:00:00+00,Dang ban,Không quy đổi thành tiền mặt. Hỗ trợ hoàn tiền nếu hủy trước 24h.,//cdn.lifelink.vn/img/c280x280/ADD-Chay-Tam-Vi_12082026142301.jpg?sign=5x9dQFK6ItK4PE_RVVSr9g,0,40000000-0000-0000-0000-000000000001
f8d6b2b9-0264-4e54-8e9b-d94ea1d951b7,Đài Quan Sát Lotte - Combo Vé vào cửa và Tour thành phố 01 ngày bằng xe bus - Vé Trẻ em,"""Vé Vào Cửa Đài Quan Sát Lotte - Vé 01 Ngày Tour Thành Phố Bằng Xe Buýt"" giúp bạn trải nghiệm trọn vẹn vẻ đẹp của Hà Nội.
Tầm nhìn tuyệt vời từ Đài Quan Sát Lotte ở tầng 65 của Lotte Center Hà Nội, bao quát toàn cảnh thủ đô từ độ cao 272m.
Cầu kính trong suốt - Góc chụp “hot” và độc đáo nhất tại Đài Quan Sát, mang đến trải nghiệm mạnh mẽ và thú vị.
Tour tham quan 01 ngày giúp bạn khám phá những điểm du lịch nổi bật như Hoàng Thành Thăng Long, Lăng Bác, Hồ Tây, và nhiều địa danh khác.
Xe buýt hiện đại và tiện nghi, kết hợp với hướng dẫn viên chuyên nghiệp, giúp chuyến đi của bạn trở nên thuận tiện và dễ dàng.
Tiết kiệm thời gian và chi phí khi tham gia tour trọn gói, không cần lo lắng về việc lên kế hoạch hay di chuyển.",420000.00,390000.00,"Ngày 16/2/2026 (Tức 29 tết): Mở cửa từ 9h30 - 19h00, dừng bán vé lúc 18h00
Ngày 17/2/2026 (Mùng 1 Tết): Nghỉ
LOTTE Hanoi Sky Observation Deck sẽ mở cửa đón khách từ: 12h00 - 23h30 ngày 18/2/2026 (Tức Mùng 2 Tết)
Khách hàng áp dụng:
Khách hàng từ 3 tuổi - 12 tuổi
Dưới 3 tuổi miễn phí
Ngày áp dụng: Thứ 2 - Chủ Nhật (Áp dụng cả ngày Lễ),
Thời gian mua vé combo: Từ 9h30 - 18h00 hàng ngày (Đổi vé tại quầy B1 đài quan sát LOTE HANOI SKY trước 18h00 hàng ngày)
Số lượng E-Voucher áp dụng: 01 voucher/ 01 người/ 01 lần sử dụng (không bù thêm tiền).
Phụ thu Lễ, Tết: Không phụ thu
Combo vé bao gồm vé vào cửa LOTTE Hanoi Sky và vé xe buýt Hanoi City Tour.
Vé không bao gồm thuê trang phục, in ảnh, trò chơi thực tế ảo, đồ uống SKYL, chụp ảnh Life4cuts.
Khi đổi vé online sang vé cứng, vé cứng phải được sử dụng cùng ngày.
Đổi vé cứng tại quầy vé trước 22h30 mỗi ngày.
Giờ hoạt động xe buýt Hanoi City Tour: 9h30 - 18h30 hàng ngày.
Mô tả trải nghiệm:
Sau khi thăm quan Đài Quan Sát LOTTE HANOI SKY tầng 65 sẽ xuống tầng 1 để trải nghiệm dịch vụ xe buýt Hanoi City Tour.
Tiếp tục di chuyển đến các điểm còn lại theo lộ trình
Vé bus cả ngày và lên xuống các điểm đến không giới hạn trong lộ trình.
Lộ Trình di chuyển:
1. Tòa nhà LOTTE Center Hanoi (Điểm khởi hành tại tầng 1)
2. Chùa Võng Thị
3. Chùa Tảo Sách
4. Chùa Kim Liên
5. Hoàng Thành Thăng Long
6. Lăng Bác
7. Văn Miếu Quốc Tử Giám
8. Nhà Tù Hỏa Lò
9. Nhà Hát Lớn
10. Chợ Đồng Xuân
11. Ga Long Biên
12. Chùa Trấn Quốc
13. Hồ Tây
Lưu ý:
Combo vé Hanoi City Bus đã mua không hoàn/hủy.
Xe buýt chạy tần suất 30 - 45 phút/chuyến. Thời gian lên/xuống xe buýt có thể chênh lệch phụ thuộc vào tình hình giao thông thực tế tại Hà Nội.
Khung giờ xe bus đón khách có thể thay đổi và sẽ được thông báo trực tiếp tại quầy.
Quý khách có thể quay lại điểm khởi hành LOTTE Center Hanoi hoặc xuống bất kỳ điểm nào trong lộ trình di chuyển.
18h30 là khung giờ
chuyến cuối
trong ngày và dừng tại các điểm Bờ Hồ hoặc Nhà Hát Lớn Hà Nội (theo ngày)
Trong trường hợp khách muốn quay lại điểm đón Lotte thì chủ động thông báo với Xe Bus
Điểm cuối trong lộ trình có thay đổi phụ thuộc vào ngày thường/cuối tuần:
Ngày thường (Thứ 2 đến Thứ 5): Bờ Hồ (bãi đỗ xe buýt đường Đinh Tiên Hoàng)
Cuối tuần (Thứ 6, Thứ 7, Chủ nhật) và các ngày Lễ, Tết: Nhà Hát Lớn Hà Nội
Khách hàng liên hệ đăng ký dịch vụ trước khi đến để được phục vụ tốt nhất
Điện thoại: 024 3333 6565
Một khách hàng được mua nhiều E-Voucher/E-Coupon
E-Voucher/E-Coupon không có giá trị quy đổi thành tiền mặt, không trả lại tiền thừa.
Không áp dụng đồng thời với chương trình khuyến mại khác",100,2026-08-23 00:00:00+00,2026-11-21 00:00:00+00,Dang ban,Không quy đổi thành tiền mặt. Hỗ trợ hoàn tiền nếu hủy trước 24h.,//cdn.lifelink.vn/img/c280x280/2_08052026150920.jpg?sign=vd7Dxgk_KrH4LkQk-EgY4Q,0,40000000-0000-0000-0000-000000000003
fa2168f6-e076-4819-916a-d2531bca9c2f,Vé vào cổng khu vui chơi Area One dành cho trẻ em trên 100cm,"Không gian vui chơi đáng yêu, rộng rãi và cực kỳ an toàn dành cho trẻ nhỏ.
Hàng loạt trò chơi hấp dẫn như nhà bóng, hố cát khổng lồ, cầu trượt hay khu nấu ăn mini cho bé tha hồ khám phá.
Các hoạt động vận động nhẹ nhàng giúp bé phát triển thể chất và trí tuệ một cách tự nhiên.
Mọi khu vực đều được thiết kế đạt tiêu chuẩn an toàn, không góc cạnh, chất liệu mềm mại cho bé vui chơi hết mình.
Không khí cuối tuần sôi động, tràn đầy tiếng cười mang lại trải nghiệm đặc biệt cho gia đình.
Đặt vé qua LifeLink cực nhanh – thanh toán tiện lợi, nhận ưu đãi ngay.
Một lựa chọn tuyệt vời cho cuối tuần ý nghĩa, giúp bố mẹ và con có thêm thật nhiều khoảnh khắc gắn kết.",160000.00,144000.00,"Tổng thời gian gói dịch vụ: 01 lần
Thời gian 1 lần dịch vụ: Chơi không giới hạn
Ngày áp dụng: Thứ 2 - Chủ nhật
Khách hàng áp dụng: Khách hàng trên 100cm
Số lượng e-Voucher áp dụng:
Một khách hàng được mua nhiều phiếu
Sử dụng 01 voucher/ 01 khách hàng / 01 lần
Không giới hạn số voucher trên 1 hoá đơn
Quý khách vui lòng liên hệ để được tư vấn chi tiết nhất:
Địa chỉ: Số 140 Đức Giang, Phường Việt Hưng, Thành Phố Hà Nội
Hotline: 1900 2065
Điều kiện khác:
e-Voucher/e-Coupon không có giá trị quy đổi thành tiền mặt, không trả lại tiền thừa
Không áp dụng đồng thời với chương trình khuyến mại khác.",100,2026-08-23 00:00:00+00,2026-11-21 00:00:00+00,Dang ban,Không quy đổi thành tiền mặt. Hỗ trợ hoàn tiền nếu hủy trước 24h.,//cdn.lifelink.vn/img/c280x280/Area-One-Kids-7_15062026104143.jpg?sign=dUFo_pAom5DESzkbvEix2A,0,40000000-0000-0000-0000-000000000003
fa21c7a2-e49a-4a19-a1a2-a9b75507a98c,E-voucher - Hộp bánh trung thu Trăng Cát Tường,"Thương hiệu BioFun, phù hợp với nhu cầu quà tặng Trung Thu chỉn chu.
Gồm bánh dẻo thập cẩm cao cấp với hương vị đậm đà, hấp dẫn.
Bánh dẻo cốm dừa mang vị thơm dịu, mềm mịn và đặc trưng.
Kèm 1 hộp Đông Trùng Hạ Thảo Sinh Khối Tươi Ngâm Mật Ong BioFun.
Bao bì hộp và khay định hình được thiết kế đồng bộ, sang trọng.
Sự kết hợp giữa bánh và sản phẩm BioFun tạo nên hộp quà đa dạng, giàu ý nghĩa.
Phù hợp làm quà biếu gia đình, quà tặng khách hàng, đối tác và doanh nghiệp.",669600.00,603000.00,"Ngày áp dụng: Thứ 2 - Thứ 6
Giờ áp dụng: 9h00 -17h00
Thông tin liên hệ đặt dịch vụ
Hotline lifelink (9h00-20h00): 1900 2065
Hotline BioFun: 0355983628
Địa chỉ lấy bánh Số 10 ngõ 102 Trần Phú,Mỗ Lao, Hà Đông, Hà Nội
Điều kiện áp dụng:
Áp dụng 01 E-Voucher cho 01 hộp
Một khách hàng được mua nhiều E-Voucher
E-Voucher không có giá trị quy đổi thành tiền mặt, không trả lại tiền thừa.
Không áp dụng đồng thời với chương trình khuyến mại khác
Giá đã bao gồm VAT, chưa bao gồm phí ship",100,2026-08-23 00:00:00+00,2026-11-21 00:00:00+00,Dang ban,Không quy đổi thành tiền mặt. Hỗ trợ hoàn tiền nếu hủy trước 24h.,//cdn.lifelink.vn/img/c280x280/Set-Trang-Cat-Tuong_21082026104056.jpg?sign=Y5F3llhje1bRmLcBqFEIRg,0,40000000-0000-0000-0000-000000000001
fa72b8b2-a637-4597-b986-a8daf0ab5390,Voucher HS Chicken Set tại Lotteria,"Voucher HS Chicken Set tại Lotteria gồm 02 miếng gà H&S và 01 Pepsi (M).
Gà H&S với lớp vỏ vàng giòn, thịt mềm mọng và hương vị đậm đà.
Pepsi (M) mát lạnh giúp bữa ăn thêm trọn vị và sảng khoái.
Phù hợp cho bữa trưa, bữa tối hoặc những buổi gặp gỡ cùng bạn bè, gia đình.
Voucher chính hãng, dễ dàng sử dụng tại hệ thống Lotteria trên toàn quốc.
Đặt mua nhanh trên LifeLink để tận hưởng nhiều ưu đãi hấp dẫn.",94000.00,88000.00,"Voucher không áp dụng hình thức đổi trả/ hủy/ hoàn tiền.
Được sử dụng tối đa 5 voucher/ ngày/ hóa đơn.
Không áp dụng đổi hàng cho đơn hàng số lượng lớn (theo quy định của Lotteria).
Mỗi voucher chỉ được sử dụng 01 lần.
Chỉ áp dụng cho một số sản phẩm nhất định.
Trong trường hợp sản phẩm được chỉ định không có sẵn, khách hàng có thể lựa chọn các sản phẩm có cùng giá t.rị.
Không đổi được ra tiền mặt một phần hoặc toàn bộ.
Không hoàn trả hoặc bán lại được.
Nếu giá tiền đơn đặt hàng của khách hàng vượt quá giá trị của voucher thì khách hàng phải thanh toán thêm số tiền chênh lệch đó.
Voucher không áp dụng cho các chương trình khuyến mãi khác.
Khách hàng có trách nhiệm bảo mật thông tin mã thẻ quà tặng sau khi đặt mua. LifeLink sẽ không chịu trách nhiệm hoàn trả các mã thẻ bị mất hoặc ở trạng thái ""đã sử dụng"" với bất kỳ lý do gì.
LifeLink sẽ không chịu trách nhiệm đối với chất lượng của sản phẩm được cung cấp cũng như đối với các tranh chấp về sau giữa khách hàng và nhà cung cấp.
LifeLink có quyền sửa chữa hoặc thay đổi điều khoản và điều kiện sử dụng mà không thông báo trước.
Hotline LifeLink: 1900 2065",100,2026-08-23 00:00:00+00,2026-11-21 00:00:00+00,Dang ban,Không quy đổi thành tiền mặt. Hỗ trợ hoàn tiền nếu hủy trước 24h.,//cdn.lifelink.vn/img/c280x280/HS-Chicken-Set_27072026165604.jpg?sign=CFVkIRp3hUzF8QX4rvKYpA,0,40000000-0000-0000-0000-000000000001
fa973101-1560-4feb-bc81-1cb962ef8485,SH Premium Lounge Tan Son Nhat tại Sân bay Quốc tế Tân Sơn Nhất - Vé người lớn,"Tọa lạc tại nhà ga T3 hiện đại, Sông Hồng Premium Lounge mang đến không gian nghỉ dưỡng sang trọng giữa nhịp sống sôi động của sân bay. Thiết kế lấy cảm hứng từ kiến trúc cung đình xưa kết hợp phong cách Neo-Vietnamese đương đại, sử dụng chất liệu truyền thống như gỗ, gốm, mây tre để tạo nên vẻ đẹp thanh lịch, đậm chất văn hóa Việt.
Phòng chờ được phân khu tinh tế, đáp ứng đa dạng nhu cầu từ nghỉ ngơi, làm việc đến thư giãn và ẩm thực. Thực đơn buffet phong phú, thay đổi linh hoạt trong ngày, kết hợp món Việt truyền thống và ẩm thực quốc tế. Tiện ích đầy đủ với ghế massage, khu hút thuốc, không gian làm việc riêng và tầm nhìn ra đường băng.
Điểm nhấn đặc biệt là dịch vụ chuẩn mực, đậm bản sắc Á Đông – nơi mỗi vị khách đều được đón tiếp bằng sự tinh tế, chuyên nghiệp và tận tâm.",490000.00,465500.00,"Voucher bao gồm:
Mã ưu đãi 1 lượt sử dụng dịch vụ phòng chờ SH Premium Lounge Tan Son Nhat tại Sân bay Quốc tế Tân Sơn Nhất - Vé người lớn
Thời gian sử dụng tại Phòng khách là tối đa 03 giờ trước giờ khởi hành ban đầu
Địa điểm áp dụng: Tầng 4, Khu cách ly Quốc nội, Nhà ga T3, Cảng HKQT Tân Sơn Nhất
Vị trí: Ga đi Quốc nội - Sân Bay Tân Sơn Nhất - TP Hồ Chí Minh
Khách hàng được sử dụng mọi dịch vụ tại phòng chờ theo quy định của phòng chờ.
Mã ưu đãi chỉ có giá trị sử dụng một lần. Không chấp nhận Voucher ưu đãi quá hạn sử dụng hoặc trạng thái “Đã sử dụng”.
Vui lòng xuất trình mã ưu đãi cho nhân viên tại quầy để được áp dụng ưu đãi.
Khách hàng có thể được yêu cầu trả thêm tiền nếu sử dụng quá giá trị của Mã ưu đãi.
Lưu ý:
Khách hàng sẽ thanh toán trực tiếp tại quầy lễ tân theo bảng giá công bố cho khách lẻ tại mỗi phòng chờ khi:
Khách hàng sử dụng quá thời gian quy định của phòng chờ.
Khách hàng có phát sinh các dịch vụ khác thêm tại phòng chờ
Khách hàng có trẻ em đi kèm mà chưa đăng ký dịch vụ trước qua LifeLink 1900 2065. Thời gian thông báo tối thiểu với LifeLink trước 1 ngày sử dụng dịch vụ LifeLink hoàn toàn không chịu trách nhiệm khi có các phát sinh thêm bên trên.
Khách hàng áp dụng: Khách trên 12 tuổi
Ngày áp dụng: Tất cả các ngày trong tuần, bao gồm Lễ Tết
Giờ áp dụng: 24/24
Số lượng E-Voucher áp dụng:
01 voucher/khách/1 lượt sử dụng
Áp dụng nhiều voucher trên 1 hóa đơn
Dịch vụ bao gồm: Các dịch vụ theo tiêu chuẩn tại phòng chờ
Dịch vụ không bao gồm: Chi phí cá nhân và các chi phí phát sinh khác
Chính sách phụ thu trẻ em:
Miễn phí tối đa cho 02 trẻ em dưới 5 tuổi đi kèm cùng mỗi người lớn sử dụng dịch vụ Phòng khách.
Trẻ em dưới 5 tuổi thứ ba trở đi và Trẻ em từ 5 tuổi đến 12 tuổi mức phí bằng 50% đơn giá niêm yết/trẻ em.
Hành khách trên 12 tuổi được tính như quy định đối với người lớn.
Các trường hợp người đi kèm, nếu không được thông báo trước, dịch vụ gia tăng sẽ do Khách hàng tự thanh toán tại quầy lễ tân theo bảng giá công bố cho khách lẻ tại Phòng khách.
Chính sách phụ thu sử dụng thêm giờ:
Thời gian sử dụng tại Phòng khách là tối đa 03 giờ trước giờ khởi hành ban đầu.
Cứ mỗi 03 (ba) tiếng thêm giờ phát sinh được xác định là 01 (một) khung thêm giờ (Block). Thời gian thêm giờ phát sinh dưới 3 (ba) tiếng được tính tròn là 01 (một) Block.
Đơn giá thêm giờ là: 50% phí dịch vụ /khách/ block (thêm giờ).
Hành khách tự thanh toán chi phí thêm giờ trực tiếp tại quầy lễ tân theo giá công bố tại phòng khách.
Quy trình sử dụng dịch vụ:
Bước 1: Khách hàng Xuất trình xuất trình mã ưu đãi/ mã QR trên ứng dụng LifeLink/ hoặc email/ hoặc Zalo cùng Thẻ lên tàu bay tại quầy lễ tân Phòng khách.
Bước 2: Nhân viên Phòng khách xác thực mã QR trên hệ thống.
Trường hợp 1: Xác thực không thành công: Nhân viên Lễ tân Phòng khách từ chối phục vụ khách đồng thời Nhờ khách hàng liên hệ lại Hotline LifeLink 1900 2065 để được hỗ trợ nhanh chóng.
Trường hợp 2: Xác thực thành công: Nhân viên Lễ tân Phòng khách hoàn tất trên hệ thống.
Bước 3: Nhân viên Lễ tân Phòng khách mời Hành khách sử dụng Dịch vụ Phòng chờ Thương gia.
Điều kiện lưu ý bắt buộc:
Các trường hợp phát sinh không thông báo trước như: Có vé trẻ em đi kèm,... sẽ do Khách hàng tự thanh toán tại quầy lễ tân theo bảng giá công bố cho khách lẻ tại Phòng khách, LifeLink hoàn toàn không chịu trách nhiệm.
Thời gian thông báo tối thiểu trước 1 ngày sử dụng dịch vụ
Hotline hỗ trợ tư vấn (9h-20h): 1900 2065
Điều kiện khác:
Áp dụng 01 E-Voucher/E-Coupon cho 01 khách
Một khách hàng được mua nhiều E-Voucher/E-Coupon
E-Voucher/E-Coupon không có giá trị quy đổi thành tiền mặt, không trả lại tiền thừa.
Không áp dụng đồng thời với chương trình khuyến mại khác
Mã ưu đãi được xuất ra sẽ không được đổi trả dưới mọi hình thức.
Giá trên đã bao gồm phí phục vụ và thuế GTGT",100,2026-08-23 00:00:00+00,2026-11-21 00:00:00+00,Dang ban,Không quy đổi thành tiền mặt. Hỗ trợ hoàn tiền nếu hủy trước 24h.,//cdn.lifelink.vn/img/c280x280/Phòng-chờ-SH-Premium-Lounge-Tan-Son-Nhat_13052026141039.jpg?sign=vU8_1R8OPiNHmNfKN2RW1A,0,40000000-0000-0000-0000-000000000004
fb144c14-36ae-4efa-8016-e39793babe98,"Đài Quan Sát Lotte Hà Nội Sky - Combo Đồ uống, Ảnh, Trò chơi VR Mission X, Quà lưu niệm cho Người lớn","Khám phá đài quan sát Lotte Hà Nội Sky - điểm ngắm toàn cảnh 360 độ thành phố từ độ cao 272m đầy ấn tượng.
Chinh phục thử thách bước trên sàn kính trong suốt Skywalk, trải nghiệm cảm giác hồi hộp, phấn khích.
Hòa mình vào thế giới ảo tại Holomia VR với trận chiến Mission X siêu đỉnh, nhập vai chiến binh cảm giác mạnh.
Công nghệ VR hiện đại kết hợp áo khoác cảm biến haptics, mang tới trải nghiệm hành động chân thực chưa từng có.
Lý tưởng cho các nhóm bạn, gia đình đam mê trải nghiệm mới lạ, hoạt động gắn kết tinh thần đồng đội.
Địa điểm thuận tiện ngay trung tâm, tầng 65 Lotte Center, 54 Liễu Giai, phường Giảng Võ lên đỉnh Hà Nội thật dễ dàng.
Check-in, thư giãn cùng dịch vụ đồ uống, chụp ảnh, ngắm thành phố lung linh từ trên cao.
Mua vé ngay trên LifeLink nhận ưu đãi hấp dẫn, xác nhận siêu tốc, đặt chỗ ngay hôm nay để không bỏ lỡ trải nghiệm khó quên!",640000.00,490000.00,"Khách hàng áp dụng:
Dành cho khách hàng trên 12 tuổi
Số lượng E-voucher áp dụng:
01 voucher/01 người/01 lần sử dụng.
Mỗi khách hàng được mua nhiều E-Voucher/E-Coupon.
Phạm vi sử dụng:
Áp dụng vào các ngày trong tuần, bao gồm cả ngày Lễ.
Thời gian mua vé combo: 9:30 - 22:30 hàng ngày.
Đổi vé tại quầy B1 đài quan sát LOTTE Hanoi Sky trước 22:30 mỗi ngày.
Lưu ý:
Vé không bao gồm thuê trang phục, chụp ảnh Life4cuts.
Khi đổi vé online sang vé cứng, vé cứng phải được sử dụng cùng ngày.
Đổi vé cứng tại quầy vé trước 22:30 mỗi ngày.
Giá vé thay đổi theo ngày thường, cuối tuần và ngày lễ.
Phụ thu:
Không phụ thu.
Thông tin liên hệ:
Hotline: 024 33336565
Điều kiện khác:
E-Voucher/E-Coupon không có giá trị quy đổi thành tiền mặt, không trả lại tiền thừa.
Không áp dụng đồng thời với chương trình khuyến mại khác.",100,2026-08-23 00:00:00+00,2026-11-21 00:00:00+00,Dang ban,Không quy đổi thành tiền mặt. Hỗ trợ hoàn tiền nếu hủy trước 24h.,//cdn.lifelink.vn/img/c280x280/10_08052026150847.jpg?sign=tx1gE6mkHdX331k3PppDGQ,0,40000000-0000-0000-0000-000000000003
fc2f23eb-1dcb-4391-9273-d5db13f49062,"Vé Tàu Hà Nội 5 Cửa Ô Tầng 2 - Toa Ô Cầu Dền, Ô Quan Chưởng, Ô Cầu Giấy, Ô Đống Mác - The Hanoi Train","Vé Tàu Hà Nội 5 Cửa Ô Tầng 2 mang đến góc nhìn cao, rộng và thoáng để chiêm ngưỡng cảnh sắc dọc hành trình.
Các toa Ô Cầu Dền, Ô Quan Chưởng, Ô Cầu Giấy và Ô Đống Mác được thiết kế theo chủ đề riêng, tái hiện vẻ đẹp Thăng Long xưa.
Không gian nội thất hiện đại, sang trọng kết hợp hài hòa giữa văn hóa, nghệ thuật và tiện nghi.
Hệ thống cửa kính lớn giúp du khách dễ dàng ngắm nhìn thiên nhiên và nhịp sống Hà Nội.
Phù hợp cho khách du lịch, gia đình, nhóm bạn và những người yêu thích trải nghiệm mới mẻ.
Đặt vé nhanh chóng, thuận tiện và an tâm cùng LifeLink.",650000.00,650000.00,"Khách hàng áp dụng: Tất cả khách hàng từ 8 tuổi trở lên.
Ngày áp dụng
Tháng 7:
8h00: Ngày 17, 18, 19, 29, 31
13h30: Ngày 18, 19, 28
Tháng 08
8h00: Ngày 01, 02, 05, 07, 08, 09, 12, 14, 15, 16, 19, 21, 22, 23, 26, 28, 29, 30
13h30: Ngày 1, 2, 4, 6, 8, 9, 11, 13, 15, 16, 18, 20, 22, 23, 25, 27, 29, 30
Tháng 09
8h00: Ngày 01, 02, 04, 05, 06, 09, 11, 12, 13, 16, 18, 19, 20, 23, 25, 26, 27, 30
13h30: Ngày 01, 02, 05, 06, 08, 10, 12, 13, 15, 17, 19, 20, 22, 24, 26, 27, 29
Tháng 10
8h00: Ngày 02, 03, 04, 07, 09, 10, 11, 14, 16, 17, 18, 20, 21, 23, 25, 28, 30, 31
13h30: 01, 03, 04, 06, 08, 10, 11, 13, 15, 16, 17, 18, 20, 22, 24, 25, 27, 29, 31
Giờ áp dụng: 8h00 hoặc 13h30
Số lượng E-Voucher áp dụng: 01 E-voucher/ 1 khách
Lưu ý:
Trẻ em dưới 3 tuổi miễn phí vé, sử dụng chung chỗ với người lớn, mỗi người lớn được kèm tối đa 01 trẻ em dưới 3 tuổi, từ trẻ em thứ 2 trở lên phải mua vé trẻ em
Trẻ từ 3- 8 tuổi: Giảm 10% so với giá vé người lớn
Khách hàng liên hệ đăng ký dịch vụ trước khi đến để được phục vụ tốt nhất
Điện thoại: 1900 2065
Địa chỉ: Cửa 1C, sảnh Bắc - Ga Hà Nội - 120 Lê Duẩn - Văn Miếu - Hà Nội
Điều kiện khác
E-Voucher không có giá trị quy đổi thành tiền mặt, không trả lại tiền thừa.
Không áp dụng đồng thời với chương trình khuyến mại khác
Vé đã mua không hoàn/ hủy",100,2026-08-23 00:00:00+00,2026-11-21 00:00:00+00,Dang ban,Không quy đổi thành tiền mặt. Hỗ trợ hoàn tiền nếu hủy trước 24h.,//cdn.lifelink.vn/img/c280x280/ADD-5-cua-o-5_17072026120055.jpg?sign=1b0BZBtqgvyqvv4FR24deg,0,40000000-0000-0000-0000-000000000003
fd22a49b-d4a9-4f91-b8c3-899adb9e1c65,Evoucher Hộp quà trung thu Cửu Hạc Chi Phúc 2026 phiên bản 2 tầng hiệu ứng 3D cao cấp - Combo 4 bánh và trà,"Thiết kế hộp 2 tầng hiệu ứng 3D độc đáo, tạo trải nghiệm mở quà ấn tượng.
Hộp ép kim vàng 9999, kích thước 28 x 18 x 16 cm, mang diện mạo cao cấp.
Hình tượng chín cánh hạc vàng vút bay quanh vầng trăng, giàu tính biểu tượng.
Khách hàng được lựa chọn 1 trong 2 combo gồm 4 bánh Trung Thu với nhiều hương vị.
Đi kèm trà lài thượng hạng, túi giấy Ivory, thiệp Trung Thu và bộ dao nĩa.
Hộp có giá trị lưu giữ lâu dài, có thể sử dụng như vật phẩm trang trí sau mùa lễ.
Phù hợp làm quà tri ân khách hàng, đối tác và nhân viên trong dịp Trung Thu 2026.",855000.00,720000.00,"Khách hàng áp dụng: Tất cả khách hàng
Ngày áp dụng: Thứ 2 - Thứ 6
Giờ áp dụng: 9:00 - 17:00
Số lượng E-Voucher áp dụng: Sử dụng 01 voucher/01 hộp quà. Không giới hạn số lượng voucher/ hóa đơn.
Thông tin cách mua hàng HƯỚNG DẪN ĐỔI VOUCHER
Bước 1. Khách hàng nhận voucher liên hệ GIVISTA để đổi hộp quà Trung Thu 2026
Hotline/Zalo: 0969117926
Facebook:
Tại đây
Bước 2. Cung cấp mã voucher để đổi hộp quà
Bước 3. Khách hàng thanh toán phí vận chuyển trực tiếp cho đơn vị vận chuyển
Lưu ý: Không hỗ trợ khách hàng đổi quà trực tiếp tại cửa hàng
Điều kiện khác
Một khách hàng được mua nhiều E-Voucher/E-Coupon
E-Voucher/E-Coupon không có giá trị quy đổi thành tiền mặt, không trả lại tiền thừa.
Không áp dụng đồng thời với chương trình khuyến mại khác
Voucher chưa bao gồm phí vận chuyển Hộp quà tặng đến khách hàng.",100,2026-08-23 00:00:00+00,2026-11-21 00:00:00+00,Dang ban,Không quy đổi thành tiền mặt. Hỗ trợ hoàn tiền nếu hủy trước 24h.,//cdn.lifelink.vn/img/c280x280/ADD-Cuu-Hac-Chi-Phuc-4banh_11082026171157.jpg?sign=FOfej3_ZdU2iEqbZ2a8Wfw,0,40000000-0000-0000-0000-000000000001
fd7c5532-6f77-45c6-bb3f-1a659d43d404,Voucher Gà không xương sốt ngũ vị lớn tại Chicken Plus,"Voucher Gà không xương sốt ngũ vị lớn tại Chicken Plus mang đến khẩu phần 400g gà không xương đậm đà, phù hợp cho một bữa ăn chất lượng.
Gà được phủ sốt ngũ vị đặc trưng, hòa quyện giữa vị ngọt, cay, mặn và thơm hấp dẫn.
Combo đi kèm cơm nắm, đu đủ ngâm, xà lách, sốt chua ngọt và sốt ngũ vị, giúp bữa ăn thêm tròn vị.
Voucher điện tử chính hãng, dễ dàng đặt mua và sử dụng thông qua LifeLink.
Chicken Plus nổi tiếng với công thức gà chiên chuẩn Hàn và các loại sốt độc quyền.
LifeLink giúp bạn mua voucher nhanh chóng, tiết kiệm thời gian và chi phí.",149000.00,145000.00,"Mỗi voucher chỉ được sử dụng 01 lần có thể áp dụng được nhiều voucher cho 01 đơn hàng.
Không có giá trị quy đổi thành tiền mặt, không được hoàn trả tiền thừa.
Chỉ áp dụng cho một số sản phẩm nhất định.
Không hoàn trả hoặc bán lại được.
Nếu giá tiền đơn đặt hàng của khách hàng vượt quá giá trị của voucher thì khách hàng phải thanh toán thêm số tiền chênh lệch đó.
LifeLink không xuất hoá đơn VAT cho khách hàng.
Khách hàng có trách nhiệm bảo mật thông tin mã thẻ quà tặng sau khi đặt mua. LifeLink sẽ không chịu trách nhiệm hoàn trả các mã thẻ bị mất hoặc ở trạng thái ""Đã sử dụng"" với bất kỳ lý do gì.
LifeLink sẽ không chịu trách nhiệm đối với chất lượng sản phẩm hoặc dịch vụ được cung cấp cũng như đối với các tranh chấp về sau giữa khách hàng và nhà cung cấp.
LifeLink có quyền sửa chữa hoặc thay đổi điều khoản và điều kiện sử dụng mà không thông báo trước.
Hotline
LifeLink
: 1900 2065
Địa điểm sử dụng:
https://docs.google.com/spreadsheets/d/1ErdtQi5FCClFIjOWs27EIjhuq0tAGmsG/edit?gid=829289209#gid=829289209",100,2026-08-23 00:00:00+00,2026-11-21 00:00:00+00,Dang ban,Không quy đổi thành tiền mặt. Hỗ trợ hoàn tiền nếu hủy trước 24h.,//cdn.lifelink.vn/img/c280x280/Voucher-Ga-khong-xuong-sot-ngu-vi-lon_28072026133620.jpg?sign=p4KM3CXyI-7MwUgnqlM7NQ,0,40000000-0000-0000-0000-000000000001
fec28941-b087-4e49-99d5-8e28192d4a89,B-Zone Thảo Điền - Vé vào cổng dành cho người lớn,"Khám phá thế giới động vật thu nhỏ ngay tại B-Zone Thảo Điền với diện tích 875m2 đầy hấp dẫn.
Phù hợp cho người lớn trên 15 tuổi muốn đồng hành cùng con trẻ trong hành trình học hỏi và giải trí thú vị.
6 khu vực chơi đa dạng giúp trẻ thỏa sức sáng tạo, khám phá và tiếp cận thế giới tự nhiên qua hoạt động tương tác thực tế.
Giao lưu với các loài động vật đáng yêu từ lạc đà Alpaca đến chuột hamster trong không gian an toàn, thân thiện.
Check-in cực chất cùng concept nông trại – sở thú thu nhỏ, mang lại những bức ảnh sống động, đáng nhớ.
B-Zone là lựa chọn lý tưởng cho các gia đình cuối tuần, nhóm bạn trẻ yêu thích thiên nhiên và sự trải nghiệm.
Tuân thủ các quy định và trang bị găng tay bảo hộ để đảm bảo an toàn cho cả người chơi lẫn vật nuôi.
Đặt vé nhanh chóng tại LifeLink, xác nhận ngay, nhiều ưu đãi hấp dẫn – sẵn sàng cho hành trình khám phá!",230000.00,217000.00,"Thông báo nghỉ Tết: Từ 14/2 đến 19/2
Khách hàng áp dụng: 1 người lớn trên 15 tuổi
Ngày áp d���ng: Tất cả các ngày trong tuần, bao gồm Lễ Tết
Giờ áp dụng:
Thứ 2 - Thứ 6: 10h00 - 22h00
Thứ 7 - Chủ nhật: 9h30 - 22h00
Lưu ý:
Trẻ em phải có phụ huynh đi kèm và giám sát khi tham quan vườn thú.
Không mang theo đồ ăn ngoài vào vườn thú, đọc kỹ nội quy trước khi tham quan.
Tất cả khách phải đeo găng tay bảo hộ được cung cấp trước khi vào khu trải nghiệm
Lưu ý giữ vòng tay cẩn thận để được ra vào nhiều lần trong ngày.
Khách hàng liên hệ đăng ký dịch vụ trước khi đến để được phục vụ tốt nhất:
Hotline: 19002065 hoặc 0934661016
Điện thoại liên hệ: 0387881956
Điều kiện khác:
e-Voucher/e-Coupon không có giá trị quy đổi thành tiền mặt, không trả lại tiền thừa.
Không áp dụng đồng thời với chương trình khuyến mại khác",100,2026-08-23 00:00:00+00,2026-11-21 00:00:00+00,Dang ban,Không quy đổi thành tiền mặt. Hỗ trợ hoàn tiền nếu hủy trước 24h.,//cdn.lifelink.vn/img/c280x280/Thao-Diền--2-_11052026161317.jpg?sign=BJHWVngiSq6KQws_GhUeHQ,0,40000000-0000-0000-0000-000000000003
fed66cbc-3cd4-4e69-b54e-7ca3eda18c93,Evoucher Hộp quà Trung Thu Garden Of The Moon 2026 phiên bản Vali Popup 3D cao cấp - Combo 4 bánh và trà,"Thiết kế Vali Popup 3D cao cấp, lấy cảm hứng từ khu vườn huyền ảo dưới ánh trăng.
Hộp ép kim vàng 9999, kích thước 38 x 26 x 8,5 cm, tạo diện mạo sang trọng và nổi bật.
Khách hàng được lựa chọn 1 trong 2 combo gồm 4 bánh Trung Thu với nhiều hương vị đa dạng.
Kèm 1 trà lài thượng hạng, giúp hoàn thiện trải nghiệm thưởng bánh và thưởng trà.
Có túi giấy Ivory, thiệp Trung Thu và bộ dao nĩa đi kèm.
Họa tiết chú hươu, hoa lá, mây trời và ánh trăng tạo nên dấu ấn nghệ thuật riêng biệt.
Phù hợp làm quà tri ân khách hàng, đối tác, nhân viên trong mùa Trung Thu 2026.",699000.00,590000.00,"Khách hàng áp dụng: Tất cả khách hàng
Ngày áp dụng: Thứ 2 - Thứ 6
Giờ áp dụng: 9:00 - 17:00
Số lượng E-Voucher áp dụng: Sử dụng 01 voucher/01 hộp quà. Không giới hạn số lượng voucher/ hóa đơn.
Thông tin cách mua hàng HƯỚNG DẪN ĐỔI VOUCHER
Bước 1. Khách hàng nhận voucher liên hệ GIVISTA để đổi hộp quà Trung Thu 2026
Hotline/Zalo: 0969117926
Facebook:
Tại đây
Bước 2. Cung cấp mã voucher để đổi hộp quà
Bước 3. Khách hàng thanh toán phí vận chuyển trực tiếp cho đơn vị vận chuyển
Lưu ý: Không hỗ trợ khách hàng đổi quà trực tiếp tại cửa hàng
Điều kiện khác
Một khách hàng được mua nhiều E-Voucher/E-Coupon
E-Voucher/E-Coupon không có giá trị quy đổi thành tiền mặt, không trả lại tiền thừa.
Không áp dụng đồng thời với chương trình khuyến mại khác
Voucher chưa bao gồm phí vận chuyển Hộp quà tặng đến khách hàng.",100,2026-08-23 00:00:00+00,2026-11-21 00:00:00+00,Dang ban,Không quy đổi thành tiền mặt. Hỗ trợ hoàn tiền nếu hủy trước 24h.,//cdn.lifelink.vn/img/c280x280/Garden-of-the-Moon-4banh_11082026160402.jpg?sign=FKMYZSPp8h2DaQtnQPrahQ,0,40000000-0000-0000-0000-000000000001
ff3722ca-c59e-4166-b4da-2bf0b1e9c088,Voucher L-Chicken Burger Set tại Lotteria,"Voucher L-Chicken Burger Set tại Lotteria bao gồm 01 Burger L-Chicken và 01 Pepsi (M).
Burger gà giòn với lớp vỏ vàng rụm, thịt gà mềm mọng kết hợp rau tươi và nước sốt đặc trưng.
Pepsi (M) mát lạnh giúp cân bằng hương vị và mang đến bữa ăn trọn vẹn.
Combo phù hợp cho bữa sáng, bữa trưa hoặc bữa ăn nhanh trong ngày.
Voucher chính hãng, sử dụng thuận tiện tại hệ thống Lotteria trên toàn quốc.
Đặt mua nhanh chóng trên LifeLink để tận hưởng nhiều ưu đãi hấp dẫn.",64000.00,60000.00,"Voucher không áp dụng hình thức đổi trả/ hủy/ hoàn tiền.
Được sử dụng tối đa 5 voucher/ ngày/ hóa đơn.
Không áp dụng đổi hàng cho đơn hàng số lượng lớn (theo quy định của Lotteria).
Mỗi voucher chỉ được sử dụng 01 lần.
Chỉ áp dụng cho một số sản phẩm nhất định.
Trong trường hợp sản phẩm được chỉ định không có sẵn, khách hàng có thể lựa chọn các sản phẩm có cùng giá t.rị.
Không đổi được ra tiền mặt một phần hoặc toàn bộ.
Không hoàn trả hoặc bán lại được.
Nếu giá tiền đơn đặt hàng của khách hàng vượt quá giá trị của voucher thì khách hàng phải thanh toán thêm số tiền chênh lệch đó.
Voucher không áp dụng cho các chương trình khuyến mãi khác.
Khách hàng có trách nhiệm bảo mật thông tin mã thẻ quà tặng sau khi đặt mua. LifeLink sẽ không chịu trách nhiệm hoàn trả các mã thẻ bị mất hoặc ở trạng thái ""đã sử dụng"" với bất kỳ lý do gì.
LifeLink sẽ không chịu trách nhiệm đối với chất lượng của sản phẩm được cung cấp cũng như đối với các tranh chấp về sau giữa khách hàng và nhà cung cấp.
LifeLink có quyền sửa chữa hoặc thay đổi điều khoản và điều kiện sử dụng mà không thông báo trước.
Hotline LifeLink: 1900 2065",100,2026-08-23 00:00:00+00,2026-11-21 00:00:00+00,Dang ban,Không quy đổi thành tiền mặt. Hỗ trợ hoàn tiền nếu hủy trước 24h.,//cdn.lifelink.vn/img/c280x280/L-Chicken-Burger-Set_27072026110226.jpg?sign=PCR5I68Zabsgh6q41TIcwQ,0,40000000-0000-0000-0000-000000000001
ff840eeb-b7ad-4492-9874-0b6a4c413ba0,Evoucher Hộp quà trung thu Hạc Vũ Triều Dương 2026 phiên bản nam châm cao cấp - Combo 4 bánh và trà,"Evoucher Hộp quà trung thu Hạc Vũ Triều Dương 2026 phiên bản nam châm cao cấp - Combo 4 bánh và trà là món quà Trung Thu cao cấp dành cho doanh nghiệp.
Thiết kế lấy cảm hứng từ chim hạc, rừng tùng và ánh dương, mang ý nghĩa thịnh vượng, trường tồn và phát triển.
Bao gồm 4 bánh Trung Thu cao cấp kết hợp trà lài thượng hạng, mang đến trải nghiệm thưởng thức trọn vẹn.
Hộp nam châm ép kim vàng 9999 cùng túi giấy Ivory tạo nên vẻ đẹp sang trọng, tinh tế.
Phù hợp làm quà tặng đối tác, khách hàng, nhân viên và người thân trong dịp Trung Thu.
Đặt Evoucher nhanh chóng, thuận tiện và an toàn trên LifeLink.",569000.00,480000.00,"Khách hàng áp dụng: Tất cả khách hàng
Ngày áp dụng: Thứ 2 - Thứ 6
Giờ áp dụng: 9:00 - 17:00
Số lượng E-Voucher áp dụng: Sử dụng 01 voucher/01 hộp quà. Không giới hạn số lượng voucher/ hóa đơn.
Thông tin cách mua hàng HƯỚNG DẪN ĐỔI VOUCHER
Bước 1. Khách hàng nhận voucher liên hệ GIVISTA để đổi hộp quà Trung Thu 2026
Hotline/Zalo: 0969117926
Facebook:
Tại đây
Bước 2. Cung cấp mã voucher để đổi hộp quà
Bước 3. Khách hàng thanh toán phí vận chuyển trực tiếp cho đơn vị vận chuyển
Lưu ý: Không hỗ trợ khách hàng đổi quà trực tiếp tại cửa hàng
Điều kiện khác
Một khách hàng được mua nhiều E-Voucher/E-Coupon
E-Voucher/E-Coupon không có giá trị quy đổi thành tiền mặt, không trả lại tiền thừa.
Không áp dụng đồng thời với chương trình khuyến mại khác
Voucher chưa bao gồm phí vận chuyển Hộp quà tặng đến khách hàng.",100,2026-08-23 00:00:00+00,2026-11-21 00:00:00+00,Dang ban,Không quy đổi thành tiền mặt. Hỗ trợ hoàn tiền nếu hủy trước 24h.,//cdn.lifelink.vn/img/c280x280/ADD-Hac-Vu-Trieu-Duong-4banh_11082026102609.jpg?sign=2RfRpKDMLaP8xCkVIJ58Pw,0,40000000-0000-0000-0000-000000000001
ffae9e53-0aa0-4d5d-9fb0-30243fba35a9,E-Coupon ưu đãi giảm 20% cho tất cả các đơn hàng đặt online tại Potico.vn - Hoa & Quà Tặng,"Potico.vn - Hoa & Quà Tặng chuyên cung cấp các dịch vụ hoa như hoa cưới, hoa bó, hoa giỏ, hoa văn phòng... với đủ sắc hương và những mẫu gói hoa nghệ thuật đẹp nhất.
Ngoài ra, Potico.vn - Hoa & Quà Tặng còn cung cấp các sản phẩm quà tặng khác như nến thơm, bộ quà tặng thiên nhiên, gấu bông, hoa sáp,.... nhằm đem đến cho khách hàng nhiều lựa chọn.
Potico.vn là thương hiệu điện hoa hàng đầu Việt Nam được chuyển đổi từ thương hiệu FlowerStore.vn với mong muốn đem đến trải nghiệm tốt hơn cho khách hàng.
Đội ngũ nhân viên chuyên nghiệp và tận tình, từ việc tư vấn cho đến việc chăm sóc khách hàng, Potico.vn - Hoa & Quà Tặng luôn cam kết mang đến dịch vụ tốt nhất để đáp ứng mọi nhu cầu của quý khách hàng.",100000.00,9000.00,"Áp dụng cho E-Coupon ưu đãi giảm 20% tất cả đơn hàng, mức giảm tối đa 120k tại Potico.vn - Hoa & Quà Tặng
Ngày áp dụng: Thứ 2 đến Chủ Nhật
Giờ áp dụng: 8h00 - 20h00
Số lượng E-Coupon áp dụng: Sử dụng 01 E-Coupon/ 01 đơn hàng
E-Coupon áp dụng khi đặt hàng tại website
Potico
hoặc app Potico
Khách hàng có nhu cầu muốn xuất hóa đơn vui lòng liên hệ nhà cung cấp để biết rõ thêm thông tin chi tiết:
Hotline: 1900 633 537 hoặc Hotline LifeLink để được hỗ trợ & phục vụ tốt nhất
Hướng dẫn sử dụng:
Bước 1: Khách hàng chọn sản phẩm mua hàng trực tiếp tại Potico
Bước 2: Khách hàng nhập mã E-Coupon vào mục nhập mã khuyến mãi giảm giá để được áp dụng ưu đãi.
Bước 3: Khách hàng điền thông tin liên hệ số điện thoại & địa chỉ nhận hàng trên website.
Bước 4: Hoàn tất đơn hàng online
E-Coupon được áp dụng cho các sản phẩm đang giảm giá trên website, ngoại trừ sản phẩm Flash Sale/Sale Sốc
Giao hàng toàn quốc, phí ship tùy thuộc vào đơn vị app giao hàng. Khách hàng liên hệ nhà cung cấp để biết rõ thông tin phí ship.
Khách hàng có nhu cầu muốn xuất hóa đơn vui lòng liên hệ nhà cung cấp để biết rõ thêm thông tin chi tiết
Không có giá trị quy đổi thành tiền mặt, không trả lại tiền thừa
Nếu có thắc mắc, vui lòng liên hệ Potico.vn qua hotline 1900 633537 để được hỗ trợ
Khách hàng chỉ được áp dụng 01 mã E-Coupon trên cùng 01 đơn hàng khi mua online
Khách hàng vui lòng bù thêm chênh lệch phát sinh (nếu có) trực tiếp tại Website Potico.vn
Mã E-Coupon xuất ra sẽ không được hoàn hủy hoặc đổi trả dưới mọi hình thức.",100,2026-08-23 00:00:00+00,2026-11-21 00:00:00+00,Dang ban,Không quy đổi thành tiền mặt. Hỗ trợ hoàn tiền nếu hủy trước 24h.,//cdn.lifelink.vn/img/c280x280/Coupon-giam-20-pha-tram_10062026084512.jpg?sign=1OFAlCZyC581BzJ_iUfjsg,1,40000000-0000-0000-0000-000000000005